// Generated by   : Image to RGB565 Converter
// Generated from : https://palsayantan.github.io/Image-to-RGB565/
// Image Size     : 102x142 pixels
// Byte Order     : LSB

#ifndef _FLAMEUNIFIED3_H_
#define _FLAMEUNIFIED3_H_

const uint16_t FlameUnified3[14484] = {
  0x0000, 0x0000, 0x0000, 0x0000, 0x0000, 0x0000, 0x0000, 0x0000, 0x0000, 0x0000, 0x0000, 0x0000,
  0x0000, 0x0000, 0x0000, 0x0000, 0x0000, 0x0000, 0x0000, 0x0000, 0x0000, 0x0000, 0x0000, 0x0000,
  0x0000, 0x0000, 0x0000, 0x0000, 0x0000, 0x0000, 0x0000, 0x0000, 0x0000, 0x0000, 0x0000, 0x0000,
  0x0000, 0x0000, 0x0000, 0x0000, 0x0000, 0x0000, 0x0000, 0x0000, 0x0000, 0x0000, 0x0000, 0x0000,
  0x0000, 0x0000, 0x0000, 0x0000, 0x0000, 0x0000, 0x0000, 0x0000, 0x0000, 0x0000, 0x0000, 0x0000,
  0x0000, 0x0000, 0x0000, 0x0000, 0x0000, 0x0000, 0x0000, 0x0000, 0x0000, 0x0000, 0x0000, 0x0000,
  0x0000, 0x0000, 0x0000, 0x0000, 0x0000, 0x0000, 0x0000, 0x0000, 0x0000, 0x0000, 0x0000, 0x0000,
  0x0000, 0x0000, 0x0000, 0x0000, 0x0000, 0x0000, 0x0000, 0x0000, 0x0000, 0x0000, 0x0000, 0x0000,
  0x0000, 0x0000, 0x0000, 0x0000, 0x0000, 0x0000, 0x0000, 0x0000, 0x0000, 0x0000, 0x0000, 0x0000,
  0x0000, 0x0000, 0x0000, 0x0000, 0x0000, 0x0000, 0x0000, 0x0000, 0x0000, 0x0000, 0x0000, 0x0000,
  0x0000, 0x0000, 0x0000, 0x0000, 0x0000, 0x0000, 0x0000, 0x0000, 0x0000, 0x0000, 0x0000, 0x0000,
  0x0000, 0x0000, 0x0000, 0x0000, 0x0000, 0x0000, 0x0000, 0x0000, 0x0000, 0x0000, 0x0000, 0x0000,
  0x0000, 0x0000, 0x0000, 0x0000, 0x0000, 0x0000, 0x0000, 0x0000, 0x0000, 0x0000, 0x0000, 0x0000,
  0x0000, 0x0000, 0x0000, 0x0000, 0x0000, 0x0000, 0x0000, 0x0000, 0x0000, 0x0000, 0x0000, 0x0000,
  0x0000, 0x0000, 0x0000, 0x0000, 0x0000, 0x0000, 0x0000, 0x0000, 0x0000, 0x0000, 0x0000, 0x0000,
  0x0000, 0x0000, 0x0000, 0x0000, 0x0000, 0x0000, 0x0000, 0x0000, 0x0000, 0x0000, 0x0000, 0x0000,
  0x0000, 0x0000, 0x0000, 0x0000, 0x0000, 0x0000, 0x0000, 0x0000, 0x0000, 0x0000, 0x0000, 0x0000,
  0x0000, 0x0000, 0x4108, 0x6108, 0x4108, 0x2000, 0x0000, 0x0000, 0x0000, 0x0000, 0x0000, 0x0000,
  0x0000, 0x0000, 0x0000, 0x0000, 0x0000, 0x0000, 0x0000, 0x0000, 0x0000, 0x0000, 0x0000, 0x0000,
  0x0000, 0x0000, 0x0000, 0x0000, 0x0000, 0x0000, 0x0000, 0x0000, 0x0000, 0x0000, 0x0000, 0x0000,
  0x0000, 0x0000, 0x0000, 0x0000, 0x0000, 0x0000, 0x0000, 0x0000, 0x0000, 0x0000, 0x0000, 0x0000,
  0x0000, 0x0000, 0x0000, 0x0000, 0x0000, 0x0000, 0x0000, 0x0000, 0x0000, 0x0000, 0x0000, 0x0000,
  0x0000, 0x0000, 0x0000, 0x0000, 0x0000, 0x0000, 0x0000, 0x0000, 0x0000, 0x0000, 0x0000, 0x0000,
  0x0000, 0x0000, 0x0000, 0x0000, 0x0000, 0x0000, 0x0000, 0x0000, 0x0000, 0x0000, 0x0000, 0x0000,
  0x0000, 0x0000, 0x0000, 0x0000, 0x0000, 0x0000, 0x0000, 0x0000, 0x0000, 0x0000, 0x0000, 0x0000,
  0x0000, 0x0000, 0x0000, 0x0000, 0x0000, 0x0000, 0x0000, 0x0000, 0x6108, 0x8210, 0x2000, 0x2000,
  0x0000, 0x0000, 0x0000, 0x0000, 0x0000, 0x0000, 0x0000, 0x0000, 0x0000, 0x0000, 0x0000, 0x0000,
  0x0000, 0x0000, 0x0000, 0x0000, 0x0000, 0x0000, 0x0000, 0x0000, 0x0000, 0x0000, 0x0000, 0x0000,
  0x0000, 0x0000, 0x0000, 0x0000, 0x0000, 0x0000, 0x0000, 0x0000, 0x0000, 0x0000, 0x0000, 0x0000,
  0x0000, 0x0000, 0x0000, 0x0000, 0x0000, 0x0000, 0x0000, 0x0000, 0x0000, 0x0000, 0x0000, 0x0000,
  0x0000, 0x0000, 0x0000, 0x0000, 0x0000, 0x0000, 0x0000, 0x0000, 0x0000, 0x0000, 0x0000, 0x0000,
  0x0000, 0x0000, 0x0000, 0x0000, 0x0000, 0x0000, 0x0000, 0x0000, 0x0000, 0x0000, 0x0000, 0x0000,
  0x0000, 0x0000, 0x0000, 0x0000, 0x0000, 0x0000, 0x0000, 0x0000, 0x0000, 0x0000, 0x0000, 0x0000,
  0x0000, 0x0000, 0x0000, 0x0000, 0x0000, 0x0000, 0x0000, 0x0000, 0x0000, 0x0000, 0x0000, 0x0000,
  0x0000, 0x0000, 0x2000, 0x2000, 0x0000, 0x0000, 0x0000, 0x0000, 0x0000, 0x0000, 0x0000, 0x0000,
  0x0000, 0x0000, 0x0000, 0x0000, 0x0000, 0x0000, 0x0000, 0x0000, 0x0000, 0x0000, 0x0000, 0x0000,
  0x0000, 0x0000, 0x0000, 0x0000, 0x0000, 0x0000, 0x0000, 0x0000, 0x0000, 0x0000, 0x0000, 0x0000,
  0x0000, 0x0000, 0x0000, 0x0000, 0x0000, 0x0000, 0x0000, 0x0000, 0x0000, 0x0000, 0x0000, 0x0000,
  0x0000, 0x0000, 0x0000, 0x0000, 0x0000, 0x0000, 0x0000, 0x0000, 0x0000, 0x0000, 0x0000, 0x0000,
  0x0000, 0x0000, 0x0000, 0x0000, 0x0000, 0x0000, 0x0000, 0x0000, 0x0000, 0x0000, 0x0000, 0x0000,
  0x0000, 0x0000, 0x0000, 0x0000, 0x0000, 0x0000, 0x0000, 0x0000, 0x0000, 0x0000, 0x0000, 0x0000,
  0x0000, 0x0000, 0x0000, 0x0000, 0x0000, 0x0000, 0x0000, 0x0000, 0x0000, 0x0000, 0x0000, 0x0000,
  0x0000, 0x0000, 0x0000, 0x0000, 0x0000, 0x0000, 0x0000, 0x0000, 0x0000, 0x0000, 0x0000, 0x0000,
  0x0000, 0x0000, 0x0000, 0x0000, 0x0000, 0x0000, 0x0000, 0x0000, 0x0000, 0x0000, 0x0000, 0x0000,
  0x0000, 0x0000, 0x0000, 0x0000, 0x0000, 0x0000, 0x0000, 0x0000, 0x0000, 0x0000, 0x0000, 0x0000,
  0x0000, 0x0000, 0x0000, 0x0000, 0x0000, 0x0000, 0x0000, 0x0000, 0x0000, 0x0000, 0x0000, 0x0000,
  0x0000, 0x0000, 0x0000, 0x0000, 0x0000, 0x0000, 0x0000, 0x0000, 0x0000, 0x0000, 0x0000, 0x0000,
  0x0000, 0x0000, 0x0000, 0x0000, 0x0000, 0x0000, 0x0000, 0x0000, 0x0000, 0x0000, 0x0000, 0x0000,
  0x0000, 0x0000, 0x0000, 0x0000, 0x0000, 0x0000, 0x0000, 0x0000, 0x0000, 0x0000, 0x0000, 0x0000,
  0x0000, 0x0000, 0x0000, 0x0000, 0x0000, 0x0000, 0x0000, 0x0000, 0x0000, 0x0000, 0x0000, 0x0000,
  0x0000, 0x0000, 0x0000, 0x0000, 0x0000, 0x0000, 0x0000, 0x0000, 0x0000, 0x0000, 0x0000, 0x0000,
  0x0000, 0x0000, 0x0000, 0x0000, 0x0000, 0x0000, 0x0000, 0x0000, 0x0000, 0x0000, 0x0000, 0x0000,
  0x0000, 0x0000, 0x0000, 0x0000, 0x0000, 0x0000, 0x0000, 0x0000, 0x0000, 0x0000, 0x0000, 0x0000,
  0x0000, 0x0000, 0x0000, 0x0000, 0x0000, 0x0000, 0x0000, 0x0000, 0x0000, 0x0000, 0x0000, 0x0000,
  0x0000, 0x0000, 0x0000, 0x0000, 0x0000, 0x0000, 0x0000, 0x0000, 0x0000, 0x0000, 0x0000, 0x0000,
  0x0008, 0x0000, 0x0000, 0x0008, 0x0108, 0x0000, 0x0000, 0x0000, 0x0000, 0x0000, 0x0000, 0x0000,
  0x0000, 0x0000, 0x0000, 0x0000, 0x0000, 0x0000, 0x0000, 0x0000, 0x0000, 0x0000, 0x0000, 0x0000,
  0x0000, 0x0000, 0x0000, 0x0000, 0x0000, 0x0000, 0x0000, 0x0000, 0x0000, 0x0000, 0x0000, 0x0000,
  0x0000, 0x0000, 0x0000, 0x0000, 0x0000, 0x0000, 0x0000, 0x0000, 0x0000, 0x0000, 0x0000, 0x0000,
  0x0000, 0x0000, 0x0000, 0x0000, 0x0000, 0x0000, 0x0000, 0x0000, 0x0000, 0x0000, 0x0000, 0x0000,
  0x0000, 0x0000, 0x0000, 0x0000, 0x0000, 0x0000, 0x0000, 0x0000, 0x0000, 0x0000, 0x0000, 0x0000,
  0x0000, 0x0000, 0x0000, 0x0000, 0x0000, 0x0000, 0x0000, 0x0000, 0x0000, 0x0000, 0x0000, 0x0000,
  0x0000, 0x0000, 0x0000, 0x0000, 0x0000, 0x0000, 0x0000, 0x0000, 0x0000, 0x0000, 0x0000, 0x0000,
  0x0000, 0x0000, 0x0000, 0x0000, 0x0000, 0x0000, 0x0000, 0x0000, 0x2100, 0x6868, 0x8c98, 0x4320,
  0x0000, 0x0000, 0x0000, 0x0000, 0x0000, 0x0000, 0x0000, 0x0000, 0x0000, 0x0000, 0x0000, 0x0000,
  0x0000, 0x0000, 0x0000, 0x0000, 0x0000, 0x0000, 0x0000, 0x0000, 0x0000, 0x0000, 0x0000, 0x0000,
  0x0000, 0x0000, 0x0000, 0x0000, 0x0000, 0x0000, 0x0000, 0x0000, 0x0000, 0x0000, 0x0000, 0x0000,
  0x0000, 0x0000, 0x0000, 0x0000, 0x0000, 0x0000, 0x0000, 0x0000, 0x0000, 0x0000, 0x0000, 0x0000,
  0x0000, 0x0000, 0x0000, 0x0000, 0x0000, 0x0000, 0x0000, 0x0000, 0x0000, 0x0000, 0x0000, 0x0000,
  0x0000, 0x0000, 0x0000, 0x0000, 0x0000, 0x0000, 0x0000, 0x0000, 0x0000, 0x0000, 0x0000, 0x0000,
  0x0000, 0x0000, 0x0000, 0x0000, 0x0000, 0x0000, 0x0000, 0x0000, 0x0000, 0x0000, 0x0000, 0x0000,
  0x0000, 0x0000, 0x0000, 0x0000, 0x0000, 0x0000, 0x0000, 0x0000, 0x0000, 0x0000, 0x0000, 0x2000,
  0x2000, 0x0000, 0x0100, 0xeda0, 0x53e9, 0x8530, 0x0008, 0x0000, 0x0000, 0x0000, 0x0000, 0x0000,
  0x0000, 0x0000, 0x0000, 0x0000, 0x0000, 0x0000, 0x0000, 0x0000, 0x0000, 0x0000, 0x0000, 0x0000,
  0x0000, 0x0000, 0x0000, 0x0000, 0x0000, 0x0000, 0x0000, 0x0000, 0x0000, 0x0000, 0x0000, 0x0000,
  0x0000, 0x0000, 0x0000, 0x0000, 0x0000, 0x0000, 0x0000, 0x0000, 0x0000, 0x0000, 0x0000, 0x0000,
  0x0000, 0x0000, 0x0000, 0x0000, 0x0000, 0x0000, 0x0000, 0x0000, 0x0000, 0x0000, 0x0000, 0x0000,
  0x0000, 0x0000, 0x0000, 0x0000, 0x0000, 0x0000, 0x0000, 0x0000, 0x0000, 0x0000, 0x0000, 0x0000,
  0x0000, 0x0000, 0x0000, 0x0000, 0x0000, 0x0000, 0x0000, 0x0000, 0x0000, 0x0000, 0x0000, 0x0000,
  0x0000, 0x0000, 0x0000, 0x0000, 0x0000, 0x0000, 0x0000, 0x0000, 0x0000, 0x0000, 0x0000, 0x0000,
  0x0000, 0x0000, 0x0000, 0x0000, 0x0000, 0x0008, 0x0000, 0x0000, 0x2008, 0x92a3, 0xdaf4, 0x4741,
  0x0000, 0x0000, 0x0000, 0x0000, 0x0000, 0x0000, 0x0000, 0x0000, 0x0000, 0x0000, 0x0000, 0x0000,
  0x0000, 0x0000, 0x0000, 0x0000, 0x0000, 0x0000, 0x0000, 0x0000, 0x0000, 0x0000, 0x0000, 0x0000,
  0x0000, 0x0000, 0x0000, 0x0000, 0x0000, 0x0000, 0x0000, 0x0000, 0x0000, 0x0000, 0x0000, 0x0000,
  0x0000, 0x0000, 0x0000, 0x0000, 0x0000, 0x0000, 0x0000, 0x0000, 0x0000, 0x0000, 0x0000, 0x0000,
  0x0000, 0x0000, 0x0000, 0x0000, 0x0000, 0x0000, 0x0000, 0x0000, 0x0000, 0x0000, 0x0000, 0x0000,
  0x0000, 0x0000, 0x0000, 0x0000, 0x0000, 0x0000, 0x0000, 0x0000, 0x0000, 0x0000, 0x0000, 0x0000,
  0x0000, 0x0000, 0x0000, 0x0000, 0x0000, 0x0000, 0x0000, 0x0000, 0x0000, 0x0000, 0x0000, 0x0000,
  0x0000, 0x0000, 0x0000, 0x0000, 0x0000, 0x0000, 0x0000, 0x0000, 0x0000, 0x0000, 0x0000, 0x2000,
  0x2000, 0x0000, 0x2000, 0x75a5, 0x9ef7, 0xe841, 0x0000, 0x0000, 0x0000, 0x0000, 0x0000, 0x0000,
  0x0000, 0x0000, 0x0000, 0x0000, 0x0000, 0x0000, 0x0000, 0x0000, 0x0000, 0x0000, 0x0000, 0x0000,
  0x0000, 0x0000, 0x0000, 0x0000, 0x0000, 0x0000, 0x0000, 0x0000, 0x0000, 0x0000, 0x0000, 0x0000,
  0x0000, 0x0000, 0x0000, 0x0000, 0x0000, 0x0000, 0x0000, 0x0000, 0x0000, 0x0000, 0x0000, 0x0000,
  0x0000, 0x0000, 0x0000, 0x0000, 0x0000, 0x0000, 0x0000, 0x0000, 0x0000, 0x0000, 0x0000, 0x0000,
  0x0000, 0x0000, 0x0000, 0x0000, 0x0000, 0x0000, 0x0000, 0x0000, 0x0000, 0x0000, 0x0000, 0x0000,
  0x0000, 0x0000, 0x0000, 0x0000, 0x0000, 0x0000, 0x0000, 0x0000, 0x0000, 0x0000, 0x0000, 0x0000,
  0x0000, 0x0000, 0x0000, 0x0000, 0x0000, 0x0000, 0x0000, 0x0000, 0x0000, 0x0000, 0x0000, 0x0000,
  0x0000, 0x0000, 0x0000, 0x0000, 0x0000, 0x0000, 0x2000, 0x0008, 0x0108, 0x76b5, 0x9ef7, 0x0842,
  0x0000, 0x0000, 0x2000, 0x0000, 0x0000, 0x0000, 0x0000, 0x0000, 0x0000, 0x0000, 0x0000, 0x0000,
  0x0000, 0x0000, 0x0000, 0x0000, 0x0000, 0x0000, 0x0000, 0x0000, 0x0000, 0x0000, 0x0000, 0x0000,
  0x0000, 0x0000, 0x0000, 0x0000, 0x0000, 0x0000, 0x0000, 0x0000, 0x0000, 0x0000, 0x0000, 0x0000,
  0x0000, 0x0000, 0x0000, 0x0000, 0x0000, 0x0000, 0x0000, 0x0000, 0x0000, 0x0000, 0x0000, 0x0000,
  0x0000, 0x0000, 0x0000, 0x0000, 0x0000, 0x0000, 0x0000, 0x0000, 0x0000, 0x0000, 0x0000, 0x0000,
  0x0000, 0x0000, 0x0000, 0x0000, 0x0000, 0x0000, 0x0000, 0x0000, 0x0000, 0x0000, 0x0000, 0x0000,
  0x0000, 0x0000, 0x0000, 0x0000, 0x0000, 0x0000, 0x0000, 0x0000, 0x0000, 0x0000, 0x0000, 0x0000,
  0x0000, 0x0000, 0x0000, 0x0000, 0x0000, 0x0000, 0x0000, 0x2000, 0x2000, 0x0008, 0x0000, 0x0000,
  0x0000, 0x0000, 0x0000, 0x96ad, 0xbef7, 0xe741, 0x2100, 0x0000, 0x0100, 0x0000, 0x0000, 0x0000,
  0x2000, 0x0000, 0x0000, 0x0000, 0x0000, 0x0000, 0x0000, 0x0000, 0x0000, 0x0000, 0x0000, 0x0000,
  0x0000, 0x0000, 0x0000, 0x0000, 0x0000, 0x0000, 0x0000, 0x0000, 0x0000, 0x0000, 0x0000, 0x0000,
  0x0000, 0x0000, 0x0000, 0x0000, 0x0000, 0x0000, 0x0000, 0x0000, 0x0000, 0x0000, 0x0000, 0x0000,
  0x0000, 0x0000, 0x0000, 0x0000, 0x0000, 0x0000, 0x0000, 0x0000, 0x0000, 0x0000, 0x0000, 0x0000,
  0x0000, 0x0000, 0x0000, 0x0000, 0x0000, 0x0000, 0x0000, 0x0000, 0x0000, 0x0000, 0x0000, 0x0000,
  0x0000, 0x0000, 0x0000, 0x0000, 0x0000, 0x0000, 0x0000, 0x0000, 0x0000, 0x0000, 0x0000, 0x0000,
  0x0000, 0x0000, 0x0000, 0x0000, 0x0000, 0x0000, 0x0000, 0x0000, 0x0000, 0x0000, 0x0000, 0x0000,
  0x0000, 0x0000, 0x0000, 0x0008, 0x0000, 0x0008, 0x2000, 0x2000, 0x0000, 0x75b5, 0x9eef, 0x4842,
  0x0000, 0x0000, 0x0100, 0x0000, 0x2000, 0x0008, 0x0000, 0x0000, 0x0000, 0x0000, 0x0000, 0x0000,
  0x0000, 0x0000, 0x0000, 0x0000, 0x0000, 0x0000, 0x0000, 0x0000, 0x0000, 0x0000, 0x0000, 0x0000,
  0x0000, 0x0000, 0x0000, 0x0000, 0x0000, 0x0000, 0x0000, 0x0000, 0x0000, 0x0000, 0x0000, 0x0000,
  0x0000, 0x0000, 0x0000, 0x0000, 0x0000, 0x0000, 0x0000, 0x0000, 0x0000, 0x0000, 0x0000, 0x0000,
  0x0000, 0x0000, 0x0000, 0x0000, 0x0000, 0x0000, 0x0000, 0x0000, 0x0000, 0x0000, 0x0000, 0x0000,
  0x0000, 0x0000, 0x0000, 0x0000, 0x0000, 0x0000, 0x0000, 0x0000, 0x0000, 0x0000, 0x0000, 0x0000,
  0x0000, 0x0000, 0x0000, 0x0000, 0x0000, 0x0000, 0x0000, 0x0000, 0x0000, 0x0000, 0x0000, 0x0000,
  0x0000, 0x0000, 0x0000, 0x0000, 0x0000, 0x0000, 0x0000, 0x0000, 0x0008, 0x2000, 0x4000, 0x2000,
  0x4108, 0x2008, 0x2000, 0x95ad, 0x9ef7, 0x4a4a, 0x2100, 0x4008, 0x2000, 0x4100, 0x0000, 0x2000,
  0x2000, 0x2000, 0x0000, 0x0000, 0x0000, 0x0000, 0x0000, 0x0000, 0x0000, 0x0000, 0x0000, 0x0000,
  0x0000, 0x0000, 0x0000, 0x0000, 0x0000, 0x0000, 0x0000, 0x0000, 0x0000, 0x0000, 0x0000, 0x0000,
  0x0000, 0x0000, 0x0000, 0x0000, 0x0000, 0x0000, 0x0000, 0x0000, 0x0000, 0x0000, 0x0000, 0x0000,
  0x0000, 0x0000, 0x0000, 0x0000, 0x0000, 0x0000, 0x0000, 0x0000, 0x0000, 0x0000, 0x0000, 0x0000,
  0x0000, 0x0000, 0x0000, 0x0000, 0x0000, 0x0000, 0x0000, 0x0000, 0x0000, 0x0000, 0x0000, 0x0000,
  0x0000, 0x0000, 0x0000, 0x0000, 0x0000, 0x0000, 0x0000, 0x0000, 0x0000, 0x0000, 0x0000, 0x0000,
  0x0000, 0x0000, 0x0000, 0x0000, 0x0000, 0x0000, 0x0000, 0x0000, 0x0000, 0x0000, 0x0000, 0x0000,
  0x0100, 0x6758, 0xcd98, 0xac98, 0xed98, 0xd19b, 0x14a5, 0x14a5, 0x14a5, 0xfbde, 0xdfff, 0xd7bd,
  0xd49c, 0xac9b, 0x49a3, 0x0431, 0x0000, 0x0000, 0x0000, 0x0000, 0x0000, 0x0000, 0x0000, 0x0000,
  0x0000, 0x0000, 0x0000, 0x0000, 0x0000, 0x0000, 0x0000, 0x0000, 0x0000, 0x0000, 0x0000, 0x0000,
  0x0000, 0x0000, 0x0000, 0x0000, 0x0000, 0x0000, 0x0000, 0x0000, 0x0000, 0x0000, 0x0000, 0x0000,
  0x0000, 0x0000, 0x0000, 0x0000, 0x0000, 0x0000, 0x0000, 0x0000, 0x0000, 0x0000, 0x0000, 0x0000,
  0x0000, 0x0000, 0x0000, 0x0000, 0x0000, 0x0000, 0x0000, 0x0000, 0x0000, 0x0000, 0x0000, 0x0000,
  0x0000, 0x0000, 0x0000, 0x0000, 0x0000, 0x0000, 0x0000, 0x0000, 0x0000, 0x0000, 0x0000, 0x0000,
  0x0000, 0x0000, 0x0000, 0x0000, 0x0000, 0x0000, 0x0000, 0x0000, 0x0000, 0x0000, 0x0000, 0x0000,
  0x0000, 0x0000, 0x0000, 0x0000, 0x0000, 0x0000, 0x0108, 0xab90, 0x73f1, 0x54f9, 0x94f1, 0xfbfd,
  0xdfff, 0xfff7, 0xbeff, 0xdfff, 0xffff, 0xfeff, 0xbeff, 0xf4fd, 0x30fd, 0x8549, 0x0000, 0x0100,
  0x0100, 0x2000, 0x2000, 0x0000, 0x0000, 0x0000, 0x0000, 0x0000, 0x0000, 0x0000, 0x0000, 0x0000,
  0x0000, 0x0000, 0x0000, 0x0000, 0x0000, 0x0000, 0x0000, 0x0000, 0x0000, 0x0000, 0x0000, 0x0000,
  0x0000, 0x0000, 0x0000, 0x0000, 0x0000, 0x0000, 0x0000, 0x0000, 0x0000, 0x0000, 0x0000, 0x0000,
  0x0000, 0x0000, 0x0000, 0x0000, 0x0000, 0x0000, 0x0000, 0x0000, 0x0000, 0x0000, 0x0000, 0x0000,
  0x0000, 0x0000, 0x0000, 0x0000, 0x0000, 0x0000, 0x0000, 0x0000, 0x0000, 0x0000, 0x0000, 0x0000,
  0x0000, 0x0000, 0x0000, 0x0000, 0x0000, 0x0000, 0x0000, 0x0000, 0x0000, 0x0000, 0x0000, 0x0000,
  0x0000, 0x0000, 0x0000, 0x0000, 0x0000, 0x0000, 0x0000, 0x0000, 0x0000, 0x0000, 0x0000, 0x0000,
  0x2000, 0x2430, 0x2758, 0x6758, 0xa758, 0x095a, 0xec62, 0x18ce, 0xffff, 0xfff7, 0xffff, 0xdff7,
  0xdfff, 0x3bff, 0xd9fe, 0xd6c5, 0x55a5, 0xcea9, 0xea88, 0x2438, 0x0000, 0x0008, 0x0000, 0x0000,
  0x0000, 0x0000, 0x0000, 0x0000, 0x0000, 0x0000, 0x0000, 0x0000, 0x0000, 0x0000, 0x0000, 0x0000,
  0x0000, 0x0000, 0x0000, 0x0000, 0x0000, 0x0000, 0x0000, 0x0000, 0x0000, 0x0000, 0x0000, 0x0000,
  0x0000, 0x0000, 0x0000, 0x0000, 0x0000, 0x0000, 0x0000, 0x0000, 0x0000, 0x0000, 0x0000, 0x0000,
  0x0000, 0x0000, 0x0000, 0x0000, 0x0000, 0x0000, 0x0000, 0x0000, 0x0000, 0x0000, 0x0000, 0x0000,
  0x0000, 0x0000, 0x0000, 0x0000, 0x0000, 0x0000, 0x0000, 0x0000, 0x0000, 0x0000, 0x0000, 0x0000,
  0x0000, 0x0000, 0x0000, 0x0000, 0x0000, 0x0000, 0x0000, 0x0000, 0x0000, 0x0000, 0x0000, 0x0000,
  0x0000, 0x0000, 0x0000, 0x0000, 0x0000, 0x0000, 0x0000, 0x0000, 0x0000, 0x0000, 0x0000, 0x2008,
  0x4100, 0xf3a4, 0x9eff, 0xdff7, 0xffff, 0xdfff, 0x9ff7, 0x9ef7, 0x9df7, 0xbeef, 0x5eff, 0x96ea,
  0x32d9, 0x4538, 0x0000, 0x0100, 0x0000, 0x0000, 0x0000, 0x0000, 0x0000, 0x0000, 0x0000, 0x0000,
  0x0000, 0x0000, 0x0000, 0x0000, 0x0000, 0x0000, 0x0000, 0x0000, 0x0000, 0x0000, 0x0000, 0x0000,
  0x0000, 0x0000, 0x0000, 0x0000, 0x0000, 0x0000, 0x0000, 0x0000, 0x0000, 0x0000, 0x0000, 0x0000,
  0x0000, 0x0000, 0x0000, 0x0000, 0x0000, 0x0000, 0x0000, 0x0000, 0x0000, 0x0000, 0x0000, 0x0000,
  0x0000, 0x0000, 0x0000, 0x0000, 0x0000, 0x0000, 0x0000, 0x0000, 0x0000, 0x0000, 0x0000, 0x0000,
  0x0000, 0x0000, 0x0000, 0x0000, 0x0000, 0x0000, 0x0000, 0x2000, 0x0000, 0x0000, 0x0000, 0x0000,
  0x0000, 0x0000, 0x0000, 0x0000, 0x0000, 0x0000, 0x0000, 0x0000, 0x0000, 0x0000, 0x0000, 0x0000,
  0x0000, 0x0000, 0x0000, 0x0000, 0x0000, 0x0000, 0x0008, 0x30a2, 0x79f3, 0x7dfe, 0xbfff, 0x9afc,
  0x37f3, 0xcf8a, 0xc94a, 0x6a4a, 0x6952, 0xc840, 0x2748, 0x0210, 0x0000, 0x0000, 0x0000, 0x0000,
  0x0000, 0x0000, 0x0000, 0x0000, 0x0000, 0x0000, 0x0000, 0x0000, 0x0000, 0x0000, 0x0000, 0x0000,
  0x0000, 0x0000, 0x0000, 0x0000, 0x0000, 0x0000, 0x0000, 0x0000, 0x0000, 0x0000, 0x0000, 0x0000,
  0x0000, 0x0000, 0x0000, 0x0000, 0x0000, 0x0000, 0x0000, 0x0000, 0x0000, 0x0000, 0x0000, 0x0000,
  0x0000, 0x0000, 0x0000, 0x0000, 0x0000, 0x0000, 0x0000, 0x0000, 0x0000, 0x0000, 0x0000, 0x0000,
  0x0000, 0x0000, 0x0000, 0x0000, 0x0000, 0x0000, 0x0000, 0x0000, 0x0000, 0x0000, 0x0000, 0x0000,
  0x2000, 0x2108, 0x2000, 0x0000, 0x0000, 0x0000, 0x0000, 0x0000, 0x0000, 0x0000, 0x0000, 0x0000,
  0x0000, 0x0000, 0x0000, 0x0000, 0x0000, 0x0000, 0x0000, 0x0000, 0x0000, 0x0000, 0x0000, 0x0008,
  0x2000, 0xcc90, 0x34e1, 0xdbf5, 0x9eff, 0x15e3, 0x12e1, 0x6650, 0x4000, 0x0100, 0x2000, 0x2000,
  0x0000, 0x0000, 0x0000, 0x0000, 0x0000, 0x0000, 0x0000, 0x0000, 0x0000, 0x0000, 0x0000, 0x0000,
  0x0000, 0x0000, 0x0000, 0x0000, 0x0000, 0x0000, 0x0000, 0x0000, 0x0000, 0x0000, 0x0000, 0x0000,
  0x0000, 0x0000, 0x0000, 0x0000, 0x0000, 0x0000, 0x0000, 0x0000, 0x0000, 0x0000, 0x0000, 0x0000,
  0x0000, 0x0000, 0x0000, 0x0000, 0x0000, 0x0000, 0x0000, 0x0000, 0x0000, 0x0000, 0x0000, 0x0000,
  0x0000, 0x0000, 0x0000, 0x0000, 0x0000, 0x0000, 0x0000, 0x0000, 0x0000, 0x0000, 0x0000, 0x0000,
  0x0000, 0x0000, 0x0000, 0x0000, 0x0000, 0x0000, 0x0008, 0x0208, 0x0208, 0x0000, 0x0000, 0x0000,
  0x0000, 0x0000, 0x0000, 0x0000, 0x0000, 0x0000, 0x0000, 0x0000, 0x0000, 0x0000, 0x0000, 0x0000,
  0x0000, 0x0000, 0x0000, 0x0000, 0x0000, 0x0000, 0x2000, 0x4430, 0x6648, 0x98cd, 0x9ef7, 0x8d72,
  0x6750, 0x2218, 0x2000, 0x2100, 0x0000, 0x0008, 0x2000, 0x2000, 0x0000, 0x2000, 0x0000, 0x0000,
  0x0000, 0x0000, 0x0000, 0x0000, 0x0000, 0x0000, 0x0000, 0x0000, 0x0000, 0x0000, 0x0000, 0x0000,
  0x0000, 0x0000, 0x0000, 0x0000, 0x0000, 0x0000, 0x0000, 0x0000, 0x0000, 0x0000, 0x0000, 0x0000,
  0x0000, 0x0000, 0x0000, 0x0000, 0x0000, 0x0000, 0x0000, 0x0000, 0x0000, 0x0000, 0x0000, 0x0000,
  0x0000, 0x0000, 0x0000, 0x0000, 0x0000, 0x0000, 0x0000, 0x0000, 0x0000, 0x0000, 0x0000, 0x0000,
  0x0000, 0x0000, 0x0000, 0x0000, 0x0000, 0x0000, 0x0000, 0x0000, 0x0000, 0x0000, 0x0000, 0x0000,
  0x8758, 0xefc0, 0xaca8, 0x2218, 0x0008, 0x0008, 0x0000, 0x0000, 0x0000, 0x0000, 0x0000, 0x0000,
  0x0000, 0x0000, 0x0000, 0x0000, 0x0000, 0x0000, 0x0000, 0x0000, 0x0000, 0x0000, 0x0000, 0x2000,
  0x0008, 0x0008, 0x0000, 0x55bd, 0x9ef7, 0x084a, 0x0008, 0x0000, 0x0008, 0x0000, 0x2100, 0x0000,
  0x0000, 0x0000, 0x0000, 0x0000, 0x0000, 0x0000, 0x0000, 0x0000, 0x0000, 0x0000, 0x0000, 0x0000,
  0x0000, 0x0000, 0x0000, 0x0000, 0x0000, 0x0000, 0x0000, 0x0000, 0x0000, 0x0000, 0x0000, 0x0000,
  0x0000, 0x0000, 0x0000, 0x0000, 0x0000, 0x0000, 0x0000, 0x0000, 0x0000, 0x0000, 0x0000, 0x0000,
  0x0000, 0x0000, 0x0000, 0x0000, 0x0000, 0x0000, 0x0000, 0x0000, 0x0000, 0x0000, 0x0000, 0x0000,
  0x0000, 0x0000, 0x0000, 0x0000, 0x0000, 0x0000, 0x0000, 0x0000, 0x0000, 0x0000, 0x0000, 0x0000,
  0x0000, 0x0000, 0x0000, 0x0000, 0x0000, 0x0000, 0xaa78, 0x54f1, 0xf0d0, 0x4320, 0x0000, 0x0000,
  0x0000, 0x0000, 0x0000, 0x0000, 0x0000, 0x0000, 0x0000, 0x0000, 0x0000, 0x0000, 0x0000, 0x0000,
  0x0000, 0x0000, 0x0000, 0x0000, 0x0000, 0x0000, 0x0000, 0x2000, 0x2000, 0xb5ad, 0xbef7, 0x0742,
  0x2000, 0x2000, 0x0000, 0x0000, 0x0000, 0x0100, 0x0000, 0x0000, 0x0000, 0x0000, 0x0000, 0x0000,
  0x0000, 0x0000, 0x0000, 0x0000, 0x0000, 0x0000, 0x0000, 0x0000, 0x0000, 0x0000, 0x0000, 0x0000,
  0x0000, 0x0000, 0x0000, 0x0000, 0x0000, 0x0000, 0x2000, 0x0000, 0x0000, 0x0000, 0x0000, 0x0000,
  0x0000, 0x0000, 0x0000, 0x0000, 0x0000, 0x0000, 0x0000, 0x0000, 0x0000, 0x0000, 0x0000, 0x0000,
  0x0000, 0x0000, 0x0000, 0x0000, 0x0000, 0x0000, 0x0000, 0x0000, 0x0000, 0x0000, 0x0000, 0x0000,
  0x2000, 0x0000, 0x0000, 0x0000, 0x0000, 0x0000, 0x0000, 0x0000, 0x0000, 0x0000, 0x0000, 0x0000,
  0xc978, 0x34f9, 0x30c9, 0x2220, 0x0008, 0x2000, 0x0000, 0x0000, 0x0000, 0x0000, 0x0000, 0x0000,
  0x0000, 0x0000, 0x0000, 0x0000, 0x0000, 0x0000, 0x0000, 0x0000, 0x0000, 0x0000, 0x0000, 0x0000,
  0x0000, 0x0000, 0x2000, 0x34a5, 0x7def, 0xe739, 0x0000, 0x2000, 0x0000, 0x0000, 0x0000, 0x0000,
  0x0000, 0x0000, 0x0000, 0x0000, 0x0000, 0x0000, 0x0000, 0x0000, 0x0000, 0x0000, 0x0000, 0x0000,
  0x0000, 0x0000, 0x0000, 0x0000, 0x0000, 0x0008, 0x0000, 0x0000, 0x0000, 0x0000, 0x0110, 0x0008,
  0x2000, 0x0008, 0x2000, 0x0008, 0x0000, 0x0000, 0x0000, 0x0000, 0x0000, 0x0000, 0x0000, 0x4108,
  0x4108, 0x0000, 0x0000, 0x0000, 0x0000, 0x0000, 0x0000, 0x0000, 0x0000, 0x0000, 0x0000, 0x0000,
  0x0000, 0x0000, 0x0000, 0x0000, 0x0000, 0x0000, 0x0000, 0x0000, 0x0000, 0x0000, 0x0000, 0x0000,
  0x0000, 0x0000, 0x0000, 0x0000, 0x0000, 0x0000, 0x8a78, 0x15f9, 0x11c9, 0x2428, 0x0010, 0x0000,
  0x0000, 0x0000, 0x0000, 0x0000, 0x0000, 0x0000, 0x0000, 0x0000, 0x0000, 0x0000, 0x0000, 0x0000,
  0x0000, 0x0000, 0x0000, 0x0000, 0x0000, 0x0000, 0x0000, 0x2000, 0x0000, 0x8631, 0xe739, 0xa210,
  0x0000, 0x0000, 0x0000, 0x0000, 0x0000, 0x0000, 0x0000, 0x0000, 0x0000, 0x0000, 0x0000, 0x0000,
  0x0000, 0x0000, 0x0000, 0x0000, 0x0000, 0x0000, 0x0000, 0x0000, 0x0000, 0x0000, 0x0000, 0x0000,
  0x0000, 0x2100, 0x0000, 0x0100, 0x6860, 0xcc90, 0xeb88, 0x8648, 0x0008, 0x0008, 0x2108, 0x0000,
  0x0000, 0x0000, 0x0000, 0x0000, 0x4108, 0x8210, 0x4108, 0x0000, 0x0000, 0x0000, 0x0000, 0x0000,
  0x0000, 0x0000, 0x0000, 0x0000, 0x0000, 0x0000, 0x0000, 0x0000, 0x0000, 0x0000, 0x0000, 0x0000,
  0x2008, 0x0108, 0x2000, 0x0000, 0x0000, 0x0000, 0x0000, 0x0000, 0x0000, 0x0000, 0x0000, 0x0000,
  0x8868, 0x11d1, 0xeda8, 0x2318, 0x0000, 0x0000, 0x0000, 0x0000, 0x0000, 0x0000, 0x0000, 0x0000,
  0x0000, 0x0000, 0x0000, 0x0000, 0x0000, 0x0000, 0x0000, 0x0000, 0x0000, 0x0000, 0x0000, 0x0000,
  0x0000, 0x0000, 0x0000, 0x0000, 0x0000, 0x0000, 0x0000, 0x0000, 0x0000, 0x0000, 0x0000, 0x0000,
  0x0000, 0x0000, 0x0000, 0x0000, 0x0000, 0x0000, 0x0000, 0x0000, 0x0000, 0x0000, 0x0000, 0x0000,
  0x0000, 0x0000, 0x0000, 0x0000, 0x0000, 0x0000, 0x0008, 0x0008, 0x0000, 0x0108, 0x0da1, 0x35f9,
  0x34f9, 0xeb78, 0x4208, 0x8208, 0x8208, 0x4108, 0x2000, 0x0000, 0x0000, 0x0000, 0x6108, 0x6108,
  0x4108, 0x0000, 0x0000, 0x0000, 0x0000, 0x0000, 0x0000, 0x0000, 0x0000, 0x0000, 0x0000, 0x0000,
  0x0000, 0x0000, 0x0000, 0x0000, 0x0000, 0x0000, 0x2320, 0x2538, 0x0008, 0x2000, 0x0000, 0x0000,
  0x0000, 0x0000, 0x0000, 0x0000, 0x0000, 0x0000, 0x2218, 0x2438, 0x4328, 0x2100, 0x2000, 0x0000,
  0x0000, 0x0000, 0x0000, 0x0000, 0x0000, 0x0000, 0x0000, 0x0000, 0x0000, 0x0000, 0x0000, 0x0000,
  0x0000, 0x0000, 0x0000, 0x0000, 0x0000, 0x0000, 0x0000, 0x0000, 0x0000, 0x0000, 0x0000, 0x0000,
  0x0000, 0x0000, 0x0000, 0x0000, 0x0000, 0x0000, 0x0000, 0x0000, 0x0000, 0x0000, 0x0000, 0x0000,
  0x0000, 0x0000, 0x0000, 0x0000, 0x0000, 0x0000, 0x0000, 0x0000, 0x0000, 0x0000, 0x0000, 0x0008,
  0x0000, 0x2100, 0x2000, 0x2100, 0xeca0, 0x54f9, 0x33f9, 0xca80, 0x4108, 0x8110, 0x8110, 0x6210,
  0x6108, 0x0000, 0x0000, 0x0000, 0x6108, 0x8210, 0x4108, 0x0000, 0x0000, 0x0000, 0x0000, 0x0000,
  0x0000, 0x0000, 0x0000, 0x0000, 0x0000, 0x0000, 0x0000, 0x0000, 0x0000, 0x0000, 0x0000, 0x0000,
  0xeca0, 0x72d9, 0x6438, 0x2008, 0x0100, 0x0000, 0x0000, 0x0000, 0x0000, 0x0000, 0x0000, 0x0000,
  0x2000, 0x4000, 0x2000, 0x0000, 0x0000, 0x0000, 0x0000, 0x0000, 0x0000, 0x0000, 0x0000, 0x0000,
  0x0000, 0x0000, 0x0000, 0x0000, 0x0000, 0x0000, 0x0000, 0x0000, 0x0000, 0x0000, 0x0000, 0x0000,
  0x0000, 0x0000, 0x2000, 0x0000, 0x0000, 0x0000, 0x0000, 0x0000, 0x0000, 0x0000, 0x0000, 0x0000,
  0x0000, 0x0000, 0x0000, 0x0000, 0x0000, 0x0000, 0x0000, 0x0000, 0x0000, 0x0000, 0x0000, 0x0000,
  0x0000, 0x0000, 0x0000, 0x0000, 0x0000, 0x0000, 0x2100, 0x6758, 0x4868, 0x8968, 0x11c9, 0x73e9,
  0x73e9, 0x0ea9, 0x8860, 0xe970, 0xe750, 0x6210, 0x8210, 0x4108, 0x2000, 0x0000, 0x6108, 0x8210,
  0x6108, 0x0000, 0x0000, 0x0000, 0x0000, 0x0000, 0x0000, 0x0000, 0x0000, 0x0000, 0x0000, 0x0000,
  0x0000, 0x0000, 0x0000, 0x0000, 0x4328, 0x4538, 0xcfb8, 0x54f1, 0x6960, 0x6430, 0x2208, 0x0000,
  0x0000, 0x0000, 0x0000, 0x0000, 0x0000, 0x0000, 0x0000, 0x0000, 0x0000, 0x0000, 0x0000, 0x0000,
  0x0000, 0x0000, 0x0000, 0x0000, 0x0000, 0x0000, 0x0000, 0x0000, 0x0000, 0x0000, 0x0000, 0x0000,
  0x0000, 0x0000, 0x0000, 0x0000, 0x2000, 0x0000, 0x0000, 0x0000, 0x0000, 0x0000, 0x0000, 0x0000,
  0x0000, 0x0000, 0x0000, 0x0000, 0x0000, 0x0000, 0x0000, 0x0000, 0x0000, 0x0000, 0x0000, 0x0000,
  0x0000, 0x0000, 0x0000, 0x0000, 0x0000, 0x0000, 0x0000, 0x0000, 0x0000, 0x0000, 0x0000, 0x0000,
  0x2318, 0xd0d8, 0x54f1, 0x14f1, 0x35f9, 0x14f1, 0x34f1, 0x34f1, 0x74e9, 0x74f9, 0x2ea9, 0x8218,
  0x8210, 0x6108, 0x4108, 0x0000, 0x4008, 0x8210, 0x6108, 0x0000, 0x0000, 0x0000, 0x0000, 0x0000,
  0x0000, 0x0000, 0x0000, 0x0000, 0x0000, 0x0000, 0x0000, 0x0000, 0x0100, 0x0108, 0xcb90, 0xd2e0,
  0x54e9, 0x14f1, 0x33d9, 0xefc0, 0x2328, 0x2000, 0x0000, 0x0000, 0x0000, 0x0000, 0x0000, 0x0000,
  0x0000, 0x0000, 0x0000, 0x0000, 0x0000, 0x0000, 0x0000, 0x0000, 0x0000, 0x0000, 0x0000, 0x0000,
  0x0000, 0x0000, 0x0000, 0x0000, 0x0000, 0x0000, 0x0000, 0x0000, 0x0000, 0x0000, 0x2008, 0x2000,
  0x0000, 0x0000, 0x0008, 0x2000, 0x0000, 0x0000, 0x0000, 0x0000, 0x0000, 0x0000, 0x0000, 0x0000,
  0x0000, 0x0000, 0x0000, 0x0000, 0x0000, 0x2000, 0x0000, 0x0000, 0x2000, 0x0000, 0x0000, 0x0000,
  0x0000, 0x0000, 0x0000, 0x0000, 0x0000, 0x0000, 0x0218, 0x32d9, 0x53e9, 0x54f1, 0x73f1, 0x54e9,
  0x54f9, 0x53f1, 0x34f1, 0x34f9, 0xeda0, 0x6218, 0x8108, 0x8210, 0x4110, 0x4108, 0x4000, 0x6108,
  0x8210, 0x4108, 0x4108, 0x4108, 0x0000, 0x0000, 0x0000, 0x0000, 0x0000, 0x0000, 0x0000, 0x0000,
  0x4200, 0x2100, 0x0220, 0x2440, 0xedb0, 0x35f9, 0x16f2, 0xb5f2, 0x75f1, 0x33d9, 0x6848, 0x2528,
  0x2108, 0x0000, 0x0000, 0x0000, 0x2000, 0x0000, 0x0000, 0x0000, 0x0000, 0x0000, 0x0000, 0x0000,
  0x0000, 0x0000, 0x0000, 0x0000, 0x0000, 0x0000, 0x0000, 0x0000, 0x0000, 0x0000, 0x0000, 0x0000,
  0x0000, 0x0008, 0x0000, 0x2000, 0x0000, 0x0000, 0x0008, 0x0000, 0x0000, 0x0000, 0x0000, 0x0000,
  0x0000, 0x0000, 0x0000, 0x0000, 0x0000, 0x0000, 0x0000, 0x0000, 0x0000, 0x0000, 0x0000, 0x0000,
  0x0000, 0x2000, 0x2000, 0x0008, 0x0000, 0x0000, 0x0000, 0x0000, 0x0000, 0x0000, 0x0000, 0x4000,
  0x0218, 0x12d9, 0x54f9, 0x54f9, 0x33f9, 0x14f9, 0x55f1, 0x74e9, 0x35e9, 0x55f9, 0xed98, 0x2110,
  0x8208, 0xa210, 0x6210, 0x6210, 0x8108, 0x6108, 0x8210, 0x6108, 0x8210, 0x6108, 0x0000, 0x0000,
  0x0000, 0x0000, 0x0000, 0x0000, 0x0000, 0x0000, 0x0000, 0x2000, 0xc988, 0x32e9, 0x54f1, 0x14f1,
  0x7bf5, 0x7eff, 0x96fa, 0x14f1, 0x32e1, 0xd1e0, 0x4430, 0x2100, 0x0000, 0x0008, 0x2000, 0x0000,
  0x0000, 0x0000, 0x0000, 0x0000, 0x0000, 0x0000, 0x0000, 0x0000, 0x0000, 0x0000, 0x0000, 0x0000,
  0x0000, 0x0000, 0x0000, 0x0000, 0x0000, 0x0000, 0x0000, 0x2000, 0x2000, 0x4000, 0x2000, 0x2000,
  0x0000, 0x2000, 0x0000, 0x0000, 0x0000, 0x0000, 0x0000, 0x0000, 0x0000, 0x0000, 0x0000, 0x0000,
  0x0000, 0x0000, 0x0000, 0x0000, 0x0000, 0x2100, 0x0008, 0x0000, 0x2000, 0x0008, 0x2000, 0x0000,
  0x0000, 0x0000, 0x0000, 0x0000, 0x0000, 0x0000, 0x2318, 0xf0d0, 0x54e9, 0x13e9, 0x74e9, 0x34f1,
  0x14f1, 0x33f1, 0x33e9, 0x94f1, 0x0da1, 0x2108, 0x2108, 0x6108, 0x6210, 0x8208, 0x6108, 0x6108,
  0x6108, 0x6108, 0x6108, 0x6108, 0x0000, 0x0000, 0x0000, 0x0000, 0x0000, 0x0000, 0x0000, 0x0000,
  0x4220, 0x4850, 0xaea9, 0x93fa, 0x36f3, 0xb9eb, 0x7df6, 0xfeff, 0xd9ec, 0x78fb, 0xb7f3, 0x76f3,
  0x0a71, 0x6750, 0x6750, 0x6540, 0x2000, 0x0000, 0x0000, 0x0000, 0x0000, 0x0000, 0x0000, 0x0000,
  0x0000, 0x0000, 0x0000, 0x0000, 0x0000, 0x0000, 0x0000, 0x0000, 0x0000, 0x0000, 0x0000, 0x0000,
  0x0000, 0x2008, 0x0008, 0x0000, 0x2318, 0x2208, 0x2100, 0x0218, 0x0210, 0x0000, 0x0000, 0x0000,
  0x0000, 0x0000, 0x0000, 0x0000, 0x0000, 0x0000, 0x0000, 0x0000, 0x0000, 0x0000, 0x0000, 0x0000,
  0x0000, 0x0110, 0x0208, 0x0108, 0x0000, 0x0000, 0x0000, 0x0000, 0x0000, 0x0000, 0x0000, 0x2008,
  0x2008, 0x6648, 0x6748, 0x8750, 0x10b9, 0x54f1, 0x34e9, 0x0da9, 0xa858, 0xe958, 0x8648, 0x4108,
  0x0000, 0x2100, 0x6208, 0x8210, 0x8108, 0x6108, 0x4108, 0x2000, 0x2000, 0x4108, 0x0000, 0x0000,
  0x0000, 0x0000, 0x0000, 0x0000, 0x0000, 0x0008, 0x8a70, 0x53f1, 0x73fb, 0x31fd, 0xf7f6, 0xdfff,
  0xdfff, 0xffff, 0xfff7, 0xffff, 0xdfff, 0x3eff, 0x95fa, 0x34f9, 0x34f9, 0xeeb8, 0x0218, 0x0000,
  0x0000, 0x0000, 0x0000, 0x0000, 0x0000, 0x0000, 0x0000, 0x0000, 0x0000, 0x0000, 0x0000, 0x0000,
  0x0000, 0x0000, 0x0000, 0x0000, 0x0000, 0x2000, 0x0000, 0x2000, 0x2000, 0x0310, 0x0eb9, 0x10d9,
  0x51d1, 0x10d1, 0x8978, 0x0100, 0x2000, 0x0000, 0x0000, 0x0000, 0x0000, 0x0000, 0x0000, 0x0000,
  0x0000, 0x0000, 0x0000, 0x0000, 0x0000, 0x0000, 0x0110, 0xaca0, 0x31d1, 0xca80, 0x0008, 0x0000,
  0x0000, 0x0000, 0x0000, 0x0000, 0x0000, 0x0000, 0x0000, 0x4008, 0x0008, 0x0000, 0xcdb0, 0x55f1,
  0x74f1, 0xca88, 0x6110, 0xa200, 0xa208, 0x2100, 0x0000, 0x0000, 0x2100, 0x6108, 0x6110, 0x8210,
  0x6108, 0x4108, 0x0000, 0x0000, 0x0000, 0x0000, 0x0000, 0x0000, 0x0000, 0x0000, 0x4328, 0x8868,
  0xcda0, 0x53f1, 0x34fc, 0x36fe, 0x7bf7, 0xdfff, 0xfff7, 0xffff, 0xffff, 0xdfff, 0xffff, 0x7ef7,
  0x96f2, 0x54e9, 0x34f1, 0xf0b8, 0x0208, 0x0000, 0x0000, 0x0000, 0x0000, 0x0000, 0x0000, 0x0000,
  0x0000, 0x0000, 0x0000, 0x0000, 0x0000, 0x0000, 0x0000, 0x0000, 0x0000, 0x0000, 0x0000, 0x0000,
  0x0000, 0x0008, 0x0000, 0x0310, 0x12e9, 0x34f9, 0x55e9, 0x54f1, 0xcb90, 0x0100, 0x0000, 0x0000,
  0x0000, 0x0000, 0x0000, 0x0000, 0x0000, 0x0000, 0x0000, 0x0000, 0x0000, 0x0000, 0x0000, 0x0000,
  0x2210, 0x2fb1, 0x34f1, 0xac90, 0x0108, 0x0100, 0x0000, 0x0008, 0x0000, 0x0000, 0x0000, 0x0000,
  0x2000, 0x0000, 0x0000, 0x0008, 0x0da1, 0x34f1, 0x94f9, 0x2b81, 0x8210, 0x6100, 0x2008, 0x0000,
  0x0000, 0x0000, 0x0000, 0x2000, 0x4108, 0x8210, 0x6108, 0x6108, 0x4108, 0x0000, 0x0000, 0x0000,
  0x0000, 0x0000, 0x2000, 0x0000, 0xa868, 0x53f1, 0x14f1, 0x55f1, 0x1afd, 0x9dff, 0xdfff, 0xdeff,
  0xdfff, 0xdfff, 0xdeff, 0xdfff, 0xfeff, 0x7eff, 0x77f2, 0x34f9, 0x53f9, 0x0fb9, 0x0110, 0x2000,
  0x0000, 0x0000, 0x0000, 0x0000, 0x0000, 0x0000, 0x0000, 0x0000, 0x0000, 0x0000, 0x0000, 0x0000,
  0x0000, 0x0000, 0x0000, 0x0000, 0x0000, 0x0000, 0x2100, 0x0000, 0x2000, 0x4308, 0x32e1, 0x34f9,
  0x35f9, 0x35f9, 0xcc98, 0x0008, 0x0000, 0x0000, 0x0000, 0x0000, 0x0000, 0x0000, 0x0000, 0x0000,
  0x0000, 0x0000, 0x0008, 0x0000, 0x0000, 0x2000, 0x0110, 0x2eb1, 0x34f9, 0xf1c8, 0xaa88, 0xa968,
  0x2218, 0x0000, 0x0000, 0x0000, 0x0000, 0x0000, 0x2000, 0x0000, 0x0000, 0x0000, 0x8758, 0xab78,
  0xaa80, 0xc748, 0x6208, 0x0108, 0x0000, 0x0000, 0x0000, 0x0000, 0x0000, 0x0000, 0x2000, 0x6108,
  0x6108, 0x8210, 0x4108, 0x0000, 0x0000, 0x0000, 0x0000, 0x0000, 0x0000, 0x0000, 0x8968, 0x33e9,
  0xf3f1, 0xd2f2, 0xdafd, 0xfeff, 0xffff, 0xffff, 0xffff, 0xffff, 0xffff, 0xdeff, 0xf9f6, 0x57f6,
  0xb3f3, 0xd0f2, 0x54f1, 0xefb8, 0x0108, 0x0000, 0x0000, 0x0000, 0x0000, 0x0000, 0x0000, 0x0000,
  0x0000, 0x0000, 0x0000, 0x0000, 0x0000, 0x0000, 0x0000, 0x0000, 0x0000, 0x0000, 0x0000, 0x0000,
  0x2000, 0x0000, 0x0000, 0x0318, 0x11e1, 0x54f1, 0x35f9, 0x54f9, 0xcc90, 0x0000, 0x0000, 0x0000,
  0x0000, 0x0000, 0x0000, 0x0000, 0x0000, 0x0000, 0x0000, 0x2000, 0x0000, 0x0000, 0x2000, 0x2000,
  0x2210, 0x0eb9, 0x34f9, 0x55f1, 0x73e9, 0x31e1, 0x2430, 0x2000, 0x2000, 0x0000, 0x2000, 0x0000,
  0x0000, 0x0000, 0x0008, 0x0000, 0x0100, 0x0008, 0x8210, 0xa210, 0x8108, 0x2000, 0x2000, 0x0000,
  0x0000, 0x0000, 0x0000, 0x0000, 0x0000, 0x2000, 0x4108, 0x6108, 0x2000, 0x0000, 0x0000, 0x0000,
  0x0000, 0x0000, 0x2000, 0x2000, 0x8970, 0x33f1, 0xf2fa, 0xcffc, 0x9bfe, 0xfdff, 0xffff, 0xdeff,
  0xffff, 0xdeff, 0xfeff, 0x9df7, 0x93f5, 0xf0fc, 0xeffc, 0xaef4, 0xb5e9, 0xefb8, 0x2008, 0x0000,
  0x0000, 0x0000, 0x0000, 0x0000, 0x0000, 0x0000, 0x0000, 0x0000, 0x0000, 0x0000, 0x0000, 0x0000,
  0x0000, 0x0000, 0x0000, 0x0000, 0x0000, 0x0000, 0x2000, 0x0000, 0x0000, 0x0320, 0xeda0, 0x2fb9,
  0xcfc0, 0xefc0, 0xa970, 0x0000, 0x0000, 0x0000, 0x0000, 0x0000, 0x0000, 0x0000, 0x0000, 0x2000,
  0x0000, 0x0000, 0x0000, 0x0000, 0x0110, 0x2540, 0x6748, 0xf0c8, 0x14f1, 0x35f9, 0x14f9, 0x31d9,
  0x2430, 0x0000, 0x0000, 0x0000, 0x0000, 0x0000, 0x0000, 0x2000, 0x0000, 0x0000, 0x2000, 0x2000,
  0x8108, 0x4110, 0x8210, 0x6100, 0x0000, 0x0000, 0x0000, 0x0000, 0x0000, 0x4108, 0x4108, 0x2000,
  0x2000, 0x2000, 0x0000, 0x0000, 0x0000, 0x0000, 0x0000, 0x0000, 0x0000, 0x0000, 0x2438, 0x6a78,
  0x4871, 0x4672, 0x92bb, 0x79f4, 0x5bfc, 0x39fc, 0x9dfe, 0xdfff, 0xdeff, 0x7dff, 0x52fd, 0xcefc,
  0x52fb, 0xf0ea, 0xca78, 0x6658, 0x0000, 0x0000, 0x0000, 0x0000, 0x0000, 0x0000, 0x0000, 0x0000,
  0x0000, 0x0000, 0x0000, 0x0000, 0x0000, 0x0000, 0x0000, 0x0000, 0x0000, 0x0000, 0x0000, 0x0000,
  0x0000, 0x0000, 0x0000, 0x0000, 0x2218, 0x4210, 0x0210, 0x0218, 0x0218, 0x0000, 0x0000, 0x0000,
  0x0000, 0x0000, 0x0000, 0x0000, 0x0000, 0x0000, 0x0008, 0x0000, 0x2000, 0x0000, 0x6428, 0x11e1,
  0x52e1, 0x54f1, 0x54e9, 0x74e9, 0x34f9, 0x31d9, 0x2430, 0x0000, 0x0000, 0x0000, 0x0000, 0x0000,
  0x0000, 0x0000, 0x2000, 0x0008, 0x0000, 0x0100, 0x4108, 0x4210, 0xa210, 0x6108, 0x2108, 0x0000,
  0x0000, 0x2000, 0x4108, 0x6108, 0x6108, 0x2000, 0x0000, 0x0000, 0x0000, 0x0000, 0x0000, 0x0000,
  0x0000, 0x0000, 0x0008, 0x0000, 0x2000, 0x2100, 0x2000, 0x0000, 0xcb88, 0x34f1, 0x34f1, 0x53f1,
  0x7af5, 0xbfff, 0xfef7, 0x9dff, 0x72fd, 0xefec, 0xf3e9, 0x11c9, 0x0118, 0x2000, 0x2000, 0x0000,
  0x0000, 0x0000, 0x0000, 0x0000, 0x0000, 0x0000, 0x0000, 0x0000, 0x0000, 0x0000, 0x0000, 0x0000,
  0x0000, 0x0000, 0x0000, 0x0000, 0x0000, 0x0000, 0x0000, 0x0000, 0x2000, 0x2008, 0x2000, 0x2000,
  0x0008, 0x2000, 0x0008, 0x0000, 0x2000, 0x0000, 0x0000, 0x0000, 0x0000, 0x0000, 0x0000, 0x0000,
  0x0008, 0x0000, 0x0108, 0x0210, 0x8640, 0x53e1, 0x54f9, 0x34f1, 0x13f9, 0x53f1, 0x54f1, 0x12d9,
  0x2530, 0x0000, 0x0000, 0x2000, 0x0000, 0x0000, 0x0000, 0x0108, 0x4000, 0x0008, 0x4100, 0x0000,
  0x2000, 0x6208, 0x6108, 0x6100, 0x6108, 0x4108, 0x4108, 0x6108, 0x8210, 0x8210, 0x4108, 0x2000,
  0x0000, 0x0000, 0x0000, 0x0000, 0x0000, 0x0000, 0x0000, 0x0000, 0x0000, 0x0000, 0x0000, 0x0000,
  0x0100, 0x0000, 0xcb88, 0x54f9, 0xb2f2, 0x8ffb, 0xf6f3, 0x59f4, 0x1dff, 0xbef7, 0x92fd, 0xceec,
  0x4989, 0x6760, 0x2108, 0x0000, 0x0000, 0x0000, 0x0000, 0x0000, 0x0000, 0x0000, 0x0000, 0x0000,
  0x0000, 0x0000, 0x0000, 0x2000, 0x2000, 0x2000, 0x0000, 0x0000, 0x0000, 0x0000, 0x0000, 0x0000,
  0x0000, 0x0000, 0x0000, 0x0000, 0x0000, 0x0000, 0x0000, 0x2000, 0x0000, 0x0000, 0x0000, 0x0000,
  0x0000, 0x0000, 0x0000, 0x0000, 0x0000, 0x0000, 0x0000, 0x0000, 0x6650, 0xcda0, 0xefb8, 0x54f1,
  0x34f1, 0x54f1, 0x34f9, 0x13f1, 0x54f1, 0x12d1, 0x4428, 0x0000, 0x0000, 0x0000, 0x0000, 0x2000,
  0x4108, 0x4110, 0x6108, 0x6108, 0x8208, 0x6108, 0x2000, 0x4108, 0x6108, 0x8210, 0x6108, 0x6108,
  0x6108, 0x8210, 0x6108, 0x6108, 0x4108, 0x0000, 0x0000, 0x0000, 0x0000, 0x0000, 0x0000, 0x0000,
  0x0000, 0x0000, 0x0000, 0x0000, 0x0000, 0x0000, 0x2000, 0x0008, 0xcc90, 0x73f9, 0xd2f3, 0x4efd,
  0xb3fa, 0xb4f1, 0x9dfe, 0x7eff, 0x52fd, 0x6ee4, 0x2441, 0x0000, 0x0000, 0x0000, 0x2000, 0x0000,
  0x0000, 0x0000, 0x0000, 0x0000, 0x0000, 0x0000, 0x0000, 0x0000, 0x0000, 0x2000, 0x0000, 0x0000,
  0x0008, 0x2000, 0x0000, 0x2000, 0x2000, 0x0000, 0x0000, 0x0000, 0x0000, 0x0000, 0x0000, 0x0000,
  0x0000, 0x0000, 0x0000, 0x0000, 0x0000, 0x0000, 0x0000, 0x0000, 0x0000, 0x0000, 0x0000, 0x0000,
  0x0000, 0x0000, 0xa970, 0x54f1, 0x34f1, 0x54f1, 0x34f1, 0x54f1, 0x34f1, 0x34f1, 0x54f1, 0xf1e0,
  0x2338, 0x0008, 0x0000, 0x0000, 0x0000, 0x4108, 0x6108, 0x6108, 0x6108, 0x6108, 0x6108, 0x6108,
  0x6108, 0x4108, 0x2000, 0x6108, 0x8210, 0x6108, 0x6108, 0x6108, 0x4108, 0x2000, 0x0000, 0x0000,
  0x0000, 0x0000, 0x0000, 0x0000, 0x0000, 0x0000, 0x0000, 0x0000, 0x0000, 0x0000, 0x0000, 0x0000,
  0x2000, 0x0000, 0x6530, 0x6760, 0x6661, 0x0562, 0x50c9, 0x55f1, 0x57f3, 0xb6e3, 0x497a, 0xe459,
  0x6110, 0x0000, 0x0000, 0x0000, 0x0000, 0x0000, 0x0000, 0x0000, 0x0000, 0x2000, 0x0000, 0x4540,
  0x8858, 0x6760, 0x6760, 0x8758, 0x6860, 0x8858, 0x2220, 0x2000, 0x0000, 0x0008, 0x0000, 0x0000,
  0x0000, 0x0000, 0x0000, 0x0000, 0x0000, 0x0000, 0x0000, 0x0000, 0x0000, 0x0000, 0x0000, 0x0000,
  0x0000, 0x0000, 0x0000, 0x0000, 0x0000, 0x0000, 0x0000, 0x0000, 0x8a78, 0x54f1, 0x34f1, 0x54f1,
  0x54f1, 0x34f1, 0x34f1, 0x54f1, 0x54f1, 0x32d9, 0x4328, 0x0000, 0x0000, 0x0000, 0x2108, 0x6108,
  0x8210, 0x6108, 0x4108, 0x4108, 0x6108, 0x6108, 0x6108, 0x6108, 0x2000, 0x2000, 0x2000, 0x4108,
  0x2000, 0x2000, 0x2000, 0x0000, 0x0000, 0x0000, 0x0000, 0x0000, 0x0000, 0x0000, 0x0000, 0x0000,
  0x0000, 0x0000, 0x0000, 0x0000, 0x0000, 0x0000, 0x0000, 0x0008, 0x4000, 0x0000, 0x0000, 0x0000,
  0xcc98, 0x54e9, 0x33f1, 0x31d1, 0x2320, 0x2000, 0x0000, 0x2100, 0x0000, 0x0000, 0x0000, 0x0000,
  0x0000, 0x0000, 0x0000, 0x2000, 0x0108, 0xcc98, 0x54f1, 0x33f1, 0x53e9, 0x33e9, 0x33f1, 0x53e1,
  0x4760, 0x2000, 0x2000, 0x0008, 0x0000, 0x0000, 0x0000, 0x0000, 0x0000, 0x0000, 0x0000, 0x0000,
  0x0000, 0x0000, 0x0000, 0x0000, 0x0000, 0x0000, 0x0000, 0x0000, 0x0000, 0x0000, 0x0000, 0x0000,
  0x0000, 0x0000, 0x8a78, 0x34f1, 0x34f1, 0x54f1, 0x54f1, 0x54f1, 0x54f1, 0x54f1, 0x34f1, 0x11d9,
  0x6430, 0x2000, 0x0000, 0x2000, 0x6208, 0x6108, 0x6108, 0x2000, 0x0000, 0x0000, 0x2000, 0x6108,
  0x6108, 0x6108, 0x6108, 0x0000, 0x0000, 0x0000, 0x0000, 0x0000, 0x0000, 0x0000, 0x0000, 0x0000,
  0x0000, 0x0000, 0x0000, 0x0000, 0x0000, 0x0000, 0x0000, 0x0000, 0x0000, 0x0000, 0x0000, 0x0000,
  0x0000, 0x0000, 0x0100, 0x0000, 0x0000, 0x0100, 0x4228, 0x2438, 0x2428, 0x0438, 0x2108, 0x4000,
  0x2000, 0x0000, 0x0000, 0x2000, 0x0000, 0x0000, 0x0000, 0x0000, 0x0000, 0x0000, 0x0108, 0xcb88,
  0x13e9, 0xf3e8, 0x55f9, 0x35f1, 0x75f1, 0x54e9, 0x8a70, 0x2210, 0x2100, 0x0000, 0x0008, 0x0000,
  0x0000, 0x0000, 0x0000, 0x0000, 0x0000, 0x0000, 0x0000, 0x0000, 0x0000, 0x0000, 0x0000, 0x0000,
  0x0000, 0x0000, 0x0000, 0x0000, 0x0000, 0x0000, 0x0000, 0x0000, 0x8a78, 0x54f1, 0x34f1, 0x54f1,
  0x34f1, 0x54f1, 0x54f1, 0x53e9, 0x54f1, 0x31d9, 0x2530, 0x0210, 0x2110, 0x2008, 0x4108, 0x8210,
  0x4108, 0x0000, 0x0000, 0x0000, 0x0000, 0x2000, 0x6108, 0x4108, 0x6108, 0x2000, 0x0000, 0x0000,
  0x0000, 0x0000, 0x0000, 0x0000, 0x0000, 0x0000, 0x0000, 0x0000, 0x0000, 0x0000, 0x0000, 0x0000,
  0x0000, 0x0000, 0x0000, 0x0000, 0x0000, 0x0000, 0x2000, 0x2000, 0x0000, 0x0000, 0x0000, 0x0000,
  0x0008, 0x0000, 0x2000, 0x0000, 0x0008, 0x0000, 0x0000, 0x0000, 0x0000, 0x0000, 0x0000, 0x0000,
  0x0000, 0x0000, 0x0000, 0x0000, 0x0000, 0x2218, 0x4328, 0x8860, 0x53f1, 0x34f9, 0x54e9, 0x14f9,
  0x53d9, 0xf0d0, 0xcb90, 0x2110, 0x0000, 0x0000, 0x0000, 0x0000, 0x0000, 0x0000, 0x0000, 0x0000,
  0x0000, 0x0000, 0x0000, 0x0000, 0x0000, 0x0000, 0x0000, 0x0000, 0x0000, 0x0000, 0x0000, 0x0000,
  0x0100, 0x0000, 0x8a78, 0x54f1, 0x54f1, 0x34f1, 0x34f1, 0x34e9, 0x74f1, 0x74f1, 0x74f1, 0x54e9,
  0x31d9, 0x11d9, 0x8858, 0x2100, 0x6210, 0x6108, 0x4108, 0x2000, 0x0000, 0x0000, 0x0000, 0x0000,
  0x6108, 0x6108, 0x6108, 0x0000, 0x0000, 0x0000, 0x0000, 0x0000, 0x0000, 0x0000, 0x0000, 0x0000,
  0x0000, 0x0000, 0x0000, 0x0000, 0x0000, 0x0000, 0x0000, 0x0000, 0x0000, 0x0000, 0x0000, 0x0000,
  0x0000, 0x0000, 0x0000, 0x0000, 0x0000, 0x0000, 0x0000, 0x0000, 0x0000, 0x0000, 0x0000, 0x0000,
  0x0000, 0x0000, 0x0000, 0x0000, 0x0000, 0x0000, 0x0000, 0x0000, 0x0000, 0x0000, 0x0000, 0x0000,
  0x2000, 0x4640, 0x53e9, 0x55f9, 0x74e9, 0x13f1, 0x95e9, 0x35f9, 0xeea8, 0x0108, 0x0000, 0x0000,
  0x0008, 0x0000, 0x0000, 0x0000, 0x0000, 0x0000, 0x0000, 0x0000, 0x0000, 0x0000, 0x0000, 0x0000,
  0x0000, 0x0000, 0x0000, 0x0000, 0x0000, 0x0000, 0x0100, 0x0000, 0xaa70, 0x34f9, 0x34f1, 0x54f1,
  0x34f1, 0x54f1, 0x95f1, 0xb5f9, 0x95f1, 0x74f9, 0x94f1, 0xb5f9, 0xc970, 0x0008, 0x4108, 0x8208,
  0x8110, 0x6000, 0x0000, 0x0008, 0x0008, 0x2000, 0x4110, 0x6210, 0x6108, 0x0000, 0x0000, 0x0000,
  0x0000, 0x0000, 0x0000, 0x0000, 0x0000, 0x0000, 0x0000, 0x0000, 0x0000, 0x0000, 0x0000, 0x0000,
  0x0000, 0x0000, 0x0000, 0x0000, 0x0000, 0x0000, 0x0000, 0x0000, 0x0000, 0x0000, 0x0000, 0x0000,
  0x0000, 0x0000, 0x0000, 0x0000, 0x0000, 0x0000, 0x0000, 0x0000, 0x0000, 0x0000, 0x0000, 0x0000,
  0x0000, 0x0000, 0x0000, 0x0000, 0x0000, 0x0000, 0x0000, 0x0648, 0x13f1, 0x15f9, 0x35f1, 0x53f1,
  0x74f1, 0xd4f8, 0x12e1, 0xeca0, 0xeb88, 0x4320, 0x2000, 0x2000, 0x0000, 0x0000, 0x0000, 0x0000,
  0x0000, 0x0000, 0x0000, 0x0000, 0x0000, 0x0000, 0x0000, 0x0000, 0x0000, 0x0000, 0x0000, 0x0000,
  0x2000, 0x0000, 0xc970, 0x54f1, 0x74e9, 0x34f1, 0x34f1, 0x54f1, 0x95f1, 0xb4f1, 0xb4f1, 0xb5f9,
  0xb5f1, 0x96f9, 0xea70, 0x4000, 0x4100, 0x4210, 0x4210, 0x8210, 0x6108, 0x2000, 0x2000, 0x6008,
  0x6108, 0x8108, 0x6108, 0x2000, 0x0000, 0x0000, 0x0000, 0x0000, 0x0000, 0x0000, 0x0000, 0x0000,
  0x0000, 0x0000, 0x0000, 0x0000, 0x0000, 0x0000, 0x0000, 0x0000, 0x0000, 0x0000, 0x0000, 0x0000,
  0x0000, 0x0000, 0x0000, 0x0000, 0x0000, 0x0000, 0x0000, 0x0000, 0x0000, 0x0000, 0x0000, 0x0000,
  0x0000, 0x0000, 0x0000, 0x0000, 0x0000, 0x0000, 0x0000, 0x0000, 0x0000, 0x0000, 0x0000, 0x0000,
  0x2000, 0x0750, 0x53e9, 0x54f1, 0x35f9, 0x54f1, 0x74f1, 0x54f1, 0x74f1, 0x34f9, 0x32e1, 0x4540,
  0x0000, 0x0008, 0x0008, 0x2000, 0x0000, 0x0000, 0x0000, 0x0000, 0x0000, 0x0000, 0x0000, 0x0000,
  0x0000, 0x0000, 0x0000, 0x0000, 0x0000, 0x0000, 0x2100, 0x0000, 0x8978, 0x13f9, 0x53f1, 0x34f1,
  0x34f1, 0x33f1, 0x74f1, 0xb4f1, 0xd4f1, 0x95f1, 0xb5f1, 0x95f9, 0xa970, 0x0000, 0x2100, 0x4210,
  0x6108, 0x6210, 0x6210, 0x6110, 0x6110, 0x8210, 0x8108, 0x6110, 0x2008, 0x0000, 0x0000, 0x0000,
  0x0000, 0x0000, 0x0000, 0x0000, 0x0000, 0x0000, 0x0000, 0x0000, 0x0000, 0x0000, 0x0000, 0x0000,
  0x0000, 0x0000, 0x0000, 0x0000, 0x0000, 0x0000, 0x0000, 0x0000, 0x0000, 0x0000, 0x0000, 0x0000,
  0x0000, 0x0000, 0x0000, 0x0000, 0x0000, 0x0000, 0x0000, 0x0000, 0x0000, 0x0000, 0x0000, 0x0000,
  0x0000, 0x0000, 0x0000, 0x0000, 0x0000, 0x0000, 0x0000, 0x0540, 0xcca0, 0xeea8, 0x34f1, 0x34f1,
  0x54f9, 0x33f9, 0x34f9, 0x35f9, 0x53e1, 0x8978, 0x8748, 0x4430, 0x2000, 0x0000, 0x0000, 0x0000,
  0x0000, 0x0000, 0x0000, 0x0000, 0x0000, 0x0000, 0x0000, 0x0000, 0x0000, 0x0000, 0x0000, 0x0000,
  0x4640, 0x6748, 0xed98, 0x54f1, 0x94e9, 0x94f1, 0x74f1, 0x33e9, 0x34e9, 0x75f1, 0x95f1, 0x95e9,
  0x4fb9, 0x4ea9, 0xa748, 0x0000, 0x0108, 0x2008, 0x8000, 0xc758, 0xe850, 0xe858, 0xe858, 0xa750,
  0x8210, 0x4008, 0x0008, 0x0000, 0x0000, 0x0000, 0x0000, 0x0000, 0x0000, 0x0000, 0x0000, 0x0000,
  0x0000, 0x0000, 0x0000, 0x0000, 0x0000, 0x0000, 0x0000, 0x0000, 0x0000, 0x0000, 0x0000, 0x0000,
  0x0000, 0x0000, 0x0000, 0x0000, 0x0000, 0x0000, 0x0000, 0x0000, 0x0000, 0x0000, 0x0000, 0x0000,
  0x0000, 0x0000, 0x0000, 0x0000, 0x0000, 0x0000, 0x0000, 0x0000, 0x0000, 0x0000, 0x0000, 0x0000,
  0x0000, 0x2100, 0x0100, 0x2318, 0x32d9, 0x34f9, 0x54f1, 0x33f1, 0x34f9, 0x55f1, 0x74f1, 0x52f1,
  0x53e1, 0xab90, 0x2008, 0x0000, 0x0100, 0x0000, 0x0000, 0x0000, 0x0000, 0x0000, 0x0000, 0x0000,
  0x0000, 0x0000, 0x0000, 0x0000, 0x0000, 0x0108, 0x0fb9, 0x73f1, 0x73f1, 0x75f9, 0xb5f9, 0xb4f1,
  0x94f1, 0x54f1, 0x74f1, 0x95f9, 0xb5f1, 0x52e1, 0xc530, 0xa308, 0x6208, 0x2000, 0x0000, 0x2100,
  0x4218, 0x12e1, 0x95f9, 0x94f9, 0xb6f9, 0x4eb1, 0x6320, 0x2000, 0x0000, 0x0000, 0x0008, 0x0000,
  0x0000, 0x0000, 0x0000, 0x0000, 0x0000, 0x0000, 0x0000, 0x0000, 0x0000, 0x0000, 0x0000, 0x0000,
  0x0000, 0x0000, 0x0000, 0x0000, 0x0000, 0x0000, 0x0000, 0x0000, 0x0000, 0x0000, 0x0000, 0x0000,
  0x0000, 0x0000, 0x0000, 0x0000, 0x0000, 0x0000, 0x0000, 0x0000, 0x0000, 0x0000, 0x0000, 0x0000,
  0x0000, 0x0000, 0x0000, 0x0000, 0x0000, 0x0000, 0x0000, 0x2100, 0x0000, 0x2210, 0x31d9, 0x54f1,
  0x54f1, 0x54e9, 0x54f1, 0x34f1, 0x34f1, 0x34f9, 0x95e1, 0xac90, 0x0008, 0x0000, 0x0100, 0x0000,
  0x0000, 0x0000, 0x0000, 0x0000, 0x0000, 0x0000, 0x0000, 0x0000, 0x0000, 0x0108, 0x2218, 0x2218,
  0xf0c0, 0x35f9, 0x94f1, 0x94f1, 0xb5f9, 0x95f1, 0x74f1, 0x54e9, 0x53e9, 0x73e9, 0x72e1, 0x30c9,
  0xa438, 0x4110, 0x6210, 0x6108, 0x2100, 0x0008, 0x2110, 0xf2e0, 0x54e9, 0x53f1, 0x34e9, 0xefc0,
  0x0220, 0x0000, 0x0000, 0x2000, 0x0000, 0x0000, 0x0000, 0x0000, 0x0000, 0x0000, 0x0000, 0x0000,
  0x0000, 0x0000, 0x0000, 0x0000, 0x0000, 0x0000, 0x0000, 0x0000, 0x0000, 0x0000, 0x0000, 0x0000,
  0x0000, 0x0000, 0x0000, 0x0000, 0x0000, 0x0000, 0x0000, 0x0000, 0x0000, 0x0000, 0x0000, 0x0000,
  0x0000, 0x0000, 0x0000, 0x0000, 0x0000, 0x0000, 0x0000, 0x0000, 0x0000, 0x0000, 0x0000, 0x2000,
  0x0000, 0x2000, 0x0000, 0x0318, 0x11e1, 0x33f1, 0x74f1, 0x34f1, 0x54f9, 0x34f9, 0x15f9, 0x13f9,
  0x55f9, 0x8c90, 0x4000, 0x2000, 0x2000, 0x0000, 0x0108, 0x0000, 0x0000, 0x0000, 0x0200, 0x0008,
  0x0008, 0x0008, 0x2000, 0x4438, 0xefc0, 0xf0c8, 0x33e9, 0x54e9, 0xd5f1, 0xb6f1, 0x95f1, 0x54f1,
  0x53e9, 0x73e9, 0x53e9, 0xcd98, 0x4430, 0x6320, 0x6110, 0x6110, 0x6210, 0x6208, 0x8208, 0x6108,
  0x6218, 0x71d1, 0x94f1, 0x54e9, 0x75e1, 0x10b9, 0x0118, 0x0000, 0x2000, 0x2000, 0x0000, 0x0000,
  0x0000, 0x0000, 0x0000, 0x0000, 0x0000, 0x0000, 0x0000, 0x0000, 0x0000, 0x0000, 0x0000, 0x0000,
  0x0000, 0x0000, 0x0000, 0x0000, 0x0000, 0x0000, 0x0000, 0x0000, 0x0000, 0x0000, 0x0000, 0x0000,
  0x0000, 0x0000, 0x0000, 0x0000, 0x0000, 0x0000, 0x0000, 0x0000, 0x0000, 0x0000, 0x0000, 0x0000,
  0x0000, 0x0000, 0x0000, 0x0000, 0x0000, 0x0000, 0x0000, 0x2008, 0x0000, 0x0318, 0x30d1, 0x53f9,
  0x54f9, 0x14f1, 0x53f1, 0x34f1, 0x34f1, 0x74f1, 0x75f9, 0x8c90, 0x0008, 0x0008, 0x2000, 0x0000,
  0x0000, 0x2000, 0x4000, 0x2008, 0x0008, 0x0000, 0x0208, 0x2100, 0x0100, 0x4640, 0x32e1, 0x33f1,
  0x74f1, 0x94f9, 0xb5f9, 0xb4f1, 0x54f1, 0x34e9, 0x33e9, 0x53e9, 0x53e9, 0xac90, 0x0108, 0x2000,
  0x0000, 0x2008, 0x6108, 0x6208, 0x6208, 0x8110, 0xa320, 0xb2d9, 0x74f9, 0x34f9, 0x34f1, 0xefb8,
  0x2118, 0x2000, 0x0008, 0x0000, 0x0000, 0x0000, 0x0000, 0x0000, 0x0000, 0x0000, 0x0000, 0x0000,
  0x0000, 0x0000, 0x0000, 0x0000, 0x0000, 0x0000, 0x0000, 0x0000, 0x0000, 0x0000, 0x0000, 0x0000,
  0x0000, 0x0000, 0x0000, 0x0000, 0x0000, 0x0000, 0x0000, 0x0000, 0x0000, 0x0000, 0x0000, 0x0000,
  0x0000, 0x0000, 0x0000, 0x0000, 0x0000, 0x0000, 0x0000, 0x0000, 0x0000, 0x0000, 0x0000, 0x0000,
  0x2000, 0x0008, 0x0000, 0x0108, 0xa960, 0xab80, 0x11c9, 0x34f9, 0x54f1, 0x34f1, 0x54f1, 0x34f1,
  0x35f9, 0xab90, 0x2008, 0x0008, 0x0000, 0x0008, 0x0000, 0x0000, 0x4430, 0xab80, 0xca80, 0xaa78,
  0x6a80, 0xaa78, 0x8978, 0xcd98, 0x34e9, 0x73e9, 0x54f1, 0xb5f1, 0xb5f1, 0x73f9, 0x53e9, 0x54f1,
  0x53e9, 0x54f1, 0x74f1, 0xec98, 0x6110, 0x4108, 0x2000, 0x0000, 0x4108, 0x8210, 0x8210, 0x6110,
  0x8320, 0xb2d9, 0x54e9, 0x74e9, 0x34f1, 0x10b9, 0x2218, 0x0000, 0x0008, 0x0000, 0x0100, 0x0000,
  0x0000, 0x0000, 0x0000, 0x0000, 0x0000, 0x0000, 0x0000, 0x0000, 0x0000, 0x0000, 0x0000, 0x0000,
  0x0000, 0x0000, 0x0000, 0x0000, 0x0000, 0x0000, 0x0000, 0x0000, 0x0000, 0x0000, 0x0000, 0x0000,
  0x0000, 0x0000, 0x0000, 0x0000, 0x0000, 0x0000, 0x0000, 0x0000, 0x0000, 0x0000, 0x0000, 0x0000,
  0x0000, 0x0000, 0x0000, 0x0000, 0x0000, 0x0000, 0x0000, 0x0000, 0x2000, 0x2000, 0x0000, 0x0108,
  0x0c99, 0x74f9, 0x54f9, 0x55f9, 0x34f1, 0x35f9, 0x54f9, 0xec98, 0x2100, 0x0000, 0x0000, 0x0000,
  0x2000, 0x2008, 0x8868, 0x14f1, 0x14e9, 0x74f1, 0x13f9, 0x32e9, 0x33f9, 0x53f1, 0x13f9, 0x35f1,
  0x75e9, 0xb6f1, 0xb5f1, 0xb5f9, 0x94f1, 0x74e9, 0x74f1, 0x95f1, 0x95f1, 0x2d99, 0xa118, 0x8110,
  0x6108, 0x2000, 0x0000, 0x4108, 0x6108, 0xa108, 0x6320, 0x72d9, 0x54f1, 0x54f1, 0x14f9, 0xf0b8,
  0x0210, 0x2000, 0x2000, 0x2000, 0x0008, 0x0000, 0x0000, 0x0000, 0x0000, 0x0000, 0x0000, 0x0000,
  0x0000, 0x0000, 0x0000, 0x0000, 0x0000, 0x0000, 0x0000, 0x0000, 0x0000, 0x0000, 0x0000, 0x0000,
  0x0000, 0x0000, 0x0000, 0x0000, 0x0000, 0x0000, 0x0000, 0x0000, 0x0000, 0x0000, 0x0000, 0x0000,
  0x0000, 0x0000, 0x0000, 0x0000, 0x0000, 0x0000, 0x0000, 0x0000, 0x0000, 0x0000, 0x0000, 0x0000,
  0x0000, 0x2000, 0x2000, 0x0000, 0x2330, 0x2538, 0x2ea9, 0x33f9, 0x13f1, 0x55f1, 0x34e9, 0x55f1,
  0x53f1, 0xcd98, 0x2530, 0x2330, 0x4008, 0x4100, 0x0320, 0x2328, 0xaa80, 0x54f1, 0x54f9, 0x55f1,
  0x34f1, 0x55f1, 0x36f9, 0x54f1, 0x11ea, 0xd3f1, 0xf2f9, 0x72f2, 0x14ea, 0x75f1, 0xb4e9, 0xb5f1,
  0xb5f9, 0xb5f9, 0x95f1, 0x0c91, 0x8210, 0x6108, 0x8210, 0x6108, 0x0000, 0x0000, 0x2000, 0x2000,
  0x2118, 0xcda8, 0x10c9, 0x10d1, 0x11d9, 0x0d99, 0x0220, 0x0100, 0x0000, 0x0000, 0x0000, 0x0000,
  0x0000, 0x0000, 0x0000, 0x0000, 0x0000, 0x0000, 0x0000, 0x0000, 0x0000, 0x0000, 0x0000, 0x0000,
  0x0000, 0x0000, 0x0000, 0x0000, 0x0000, 0x0000, 0x0000, 0x0000, 0x0000, 0x0000, 0x0000, 0x0000,
  0x0000, 0x0000, 0x0000, 0x0000, 0x0000, 0x0000, 0x0000, 0x0000, 0x0000, 0x0000, 0x0000, 0x0000,
  0x0000, 0x0000, 0x0000, 0x0000, 0x0000, 0x0000, 0x0000, 0x0000, 0x0000, 0x0210, 0x0fc1, 0x32d9,
  0x54e1, 0x35f1, 0x54f1, 0x34f1, 0x55f9, 0x34f1, 0x54f9, 0x33e9, 0x13e1, 0x0ed1, 0x2218, 0x2000,
  0xaca0, 0x12d9, 0x32e9, 0x74f1, 0x54f1, 0x33f9, 0x33f1, 0x54f1, 0x34f1, 0x32f2, 0x70f4, 0x91f4,
  0x8efc, 0xcffc, 0x73f3, 0x94f1, 0xb4f9, 0x96f9, 0x94f9, 0xb4f9, 0x94f1, 0xed98, 0x4210, 0x8108,
  0x8108, 0x6110, 0x2108, 0x0000, 0x0000, 0x0000, 0x2000, 0x2220, 0x4318, 0x0218, 0x2218, 0x2210,
  0x0000, 0x2100, 0x0000, 0x0000, 0x0000, 0x0000, 0x0000, 0x0000, 0x0000, 0x0000, 0x0000, 0x0000,
  0x0000, 0x0000, 0x0000, 0x0000, 0x0000, 0x0000, 0x0000, 0x0000, 0x0000, 0x0000, 0x0000, 0x0000,
  0x0000, 0x0000, 0x0000, 0x0008, 0x0000, 0x0000, 0x2000, 0x0000, 0x2100, 0x0000, 0x0000, 0x0000,
  0x0000, 0x0000, 0x0000, 0x0000, 0x0000, 0x0000, 0x0000, 0x2000, 0x0000, 0x0000, 0x0008, 0x0000,
  0x0000, 0x0000, 0x2100, 0x2218, 0x31d9, 0x34f1, 0x34f1, 0x34f1, 0x54f1, 0x54f1, 0x54f1, 0x53f1,
  0x33f9, 0x54f1, 0x35f9, 0x31c9, 0x2320, 0x0108, 0x0ea1, 0x55f9, 0x33e9, 0x55f9, 0x54f9, 0x54e9,
  0x34f1, 0x54f1, 0x35f1, 0x31f2, 0x8ffc, 0x10fd, 0x0ff5, 0x0ff5, 0x92f3, 0x95f1, 0xb4f1, 0xb4e9,
  0x94f1, 0x74e9, 0x53e1, 0xab90, 0x0108, 0x4108, 0x6108, 0x6108, 0x2000, 0x0000, 0x0000, 0x0000,
  0x2000, 0x2000, 0x0000, 0x0000, 0x0000, 0x0000, 0x0000, 0x0000, 0x0000, 0x0000, 0x0000, 0x0000,
  0x0000, 0x0000, 0x0000, 0x0000, 0x0000, 0x0000, 0x0000, 0x0000, 0x0000, 0x0000, 0x0000, 0x0000,
  0x0000, 0x0000, 0x0000, 0x0000, 0x0000, 0x0000, 0x0000, 0x0000, 0x0000, 0x0000, 0x0000, 0x0008,
  0x0000, 0x0000, 0x0000, 0x0000, 0x0000, 0x0000, 0x0000, 0x0000, 0x0000, 0x0000, 0x0000, 0x0000,
  0x0000, 0x0000, 0x0000, 0x0000, 0x0000, 0x0000, 0x0008, 0x2228, 0xcc98, 0xcea0, 0x53f1, 0x54f9,
  0x34f9, 0x54f1, 0x34f1, 0x54f1, 0x53f1, 0x34f1, 0x34f9, 0x54f1, 0x14f9, 0x54f1, 0xeea8, 0xeda8,
  0x12d9, 0x34f9, 0x53f1, 0x34f9, 0x34f1, 0x35f1, 0x54f1, 0xb1fa, 0xd2fb, 0x30f4, 0xeef4, 0xeffc,
  0xeff4, 0xeefc, 0x51f3, 0x54f1, 0x54f1, 0x34f1, 0x52e9, 0xcb78, 0x6750, 0x6430, 0x4000, 0x4108,
  0x6108, 0x6108, 0x2000, 0x0000, 0x0000, 0x0000, 0x0000, 0x0000, 0x0008, 0x0000, 0x0000, 0x0000,
  0x0000, 0x0000, 0x0000, 0x0000, 0x0000, 0x0000, 0x0000, 0x0000, 0x0000, 0x0000, 0x0000, 0x0000,
  0x0000, 0x0000, 0x0000, 0x0000, 0x0000, 0x0000, 0x0000, 0x0000, 0x0000, 0x0000, 0x0000, 0x0000,
  0x2000, 0x0000, 0x0000, 0x2000, 0x2008, 0x0000, 0x0000, 0x2100, 0x0000, 0x2000, 0x2000, 0x0000,
  0x0000, 0x0000, 0x0000, 0x0000, 0x0000, 0x0000, 0x0000, 0x0000, 0x0000, 0x0000, 0x0000, 0x0008,
  0x0000, 0x6538, 0x54f1, 0x55f1, 0x53f1, 0x33f9, 0x34f1, 0x34f1, 0x34f1, 0x54f1, 0x54f1, 0x55f1,
  0x15f9, 0x53f1, 0x33f1, 0x55f9, 0x54f1, 0x34f9, 0x55f1, 0x74e9, 0x53f1, 0x35f1, 0x34f1, 0x34f1,
  0x53e9, 0x70f3, 0x2efd, 0x0ff5, 0xeff4, 0xeffc, 0xeff4, 0xeffc, 0x51f3, 0x34f1, 0x33f1, 0x35f1,
  0x32e1, 0x6540, 0x0000, 0x2000, 0x6008, 0x6108, 0x8108, 0x6108, 0x0000, 0x0000, 0x0000, 0x2000,
  0x0000, 0x0000, 0x0000, 0x0000, 0x2000, 0x0000, 0x0000, 0x0000, 0x0000, 0x0000, 0x0000, 0x0000,
  0x0000, 0x0000, 0x0000, 0x0000, 0x0000, 0x0000, 0x0000, 0x0000, 0x0000, 0x0000, 0x0000, 0x0000,
  0x0000, 0x0000, 0x0000, 0x0000, 0x0000, 0x0000, 0x2000, 0x2000, 0x0008, 0x0100, 0x4648, 0x6968,
  0x0661, 0x056a, 0x066a, 0x6110, 0x0000, 0x0100, 0x0000, 0x0000, 0x0000, 0x0000, 0x0000, 0x0000,
  0x0000, 0x0008, 0x0000, 0x0000, 0x2000, 0x4540, 0x6968, 0xcd88, 0x14f1, 0x33f1, 0x33f1, 0x34f9,
  0x54f9, 0x54f1, 0x54f1, 0x34f1, 0x34f1, 0x54f1, 0x33f1, 0x54f1, 0x54f1, 0x75f1, 0x54e9, 0xf3f8,
  0x34f9, 0x34f9, 0x13f9, 0x74f1, 0xb2f9, 0x92f2, 0xd3f2, 0xf2fb, 0xeef4, 0xf0f4, 0xcffc, 0xeffc,
  0x0ff5, 0x0ffd, 0x51f3, 0x34f1, 0x33f1, 0x54e9, 0x12e9, 0xab88, 0xa968, 0xa648, 0x8208, 0x6108,
  0x6108, 0x0000, 0x0000, 0x0000, 0x0000, 0x0000, 0x0000, 0x2000, 0x0000, 0x0000, 0x0000, 0x0000,
  0x0000, 0x0000, 0x0000, 0x0000, 0x0000, 0x0000, 0x0000, 0x0000, 0x0000, 0x0000, 0x0000, 0x0000,
  0x0000, 0x0000, 0x0000, 0x0000, 0x0000, 0x0000, 0x0000, 0x0000, 0x0000, 0x0000, 0x0000, 0x0000,
  0x0008, 0x2000, 0x0000, 0x0210, 0xeda0, 0x54f9, 0xb3f2, 0xeffc, 0xceec, 0x0439, 0x0000, 0x0000,
  0x0000, 0x0000, 0x0000, 0x0000, 0x0000, 0x0000, 0x0000, 0x0000, 0x0000, 0x0000, 0x2100, 0xcb98,
  0x74e9, 0x34f1, 0x14f9, 0x53f1, 0x33f1, 0x35f1, 0x34f1, 0x54f1, 0x54f1, 0x54f1, 0x34f1, 0x53f1,
  0x53f1, 0x54f9, 0x34f9, 0x34f9, 0x53f9, 0x55f1, 0x55e9, 0x34f1, 0x15f9, 0x55e9, 0xd2f1, 0xaefc,
  0x0ef5, 0xcff4, 0x0efd, 0x10f5, 0xeef4, 0xeffc, 0x0ff5, 0x0ff5, 0x51f3, 0x54e9, 0x54f1, 0x73e9,
  0x74f1, 0x95f1, 0xd4e9, 0x0d99, 0x4318, 0x4108, 0x2108, 0x0000, 0x0000, 0x0000, 0x0000, 0x0000,
  0x0000, 0x0000, 0x0000, 0x0000, 0x0000, 0x0000, 0x0000, 0x0000, 0x0000, 0x0000, 0x0000, 0x0000,
  0x0000, 0x0000, 0x0000, 0x0000, 0x0000, 0x0000, 0x0000, 0x0000, 0x0000, 0x0000, 0x0000, 0x0000,
  0x0000, 0x0000, 0x0000, 0x0000, 0x0000, 0x0000, 0x0000, 0x2000, 0x0008, 0x2108, 0xcc98, 0xf2d8,
  0x50e2, 0x70f4, 0x70ec, 0x8651, 0xc020, 0x6118, 0x0000, 0x0000, 0x0000, 0x0000, 0x0000, 0x0000,
  0x0000, 0x0000, 0x2000, 0x0000, 0x0100, 0x8ca8, 0x74e9, 0x53f1, 0x34f1, 0x75f1, 0x34f1, 0x55f9,
  0x54f1, 0x34f1, 0x34f1, 0x34f1, 0x34f1, 0x34f9, 0x54f1, 0x54f1, 0x54f9, 0x33f9, 0x54f1, 0x34f1,
  0x94f1, 0xd2f1, 0xb2f1, 0xd3e9, 0x92ea, 0x70fc, 0x2ff5, 0x10f5, 0x10fd, 0x11fd, 0x10fd, 0xeffc,
  0xeff4, 0xeefc, 0x51f3, 0x34f1, 0x54f1, 0x14f9, 0x74e9, 0x75f1, 0x95f9, 0x4ea1, 0xa528, 0x8218,
  0x2008, 0x0000, 0x0000, 0x0000, 0x0000, 0x0000, 0x0108, 0x0218, 0x2220, 0x0110, 0x0000, 0x0000,
  0x0000, 0x0000, 0x0000, 0x0000, 0x0000, 0x0000, 0x0000, 0x0000, 0x0000, 0x0000, 0x0000, 0x0000,
  0x0000, 0x0000, 0x0000, 0x0000, 0x0000, 0x0000, 0x0000, 0x0000, 0x0000, 0x0000, 0x0000, 0x0000,
  0x2000, 0x0000, 0x0000, 0x0000, 0x2108, 0x4210, 0x8860, 0x92e9, 0xd3f1, 0x2fec, 0xadf4, 0x676a,
  0x0000, 0x0000, 0x0000, 0x0000, 0x0000, 0x0000, 0x2000, 0x0000, 0x0008, 0x2000, 0x2000, 0xada0,
  0x14f9, 0x73f9, 0x33f1, 0x93f1, 0x73e9, 0x35f1, 0x35f9, 0x34f1, 0x54f1, 0x54e9, 0x54f1, 0x35f1,
  0x74f9, 0x33f1, 0x34f1, 0x15f1, 0x55f1, 0x33f9, 0xb0fb, 0xeef4, 0xd0f4, 0xcef4, 0x90fc, 0x11f5,
  0x30f5, 0x30fd, 0x30fd, 0x30fd, 0x30fd, 0x2efd, 0xeffc, 0x2ff5, 0x70eb, 0x34f1, 0x35f1, 0x55f1,
  0x54e9, 0x33f1, 0x94e9, 0x73e9, 0x74f1, 0xd0d0, 0x2330, 0x0000, 0x0000, 0x0000, 0x0108, 0x2100,
  0x0208, 0x11d1, 0x12e9, 0xa970, 0x0000, 0x2000, 0x0008, 0x2000, 0x0000, 0x0000, 0x0000, 0x0000,
  0x0000, 0x0000, 0x0000, 0x0000, 0x0000, 0x0000, 0x0000, 0x0000, 0x0000, 0x0000, 0x0000, 0x0000,
  0x0000, 0x0000, 0x0000, 0x0000, 0x0000, 0x0000, 0x0000, 0x0000, 0x0000, 0x0000, 0x0000, 0x0100,
  0x6750, 0x14e9, 0x32f1, 0x2ff4, 0x0ff5, 0x4982, 0x0000, 0x0000, 0x0000, 0x0000, 0x0000, 0x0000,
  0x0100, 0x0000, 0x2000, 0x2000, 0x0000, 0xcda0, 0x55f1, 0x33f9, 0x34f1, 0x14f9, 0x72f1, 0x73f1,
  0x54f1, 0x34f1, 0x35f9, 0x54f1, 0x53f1, 0x34f1, 0x54f9, 0x54f9, 0x54f1, 0x54f1, 0x53f1, 0x53f1,
  0xf0f3, 0xeef4, 0xf1fc, 0xeef4, 0x0ffd, 0x31fd, 0x50fd, 0x30fd, 0x30fd, 0x30fd, 0x50fd, 0x50fd,
  0x11fd, 0xf0fc, 0x50eb, 0x73f1, 0x72f1, 0x53e9, 0x53f9, 0x14f1, 0x55f1, 0x33f9, 0x54f1, 0x11d9,
  0x4530, 0x0100, 0x0000, 0x2000, 0x2100, 0x0008, 0x2210, 0x52d9, 0x53f1, 0x8970, 0x0008, 0x0008,
  0x0000, 0x0000, 0x0000, 0x0000, 0x0000, 0x0000, 0x0000, 0x0000, 0x0000, 0x0000, 0x0000, 0x0000,
  0x0000, 0x0000, 0x0000, 0x0000, 0x0000, 0x0000, 0x0000, 0x0000, 0x0000, 0x0000, 0x0000, 0x0000,
  0x0000, 0x0000, 0x0000, 0x0000, 0x0000, 0x0000, 0x4318, 0x8850, 0x6860, 0x2fd2, 0xd2fa, 0x4979,
  0x0000, 0x0000, 0x0000, 0x0000, 0x0000, 0x0000, 0x0000, 0x0000, 0x0000, 0x0000, 0x0000, 0xed98,
  0x75f1, 0xf3f8, 0x35f9, 0x73f9, 0x92f3, 0x91fb, 0x32f2, 0x53f1, 0x34f9, 0x34f9, 0x54f9, 0x54f9,
  0x34f1, 0x55f1, 0x33f1, 0x73f9, 0x54f9, 0x54f1, 0x12fc, 0x0efd, 0xf0fc, 0xeeec, 0x2ef5, 0x30fd,
  0x50fd, 0x0ffd, 0xeff4, 0x10f5, 0x30fd, 0x30fd, 0x10fd, 0x30f5, 0x6ff4, 0xb1fb, 0xf0f3, 0xcfeb,
  0x91f3, 0xf3f1, 0x35f1, 0x34f1, 0x34f1, 0x33f1, 0xceb0, 0xada0, 0x4650, 0x0008, 0x0008, 0x0008,
  0x2210, 0xd1d8, 0x54f1, 0xa968, 0x4000, 0x2000, 0x2000, 0x0000, 0x0000, 0x0000, 0x0000, 0x0000,
  0x0000, 0x0000, 0x0000, 0x0000, 0x0000, 0x0000, 0x0000, 0x0000, 0x0000, 0x0000, 0x0000, 0x0000,
  0x0000, 0x0000, 0x0000, 0x0000, 0x0000, 0x0000, 0x0000, 0x0000, 0x0000, 0x0000, 0x0000, 0x0000,
  0x0000, 0x0008, 0x0110, 0x10b9, 0x35f9, 0x4988, 0x0000, 0x0000, 0x0000, 0x0000, 0x0000, 0x0000,
  0x2008, 0x0000, 0x0000, 0x2000, 0x4000, 0xcd98, 0x35f1, 0x14f9, 0x74f1, 0xd2e9, 0xb0f4, 0xeefc,
  0xd1f2, 0x53f1, 0x54f1, 0x34f9, 0x34f1, 0x74f1, 0x54f1, 0x74f1, 0x54f1, 0x34f9, 0x15f1, 0xf4f0,
  0xd2fb, 0xeefc, 0xeff4, 0x0fed, 0x30fd, 0x11fd, 0x30fd, 0xeff4, 0xeff4, 0x10fd, 0x30fd, 0x50fd,
  0x0ffd, 0x0ff5, 0xeffc, 0xb0fc, 0xeef4, 0x30fd, 0xeffc, 0x51fa, 0x32f9, 0x53f1, 0x35f9, 0x34f9,
  0x74f9, 0x74f9, 0x8968, 0x0000, 0x2000, 0x0000, 0x2210, 0xf1d8, 0x74f1, 0x8960, 0x0000, 0x2000,
  0x2000, 0x0000, 0x0000, 0x0000, 0x0000, 0x0000, 0x0000, 0x0000, 0x0000, 0x0000, 0x0000, 0x0000,
  0x0000, 0x0000, 0x0000, 0x0000, 0x0000, 0x0000, 0x0000, 0x0000, 0x0000, 0x0000, 0x0000, 0x0000,
  0x0000, 0x0000, 0x0000, 0x0000, 0x0000, 0x0000, 0x0008, 0x2000, 0x2008, 0xcb88, 0xeeb0, 0x8750,
  0x0000, 0x0000, 0x0000, 0x0000, 0x0000, 0x0000, 0x2428, 0x4650, 0x6640, 0x4648, 0x6750, 0xcfb8,
  0x54f1, 0x93f9, 0x52fa, 0xb1f2, 0xd1fc, 0xf0fc, 0xb2ea, 0x34f1, 0x54f1, 0x54f9, 0x33f1, 0x54f1,
  0x54f1, 0x33f1, 0x34f1, 0x53f1, 0x73f2, 0x91f2, 0x10fc, 0xeefc, 0x0ff5, 0xeff4, 0x10fd, 0x31fd,
  0x30fd, 0x0ff5, 0x10fd, 0x30fd, 0x30fd, 0x0ff5, 0xeef4, 0xeff4, 0x10fd, 0xf0fc, 0xeff4, 0x0ff5,
  0xaffc, 0x33f2, 0x35f1, 0x34f1, 0x54f1, 0x54e9, 0x54f1, 0x14f9, 0x8968, 0x0000, 0x0000, 0x2000,
  0x0218, 0xf1d8, 0x54f1, 0xcd90, 0x4650, 0x4438, 0x0108, 0x0000, 0x0000, 0x0000, 0x0000, 0x0000,
  0x0000, 0x0000, 0x0000, 0x0000, 0x0000, 0x0000, 0x0000, 0x0000, 0x0000, 0x0000, 0x0000, 0x0000,
  0x0000, 0x0000, 0x0000, 0x0000, 0x0000, 0x0000, 0x0000, 0x0000, 0x0000, 0x0000, 0x0000, 0x0000,
  0x0000, 0x2000, 0x0000, 0x0110, 0x0210, 0x0108, 0x0000, 0x0000, 0x0000, 0x0000, 0x0000, 0x0000,
  0xa970, 0x12e9, 0x73e1, 0x33e9, 0x52e1, 0x34f1, 0x34f1, 0x91e2, 0xb0fc, 0xcffc, 0x2ff5, 0x0ffd,
  0x91ea, 0x35f9, 0x54e9, 0x34f9, 0x14f9, 0x34f1, 0x74f1, 0x34f1, 0x34f1, 0xd2e9, 0x50fc, 0xeff4,
  0xeef4, 0xeff4, 0xefec, 0xaefc, 0x4ff5, 0x51fd, 0x30fd, 0x30fd, 0x30fd, 0x10fd, 0x0ff5, 0xd0f4,
  0xefec, 0x30f5, 0x50fd, 0x2ffd, 0x10fd, 0xd0fc, 0xcff4, 0x33f2, 0x34f9, 0x53f1, 0x54f1, 0x34f1,
  0x35f1, 0x35f9, 0xa968, 0x0000, 0x0000, 0x0000, 0x0118, 0x10d1, 0x34f9, 0x54e9, 0x32e1, 0xeeb8,
  0x0320, 0x2000, 0x0000, 0x0000, 0x0000, 0x0000, 0x0000, 0x0000, 0x0000, 0x0000, 0x0000, 0x0000,
  0x0000, 0x0000, 0x0000, 0x0000, 0x0000, 0x0000, 0x0000, 0x0000, 0x0000, 0x0000, 0x0000, 0x0000,
  0x0000, 0x0000, 0x0000, 0x0000, 0x0000, 0x0000, 0x0000, 0x0000, 0x0000, 0x0000, 0x0000, 0x0000,
  0x0000, 0x0000, 0x0000, 0x0000, 0x0000, 0x0000, 0xa980, 0x34f1, 0x54f1, 0x33f1, 0x74e9, 0x33f1,
  0x33f9, 0x72f2, 0x10f5, 0x10fd, 0xf0fc, 0xeffc, 0xb2f2, 0x34f1, 0x34f1, 0x33f1, 0x54f1, 0x34f1,
  0x35f1, 0x54f1, 0x94f1, 0xf3e1, 0x90fc, 0xeff4, 0xeff4, 0xeff4, 0xcff4, 0xeff4, 0xf0f4, 0x30fd,
  0x31fd, 0x30fd, 0x30fd, 0x10f5, 0xcfec, 0xeff4, 0x10f5, 0x30fd, 0x30fd, 0x10fd, 0x0ff5, 0x30f5,
  0xcefc, 0x53fa, 0x54f1, 0x34f9, 0x56f1, 0x54f1, 0x54f1, 0x34f9, 0x8970, 0x2000, 0x0110, 0x2110,
  0x2428, 0x51c9, 0x54f9, 0x94e9, 0x53f9, 0x10b9, 0x2118, 0x0000, 0x0000, 0x0000, 0x0000, 0x0000,
  0x0000, 0x0000, 0x0000, 0x0000, 0x0000, 0x0000, 0x0000, 0x0000, 0x0000, 0x0000, 0x0000, 0x0000,
  0x0000, 0x0000, 0x0000, 0x0000, 0x0000, 0x0000, 0x0000, 0x0000, 0x0000, 0x0000, 0x0000, 0x0000,
  0x0000, 0x0000, 0x0000, 0x0000, 0x0000, 0x0000, 0x0000, 0x0000, 0x0000, 0x0000, 0x0008, 0x2000,
  0xaa80, 0x34f1, 0x34f1, 0x34f1, 0x75f1, 0x34f9, 0x14f1, 0x72f2, 0xeffc, 0x0efd, 0xcffc, 0xeffc,
  0xb2ea, 0x34f1, 0x54f1, 0x33f1, 0x75f1, 0x94f1, 0x54e9, 0x91ea, 0x0ff4, 0xf0f3, 0xf0fc, 0x0ffd,
  0x10fd, 0x10fd, 0x10f5, 0x0ff5, 0xeff4, 0x30fd, 0x30fd, 0x30fd, 0x50fd, 0x30fd, 0x10f5, 0x10f5,
  0x30fd, 0x30fd, 0x30fd, 0x10f5, 0xeff4, 0x10fd, 0xeffc, 0x50fc, 0x51f4, 0x11f3, 0x54f1, 0x34f1,
  0x54f1, 0x55f9, 0x6970, 0x0000, 0x2328, 0xeeb8, 0xefb8, 0x54f1, 0x14f9, 0x54f1, 0x34f9, 0xefc0,
  0x2110, 0x0000, 0x0000, 0x0000, 0x0000, 0x0000, 0x0000, 0x0000, 0x0000, 0x0000, 0x0000, 0x0000,
  0x0000, 0x0000, 0x0000, 0x0000, 0x0000, 0x0000, 0x0000, 0x0000, 0x0000, 0x0000, 0x0000, 0x0000,
  0x0000, 0x0000, 0x0000, 0x0000, 0x0000, 0x0000, 0x0000, 0x0000, 0x0000, 0x0000, 0x0000, 0x0000,
  0x0000, 0x0000, 0x0108, 0x0100, 0x0008, 0x4100, 0xca78, 0x95f1, 0x54f1, 0x55f1, 0x34f9, 0x33f1,
  0x33f1, 0x91f2, 0xd0fc, 0x0ff5, 0xf0f4, 0xeff4, 0xb2ea, 0x33f1, 0x34f1, 0x94f9, 0x95f1, 0x75f1,
  0x35f9, 0xb1f2, 0xeef4, 0xf0f4, 0x10fd, 0x30fd, 0x30fd, 0x50fd, 0x50fd, 0x30fd, 0x10f5, 0x10f5,
  0x30fd, 0x30fd, 0x50fd, 0x30fd, 0x30fd, 0x30fd, 0x30fd, 0x30fd, 0x0ffd, 0xeff4, 0xeff4, 0xeffc,
  0x0ff5, 0xeffc, 0x4ff5, 0xb0f3, 0x33f9, 0x34f9, 0x34f1, 0x55f9, 0x8968, 0x0000, 0x2430, 0x34f1,
  0x54f1, 0x34e9, 0x34f1, 0x34e9, 0x55f1, 0xefc0, 0x2110, 0x0000, 0x0000, 0x0000, 0x0000, 0x0000,
  0x0000, 0x0000, 0x0000, 0x0000, 0x0000, 0x0000, 0x0000, 0x0000, 0x0000, 0x0000, 0x0000, 0x0000,
  0x0000, 0x0000, 0x0000, 0x0000, 0x0000, 0x0000, 0x0000, 0x0000, 0x0000, 0x0000, 0x0000, 0x0000,
  0x0000, 0x0000, 0x0000, 0x0000, 0x0000, 0x0000, 0x0000, 0x0318, 0x8970, 0xa970, 0x6978, 0x8970,
  0xeeb0, 0x53f1, 0x33f9, 0x54f1, 0x33f1, 0x52fa, 0x11f3, 0xb0f3, 0xf0fc, 0xeff4, 0x10fd, 0xeff4,
  0xb2f2, 0x54f9, 0x34f1, 0x94f9, 0xd4f9, 0x13f3, 0x52f3, 0xd2f3, 0x0fed, 0x30f5, 0x50fd, 0x30fd,
  0x30fd, 0x30fd, 0x30fd, 0x30fd, 0x30fd, 0x0ff5, 0x10f5, 0x10f5, 0x30fd, 0x30fd, 0x30fd, 0x30fd,
  0x30fd, 0x10fd, 0x0ff5, 0xeffc, 0xeffc, 0xeff4, 0x0efd, 0xb2fb, 0x32fb, 0x73fa, 0x55f1, 0x34f9,
  0x54f1, 0x74f9, 0xa968, 0x0000, 0x4430, 0x34f1, 0x54f9, 0x33f1, 0x54f9, 0x34f9, 0x74f9, 0x10c1,
  0x2210, 0x0000, 0x0000, 0x0000, 0x0000, 0x0000, 0x0000, 0x0000, 0x0000, 0x0000, 0x0000, 0x0000,
  0x0000, 0x0000, 0x0000, 0x0000, 0x0000, 0x0000, 0x0000, 0x0000, 0x0000, 0x0000, 0x0000, 0x0000,
  0x0000, 0x0000, 0x0000, 0x0000, 0x0000, 0x0000, 0x0000, 0x0000, 0x0000, 0x0000, 0x0000, 0x0000,
  0x0000, 0x4640, 0x32e9, 0x53f1, 0x54f9, 0x33f1, 0x34f1, 0x14f1, 0x34f9, 0x35f1, 0x33f1, 0x92f3,
  0xeffc, 0xeff4, 0x0ffd, 0xeefc, 0xeffc, 0xeffc, 0x92f2, 0x33f9, 0x54f1, 0x53f1, 0xf3f1, 0x51fc,
  0x6ef5, 0x31f5, 0x0ffd, 0x10fd, 0x30fd, 0x30fd, 0x10f5, 0x10f5, 0x30fd, 0x30fd, 0x30fd, 0x2ff5,
  0x0ff5, 0xeff4, 0x0ff5, 0x0ffd, 0x0ffd, 0x10fd, 0x0ff5, 0xeff4, 0xeffc, 0xeffc, 0x0ffd, 0x0ff5,
  0xcef4, 0x52ea, 0x53f1, 0x54f9, 0x55f1, 0x34f9, 0x54f1, 0x75f9, 0x8970, 0x0000, 0x2530, 0x33e9,
  0x33f1, 0x54f9, 0x54f1, 0x54f1, 0x54f1, 0xefc0, 0x2218, 0x0000, 0x0000, 0x0000, 0x0000, 0x0000,
  0x0000, 0x0000, 0x0000, 0x0000, 0x0000, 0x0000, 0x0000, 0x0000, 0x0000, 0x0000, 0x0000, 0x0000,
  0x0000, 0x0000, 0x0000, 0x0000, 0x0000, 0x0000, 0x0000, 0x0000, 0x0000, 0x0000, 0x0000, 0x0000,
  0x0000, 0x0000, 0x0000, 0x0000, 0x0000, 0x0000, 0x4000, 0x4530, 0x13f9, 0x34f1, 0x96f1, 0x34f1,
  0x73f9, 0x13ea, 0xd2e9, 0xd3f1, 0xd1f9, 0x10f4, 0x2ffd, 0x0ffd, 0xf0fc, 0xeff4, 0x11f5, 0xd0f4,
  0xb2ea, 0x53f1, 0x74f1, 0xb3f1, 0x32ea, 0x13fc, 0x6ff5, 0x51f5, 0x10fd, 0x30f5, 0x50f5, 0xeff4,
  0xcfec, 0xcfec, 0x0ff5, 0x30fd, 0x30fd, 0x50fd, 0x30fd, 0xeeec, 0xeff4, 0xeff4, 0xeff4, 0xeff4,
  0xeff4, 0xeff4, 0x0ffd, 0x0ffd, 0xeffc, 0x2ffd, 0xf0fc, 0xb0f2, 0xd4f9, 0x94f9, 0x53f1, 0x55f1,
  0x34f1, 0x55f9, 0xaa80, 0x4320, 0x6748, 0x33f1, 0x54f1, 0x55f9, 0x34f1, 0x75f1, 0x14f9, 0x10c1,
  0x6328, 0x4218, 0x0110, 0x0000, 0x0000, 0x0000, 0x0000, 0x0000, 0x0000, 0x0000, 0x0000, 0x0000,
  0x0000, 0x0000, 0x0000, 0x0000, 0x0000, 0x0000, 0x0000, 0x0000, 0x0000, 0x0000, 0x0000, 0x0000,
  0x0000, 0x0000, 0x0000, 0x0000, 0x0000, 0x0000, 0x0000, 0x2000, 0x0000, 0x0000, 0x0000, 0x2000,
  0x0000, 0x0540, 0x53e9, 0x33f1, 0x35f1, 0x54f1, 0x31f3, 0xcffc, 0xcefc, 0xcffc, 0xcef4, 0xd0fc,
  0x0ef5, 0x0ff5, 0x0ffd, 0xeffc, 0x0ffd, 0xf0fc, 0xb1ea, 0xf4f8, 0x51fa, 0xaef4, 0xceec, 0xf0fc,
  0xf0f4, 0x50fd, 0x2ffd, 0x31fd, 0xeffc, 0xeef4, 0xeef4, 0xeff4, 0xcef4, 0xeffc, 0x31fd, 0x30fd,
  0x10fd, 0xeff4, 0xcff4, 0xeff4, 0xeff4, 0xeff4, 0xeffc, 0xeffc, 0x0ffd, 0x0ffd, 0x0ffd, 0x0ef5,
  0x10f5, 0xb0fc, 0xcff4, 0x72eb, 0x55f9, 0x34f9, 0x52f1, 0x54f9, 0x33e9, 0x52e1, 0x13e9, 0x34f1,
  0x54f1, 0x54f1, 0x34f1, 0x34f1, 0x34f1, 0x54f1, 0x12e9, 0x12e1, 0x6648, 0x0008, 0x0000, 0x0000,
  0x0000, 0x0000, 0x0000, 0x0000, 0x0000, 0x0000, 0x0000, 0x0000, 0x0000, 0x0000, 0x0000, 0x0000,
  0x0000, 0x0000, 0x0000, 0x0000, 0x0000, 0x0000, 0x0000, 0x0000, 0x0000, 0x0000, 0x0000, 0x0000,
  0x0000, 0x0000, 0x0000, 0x0000, 0x0000, 0x0108, 0x0000, 0x4638, 0x54e9, 0x54f1, 0x34f9, 0x33f9,
  0x31f3, 0x0ffd, 0xf0fc, 0x10fd, 0x0ef5, 0x0ffd, 0x0ffd, 0x0ff5, 0x0ffd, 0xeffc, 0x0ffd, 0xeff4,
  0xf0ea, 0x54e9, 0x93ea, 0xeff4, 0xedf4, 0xeffc, 0xcfec, 0x30f5, 0x30fd, 0x51f5, 0x30f5, 0x0ff5,
  0xcfec, 0xcfec, 0xcfec, 0xeff4, 0x10fd, 0x30fd, 0x10fd, 0xeff4, 0xeff4, 0xeff4, 0xeff4, 0xeffc,
  0xeffc, 0xeffc, 0x0ffd, 0x0ffd, 0x0ffd, 0x0ff5, 0x0efd, 0xeffc, 0xd0fc, 0x71fb, 0x73f1, 0x54f1,
  0x74f1, 0x35f9, 0x34f1, 0x53e9, 0x34f1, 0x54f1, 0x54f1, 0x54f1, 0x54f1, 0x54f1, 0x54f1, 0x54f1,
  0x53f1, 0x54f1, 0x8650, 0x0008, 0x0000, 0x0000, 0x0000, 0x0000, 0x0000, 0x0000, 0x0000, 0x0000,
  0x0000, 0x0000, 0x0000, 0x0000, 0x0000, 0x0000, 0x0000, 0x0000, 0x0000, 0x0000, 0x0000, 0x0000,
  0x0000, 0x0000, 0x0000, 0x0000, 0x0000, 0x0000, 0x2000, 0x0000, 0x2000, 0x0000, 0x2000, 0x2000,
  0x0000, 0x2530, 0x33e9, 0x74e9, 0x34f9, 0x74f1, 0x32fb, 0x2ffd, 0xf0fc, 0xeffc, 0xeef4, 0x0ffd,
  0xf0fc, 0x0ffd, 0x0ffd, 0xeffc, 0xeffc, 0xeffc, 0x4ffc, 0xf1fb, 0x2ffc, 0xeffc, 0xeff4, 0xd0f4,
  0xcfec, 0x0ff5, 0x10fd, 0x30f5, 0x50fd, 0x30fd, 0x0ffd, 0xeff4, 0xcfec, 0xeff4, 0x30fd, 0x30fd,
  0x10fd, 0xeff4, 0xeff4, 0xeff4, 0xeffc, 0xeffc, 0x0ffd, 0x0ffd, 0xeffc, 0xeffc, 0xeffc, 0x10fd,
  0xcffc, 0x31f3, 0x33f2, 0xd3f9, 0x33f1, 0x33f1, 0x35f1, 0x15f9, 0x35f9, 0x55f9, 0x36f9, 0x54f1,
  0x54f1, 0x54f1, 0x54f1, 0x54f1, 0x54f1, 0x34f1, 0x54f1, 0x34e9, 0x6648, 0x0000, 0x0000, 0x0000,
  0x0000, 0x0000, 0x0000, 0x0000, 0x0000, 0x0000, 0x0000, 0x0000, 0x0000, 0x0000, 0x0000, 0x0000,
  0x0000, 0x0000, 0x0000, 0x0000, 0x0000, 0x0000, 0x0000, 0x0000, 0x0000, 0x0000, 0x0000, 0x0000,
  0x2108, 0x0000, 0x4000, 0x0008, 0x0000, 0x2000, 0x2100, 0x4538, 0x52e9, 0x34f9, 0x33f1, 0x54e9,
  0x31f3, 0x0ef5, 0x0ffd, 0x0ffd, 0x0ff5, 0x10fd, 0xf0fc, 0x0ffd, 0xeffc, 0xeffc, 0xeffc, 0xeffc,
  0xeff4, 0x0efd, 0xeff4, 0xeff4, 0x0ef5, 0x0ff5, 0xefec, 0xcff4, 0xb0fc, 0xeffc, 0x30fd, 0x30fd,
  0x2ffd, 0x0ffd, 0xeff4, 0x10f5, 0x30fd, 0x30fd, 0x10fd, 0xeff4, 0xeff4, 0xeffc, 0x0ffd, 0x0ffd,
  0x0ffd, 0xeffc, 0xeffc, 0xeffc, 0xeffc, 0x0ff5, 0xcff4, 0x53f2, 0x14f9, 0x54f1, 0x53f1, 0x34f9,
  0x35f1, 0x53f1, 0x33f1, 0x33f1, 0x52e9, 0x54f1, 0x54f1, 0x54f1, 0x54f1, 0x54f1, 0x54f1, 0x34f9,
  0x33f1, 0x33f1, 0x6648, 0x0000, 0x0000, 0x0000, 0x0000, 0x0000, 0x0000, 0x0000, 0x0000, 0x0000,
  0x0000, 0x0000, 0x0000, 0x0000, 0x0000, 0x0000, 0x0000, 0x0000, 0x0000, 0x0000, 0x0000, 0x0000,
  0x0000, 0x0000, 0x0000, 0x0000, 0x0000, 0x0000, 0x4430, 0x8868, 0xa960, 0x8968, 0x8868, 0x6970,
  0xaa68, 0xac90, 0x73e9, 0x33f9, 0xb1f2, 0xf1f2, 0x10f4, 0xeffc, 0x0efd, 0x0ffd, 0x2ff5, 0xeffc,
  0xeffc, 0xeff4, 0xeff4, 0xeffc, 0xeff4, 0x0ff5, 0xf0f4, 0xeff4, 0x10f5, 0x30f5, 0x30fd, 0x30fd,
  0x10fd, 0x71f5, 0xf5ed, 0xf5f5, 0x36f6, 0x36f6, 0xb2f5, 0x30fd, 0x30fd, 0x31fd, 0x30fd, 0x10fd,
  0x0ff5, 0xeff4, 0xeff4, 0x0ffd, 0xeffc, 0xeffc, 0x0ffd, 0x0ffd, 0x0ffd, 0xeffc, 0xeffc, 0x30fd,
  0xcff4, 0x71f3, 0xd1fa, 0xf2f2, 0xd1f2, 0xf1f2, 0xf1f2, 0xf1f2, 0xf3f1, 0x15f9, 0x55f9, 0x54f1,
  0x54f1, 0x34f1, 0x34f1, 0x34f1, 0x53f1, 0x54f1, 0x33f1, 0x34f1, 0x6650, 0x0000, 0x0000, 0x0000,
  0x0000, 0x0000, 0x0000, 0x0000, 0x0000, 0x0000, 0x0000, 0x0000, 0x0000, 0x0000, 0x0000, 0x0000,
  0x0000, 0x0000, 0x0000, 0x0000, 0x0000, 0x0000, 0x0000, 0x0000, 0x0000, 0x0000, 0x0000, 0x2000,
  0x8758, 0x31e9, 0x34f9, 0x34f9, 0x95f1, 0x34f9, 0x52f9, 0x33f9, 0x75e9, 0x93f1, 0xb1f4, 0xf0fc,
  0x0ff5, 0xf0fc, 0xeefc, 0x10ed, 0x4ef5, 0xeefc, 0x0ffd, 0x10f5, 0xf0f4, 0xeffc, 0x0ef5, 0x0ef5,
  0x0ff5, 0x30f5, 0x50fd, 0x2ffd, 0x30fd, 0x11fd, 0x30fd, 0x76f6, 0xfeef, 0xbeff, 0xbfff, 0xbeff,
  0x36f6, 0x30f5, 0x30fd, 0x30fd, 0x10fd, 0x10fd, 0xeff4, 0xeff4, 0xeff4, 0xeffc, 0xeff4, 0x0ffd,
  0x0ffd, 0x0ffd, 0x0ffd, 0x0ffd, 0x0ffd, 0x0efd, 0xeefc, 0x31fd, 0x2ef5, 0x10fd, 0x2efd, 0xf0fc,
  0x0ffd, 0x10fd, 0x11fb, 0x33f1, 0x72f1, 0x54f1, 0x34f1, 0x34f1, 0x34f1, 0x54f1, 0x54f1, 0x54f9,
  0x53f1, 0x33f1, 0x6648, 0x0000, 0x0000, 0x0000, 0x0000, 0x0000, 0x0000, 0x0000, 0x0000, 0x0000,
  0x0000, 0x0000, 0x0000, 0x0000, 0x0000, 0x0000, 0x0000, 0x0000, 0x0000, 0x0000, 0x0000, 0x0000,
  0x0000, 0x0000, 0x0008, 0x0000, 0x2000, 0x0000, 0x8758, 0x13f1, 0x54f1, 0x54f1, 0x53f1, 0x34f9,
  0x55f1, 0x53f1, 0x34f9, 0x74f1, 0x70f4, 0x0ffd, 0x0ff5, 0x0ffd, 0x0ffd, 0x0ffd, 0xeffc, 0xeffc,
  0xeff4, 0xeff4, 0xeffc, 0xeffc, 0xeff4, 0xeff4, 0x10fd, 0x30fd, 0x30fd, 0x30fd, 0x10f5, 0x30f5,
  0x31fd, 0x35f6, 0xffff, 0xdeff, 0xdef7, 0xbeff, 0xf3f5, 0x50fd, 0x50fd, 0x10fd, 0x0ffd, 0xeff4,
  0xeff4, 0xeff4, 0xeff4, 0xeffc, 0x0ffd, 0x0ffd, 0x0ffd, 0x0ffd, 0x0ffd, 0x0ffd, 0x0ffd, 0x2efd,
  0xf0fc, 0x0ffd, 0x0efd, 0x0ff5, 0x30fd, 0x0ffd, 0xeffc, 0x2ff5, 0x71eb, 0xf3f9, 0xb3f1, 0x54f1,
  0x54f1, 0x55f1, 0x54f9, 0x34f1, 0x74f1, 0x35f9, 0x54e9, 0x53e9, 0x8968, 0x2428, 0x2220, 0x0000,
  0x0000, 0x0000, 0x0000, 0x4000, 0x0000, 0x0000, 0x0000, 0x0000, 0x0000, 0x0000, 0x0000, 0x0000,
  0x0000, 0x0000, 0x0000, 0x0000, 0x0000, 0x0000, 0x0000, 0x2000, 0x0000, 0x0000, 0x0000, 0x0000,
  0x8648, 0x33e1, 0x33f9, 0x34f9, 0x54f1, 0x54f1, 0x54f1, 0x74f9, 0x33f1, 0x93f1, 0x90fc, 0x0efd,
  0x0ffd, 0x0ffd, 0xeff4, 0x0ff5, 0x10fd, 0x10fd, 0x0ff5, 0xeff4, 0xeff4, 0xeff4, 0xeff4, 0x0ff5,
  0x30fd, 0x50fd, 0x10f5, 0x0ff5, 0xeff4, 0xcff4, 0x10fd, 0x35fe, 0xffff, 0xffff, 0xfff7, 0xbef7,
  0xd4f5, 0x11fd, 0x10fd, 0x10f5, 0x2fed, 0xeff4, 0xeff4, 0xeffc, 0xeffc, 0x0ffd, 0x0ffd, 0x0ffd,
  0x0ffd, 0x0ffd, 0x0ffd, 0x0ffd, 0x0ffd, 0xeefc, 0x10fd, 0x10fd, 0x0ffd, 0x30f5, 0xf0fc, 0x30fd,
  0xf1fc, 0x0ffd, 0xaefc, 0x70fc, 0x10f4, 0x94f9, 0x73f1, 0x34f1, 0x34f9, 0x34f9, 0x34f1, 0x34f9,
  0x54e9, 0x34f9, 0x12e1, 0x31d1, 0xec90, 0x2008, 0x0008, 0x0000, 0x0000, 0x0000, 0x0000, 0x0000,
  0x0000, 0x0000, 0x0000, 0x0000, 0x0000, 0x0000, 0x0000, 0x0000, 0x0000, 0x0000, 0x0000, 0x0000,
  0x0008, 0x0000, 0x0008, 0x2000, 0x0100, 0x0108, 0x6860, 0x53e9, 0x54f9, 0x35f9, 0x54f9, 0x74f1,
  0x55f1, 0x15f9, 0x14f1, 0x93f1, 0x70f4, 0x0ffd, 0x0ffd, 0x0ffd, 0x0ff5, 0x10fd, 0x30fd, 0x30fd,
  0x10fd, 0xeff4, 0xeff4, 0xeff4, 0xeff4, 0x0ff5, 0x30fd, 0x30fd, 0x0ff5, 0xcff4, 0xcff4, 0xaef4,
  0xcff4, 0x35fe, 0xdfff, 0xffff, 0xdff7, 0x9eff, 0xd4fd, 0xeffc, 0xedfc, 0x0efd, 0xeffc, 0xeffc,
  0xeffc, 0xeffc, 0xeffc, 0x0ffd, 0x0ffd, 0x0ffd, 0x0ffd, 0x0ffd, 0x0ffd, 0x0ffd, 0x0ffd, 0x0ffd,
  0xeffc, 0x0ff5, 0xeffc, 0x0ffd, 0xeefc, 0xeefc, 0xeffc, 0x0ffd, 0x2efd, 0x0ffd, 0x6ff4, 0x54f1,
  0x73e9, 0x15f1, 0x34f1, 0x73f1, 0x54f1, 0x54f9, 0x54f1, 0x14f1, 0x14f9, 0x14f9, 0xaea0, 0x2108,
  0x0110, 0x0000, 0x2008, 0x2000, 0x0000, 0x0000, 0x0000, 0x0000, 0x0000, 0x0000, 0x0000, 0x0000,
  0x0000, 0x0000, 0x0000, 0x0000, 0x0000, 0x0000, 0x0000, 0x2320, 0xca88, 0xcb90, 0xab90, 0xcc90,
  0xeeb8, 0x33f1, 0x53f9, 0x55f1, 0x34f9, 0x54f1, 0x54f1, 0xb3f1, 0x91fb, 0xb1fb, 0xd0f4, 0x0ffd,
  0xeffc, 0x0ffd, 0x0ffd, 0x10fd, 0x30fd, 0x30fd, 0x30fd, 0x0ff5, 0xeff4, 0xeff4, 0xeff4, 0x0ff5,
  0x30fd, 0x30fd, 0x10f5, 0xeff4, 0xcff4, 0xeff4, 0xcff4, 0xf4f5, 0xdeff, 0xdfff, 0xffff, 0xbef7,
  0xd9fe, 0x77f6, 0xd2f5, 0x0ff5, 0xcffc, 0xeffc, 0xeffc, 0xeffc, 0xeffc, 0x0ffd, 0x0ffd, 0x0ffd,
  0x0ffd, 0x0ffd, 0x0ffd, 0x0ffd, 0x0ffd, 0x0ff5, 0xeffc, 0x55f6, 0xb8f6, 0x98fe, 0x98f6, 0x77fe,
  0x50f5, 0x0ffd, 0x10fd, 0x0ffd, 0xcffc, 0x91fb, 0x51f3, 0xb3f1, 0x34f1, 0x54f1, 0x15f9, 0x54f1,
  0x34f9, 0x54e9, 0x54f1, 0x54f1, 0x32d1, 0xac98, 0xca80, 0x2210, 0x2000, 0x0000, 0x0000, 0x0000,
  0x0000, 0x0000, 0x0000, 0x0000, 0x0000, 0x0000, 0x0000, 0x0000, 0x0000, 0x0000, 0x0000, 0x0000,
  0x2000, 0x4538, 0x52e9, 0x34f1, 0x54f9, 0x73e9, 0x73f1, 0x34f1, 0x32f1, 0x54e9, 0x34f9, 0x53f1,
  0x34f9, 0x32f2, 0xeffc, 0xeffc, 0xeff4, 0xf0fc, 0xeffc, 0xeffc, 0xeff4, 0x0ff5, 0x30fd, 0x30fd,
  0x30fd, 0x30fd, 0x0ff5, 0xeff4, 0xcff4, 0xeffc, 0x30fd, 0x30fd, 0x30fd, 0xeff4, 0xeff4, 0xcfec,
  0xeff4, 0x15f6, 0xffff, 0xdfff, 0xffff, 0xdff7, 0xdeff, 0xdfff, 0x78f6, 0x10f5, 0xeff4, 0xeffc,
  0xeffc, 0xeffc, 0x0ffd, 0x0ffd, 0x0ffd, 0x0ffd, 0x0ffd, 0x0ffd, 0x0ffd, 0x0ffd, 0x0ffd, 0x0ffd,
  0x30fd, 0x3aff, 0xdfff, 0xdfff, 0xfff7, 0x9dff, 0x92fd, 0x0ffd, 0x10fd, 0x0ff5, 0x0fed, 0x0ffd,
  0xaffc, 0xf2f1, 0x34f9, 0x53f1, 0x15f9, 0x34f1, 0x34f9, 0x54f1, 0x34f1, 0x33f9, 0x54f1, 0x34f1,
  0x51d1, 0x2428, 0x0000, 0x0000, 0x0000, 0x0000, 0x0000, 0x0000, 0x0000, 0x0000, 0x0000, 0x0000,
  0x0000, 0x0000, 0x0000, 0x0000, 0x0000, 0x0000, 0x2000, 0x2530, 0x53e9, 0x15f1, 0x35f9, 0x34f9,
  0x34f1, 0x35f9, 0x73f9, 0x55f1, 0x54f9, 0xb3f1, 0x13f2, 0xb3f2, 0xeffc, 0x0ffd, 0x2eed, 0x2ef5,
  0xeffc, 0xeff4, 0xeff4, 0xeff4, 0x0ffd, 0x30fd, 0x30fd, 0x50fd, 0x30fd, 0x0ff5, 0xeff4, 0xeff4,
  0x10fd, 0x30fd, 0x50fd, 0x30f5, 0x10f5, 0x51f5, 0x72f5, 0x76f6, 0xdfff, 0xdeff, 0xffff, 0xdfff,
  0xffff, 0xfff7, 0x98fe, 0x71fd, 0x71f5, 0x0ffd, 0x0ffd, 0x0ffd, 0x0ffd, 0x10fd, 0x0ffd, 0x0ffd,
  0x0ffd, 0xeffc, 0x0ffd, 0x0ffd, 0x10fd, 0x73fd, 0xb3f5, 0x5bff, 0xdfff, 0xfeff, 0xffff, 0x7dff,
  0x72fd, 0x0efd, 0x2ff5, 0x0efd, 0x2ffd, 0x0efd, 0xaffc, 0x92f1, 0x35f9, 0x53e9, 0x34f1, 0x34f9,
  0x54f1, 0x54f1, 0x55f9, 0x34f1, 0x34f1, 0x55f1, 0x32e1, 0x2758, 0x4530, 0x2210, 0x0000, 0x0000,
  0x0000, 0x0000, 0x0000, 0x0000, 0x0000, 0x0000, 0x0000, 0x0000, 0x0000, 0x0000, 0x2000, 0x0000,
  0x0000, 0x4530, 0x33f1, 0x34f9, 0x34f1, 0x53f1, 0x54f1, 0x34f1, 0x53f9, 0x14f9, 0x74e9, 0x32fb,
  0xd0fc, 0xcff4, 0xeffc, 0xd0fc, 0x2ef5, 0xeffc, 0xeffc, 0xeffc, 0xeffc, 0xeff4, 0xeff4, 0x0ff5,
  0x10fd, 0x31fd, 0x30fd, 0x30fd, 0x30f5, 0xcff4, 0x0ffd, 0x31fd, 0x30fd, 0x51fd, 0x51fd, 0xfafe,
  0x9dff, 0xbeff, 0xffff, 0xfff7, 0xfff7, 0xdfff, 0xdef7, 0xfeff, 0xbfff, 0x9eff, 0x3bff, 0x50fd,
  0x0ffd, 0xeefc, 0xeffc, 0x10f5, 0xeffc, 0x2ff5, 0x0ffd, 0x0ffd, 0x0ffd, 0xeffc, 0xb2fd, 0x9eff,
  0xbeff, 0xdeff, 0xffff, 0xffff, 0xffff, 0xbdff, 0x92f5, 0x0efd, 0x0ffd, 0xf0fc, 0x2ff5, 0xf0fc,
  0xcff4, 0xb3f1, 0x34f9, 0x53f1, 0x55f9, 0x54f1, 0x54f1, 0x34f1, 0x54f1, 0x54f1, 0x54f1, 0x34f9,
  0x54f1, 0x33e9, 0x13e9, 0x8758, 0x0000, 0x0000, 0x0000, 0x0000, 0x0000, 0x0000, 0x0000, 0x0000,
  0x0000, 0x0000, 0x2000, 0x0000, 0x0000, 0x0110, 0x0110, 0x6638, 0xf1e0, 0x53f1, 0x54f1, 0x54f9,
  0x54f1, 0x55f1, 0x53f1, 0x34f9, 0x74f1, 0xd2fa, 0xeffc, 0xcff4, 0x2efd, 0xf0fc, 0x2efd, 0xeffc,
  0xeffc, 0xeffc, 0xeff4, 0xeff4, 0x0ff5, 0x2ff5, 0x50fd, 0x0ffd, 0x30fd, 0x10fd, 0x91f5, 0x31fd,
  0xaff4, 0xf1f4, 0x30fd, 0x30fd, 0x91fd, 0x5bff, 0xffff, 0xffff, 0xffff, 0xfff7, 0xdfff, 0xdfff,
  0xbeff, 0xdfff, 0xdfff, 0xdeff, 0x3bf7, 0x50f5, 0x31f5, 0x10f5, 0x10fd, 0x30fd, 0x0ffd, 0xeefc,
  0xf0fc, 0x10f5, 0x0ffd, 0x0ffd, 0xb3f5, 0xfff7, 0xfff7, 0xdff7, 0xffff, 0xdeff, 0xbdff, 0x3bff,
  0x93fd, 0xeffc, 0xeffc, 0xeffc, 0x2ef5, 0x10fd, 0xcff4, 0xd3e9, 0x36f9, 0x54e9, 0x35f1, 0x34f9,
  0x55f1, 0x54f1, 0x34f9, 0x14f9, 0x35f9, 0x34f1, 0x54f1, 0x54f1, 0x54f1, 0x8760, 0x0000, 0x0000,
  0x0000, 0x0000, 0x0000, 0x0000, 0x0000, 0x0000, 0x0000, 0x0000, 0x2000, 0x0000, 0x2100, 0x6658,
  0x10c1, 0x11c9, 0x15f9, 0x54f9, 0x55f1, 0x34f9, 0x54f9, 0x54f1, 0x53f1, 0x34f1, 0x54f1, 0xb3f9,
  0xf2f9, 0xf1fa, 0xeef4, 0x0ff5, 0x0ef5, 0xf0f4, 0xeffc, 0xeff4, 0xeff4, 0xeff4, 0x0ff5, 0x30fd,
  0x51fd, 0x11fd, 0x30fd, 0x51fd, 0x39ff, 0x3bff, 0x93f5, 0x30f5, 0xf0fc, 0xf1fc, 0x52fd, 0x3bf7,
  0xffff, 0xdfff, 0xdef7, 0xffff, 0xdfff, 0xfef7, 0xdfff, 0xffff, 0xf9ee, 0x93f5, 0xf4fd, 0x3aff,
  0x1bff, 0xd5f5, 0xcffc, 0xeff4, 0x10f5, 0xeefc, 0xf0f4, 0x10f5, 0x0efd, 0x0efd, 0x72fd, 0xdeff,
  0xdeff, 0xfff7, 0xdfff, 0xd9fe, 0xb3fd, 0x92fd, 0x10fd, 0x0ff5, 0x30f5, 0xf0fc, 0xf0fc, 0x0ff5,
  0xcffc, 0xb1f1, 0x35f9, 0x54f9, 0x53f9, 0x54f1, 0x34f1, 0x54f1, 0x54f1, 0x53f1, 0x34f1, 0x54f9,
  0x34f1, 0x34f1, 0x34f1, 0x6760, 0x0000, 0x0000, 0x0000, 0x0000, 0x0000, 0x0000, 0x0000, 0x0000,
  0x0000, 0x0000, 0x0000, 0x0000, 0x2000, 0x8980, 0x54f9, 0x34f9, 0x55f9, 0x33f1, 0x34f1, 0x53f1,
  0x34f1, 0x34f1, 0x54f1, 0x54f1, 0x34f1, 0x33f1, 0x34f1, 0x14f2, 0xf0f4, 0xf0fc, 0x0ffd, 0x2ff5,
  0xeff4, 0xeff4, 0xeff4, 0x0ff5, 0x30fd, 0x30fd, 0x30f5, 0xf0ec, 0xeff4, 0x30fd, 0xbcff, 0xdfff,
  0xf4f5, 0x0ef5, 0xcef4, 0xd0f4, 0x31fd, 0x3bf7, 0xffff, 0xdfff, 0xdfff, 0xffff, 0xdfff, 0xffff,
  0xdfff, 0xfeff, 0xb7fe, 0xcffc, 0x71fd, 0xbdf7, 0xdfff, 0x36f6, 0xeefc, 0x0ffd, 0x0ffd, 0xeefc,
  0x2ff5, 0x0ffd, 0xeefc, 0x0ff5, 0x72fd, 0xfef7, 0xdeff, 0xffff, 0xdfff, 0xb8fe, 0x30f5, 0x10fd,
  0x0ffd, 0x0ffd, 0x0efd, 0x0ef5, 0xeffc, 0x0ffd, 0xaffc, 0xf2e9, 0x54f1, 0x55f9, 0x34f1, 0x54f1,
  0x53f1, 0x53f1, 0x54f1, 0x54f1, 0x34f1, 0x54f9, 0x34f1, 0x54f1, 0x34f1, 0x6760, 0x0000, 0x0000,
  0x0000, 0x0000, 0x0000, 0x0000, 0x0000, 0x0000, 0x0000, 0x0000, 0x0000, 0x0000, 0x0000, 0x6540,
  0xaa80, 0xcc90, 0x33e9, 0x74f1, 0x55f9, 0x53f1, 0x34f1, 0x34f1, 0x54f1, 0x54f1, 0x54f1, 0x54f1,
  0x73e9, 0xf4f1, 0xeff4, 0xcffc, 0xcffc, 0x0ef5, 0xeff4, 0xeff4, 0xeff4, 0x10f5, 0x30fd, 0x30fd,
  0xeff4, 0x30e5, 0x14f6, 0x37fe, 0xdeff, 0xdfff, 0xd8fe, 0x76fe, 0xd4f5, 0xcffc, 0x0ffd, 0x1bf7,
  0xbeff, 0xbfff, 0xdfff, 0xffff, 0xdfff, 0xdfff, 0xdfff, 0xffff, 0x5bff, 0x16f6, 0x97f6, 0xbeff,
  0xdfff, 0xf9f6, 0x55fe, 0xf4fd, 0x0ffd, 0xeffc, 0x2ffd, 0xeefc, 0x72fd, 0x56f6, 0x98fe, 0xfff7,
  0xdfff, 0xdfff, 0xbfff, 0xb9fe, 0x0ff5, 0x0efd, 0x0ffd, 0xeffc, 0xeefc, 0x30fd, 0xd1fc, 0x51f3,
  0xf1f2, 0xb4f1, 0x54e9, 0x34f1, 0x34f1, 0xd3f1, 0x12eb, 0x12eb, 0xd3f1, 0x34f1, 0x54f1, 0x34f1,
  0x34f1, 0x54f1, 0x34f1, 0x6760, 0x0000, 0x0000, 0x0000, 0x0000, 0x0000, 0x0000, 0x0000, 0x0000,
  0x0000, 0x0000, 0x0000, 0x0000, 0x0000, 0x2000, 0x0000, 0x6530, 0x12e9, 0x74e9, 0x14f9, 0x75f1,
  0x54f1, 0x34f1, 0x34f9, 0x34f1, 0x54f1, 0x35f1, 0x33f1, 0xf4f9, 0x0eed, 0x0ff5, 0xcffc, 0x0ff5,
  0xeff4, 0xeff4, 0xeff4, 0x10fd, 0x51fd, 0x31fd, 0xf0f4, 0x93ed, 0x9df7, 0xbfef, 0xdfef, 0xffff,
  0xdfff, 0xfff7, 0x1af7, 0xeffc, 0x10fd, 0x3bff, 0xdeff, 0xdfff, 0xffff, 0xdfff, 0xdfff, 0xffff,
  0xffff, 0xffff, 0xffff, 0xffff, 0xffff, 0xdfff, 0xdfff, 0xfff7, 0xffff, 0x1bff, 0x30f5, 0x10fd,
  0xeefc, 0xeffc, 0x57fe, 0xdeff, 0xffff, 0xdfff, 0xdfff, 0xffff, 0xdfff, 0xb9fe, 0x0ffd, 0xeffc,
  0x10fd, 0x10fd, 0x0efd, 0xeffc, 0x2ff4, 0x54f1, 0x34f1, 0x36f9, 0x54f1, 0x33f9, 0x54f9, 0x31fa,
  0xeffc, 0x0ffd, 0x71fa, 0x13f9, 0x34f1, 0x54f1, 0x34f1, 0x54f1, 0x54f1, 0x6758, 0x0000, 0x0000,
  0x0000, 0x0000, 0x0000, 0x0000, 0x0000, 0x0000, 0x0000, 0x0000, 0x0008, 0x2000, 0x0000, 0x0000,
  0x0000, 0x4438, 0x13e9, 0x55f1, 0x54f9, 0x54f1, 0x34f1, 0x34f1, 0x34f1, 0x54f1, 0x34f1, 0x54f1,
  0x33f1, 0x13f2, 0xeff4, 0xeff4, 0xcff4, 0x0ff5, 0xeff4, 0xeff4, 0xcff4, 0x0ffd, 0x30fd, 0x30fd,
  0x10fd, 0x52fd, 0x9def, 0xbdf7, 0x9ff7, 0xbeff, 0xdfff, 0xffff, 0x5aff, 0xb2f5, 0xd4f5, 0x5cf7,
  0xdfff, 0xdfff, 0xdfff, 0xffff, 0xffff, 0xffff, 0xffff, 0xffff, 0xffff, 0xffff, 0xffff, 0xffff,
  0xdeff, 0xffff, 0xdff7, 0x7cff, 0xf4fd, 0xd3f5, 0xb2fd, 0xd3fd, 0xb9fe, 0xdfff, 0xfff7, 0xffff,
  0xffff, 0xfff7, 0xfff7, 0xb9fe, 0x0ff5, 0xeffc, 0x0ffd, 0x0ffd, 0x0ffd, 0xf0fc, 0x8ffc, 0x53f2,
  0x13fa, 0x54f1, 0x54f1, 0x54f9, 0x34f9, 0x33f2, 0xb0fc, 0xeffc, 0x73f2, 0x74f9, 0x54f1, 0x54f1,
  0x34f9, 0x54e9, 0x74f1, 0x4760, 0x0008, 0x0000, 0x2000, 0x0000, 0x2000, 0x0000, 0x0000, 0x0000,
  0x0000, 0x0000, 0x0008, 0x2000, 0x0000, 0x0000, 0x0000, 0x4430, 0x52e9, 0x54f1, 0x54f1, 0x14f9,
  0x74f9, 0x34f9, 0x35f1, 0x54f1, 0x52e9, 0x72e9, 0x75f9, 0x53f2, 0x0ff5, 0xeff4, 0xeffc, 0x10fd,
  0xeff4, 0xeff4, 0xeff4, 0xeff4, 0x30fd, 0x50f5, 0x50f5, 0xb4fd, 0x7eff, 0x9eff, 0xbfff, 0xdff7,
  0xffff, 0xdfff, 0xdeff, 0xbdff, 0x9dff, 0xbfff, 0xdfff, 0xdfff, 0xdfff, 0xffff, 0xffff, 0xffff,
  0xffff, 0xffff, 0xffff, 0xffff, 0xffff, 0xfff7, 0xfeff, 0xdfff, 0xbfff, 0xdfff, 0xbdff, 0xdeff,
  0xddff, 0x9cff, 0xbeff, 0xffff, 0xdeff, 0xffff, 0xdfff, 0xbeff, 0xbeff, 0x98fe, 0x0ffd, 0xeffc,
  0x0ffd, 0x0ffd, 0x0ffd, 0x10fd, 0xeffc, 0x0ffd, 0x8efc, 0xf2f1, 0x15f1, 0x34f1, 0x34f1, 0x13fa,
  0x8ffc, 0xeffc, 0x52f2, 0x33f1, 0x32e9, 0x34f1, 0x13f9, 0x33e9, 0x33f9, 0x4868, 0x4000, 0x0000,
  0x2000, 0x0000, 0x0000, 0x0000, 0x0000, 0x0000, 0x2000, 0x0000, 0x0000, 0x0110, 0x0210, 0x2210,
  0x0210, 0x4640, 0x53f1, 0x14f9, 0x54e9, 0x55f9, 0x34f1, 0x53f1, 0x93f1, 0x54f1, 0x55f1, 0x55f1,
  0x94f9, 0xb2ea, 0xf1f4, 0x11fd, 0x0ffd, 0xeff4, 0xeff4, 0xeff4, 0xcff4, 0xeff4, 0x30fd, 0x30fd,
  0x10fd, 0xd3ed, 0xbef7, 0xbcff, 0xfff7, 0xffff, 0xffff, 0xdeff, 0xdff7, 0xfff7, 0xffff, 0xdfff,
  0xffff, 0xffff, 0xffff, 0xffff, 0xffff, 0xffff, 0xffff, 0xffff, 0xffff, 0xffff, 0xffff, 0xffff,
  0xffff, 0xffff, 0xdfff, 0xffff, 0xfff7, 0xffff, 0xffff, 0xffff, 0xfff7, 0xfff7, 0xffff, 0xffff,
  0xfff7, 0xbeff, 0xbdff, 0x98fe, 0x10f5, 0xeffc, 0x0ffd, 0x0ffd, 0x0ffd, 0x0ffd, 0x0ffd, 0xf0fc,
  0xcffc, 0x13f2, 0x55f9, 0x93f1, 0x94f1, 0x72f2, 0xaffc, 0x0efd, 0x73f2, 0x55f9, 0x55f9, 0x54f1,
  0x34f9, 0x54f9, 0x53e9, 0x6968, 0x2210, 0x2108, 0x2008, 0x0008, 0x0000, 0x0000, 0x0000, 0x0000,
  0x2000, 0x0000, 0x0108, 0xaa78, 0xcda8, 0xeda8, 0xcda0, 0xeeb0, 0x34f9, 0x35f1, 0x74e9, 0x14e9,
  0x32fa, 0xd1f3, 0xb0f3, 0xb1f1, 0x53f1, 0xb5e9, 0x95f9, 0xf3e9, 0xd3fa, 0x13f3, 0xd0fc, 0x2ffd,
  0x30f5, 0xeff4, 0xcff4, 0xcff4, 0x0ff5, 0x30f5, 0x50fd, 0x71f5, 0x16fe, 0x35fe, 0xdeff, 0xffff,
  0xffff, 0xfeff, 0xdeff, 0xdfff, 0xdeff, 0xffff, 0xffff, 0xffff, 0xffff, 0xffff, 0xffff, 0xffff,
  0xffff, 0xffff, 0xffff, 0xffff, 0xffff, 0xffff, 0xffff, 0xffff, 0xffff, 0xffff, 0xdfff, 0xffff,
  0xffff, 0xffff, 0xffff, 0xffff, 0xffff, 0xffff, 0xbeff, 0x57fe, 0xf4fd, 0x92fd, 0x0ffd, 0xeffc,
  0x0ffd, 0x0ffd, 0x0ffd, 0x0ffd, 0x0ffd, 0x0ffd, 0x30f5, 0xf0f3, 0xd0fb, 0xd0f3, 0xb2fb, 0x11fc,
  0x0ffd, 0xeefc, 0x72f2, 0x34f1, 0x33f9, 0x34f1, 0x74f1, 0x34f1, 0x54f1, 0x10c1, 0xeda0, 0xa868,
  0x2108, 0x0000, 0x0000, 0x0000, 0x0000, 0x0000, 0x0000, 0x0000, 0x0100, 0x0fb1, 0x54f1, 0x74e9,
  0x54f9, 0x54f1, 0x14e9, 0x34f1, 0x53f9, 0xf3f8, 0xb2f2, 0x10f5, 0x0ff5, 0x12ea, 0x74f1, 0xd5e9,
  0xb6f9, 0xb5f9, 0x95f9, 0xd4f1, 0x91fc, 0x30fd, 0x51fd, 0x10fd, 0x10fd, 0xeff4, 0xeff4, 0xcff4,
  0xf0fc, 0x30fd, 0x31fd, 0x71fd, 0xbdff, 0xdfff, 0xffff, 0xfff7, 0xdfff, 0xdeff, 0xfeff, 0xffff,
  0xffff, 0xffff, 0xffff, 0xffff, 0xffff, 0xffff, 0xffff, 0xffff, 0xffff, 0xffff, 0xffff, 0xffff,
  0xffff, 0xffff, 0xffff, 0xffff, 0xffff, 0xfeff, 0xfeff, 0xffff, 0xdfff, 0xffff, 0xffff, 0xfff7,
  0xddff, 0xb3fd, 0xeefc, 0x0ffd, 0x0ef5, 0x0ffd, 0x0ffd, 0x0ffd, 0x0ffd, 0x0ffd, 0x0ffd, 0xeffc,
  0x0ffd, 0xf0fc, 0x0ffd, 0x0ffd, 0xf0fc, 0x0efd, 0xeff4, 0xb0fc, 0x73fa, 0x36f1, 0x15f1, 0x13f1,
  0x95f1, 0x34f1, 0x34f9, 0x14f9, 0x13f9, 0xada8, 0x0108, 0x0000, 0x0000, 0x2000, 0x0000, 0x0000,
  0x0000, 0x0000, 0x0000, 0xefb8, 0x35f9, 0x54f1, 0x34f1, 0x34f9, 0x54f1, 0x74f1, 0x32f2, 0xd2f2,
  0x71f3, 0xcefc, 0xeffc, 0x32eb, 0x92f2, 0x32f2, 0x95f9, 0xf2e9, 0xd2f2, 0x12eb, 0xb1fc, 0x30fd,
  0x30fd, 0x30fd, 0x30fd, 0x30fd, 0x0ff5, 0xf0f4, 0xf0f4, 0x0eed, 0xeffc, 0x50f5, 0x9dff, 0xffff,
  0xfff7, 0xdfff, 0xdfff, 0xdfff, 0xdfff, 0xffff, 0xffff, 0xffff, 0xffff, 0xffff, 0xffff, 0xffff,
  0xffff, 0xffff, 0xffff, 0xffff, 0xffff, 0xffff, 0xffff, 0xffff, 0xffff, 0xffff, 0xffff, 0xffff,
  0xffff, 0xffff, 0xffff, 0xffff, 0xffff, 0xffff, 0xbeff, 0x93fd, 0xeef4, 0x10fd, 0xf0fc, 0x0ffd,
  0x0ffd, 0xeffc, 0xeffc, 0x0ffd, 0x0ffd, 0x10f5, 0xeffc, 0xf0fc, 0x0ff5, 0x0efd, 0x0ffd, 0x0ffd,
  0xf0f4, 0xeffc, 0x91f2, 0x34f1, 0x74f1, 0x54f1, 0x34f9, 0x34f1, 0x54f1, 0x55f1, 0x54f1, 0x10c1,
  0x6860, 0x6758, 0x2118, 0x0000, 0x0000, 0x0000, 0x0000, 0x0000, 0x0000, 0xeeb0, 0x54f9, 0x34f1,
  0x34f1, 0x34f9, 0x34f9, 0x74f1, 0xb1fb, 0xd0fc, 0xeffc, 0xeffc, 0x10fd, 0xcffc, 0xaefc, 0x52eb,
  0x75f9, 0x53f2, 0xf1fc, 0xeff4, 0xd0fc, 0x2ff5, 0x30fd, 0x30fd, 0x30fd, 0x30fd, 0x30fd, 0x30fd,
  0x10fd, 0x0ffd, 0xeff4, 0x32ed, 0x5cff, 0xffff, 0xfff7, 0xdfff, 0xffff, 0xdfff, 0xdfff, 0xffff,
  0xffff, 0xffff, 0xffff, 0xffff, 0xffff, 0xffff, 0xffff, 0xffff, 0xffff, 0xffff, 0xffff, 0xffff,
  0xffff, 0xffff, 0xffff, 0xffff, 0xffff, 0xffff, 0xffff, 0xffff, 0xffff, 0xffff, 0xffff, 0xffff,
  0xbdff, 0xb3fd, 0x0ef5, 0x0ffd, 0x0ffd, 0x0ffd, 0x0ffd, 0x0ffd, 0x0ffd, 0x0ffd, 0x0ffd, 0x0ffd,
  0x0ffd, 0x0ffd, 0x0ffd, 0x0ffd, 0x0ffd, 0x0ffd, 0x10fd, 0xeffc, 0x72f2, 0x15f9, 0x34f1, 0x54f1,
  0x34f1, 0x54f1, 0x54f1, 0x34f1, 0x54f1, 0x34f1, 0x32e9, 0x11d1, 0x6328, 0x0000, 0x0000, 0x0000,
  0x0000, 0x0000, 0x0000, 0xeeb0, 0x54f9, 0x54f1, 0x54f1, 0x34f1, 0x33f9, 0x73f1, 0xd1fb, 0xf0fc,
  0x0ff5, 0xcff4, 0xd0f4, 0x0ef5, 0xeefc, 0x71e3, 0xd4e9, 0xf2f2, 0x30f5, 0x0eed, 0xcfec, 0xeeec,
  0x30fd, 0x50fd, 0x30fd, 0x30fd, 0x30fd, 0x30fd, 0x30f5, 0x50f5, 0x30f5, 0x52f5, 0xd9fe, 0x7cff,
  0xdfff, 0xdfff, 0xffff, 0xffff, 0xdfff, 0xffff, 0xffff, 0xffff, 0xffff, 0xffff, 0xffff, 0xffff,
  0xffff, 0xffff, 0xffff, 0xffff, 0xffff, 0xffff, 0xffff, 0xffff, 0xffff, 0xffff, 0xffff, 0xffff,
  0xffff, 0xffff, 0xffff, 0xffff, 0xffff, 0xffff, 0xbdff, 0xb3fd, 0x0efd, 0x0ffd, 0x0ffd, 0x0ffd,
  0x0ffd, 0x0ffd, 0x0ffd, 0x0ffd, 0x0ffd, 0x0ffd, 0x0ffd, 0x0ffd, 0x0ffd, 0x0ffd, 0x0ffd, 0xeefc,
  0xeffc, 0xaefc, 0xd1f2, 0xd3f1, 0x93f1, 0x54f9, 0x34f9, 0x54f1, 0x34f1, 0x34f1, 0x54f1, 0x34f9,
  0x53f9, 0x32d9, 0x4328, 0x0000, 0x0000, 0x0000, 0x0000, 0x0000, 0x0000, 0xceb0, 0x54f9, 0x34f1,
  0x54f1, 0x34f1, 0x33f1, 0x73f1, 0xf0fb, 0xeffc, 0x10fd, 0x0efd, 0x0ffd, 0xeff4, 0x0ffd, 0x8ff4,
  0x8ff4, 0x91fc, 0x31fd, 0x10fd, 0x10fd, 0x2ff5, 0x30fd, 0x50fd, 0x30fd, 0x10fd, 0x30fd, 0x30fd,
  0x30fd, 0x51fd, 0x0ff5, 0xeff4, 0x91f5, 0x92ed, 0xd9f6, 0xdfff, 0xffff, 0xfeff, 0xdfff, 0xffff,
  0xffff, 0xffff, 0xffff, 0xffff, 0xffff, 0xffff, 0xffff, 0xffff, 0xffff, 0xffff, 0xffff, 0xffff,
  0xffff, 0xffff, 0xffff, 0xffff, 0xffff, 0xffff, 0xffff, 0xffff, 0xffff, 0xffff, 0xffff, 0xffff,
  0xbdff, 0xb3fd, 0x0efd, 0x0ffd, 0x0ffd, 0x0ffd, 0x0ffd, 0x0ffd, 0x0ffd, 0x0ffd, 0x0ffd, 0x0ffd,
  0x0ffd, 0x0ffd, 0x0ffd, 0x0ffd, 0x0ffd, 0x30fd, 0x0ff5, 0x2efd, 0xb0fc, 0x51fc, 0x71fb, 0x54f9,
  0x34f1, 0x54f1, 0x54f1, 0x54f1, 0x54f1, 0x34f9, 0x53f9, 0x12d9, 0x4328, 0x0000, 0x0000, 0x0000,
  0x0000, 0x0000, 0x0000, 0xeeb0, 0x54f9, 0x34f1, 0x54f1, 0x34f1, 0x54f9, 0x74f1, 0xf0fb, 0x0ffd,
  0xeffc, 0xeefc, 0xeffc, 0xeffc, 0xf0fc, 0xeefc, 0x0ffd, 0x10fd, 0x30fd, 0x31fd, 0x11fd, 0x30fd,
  0x30fd, 0x30fd, 0x0ff5, 0xeff4, 0xeff4, 0x0ffd, 0x10fd, 0x10fd, 0xeff4, 0x0efd, 0x0efd, 0xeff4,
  0x98fe, 0xdfff, 0xdfff, 0xfff7, 0xfeff, 0xffff, 0xffff, 0xffff, 0xffff, 0xffff, 0xffff, 0xffff,
  0xffff, 0xffff, 0xffff, 0xffff, 0xffff, 0xffff, 0xffff, 0xffff, 0xffff, 0xffff, 0xffff, 0xffff,
  0xffff, 0xffff, 0xffff, 0xffff, 0xffff, 0xffff, 0xbdff, 0xb3fd, 0x0efd, 0x0ffd, 0x0ffd, 0x0ffd,
  0x0ffd, 0x0ffd, 0x0ffd, 0x0ffd, 0x0ffd, 0x0ffd, 0x0ffd, 0x0ffd, 0x0ffd, 0x0ffd, 0x0ffd, 0xeffc,
  0xf0fc, 0x0ffd, 0x0ffd, 0x10fd, 0xd1f3, 0x54f9, 0x34f1, 0x34f1, 0x54f1, 0x54f1, 0x34f1, 0x34f1,
  0x54f9, 0x32d9, 0x4328, 0x0000, 0x0000, 0x0000, 0x0000, 0x0000, 0x0000, 0xeeb0, 0x54f9, 0x34f1,
  0x33f1, 0x34f1, 0x34f1, 0x74f1, 0xf1fb, 0xeffc, 0x0ffd, 0xeffc, 0xf0fc, 0x0ffd, 0xf0f4, 0xeffc,
  0xd0fc, 0xeff4, 0x2ff5, 0x50f5, 0x30f5, 0x31fd, 0x30fd, 0x0ff5, 0xeff4, 0xeff4, 0xeff4, 0xeffc,
  0x0ffd, 0xeffc, 0xeffc, 0xeffc, 0xcff4, 0xcffc, 0xd3f5, 0x15f6, 0x98fe, 0xfef7, 0xffff, 0xffff,
  0xffff, 0xffff, 0xffff, 0xffff, 0xffff, 0xffff, 0xffff, 0xffff, 0xffff, 0xffff, 0xffff, 0xffff,
  0xffff, 0xffff, 0xffff, 0xffff, 0xffff, 0xffff, 0xffff, 0xffff, 0xffff, 0xffff, 0xffff, 0xffff,
  0xbdff, 0x93fd, 0x0efd, 0x0ffd, 0x10fd, 0x0ffd, 0x0ffd, 0x0ffd, 0x0ffd, 0x0ffd, 0x0ffd, 0x0ffd,
  0x0ffd, 0x0ffd, 0x0ffd, 0x0ffd, 0x0ffd, 0xeffc, 0xf0fc, 0xf0fc, 0xeffc, 0xf0fc, 0xb1fb, 0x74f1,
  0x34f1, 0x54f1, 0x54f9, 0x34f9, 0x34f1, 0x34f9, 0x54f9, 0x12d9, 0x2328, 0x0000, 0x0000, 0x0000,
  0x0000, 0x0000, 0x0000, 0xeeb0, 0x54f9, 0x34f1, 0x54f1, 0x34f9, 0x34f1, 0x74f1, 0xb0fb, 0x10fd,
  0x0ffd, 0x0ffd, 0xf0fc, 0x0ff5, 0xf0f4, 0x0ff5, 0x0ff5, 0xeff4, 0x0ffd, 0x30fd, 0x30fd, 0x30fd,
  0x10f5, 0x10f5, 0xeff4, 0xcff4, 0xeff4, 0xeff4, 0xeff4, 0x0ff5, 0x0ffd, 0xeffc, 0xf0f4, 0x10fd,
  0x2ffd, 0xeefc, 0xb3fd, 0xddff, 0xffff, 0xffff, 0xffff, 0xffff, 0xffff, 0xffff, 0xffff, 0xffff,
  0xffff, 0xffff, 0xffff, 0xffff, 0xffff, 0xffff, 0xffff, 0xffff, 0xffff, 0xffff, 0xffff, 0xffff,
  0xffff, 0xffff, 0xffff, 0xffff, 0xffff, 0xffff, 0x9dff, 0xb4fd, 0xeffc, 0xeffc, 0xeffc, 0x0efd,
  0xeffc, 0x10fd, 0xeffc, 0x0ffd, 0x10fd, 0x0ffd, 0x0ffd, 0x0ffd, 0x0ffd, 0x0ffd, 0x0ffd, 0x0ffd,
  0xeff4, 0x0ffd, 0x0ffd, 0x2ffd, 0xd1fb, 0x74f1, 0x34f1, 0x54f1, 0x54f1, 0x54f1, 0x34f9, 0x34f9,
  0x54f9, 0x12d9, 0x2328, 0x0000, 0x0000, 0x0000, 0x0000, 0x0000, 0x0000, 0xeeb0, 0x34f9, 0x54f1,
  0x34f1, 0x93f1, 0x72f2, 0x93f2, 0x2ffc, 0x10f5, 0x0ffd, 0x0ffd, 0x0ffd, 0x0ffd, 0x0ff5, 0x0ff5,
  0xeffc, 0xeff4, 0xeffc, 0x10fd, 0x30fd, 0x30fd, 0x0ff5, 0xf0f4, 0x0ff5, 0xb3f5, 0xd4f5, 0x51f5,
  0x10f5, 0xf0f4, 0xf0fc, 0xeffc, 0xf0fc, 0xf0fc, 0x0ffd, 0x2ffd, 0x93fd, 0xf9fe, 0x1aff, 0xbeff,
  0xffff, 0xffff, 0xffff, 0xffff, 0xffff, 0xffff, 0xffff, 0xffff, 0xffff, 0xffff, 0xffff, 0xffff,
  0xffff, 0xffff, 0xffff, 0xffff, 0xffff, 0xffff, 0xffff, 0xffff, 0xffff, 0xffff, 0xffff, 0xfff7,
  0xbdff, 0x98fe, 0xd4f5, 0xf4f5, 0xd3f5, 0xb3f5, 0x10fd, 0x30fd, 0x0ffd, 0x0efd, 0xeff4, 0x0ffd,
  0x0ffd, 0x0ffd, 0x0ffd, 0x0ffd, 0x0ffd, 0x0ffd, 0xeffc, 0x0ffd, 0x0ff5, 0xeffc, 0xd1fb, 0x74f1,
  0x34f1, 0x34f1, 0x54f1, 0x54f1, 0x34f9, 0x34f9, 0x53f1, 0x12d9, 0x2328, 0x0000, 0x0000, 0x0000,
  0x0000, 0x0000, 0x0000, 0xeeb0, 0x34f9, 0x54f1, 0x34f9, 0x33f2, 0xb0fc, 0xb1fc, 0x10fd, 0x2ffd,
  0x0ffd, 0x0ffd, 0x0ffd, 0x0ffd, 0x0ffd, 0x0ff5, 0xeffc, 0xeff4, 0xeff4, 0x30fd, 0x30fd, 0x30fd,
  0x30f5, 0xeffc, 0x72f5, 0x7bff, 0xbdff, 0x15fe, 0xeffc, 0xeffc, 0x0ffd, 0x0ffd, 0x0ffd, 0xeffc,
  0xcffc, 0x2ff5, 0xeffc, 0x0ff5, 0x71f5, 0x5cf7, 0xffff, 0xffff, 0xffff, 0xffff, 0xffff, 0xffff,
  0xffff, 0xffff, 0xffff, 0xffff, 0xffff, 0xffff, 0xffff, 0xffff, 0xffff, 0xffff, 0xffff, 0xffff,
  0xffff, 0xffff, 0xffff, 0xffff, 0xffff, 0xfff7, 0xffff, 0xdeff, 0xdeff, 0xfeff, 0xfeff, 0x9dff,
  0x92fd, 0xedfc, 0xeffc, 0x2ff5, 0xeffc, 0x0ffd, 0x0ffd, 0x0ffd, 0x0ffd, 0x0ffd, 0x0ffd, 0x2ffd,
  0x0ffd, 0x0ffd, 0x0ffd, 0xeffc, 0xb1fb, 0x74f1, 0x34f1, 0x34f1, 0x54f1, 0x54f1, 0x34f9, 0x34f9,
  0x54f1, 0x12d9, 0x2328, 0x0000, 0x0000, 0x0000, 0x0000, 0x0000, 0x0000, 0xeeb0, 0x34f9, 0x54f1,
  0x34f9, 0x12ea, 0x0ffd, 0x2ff5, 0x0ffd, 0xeefc, 0x0ffd, 0x0ffd, 0x0ffd, 0x0ffd, 0x0ffd, 0xeff4,
  0xeffc, 0x0ffd, 0xeff4, 0x0ff5, 0x30fd, 0x30fd, 0x30fd, 0xeffc, 0x51f5, 0x7dff, 0xdfff, 0x36f6,
  0x31fd, 0x30fd, 0x50f5, 0x50f5, 0x0ef5, 0x2ffd, 0xeffc, 0x30fd, 0x0ffd, 0xedfc, 0x30fd, 0x3cff,
  0xffff, 0xffff, 0xffff, 0xffff, 0xffff, 0xffff, 0xffff, 0xffff, 0xffff, 0xffff, 0xffff, 0xffff,
  0xffff, 0xffff, 0xffff, 0xffff, 0xffff, 0xffff, 0xffff, 0xffff, 0xffff, 0xffff, 0xffff, 0xffff,
  0xffff, 0xffff, 0xffff, 0xffff, 0xffff, 0x9cff, 0xd2f5, 0x50f5, 0x10fd, 0x0ffd, 0xeffc, 0x0ffd,
  0x0ffd, 0x0ffd, 0x0ffd, 0x0ffd, 0x0ffd, 0x0ffd, 0xeffc, 0x0ffd, 0x0ffd, 0xeffc, 0xd1fb, 0x74f1,
  0x34f1, 0x34f1, 0x54f1, 0x54f1, 0x34f1, 0x34f9, 0x54f1, 0x12d9, 0x2328, 0x0000, 0x0000, 0x0000,
  0x0000, 0x0000, 0x0000, 0xeeb0, 0x34f9, 0x54f1, 0x75f1, 0x14f2, 0xd0fc, 0x10fd, 0x10fd, 0xeffc,
  0x0ffd, 0x0ffd, 0x0ffd, 0x0ffd, 0x0ffd, 0xeff4, 0xeffc, 0x0ffd, 0x0ff5, 0xeff4, 0x30fd, 0x30fd,
  0x30f5, 0x0ef5, 0x91ed, 0x7cff, 0xffff, 0x9cf7, 0x7cff, 0x7bff, 0x5cff, 0xfafe, 0x73f5, 0x2ff5,
  0xf0fc, 0x10fd, 0x0ff5, 0x2ef5, 0x51fd, 0x3cff, 0xffff, 0xffff, 0xffff, 0xffff, 0xffff, 0xffff,
  0xffff, 0xffff, 0xffff, 0xffff, 0xffff, 0xffff, 0xffff, 0xffff, 0xffff, 0xffff, 0xffff, 0xffff,
  0xffff, 0xffff, 0xffff, 0xffff, 0xffff, 0xdff7, 0xffff, 0xffff, 0xffff, 0xffff, 0xdfff, 0xdfff,
  0x7dff, 0x7dff, 0xf5fd, 0x2efd, 0x0ff5, 0x0ffd, 0x0ffd, 0x0ffd, 0x0ffd, 0x0ffd, 0x0ffd, 0xf0fc,
  0xeffc, 0x0ffd, 0x2ff5, 0x0ffd, 0xd2fb, 0x74f1, 0x34f1, 0x34f1, 0x54f1, 0x54f1, 0x34f1, 0x34f9,
  0x74f1, 0x12d9, 0x4328, 0x0000, 0x0000, 0x0000, 0x0000, 0x0000, 0x0000, 0xeeb0, 0x34f9, 0x54f1,
  0x54f1, 0x13f2, 0xaffc, 0x0ffd, 0x0ffd, 0xf0fc, 0x0ffd, 0x0ffd, 0x0ffd, 0x0ffd, 0x0ffd, 0xeffc,
  0x0ffd, 0x0ffd, 0x0ffd, 0xeff4, 0x0ffd, 0x30fd, 0x2ffd, 0xeffc, 0x91f5, 0x7cff, 0xfff7, 0xdeff,
  0xffff, 0xdfff, 0xffff, 0x7dff, 0x52f5, 0xeffc, 0xf0fc, 0x30fd, 0x30f5, 0x0ffd, 0x51fd, 0x3bff,
  0xffff, 0xffff, 0xffff, 0xffff, 0xffff, 0xffff, 0xffff, 0xffff, 0xffff, 0xffff, 0xffff, 0xffff,
  0xffff, 0xffff, 0xffff, 0xffff, 0xffff, 0xffff, 0xffff, 0xffff, 0xffff, 0xffff, 0xffff, 0xffff,
  0xffff, 0xffff, 0xffff, 0xffff, 0xfeff, 0xdfff, 0xffff, 0xdfff, 0xf5fd, 0xeef4, 0x0ffd, 0x0ffd,
  0x0ffd, 0x0ffd, 0x0ffd, 0x0ffd, 0x0ffd, 0x10fd, 0x0ffd, 0x0ffd, 0x0ffd, 0xeffc, 0xb2fb, 0x74f1,
  0x34f1, 0x34f1, 0x54f1, 0x54f1, 0x54f1, 0x54f1, 0x53f1, 0x12d1, 0x4328, 0x0000, 0x0000, 0x0000,
  0x2000, 0x0000, 0x0000, 0xefb0, 0x34f9, 0x54f1, 0x54f1, 0xf3f1, 0xcffc, 0x2ff5, 0x0ffd, 0xf0fc,
  0x0ffd, 0xeffc, 0xf0fc, 0xeffc, 0xeff4, 0x0ffd, 0x0ffd, 0xeffc, 0x0ffd, 0xeffc, 0xeffc, 0x0ffd,
  0x0ff5, 0xcffc, 0x72f5, 0x7dff, 0xdfff, 0xdfff, 0xffff, 0xffff, 0xffff, 0xbdff, 0xb8f6, 0x56fe,
  0x36fe, 0x56fe, 0x56fe, 0x56fe, 0x77fe, 0x7dff, 0xffff, 0xffff, 0xffff, 0xffff, 0xffff, 0xffff,
  0xffff, 0xffff, 0xffff, 0xffff, 0xffff, 0xffff, 0xffff, 0xffff, 0xffff, 0xffff, 0xffff, 0xffff,
  0xffff, 0xffff, 0xffff, 0xffff, 0xffff, 0xffff, 0xffff, 0xffff, 0xffff, 0xffff, 0xffff, 0xfeff,
  0xffff, 0xfeff, 0x35f6, 0xeffc, 0x10f5, 0x10fd, 0x2ff5, 0xcffc, 0x0ffd, 0x2ffd, 0xf0fc, 0x0ffd,
  0x0ffd, 0xeffc, 0xd1f3, 0x31fb, 0x92f2, 0x54f1, 0x54e9, 0x34f9, 0x54f9, 0x54f1, 0x34e9, 0x11d1,
  0x8a80, 0xa970, 0x2218, 0x0000, 0x0000, 0x0000, 0x0000, 0x0000, 0x0000, 0xefb8, 0x54f9, 0x14f1,
  0x55e9, 0xf4f1, 0xcffc, 0x4ffd, 0x2ff5, 0x30f5, 0x10fd, 0xeffc, 0xeffc, 0x0ffd, 0x0ffd, 0x0ffd,
  0xf0fc, 0xeffc, 0x0ffd, 0xeffc, 0xeffc, 0x0ffd, 0x0ffd, 0xcefc, 0x51fd, 0x5cff, 0xdeff, 0xdfff,
  0xffff, 0xffff, 0xffff, 0xffff, 0xdeff, 0xdeff, 0xffff, 0xffff, 0xffff, 0xffff, 0xfff7, 0xffff,
  0xffff, 0xffff, 0xffff, 0xffff, 0xffff, 0xffff, 0xffff, 0xffff, 0xffff, 0xffff, 0xffff, 0xffff,
  0xffff, 0xffff, 0xffff, 0xffff, 0xffff, 0xffff, 0xffff, 0xffff, 0xffff, 0xffff, 0xffff, 0xffff,
  0xffff, 0xffff, 0xffff, 0xffff, 0xffff, 0xfff7, 0xdfff, 0xfeff, 0x35fe, 0xcefc, 0x0efd, 0x0ffd,
  0x2ffd, 0xf0fc, 0x0ffd, 0x2ffd, 0xf0fc, 0xf0fc, 0xf0fc, 0xaffc, 0x73f2, 0x53f1, 0x53f1, 0x34f9,
  0x54f1, 0x34f9, 0x13f1, 0x34f9, 0x34f9, 0x0ea9, 0x0100, 0x4000, 0x0108, 0x0000, 0x0000, 0x0000,
  0x0000, 0x0000, 0x0008, 0xab90, 0x2fb9, 0x12d9, 0x33f9, 0x13f2, 0x10f4, 0x50f4, 0xf0fc, 0x0ffd,
  0xf0fc, 0x0ffd, 0x0ef5, 0x2ff5, 0x0ffd, 0x0ffd, 0x0ffd, 0x0ffd, 0x0ffd, 0x0ffd, 0x0ffd, 0xeffc,
  0x30f5, 0x93fd, 0xf5fd, 0x9dff, 0xfeff, 0xfeff, 0xffff, 0xdfff, 0xdfff, 0xffff, 0xffff, 0xffff,
  0xffff, 0xffff, 0xffff, 0xffff, 0xffff, 0xffff, 0xffff, 0xffff, 0xffff, 0xffff, 0xffff, 0xffff,
  0xffff, 0xffff, 0xffff, 0xffff, 0xffff, 0xffff, 0xffff, 0xffff, 0xffff, 0xffff, 0xffff, 0xffff,
  0xffff, 0xffff, 0xffff, 0xffff, 0xffff, 0xffff, 0xffff, 0xffff, 0xffff, 0xffff, 0xffff, 0xfff7,
  0xdfff, 0xdeff, 0x97fe, 0x73fd, 0xb3f5, 0x92f5, 0x93fd, 0x10ed, 0x0ffd, 0xf0fc, 0x0ffd, 0x0ff5,
  0x30f5, 0xeefc, 0x93f2, 0x54f1, 0x53f1, 0x34f9, 0x34f9, 0x55f9, 0x54f1, 0x31d1, 0xefc8, 0xaa88,
  0x0000, 0x0000, 0x0008, 0x0000, 0x0000, 0x0000, 0x0000, 0x0000, 0x0000, 0x2320, 0x4420, 0xab88,
  0x34f9, 0x74f1, 0xf2f1, 0xf3f9, 0xf1fb, 0x0efd, 0x2efd, 0x0ff5, 0x0ffd, 0x0efd, 0xeffc, 0x10fd,
  0x0ffd, 0x0ffd, 0x0ffd, 0x0ffd, 0x0ffd, 0x10fd, 0x36fe, 0x5cff, 0x9dff, 0xfff7, 0xffff, 0xffff,
  0xffff, 0xffff, 0xffff, 0xffff, 0xffff, 0xffff, 0xffff, 0xffff, 0xffff, 0xffff, 0xffff, 0xffff,
  0xffff, 0xffff, 0xffff, 0xffff, 0xffff, 0xffff, 0xffff, 0xffff, 0xffff, 0xffff, 0xffff, 0xffff,
  0xffff, 0xffff, 0xffff, 0xffff, 0xffff, 0xffff, 0xffff, 0xffff, 0xffff, 0xffff, 0xffff, 0xffff,
  0xffff, 0xffff, 0xffff, 0xffff, 0xffff, 0xfeff, 0xdfff, 0xffff, 0xbdff, 0x7cff, 0x9dff, 0x7dff,
  0x3bff, 0x51ed, 0x0ffd, 0xf0fc, 0xeffc, 0xeffc, 0x11fd, 0xcefc, 0x73f2, 0x15f9, 0x54f1, 0x54f1,
  0x34f1, 0x34f9, 0x53e9, 0xaa70, 0x2428, 0x2218, 0x0000, 0x0000, 0x0000, 0x0000, 0x0000, 0x0000,
  0x0000, 0x0000, 0x0008, 0x0000, 0x0000, 0xa978, 0x35f9, 0x55f9, 0x55f1, 0x75f1, 0xd2fb, 0x0dfd,
  0x0ffd, 0xf0f4, 0xf0fc, 0x0ffd, 0xeffc, 0x0ff5, 0x0ffd, 0x0ffd, 0x0ffd, 0x0ffd, 0x0ffd, 0x0ffd,
  0x36f6, 0xdfff, 0xfff7, 0xffff, 0xdfff, 0xdfff, 0xffff, 0xffff, 0xffff, 0xffff, 0xffff, 0xffff,
  0xffff, 0xffff, 0xffff, 0xffff, 0xffff, 0xffff, 0xffff, 0xffff, 0xffff, 0xffff, 0xffff, 0xffff,
  0xffff, 0xffff, 0xffff, 0xffff, 0xffff, 0xffff, 0xffff, 0xffff, 0xffff, 0xffff, 0xffff, 0xffff,
  0xffff, 0xffff, 0xffff, 0xffff, 0xffff, 0xffff, 0xffff, 0xffff, 0xffff, 0xffff, 0xffff, 0xffff,
  0xdfff, 0xdfff, 0xffff, 0xffff, 0xbfff, 0xfff7, 0xbdff, 0x51f5, 0x0efd, 0x2ffd, 0x10fd, 0x2ef5,
  0x4ff5, 0xedfc, 0x91f2, 0x53f1, 0x73f1, 0x53f1, 0x74f1, 0x54f1, 0x53f9, 0x8868, 0x0000, 0x0000,
  0x2000, 0x0000, 0x2000, 0x2000, 0x0000, 0x0000, 0x0000, 0x2000, 0x2000, 0x0000, 0x0000, 0xa970,
  0x54f1, 0x54f1, 0x14f9, 0x53f9, 0x72f2, 0xb2f2, 0x91f3, 0xd0fc, 0x2ef5, 0x10fd, 0x0ffd, 0x0efd,
  0x0ffd, 0x0ffd, 0x0ffd, 0x0ffd, 0x0ffd, 0x0ffd, 0x76fe, 0xdfff, 0xffff, 0xdfff, 0xfeff, 0xfff7,
  0xffff, 0xffff, 0xffff, 0xdfff, 0xffff, 0xffff, 0xffff, 0xffff, 0xffff, 0xffff, 0xffff, 0xffff,
  0xffff, 0xffff, 0xffff, 0xffff, 0xffff, 0xffff, 0xffff, 0xffff, 0xffff, 0xffff, 0xffff, 0xffff,
  0xffff, 0xffff, 0xffff, 0xffff, 0xffff, 0xffff, 0xffff, 0xffff, 0xffff, 0xffff, 0xffff, 0xffff,
  0xffff, 0xffff, 0xffff, 0xffff, 0xffff, 0xffff, 0xdfff, 0xffff, 0xffff, 0xdfff, 0x5dff, 0x16fe,
  0xf4fd, 0x11fd, 0xeffc, 0x0efd, 0x10fd, 0xd0fc, 0x0ffd, 0xcffc, 0x72f2, 0x33f9, 0x35f9, 0x54f1,
  0x54f9, 0x34f1, 0x33f1, 0x4760, 0x0000, 0x0008, 0x0000, 0x0000, 0x0000, 0x0000, 0x0000, 0x0000,
  0x0000, 0x0000, 0x0008, 0x0008, 0x0000, 0xa978, 0x34f9, 0x74f1, 0x54f9, 0x54f1, 0x54f1, 0x35e9,
  0x92f2, 0x0ffd, 0x2df5, 0x0ffd, 0x10fd, 0xeffc, 0x0ffd, 0x0ffd, 0x0ffd, 0x0ffd, 0x0ffd, 0x0ffd,
  0x76fe, 0xdfff, 0xffff, 0xffff, 0xfeff, 0xfff7, 0xffff, 0xffff, 0xffff, 0xffff, 0xffff, 0xffff,
  0xffff, 0xffff, 0xffff, 0xffff, 0xffff, 0xffff, 0xffff, 0xffff, 0xffff, 0xffff, 0xffff, 0xffff,
  0xffff, 0xffff, 0xffff, 0xffff, 0xffff, 0xffff, 0xffff, 0xffff, 0xffff, 0xffff, 0xffff, 0xffff,
  0xffff, 0xffff, 0xffff, 0xffff, 0xffff, 0xffff, 0xffff, 0xffff, 0xffff, 0xffff, 0xffff, 0xffff,
  0xffff, 0xffff, 0xffff, 0xdfff, 0x5cff, 0x0ffd, 0x0efd, 0x31fd, 0xf0fc, 0xeffc, 0x0ffd, 0x0ffd,
  0x0ffd, 0x0ffd, 0x92f2, 0x14f1, 0x54f9, 0x34f1, 0x35f9, 0x55f1, 0x34f9, 0x4760, 0x2000, 0x0000,
  0x0000, 0x0000, 0x0000, 0x0000, 0x0000, 0x0000, 0x0000, 0x0000, 0x0000, 0x0000, 0x0000, 0x6548,
  0xcda8, 0xeda0, 0xcca8, 0xcda0, 0x12e1, 0x75f1, 0x32fa, 0x91fb, 0xd2fb, 0xd0fc, 0x0ef5, 0x2ff5,
  0xeffc, 0x0ffd, 0x0ffd, 0x0ffd, 0x0ffd, 0x10fd, 0x78fe, 0xbfff, 0xdfff, 0xdfff, 0xdfff, 0xdfff,
  0xffff, 0xffff, 0xffff, 0xffff, 0xffff, 0xffff, 0xffff, 0xffff, 0xffff, 0xffff, 0xffff, 0xffff,
  0xffff, 0xffff, 0xffff, 0xffff, 0xffff, 0xffff, 0xffff, 0xffff, 0xffff, 0xffff, 0xffff, 0xffff,
  0xffff, 0xffff, 0xffff, 0xffff, 0xffff, 0xffff, 0xffff, 0xffff, 0xffff, 0xffff, 0xffff, 0xffff,
  0xffff, 0xffff, 0xffff, 0xffff, 0xffff, 0xffff, 0xffff, 0xffff, 0xffff, 0xffff, 0x9dff, 0x34f6,
  0x14f6, 0x30f5, 0xeef4, 0x2ff5, 0x30ed, 0xd0fc, 0xb1fb, 0x91f3, 0x12fa, 0x14f1, 0x53f1, 0x34f1,
  0x54f1, 0xeea8, 0xeda0, 0x6538, 0x2000, 0x0000, 0x0000, 0x0000, 0x0000, 0x0000, 0x0000, 0x0000,
  0x0000, 0x0000, 0x0000, 0x0000, 0x0000, 0x0110, 0x0000, 0x2000, 0x0100, 0x0218, 0xcda8, 0x33f9,
  0x34f1, 0x14f9, 0x94f1, 0x50ec, 0x2ef5, 0x0ffd, 0x0ffd, 0x0ffd, 0x0ffd, 0x0ffd, 0x10fd, 0x10fd,
  0x56fe, 0xdeff, 0xfeff, 0xfff7, 0xdeff, 0xffff, 0xffff, 0xffff, 0xffff, 0xffff, 0xffff, 0xffff,
  0xffff, 0xffff, 0xffff, 0xffff, 0xffff, 0xffff, 0xffff, 0xffff, 0xffff, 0xffff, 0xffff, 0xffff,
  0xffff, 0xffff, 0xffff, 0xffff, 0xffff, 0xffff, 0xffff, 0xffff, 0xffff, 0xffff, 0xffff, 0xffff,
  0xffff, 0xffff, 0xffff, 0xffff, 0xffff, 0xffff, 0xffff, 0xffff, 0xffff, 0xffff, 0xffff, 0xffff,
  0xffff, 0xffff, 0xffff, 0xffff, 0xdfff, 0xdfff, 0x9eff, 0x52fd, 0xcefc, 0x10fd, 0xf1fc, 0x2ffc,
  0xd3f1, 0x54e9, 0x53f9, 0x55f1, 0x55f1, 0x34f9, 0x51d9, 0x0220, 0x0000, 0x0100, 0x0000, 0x0000,
  0x0000, 0x0000, 0x0000, 0x0000, 0x0000, 0x0000, 0x0000, 0x0000, 0x0000, 0x0000, 0x0000, 0x0000,
  0x0008, 0x0008, 0x0000, 0x2108, 0x0d99, 0x34e9, 0x54e9, 0x14f9, 0x93f1, 0xf1f3, 0x90fc, 0xd0fc,
  0x0ffd, 0x0ffd, 0x0ffd, 0x0ffd, 0x0ffd, 0x0ffd, 0x35fe, 0x9cff, 0x9dff, 0xdfff, 0xdeff, 0xffff,
  0xffff, 0xffff, 0xffff, 0xffff, 0xffff, 0xffff, 0xffff, 0xffff, 0xffff, 0xffff, 0xffff, 0xffff,
  0xffff, 0xffff, 0xffff, 0xffff, 0xffff, 0xffff, 0xffff, 0xffff, 0xffff, 0xffff, 0xffff, 0xffff,
  0xffff, 0xffff, 0xffff, 0xffff, 0xffff, 0xffff, 0xffff, 0xffff, 0xffff, 0xffff, 0xffff, 0xffff,
  0xffff, 0xffff, 0xffff, 0xffff, 0xffff, 0xffff, 0xffff, 0xffff, 0xffff, 0xffff, 0xbfff, 0x5fff,
  0x3cff, 0xf3f4, 0x90fc, 0xaffc, 0xaffc, 0xd0fb, 0xb3f9, 0x34f1, 0x33f9, 0x54f9, 0x14f9, 0x14f9,
  0x11e1, 0x0220, 0x2000, 0x0000, 0x0000, 0x0000, 0x0000, 0x0000, 0x0000, 0x0000, 0x0000, 0x0000,
  0x0000, 0x0000, 0x0000, 0x0000, 0x0008, 0x0000, 0x2000, 0x0000, 0x0000, 0x0110, 0xeea8, 0x15f9,
  0x54f9, 0x55f1, 0x34f1, 0x93f1, 0xb2f1, 0xb1f3, 0x0ffd, 0xeffc, 0x0ffd, 0x0ffd, 0x0ffd, 0x0ffd,
  0x30ed, 0x51fd, 0xb3fd, 0x7cff, 0xfeff, 0xffff, 0xffff, 0xffff, 0xffff, 0xffff, 0xffff, 0xffff,
  0xffff, 0xffff, 0xffff, 0xffff, 0xffff, 0xffff, 0xffff, 0xffff, 0xffff, 0xffff, 0xffff, 0xffff,
  0xffff, 0xffff, 0xffff, 0xffff, 0xffff, 0xffff, 0xffff, 0xffff, 0xffff, 0xffff, 0xffff, 0xffff,
  0xffff, 0xffff, 0xffff, 0xffff, 0xffff, 0xffff, 0xffff, 0xffff, 0xffff, 0xffff, 0xffff, 0xffff,
  0xdfff, 0xffff, 0xffff, 0xdfff, 0xfef6, 0x16fa, 0x14fa, 0x54e9, 0x94f1, 0xb3f1, 0xd4f1, 0x74f9,
  0x14f9, 0x54f1, 0x54f1, 0x95e9, 0x55e9, 0x54f1, 0x53d9, 0x4420, 0x0000, 0x0000, 0x2000, 0x0000,
  0x0000, 0x0000, 0x0000, 0x0000, 0x0000, 0x0000, 0x0000, 0x0000, 0x0000, 0x2000, 0x0000, 0x0000,
  0x0000, 0x2000, 0x0000, 0x0110, 0xcda8, 0x35f1, 0x33f9, 0x56f1, 0x33f1, 0x34f9, 0x14f9, 0x51f3,
  0xf0fc, 0xcffc, 0xeffc, 0xeffc, 0xeffc, 0xcffc, 0xeffc, 0xcffc, 0x92fd, 0x9dff, 0xffff, 0xdfff,
  0xffff, 0xffff, 0xffff, 0xffff, 0xffff, 0xffff, 0xffff, 0xffff, 0xffff, 0xffff, 0xffff, 0xffff,
  0xffff, 0xffff, 0xffff, 0xffff, 0xffff, 0xffff, 0xffff, 0xffff, 0xffff, 0xffff, 0xffff, 0xffff,
  0xffff, 0xffff, 0xffff, 0xffff, 0xffff, 0xffff, 0xffff, 0xffff, 0xffff, 0xffff, 0xffff, 0xffff,
  0xffff, 0xffff, 0xffff, 0xffff, 0xffff, 0xffff, 0xdfff, 0xffff, 0xdef7, 0xdfff, 0x9df6, 0xb3f1,
  0x34f1, 0x34f9, 0x53f1, 0x54f1, 0x14f1, 0x34f1, 0x54f1, 0x54f1, 0x14f9, 0x54e9, 0x54f1, 0x34f9,
  0x12d9, 0x0320, 0x0008, 0x0008, 0x0000, 0x0000, 0x0000, 0x0000, 0x0000, 0x0000, 0x0000, 0x0000,
  0x0000, 0x0000, 0x0000, 0x0000, 0x0000, 0x0000, 0x0000, 0x0000, 0x0000, 0x2110, 0xeda0, 0x55e9,
  0x74f1, 0x34f9, 0x54f9, 0x74f1, 0x54f1, 0xd3f1, 0xb2f2, 0xb1f2, 0xb2f2, 0xb2f2, 0xb2f2, 0xb1f2,
  0xd1fb, 0xeff4, 0x72f5, 0x7cff, 0xffff, 0xfeff, 0xdfff, 0xfff7, 0xdfff, 0xffff, 0xdff7, 0xffff,
  0xffff, 0xffff, 0xffff, 0xffff, 0xffff, 0xffff, 0xffff, 0xffff, 0xffff, 0xffff, 0xffff, 0xffff,
  0xffff, 0xffff, 0xffff, 0xffff, 0xffff, 0xffff, 0xffff, 0xffff, 0xffff, 0xffff, 0xffff, 0xffff,
  0xffff, 0xffff, 0xffff, 0xffff, 0xffff, 0xffff, 0xdfff, 0xdfff, 0xffff, 0xdfff, 0xdfff, 0xdfff,
  0xffff, 0xffff, 0x9afd, 0xd8f3, 0x57fb, 0x74f1, 0x34f1, 0x34f9, 0x54f1, 0x34f9, 0x34f1, 0x54f1,
  0x14f9, 0x74f1, 0x33f1, 0x13f9, 0x10c1, 0x8860, 0x8648, 0x0108, 0x2000, 0x2000, 0x0000, 0x0000,
  0x0000, 0x0000, 0x0000, 0x0000, 0x0000, 0x0000, 0x0000, 0x0000, 0x0000, 0x0000, 0x0000, 0x0000,
  0x0008, 0x0000, 0x2000, 0x0110, 0xcda8, 0x55f9, 0x54e9, 0x54f1, 0x74f1, 0x13f1, 0x34f9, 0x54f9,
  0x34f9, 0x34f9, 0x34f9, 0x34f9, 0x34f9, 0x34f1, 0xf2fa, 0x0efd, 0x92fd, 0x5cff, 0xbfff, 0xffff,
  0xffff, 0xfef7, 0xffff, 0xffff, 0xdfff, 0xffff, 0xffff, 0xffff, 0xffff, 0xffff, 0xffff, 0xffff,
  0xffff, 0xffff, 0xffff, 0xffff, 0xffff, 0xffff, 0xffff, 0xffff, 0xffff, 0xffff, 0xffff, 0xffff,
  0xffff, 0xffff, 0xffff, 0xffff, 0xffff, 0xffff, 0xffff, 0xffff, 0xffff, 0xffff, 0xffff, 0xfff7,
  0xffff, 0xdfff, 0xffff, 0xffff, 0xffff, 0xffff, 0xfff7, 0xffff, 0xfafb, 0x15f1, 0x13f1, 0x54f1,
  0x34f1, 0x54f1, 0x54f1, 0x54f1, 0x34f9, 0x34f1, 0x34f9, 0x55f1, 0x54e9, 0x54f9, 0xcea8, 0x0108,
  0x0000, 0x0000, 0x0000, 0x0000, 0x0000, 0x0000, 0x0000, 0x0000, 0x0000, 0x0000, 0x0000, 0x0000,
  0x0000, 0x0000, 0x0000, 0x0000, 0x0000, 0x0000, 0x0000, 0x0000, 0x2000, 0x0108, 0xa978, 0xeeb0,
  0xafb8, 0xeeb0, 0xeea8, 0x12e9, 0x54f9, 0x54e9, 0x54f1, 0x54f1, 0x54f1, 0x54f1, 0x54f1, 0x54f1,
  0xb2f2, 0xeffb, 0x93f4, 0xb8fe, 0x1bf7, 0x9dff, 0xffff, 0xffff, 0xffff, 0xfff7, 0xdfff, 0xffff,
  0xffff, 0xffff, 0xffff, 0xffff, 0xffff, 0xffff, 0xffff, 0xffff, 0xffff, 0xffff, 0xffff, 0xffff,
  0xffff, 0xffff, 0xffff, 0xffff, 0xffff, 0xffff, 0xffff, 0xffff, 0xffff, 0xffff, 0xffff, 0xffff,
  0xffff, 0xffff, 0xffff, 0xffff, 0xffff, 0xffff, 0xffff, 0xffff, 0xdfff, 0xdfff, 0xdfff, 0xbeff,
  0x5cfe, 0x1cfe, 0x58fb, 0x54f1, 0x53f1, 0x34f1, 0x54f1, 0x74f1, 0x34f9, 0x54f1, 0x34f9, 0x54f9,
  0x33e9, 0x34f9, 0x10c1, 0xcdb8, 0xa978, 0x2100, 0x0000, 0x2000, 0x0000, 0x0000, 0x0000, 0x0000,
  0x0000, 0x0000, 0x0000, 0x0000, 0x0000, 0x0000, 0x0000, 0x0000, 0x0000, 0x0000, 0x0000, 0x0000,
  0x0000, 0x0000, 0x0000, 0x0000, 0x2110, 0x0208, 0x2108, 0x2108, 0x2318, 0x30c1, 0x54f1, 0x54f1,
  0x34f1, 0x54f1, 0x54f1, 0x34f1, 0x34f1, 0x34f1, 0x54f9, 0x74f9, 0xf3f9, 0x70fc, 0x4ff5, 0xf9fe,
  0xfff7, 0xffff, 0xdfff, 0xfff7, 0xbfff, 0xffff, 0xffff, 0xffff, 0xffff, 0xffff, 0xffff, 0xffff,
  0xffff, 0xffff, 0xffff, 0xffff, 0xffff, 0xffff, 0xffff, 0xffff, 0xffff, 0xffff, 0xffff, 0xffff,
  0xffff, 0xffff, 0xffff, 0xffff, 0xffff, 0xffff, 0xffff, 0xffff, 0xffff, 0xffff, 0xffff, 0xffff,
  0xfff7, 0xffff, 0xffff, 0xdeff, 0xffff, 0x3eff, 0x77fa, 0x74f1, 0x93f1, 0x54f9, 0x14f9, 0x34f1,
  0x54f1, 0x54f1, 0x54f1, 0x34f9, 0x54f1, 0x54e9, 0x74f1, 0x53f1, 0x6750, 0x0108, 0x4108, 0x0000,
  0x0000, 0x0000, 0x0000, 0x2000, 0x0000, 0x0000, 0x0000, 0x0000, 0x0000, 0x0000, 0x0000, 0x0000,
  0x0000, 0x0000, 0x0000, 0x0000, 0x0000, 0x0000, 0x0000, 0x2000, 0x0000, 0x0000, 0x0000, 0x0000,
  0x0000, 0x0008, 0x0108, 0x10c9, 0x14f1, 0x34f9, 0x55f9, 0x54f9, 0x54f9, 0x34f1, 0x34f1, 0x34f1,
  0x55f1, 0x33f1, 0x12f2, 0x31fc, 0xeef4, 0x78fe, 0x7ef7, 0x7eff, 0x7ef7, 0x7fff, 0xdef7, 0xffff,
  0xffff, 0xffff, 0xffff, 0xffff, 0xffff, 0xffff, 0xffff, 0xffff, 0xffff, 0xffff, 0xffff, 0xffff,
  0xffff, 0xffff, 0xffff, 0xffff, 0xffff, 0xffff, 0xffff, 0xffff, 0xffff, 0xffff, 0xffff, 0xffff,
  0xffff, 0xffff, 0xffff, 0xffff, 0xffff, 0xfff7, 0xffff, 0xdef7, 0xfff7, 0xbef7, 0x7fff, 0xddf6,
  0x76fa, 0x55f9, 0x54f9, 0x34f1, 0x35f9, 0x34f9, 0x54f1, 0x34f9, 0x54f1, 0x34f9, 0x54f1, 0x35f1,
  0x13e9, 0x11d9, 0x8740, 0x0100, 0x0000, 0x2000, 0x2000, 0x0000, 0x0000, 0x0000, 0x0000, 0x0000,
  0x0000, 0x0000, 0x0000, 0x0000, 0x0000, 0x0000, 0x0000, 0x0000, 0x0000, 0x0000, 0x0000, 0x0000,
  0x0000, 0x0000, 0x0000, 0x0000, 0x0000, 0x2000, 0x0100, 0x0008, 0x2108, 0xf0c0, 0x54f1, 0x34f1,
  0x54f1, 0x54f1, 0x54f1, 0x54f1, 0x34f1, 0x54f1, 0x33f1, 0x54f9, 0x73e9, 0x53f2, 0x12f2, 0xb5fa,
  0x17f3, 0xd7fa, 0xf7fa, 0x97f3, 0x5fff, 0xffff, 0xffff, 0xffff, 0xffff, 0xffff, 0xffff, 0xffff,
  0xffff, 0xffff, 0xffff, 0xffff, 0xffff, 0xffff, 0xffff, 0xffff, 0xffff, 0xffff, 0xffff, 0xffff,
  0xffff, 0xffff, 0xffff, 0xffff, 0xffff, 0xffff, 0xffff, 0xffff, 0xffff, 0xffff, 0xffff, 0xdfff,
  0xffff, 0xfef7, 0xfff7, 0xdcfd, 0x17f3, 0xf6f2, 0x94f1, 0x94f1, 0x14f1, 0x55f1, 0x52f1, 0x54f9,
  0x34f1, 0x34f1, 0x34f1, 0x54f1, 0x34f9, 0x10c9, 0x6750, 0x4538, 0x2110, 0x0000, 0x0000, 0x0000,
  0x0000, 0x0000, 0x0000, 0x0000, 0x0000, 0x0000, 0x0000, 0x0000, 0x0000, 0x0000, 0x0000, 0x0000,
  0x0000, 0x0000, 0x0000, 0x0000, 0x0000, 0x0000, 0x0000, 0x0000, 0x0000, 0x0000, 0x0000, 0x0000,
  0x0100, 0x2000, 0x0210, 0x10b9, 0x55f9, 0x54e1, 0x55f9, 0x55f9, 0x35f9, 0x35f9, 0x35f9, 0x55f9,
  0x55f9, 0x54e9, 0x55f1, 0x35f1, 0xf4f8, 0x54f9, 0x33f1, 0x35f1, 0x75f1, 0xf6f1, 0x5fff, 0xdfff,
  0xffff, 0xffff, 0xffff, 0xfff7, 0xffff, 0xdfff, 0xffff, 0xffff, 0xffff, 0xffff, 0xffff, 0xffff,
  0xffff, 0xffff, 0xffff, 0xffff, 0xffff, 0xffff, 0xffff, 0xffff, 0xffff, 0xffff, 0xffff, 0xddff,
  0xfeff, 0xfff7, 0xffff, 0xffff, 0xffff, 0xffff, 0xdfff, 0xdfff, 0xfff7, 0x3bf5, 0x34f9, 0x14f9,
  0x34f1, 0x35f9, 0x54e9, 0x54e9, 0x15f9, 0x34f9, 0x54f9, 0x75f9, 0x54f1, 0x54f1, 0x54f9, 0xf0c0,
  0x0320, 0x0000, 0x2000, 0x0000, 0x0000, 0x0000, 0x0000, 0x0000, 0x0000, 0x0000, 0x0000, 0x0000,
  0x0000, 0x0000, 0x0000, 0x0000, 0x0000, 0x0000, 0x0000, 0x0000, 0x0000, 0x0000, 0x0000, 0x0000,
  0x0000, 0x0000, 0x0000, 0x0000, 0x0000, 0x0000, 0x0000, 0x0000, 0x0118, 0xa970, 0x8b98, 0xab90,
  0xca88, 0xca88, 0xca88, 0xca88, 0xaa88, 0xcb88, 0x0fc1, 0x13f9, 0x73f1, 0x54f1, 0x14f9, 0x74e9,
  0x73f1, 0x34f9, 0x33f1, 0x94f1, 0xd9f4, 0x3afd, 0x1afd, 0x1bfd, 0x3bfd, 0xfafc, 0x7bfd, 0x3eff,
  0xdfff, 0xdfff, 0xdfff, 0xdfff, 0xdfff, 0xffff, 0xffff, 0xffff, 0xffff, 0xffff, 0xffff, 0xffff,
  0xffff, 0xffff, 0xffff, 0xffff, 0xffff, 0xffff, 0xf9fe, 0xd7fe, 0x18f6, 0x1afd, 0x3af5, 0x1af5,
  0x1bfd, 0x3bfd, 0x3aed, 0x57fb, 0x74f1, 0x33f9, 0x54f1, 0x34f9, 0x54f9, 0x54f9, 0x32d1, 0xcc90,
  0xab88, 0xab90, 0xab88, 0xab88, 0xcc88, 0xa868, 0x2110, 0x0000, 0x0000, 0x0000, 0x0000, 0x0000,
  0x0000, 0x0000, 0x0000, 0x0000, 0x0000, 0x0000, 0x0000, 0x0000, 0x0000, 0x0000, 0x0000, 0x0000,
  0x0000, 0x0000, 0x0000, 0x0000, 0x0000, 0x0000, 0x0000, 0x0000, 0x0000, 0x0000, 0x0000, 0x0000,
  0x0000, 0x0000, 0x2000, 0x2000, 0x0000, 0x0000, 0x0000, 0x0000, 0x0000, 0x0000, 0x0000, 0x0000,
  0xaa80, 0x35f9, 0x74f1, 0x54f1, 0x35f9, 0x34f9, 0x54f9, 0x55f9, 0x54f9, 0x34f9, 0x73f1, 0x74f1,
  0x34f9, 0x34f1, 0x74e9, 0x13f9, 0x15f2, 0x5dfe, 0xdff7, 0xfff7, 0xffff, 0xffff, 0xffff, 0xffff,
  0xffff, 0xffff, 0xffff, 0xffff, 0xffff, 0xffff, 0xffff, 0xffff, 0xffff, 0xffff, 0xffff, 0xffff,
  0xd2f5, 0x2ffd, 0x72f3, 0x54f9, 0x74f1, 0x55f9, 0x55f1, 0x54f1, 0x53f1, 0x54f1, 0x35f1, 0x34f1,
  0x55f9, 0x54f9, 0x54f1, 0x34f9, 0xf1c8, 0x2008, 0x0000, 0x0008, 0x2008, 0x0000, 0x0000, 0x0008,
  0x2000, 0x0000, 0x0000, 0x2000, 0x0000, 0x0000, 0x0000, 0x0000, 0x0000, 0x0000, 0x0000, 0x0000,
  0x0000, 0x0000, 0x0000, 0x0000, 0x0000, 0x0000, 0x0000, 0x0000, 0x0000, 0x0000, 0x0000, 0x0000,
  0x0000, 0x0000, 0x0000, 0x0000, 0x0000, 0x2000, 0x0000, 0x0000, 0x2008, 0x0000, 0x2000, 0x0000,
  0x0000, 0x0000, 0x0000, 0x0000, 0x0000, 0x0000, 0xa968, 0x12c9, 0x30d9, 0x31d9, 0x52d9, 0x31e1,
  0x12e1, 0xf1d8, 0x11d9, 0x12d1, 0x76f9, 0x55f1, 0x34f1, 0x54f1, 0x54f1, 0x34f9, 0x15f2, 0xdcfd,
  0x5eff, 0x5eff, 0x7eff, 0x5eff, 0x5eff, 0x5fff, 0x5fff, 0x5fff, 0x5fff, 0x5fff, 0x5fff, 0x3fff,
  0x5fff, 0x5fff, 0x5fff, 0x3fff, 0x3fff, 0x3cff, 0x93f5, 0x91fc, 0x13fb, 0x34f1, 0x34e9, 0x53e1,
  0x34f1, 0x34f9, 0x54f9, 0x55f9, 0x54e1, 0x55f9, 0x12d9, 0x12e1, 0x12d9, 0x11d1, 0xeea8, 0x0008,
  0x0000, 0x2000, 0x0000, 0x0000, 0x0000, 0x2000, 0x2100, 0x0000, 0x0000, 0x2000, 0x0000, 0x0000,
  0x0000, 0x0000, 0x0000, 0x0000, 0x0000, 0x0000, 0x0000, 0x0000, 0x0000, 0x0000, 0x0000, 0x0000,
  0x0000, 0x0000, 0x0000, 0x0000, 0x0000, 0x0000, 0x0000, 0x0000, 0x0000, 0x0000, 0x0000, 0x0000,
  0x0000, 0x0000, 0x0000, 0x0008, 0x0100, 0x0000, 0x0000, 0x0000, 0x0000, 0x0000, 0x0000, 0x0000,
  0x0218, 0x2420, 0x0218, 0x2218, 0x2210, 0x2118, 0x2218, 0x2118, 0x4210, 0x4328, 0x11d9, 0x13f9,
  0x33f1, 0x54f1, 0x34f1, 0x34f9, 0x54e9, 0xd5f1, 0xd5f9, 0xd5f9, 0xd5f9, 0xd5f1, 0xd5f9, 0xf5f9,
  0xf5f9, 0xf5f9, 0xf5f9, 0xf5f9, 0xf5f9, 0xf5f9, 0xf5f9, 0xf5f9, 0xf5f9, 0xf5f9, 0xf5f9, 0xd6f9,
  0xb4f1, 0x93f9, 0x74f9, 0x53f1, 0x74f1, 0x54f1, 0x54f9, 0x54f1, 0x34f1, 0x55f1, 0x15f9, 0x10d9,
  0x6540, 0x2218, 0x2218, 0x4218, 0x2110, 0x0000, 0x0000, 0x0000, 0x0000, 0x0000, 0x0100, 0x0000,
  0x0100, 0x0000, 0x2000, 0x0000, 0x0000, 0x0000, 0x0000, 0x0000, 0x0000, 0x0000, 0x0000, 0x0000,
  0x0000, 0x0000, 0x0000, 0x0000, 0x0000, 0x0000, 0x0000, 0x0000, 0x0000, 0x0000, 0x0000, 0x0000,
  0x0000, 0x0000, 0x0000, 0x0000, 0x0000, 0x0000, 0x0000, 0x0000, 0x0000, 0x0000, 0x2000, 0x0000,
  0x0000, 0x0000, 0x0000, 0x0000, 0x0000, 0x0000, 0x0000, 0x4000, 0x0000, 0x0000, 0x0008, 0x2000,
  0x0000, 0x4000, 0x0000, 0x4210, 0x11d1, 0x53e9, 0x54f9, 0x54f1, 0x54e9, 0x34f1, 0x34f9, 0x34f9,
  0x34f1, 0x34f1, 0x54f1, 0x34f1, 0x54f1, 0x54f1, 0x34f1, 0x34f1, 0x34f1, 0x34f1, 0x34f1, 0x54f1,
  0x54f1, 0x54f1, 0x54f1, 0x54f1, 0x54f1, 0x34f9, 0x34f1, 0x55f9, 0x34f9, 0x54f1, 0x15f9, 0x55f1,
  0x33f1, 0x73e9, 0x34f9, 0x34e9, 0x54e9, 0x51d1, 0x2428, 0x0008, 0x0008, 0x0000, 0x0000, 0x0000,
  0x0000, 0x0000, 0x0000, 0x0000, 0x0000, 0x2000, 0x0000, 0x0000, 0x0000, 0x0000, 0x0000, 0x0000,
  0x0000, 0x0000, 0x0000, 0x0000, 0x0000, 0x0000, 0x0000, 0x0000, 0x0000, 0x0000, 0x0000, 0x0000,
  0x0000, 0x0000, 0x0000, 0x0000, 0x0000, 0x0000, 0x0000, 0x0000, 0x0000, 0x0000, 0x0000, 0x0000,
  0x0000, 0x0000, 0x0000, 0x0000, 0x0000, 0x0000, 0x0000, 0x0000, 0x0000, 0x0000, 0x0000, 0x0000,
  0x0000, 0x0000, 0x0000, 0x0000, 0x0000, 0x0000, 0x0000, 0x0000, 0x0000, 0x2110, 0x4328, 0x4540,
  0xeeb8, 0x34f1, 0x74f1, 0x73f1, 0x73f1, 0x53f1, 0x54f1, 0x54f1, 0x54f1, 0x54f1, 0x54f1, 0x34f9,
  0x34f9, 0x34f9, 0x34f9, 0x34f9, 0x34f9, 0x34f9, 0x34f9, 0x34f9, 0x34f9, 0x34f9, 0x34f9, 0x13f9,
  0x34f9, 0x34f9, 0x14f9, 0x54f1, 0xf0c8, 0x6548, 0x4440, 0x4540, 0x6540, 0x4540, 0x4540, 0x6438,
  0x0110, 0x0000, 0x2000, 0x0000, 0x0000, 0x0000, 0x0000, 0x0000, 0x0000, 0x0000, 0x0000, 0x0000,
  0x0000, 0x0000, 0x0000, 0x0000, 0x0000, 0x0000, 0x0000, 0x0000, 0x0000, 0x0000, 0x0000, 0x0000,
  0x0000, 0x0000, 0x0000, 0x0000, 0x0000, 0x0000, 0x0000, 0x0000, 0x0000, 0x0000, 0x0000, 0x0000,
  0x0000, 0x0000, 0x0000, 0x0000, 0x0000, 0x0000, 0x0000, 0x0000, 0x0000, 0x0000, 0x0000, 0x0000,
  0x0000, 0x0000, 0x0000, 0x0000, 0x0000, 0x0000, 0x0000, 0x0000, 0x0000, 0x0000, 0x0000, 0x0000,
  0x0000, 0x0000, 0x2000, 0x0000, 0x0108, 0x0208, 0xed98, 0x54f9, 0x14f9, 0x34f9, 0x75f1, 0x15f9,
  0x35f9, 0x35f9, 0x35f9, 0x35f9, 0x35f9, 0x35f9, 0x55f1, 0x55f1, 0x55f1, 0x55f1, 0x55f1, 0x35f1,
  0x35f1, 0x35f1, 0x35f1, 0x35f1, 0x35f1, 0x34f9, 0x54f1, 0x55f1, 0x34f9, 0x74f1, 0xf1c8, 0x0000,
  0x0000, 0x0000, 0x0000, 0x0000, 0x0000, 0x0108, 0x0000, 0x0000, 0x0000, 0x0000, 0x0000, 0x0000,
  0x0000, 0x0000, 0x0000, 0x0000, 0x0000, 0x0000, 0x0000, 0x0000, 0x0000, 0x0000, 0x0000, 0x0000,
  0x0000, 0x0000, 0x0000, 0x0000, 0x0000, 0x0000, 0x0000, 0x0000, 0x0000, 0x0000, 0x0000, 0x0000,
  0x0000, 0x0000, 0x0000, 0x0000, 0x0000, 0x0000, 0x0000, 0x0000, 0x0000, 0x0000, 0x0000, 0x0000,
  0x0000, 0x0000, 0x0000, 0x0000, 0x0000, 0x0000, 0x0000, 0x0000, 0x0000, 0x0000, 0x0000, 0x0000,
  0x0000, 0x0000, 0x0000, 0x0000, 0x0000, 0x0000, 0x0000, 0x0000, 0x0000, 0x0000, 0x0000, 0x0000,
  0x8760, 0xcc98, 0xac98, 0xcb90, 0xcc90, 0xac98, 0xcc98, 0xcc98, 0xcc98, 0xcc98, 0xcc98, 0xcc90,
  0xcc90, 0xcc90, 0xcc90, 0xcc90, 0xcc90, 0xac98, 0xac98, 0xac98, 0xac98, 0xac98, 0xac98, 0xcc98,
  0xcc90, 0xcc98, 0xac98, 0xec90, 0x8978, 0x0000, 0x0000, 0x0000, 0x0000, 0x0000, 0x0000, 0x0000,
  0x2000, 0x0000, 0x0000, 0x0000, 0x0000, 0x0000, 0x0000, 0x0000, 0x0000, 0x0000, 0x0000, 0x0000,
  0x0000, 0x0000, 0x0000, 0x0000, 0x0000, 0x0000, 0x0000, 0x0000, 0x0000, 0x0000, 0x0000, 0x0000,
  0x0000, 0x0000, 0x0000, 0x0000, 0x0000, 0x0000, 0x0000, 0x0000, 0x0000, 0x0000, 0x0000, 0x0000,
  0x0000, 0x0000, 0x0000, 0x0000, 0x0000, 0x0000, 0x0000, 0x0000, 0x0000, 0x0000, 0x0000, 0x0000,
  0x0000, 0x0000, 0x0000, 0x0000, 0x0000, 0x0000, 0x0000, 0x0000, 0x0000, 0x0000, 0x0000, 0x0000,
  0x0000, 0x0000, 0x0000, 0x0000, 0x0000, 0x0000, 0x0008, 0x0000, 0x0000, 0x0000, 0x0000, 0x0000,
  0x0000, 0x0000, 0x0000, 0x0000, 0x0000, 0x0000, 0x0000, 0x0000, 0x0000, 0x0000, 0x0000, 0x0000,
  0x0000, 0x0000, 0x0000, 0x0000, 0x0000, 0x0000, 0x0000, 0x0000, 0x0000, 0x0000, 0x0000, 0x2000,
  0x0000, 0x0000, 0x0000, 0x0000, 0x0000, 0x0000, 0x0000, 0x0000, 0x0000, 0x0000, 0x0000, 0x0000,
  0x0000, 0x0000, 0x0000, 0x0000, 0x0000, 0x0000, 0x0000, 0x0000, 0x0000, 0x0000, 0x0000, 0x0000,
  0x0000, 0x0000, 0x0000, 0x0000, 0x0000, 0x0000, 0x0000, 0x0000, 0x0000, 0x0000, 0x0000, 0x0000,
  0x0000, 0x0000, 0x0000, 0x0000, 0x0000, 0x0000, 0x0000, 0x0000, 0x0000, 0x0000, 0x0000, 0x0000,
  0x0000, 0x0000, 0x0000, 0x0000, 0x0000, 0x0000, 0x0000, 0x0000, 0x0000, 0x0000, 0x0000, 0x0000,
  0x0000, 0x0000, 0x0000, 0x0000, 0x0000, 0x0000, 0x0000, 0x0000, 0x0000, 0x0000, 0x0000, 0x0000,
  0x0000, 0x0000, 0x0000, 0x0000, 0x0000, 0x0000, 0x0000, 0x0000, 0x0000, 0x0000, 0x0000, 0x0000,
  0x0000, 0x0000, 0x0000, 0x0000, 0x0000, 0x0000, 0x0000, 0x0000, 0x0000, 0x0000, 0x0000, 0x0000,
  0x0000, 0x0000, 0x0000, 0x0000, 0x0000, 0x0000, 0x0000, 0x0000, 0x0000, 0x0000, 0x0000, 0x0000,
  0x0000, 0x0000, 0x0000, 0x0000, 0x0000, 0x0000, 0x0000, 0x0000, 0x0000, 0x0000, 0x0000, 0x0000,
  0x0000, 0x0000, 0x0000, 0x0000, 0x0000, 0x0000, 0x0000, 0x0000, 0x0000, 0x0000, 0x0000, 0x0000,
  0x0000, 0x0000, 0x0000, 0x0000, 0x0000, 0x0000, 0x0000, 0x0000, 0x0000, 0x0000, 0x0000, 0x0000,
  0x0000, 0x0000, 0x0000, 0x0000, 0x0000, 0x0000, 0x0000, 0x0000, 0x0000, 0x0000, 0x0000, 0x0000,
  0x0000, 0x0000, 0x0000, 0x0000, 0x0000, 0x0000, 0x0000, 0x0000, 0x0000, 0x0000, 0x0000, 0x0000,
  0x0000, 0x0000, 0x0000, 0x0000, 0x0000, 0x0000, 0x0000, 0x0000, 0x0000, 0x0000, 0x0000, 0x0000,
  0x0000, 0x0000, 0x0000, 0x0000, 0x0000, 0x0000, 0x0000, 0x0000, 0x0000, 0x0000, 0x0000, 0x0000,
  0x0000, 0x0000, 0x0000, 0x0000, 0x0000, 0x0000, 0x0000, 0x0000, 0x0000, 0x0000, 0x0000, 0x0000,
  0x0000, 0x0000, 0x0000, 0x0000, 0x0000, 0x0000, 0x0000, 0x0000, 0x0000, 0x0000, 0x0000, 0x0000,
  0x0000, 0x0000, 0x0000, 0x0000, 0x0000, 0x0000, 0x0000, 0x0000, 0x0000, 0x0000, 0x0000, 0x0000,
  0x0000, 0x0000, 0x0000, 0x0000, 0x0000, 0x0000, 0x0000, 0x0000, 0x0000, 0x0000, 0x0000, 0x0000
};

#define FLAMEUNIFIED3_WIDTH 102
#define FLAMEUNIFIED3_HEIGHT 142

// Example usage:
// tft.drawRGBBitmap(x, y, FlameUnified3, FLAMEUNIFIED3_WIDTH, FLAMEUNIFIED3_HEIGHT);

#endif
