// Generated by   : Image to RGB565 Converter
// Generated from : https://palsayantan.github.io/Image-to-RGB565/
// Image Size     : 115x160 pixels
// Byte Order     : LSB

#ifndef _FLAMEUNIFIED7_H_
#define _FLAMEUNIFIED7_H_

const uint16_t FlameUnified7[18400] = {
  0x0000, 0x0000, 0x0000, 0x0000, 0x0000, 0x0000, 0x0000, 0x0000, 0x0000, 0x0000, 0x0000, 0x0000,
  0x0000, 0x0000, 0x0000, 0x0000, 0x0000, 0x0000, 0x0000, 0x0000, 0x0000, 0x0000, 0x0000, 0x0000,
  0x0000, 0x0000, 0x0000, 0x0000, 0x0000, 0x0000, 0x0000, 0x0000, 0x0000, 0x0000, 0x0000, 0x0000,
  0x0000, 0x0000, 0x0000, 0x0000, 0x0000, 0x0000, 0x0000, 0x0000, 0x0000, 0x0000, 0x0000, 0x0000,
  0x0000, 0x0000, 0x0000, 0x0000, 0x0000, 0x0000, 0x0000, 0x0000, 0x0000, 0x0000, 0x0000, 0x0000,
  0x0000, 0x0000, 0x0000, 0x0000, 0x0000, 0x0000, 0x0000, 0x0000, 0x0000, 0x0000, 0x0000, 0x0000,
  0x0000, 0x0000, 0x0000, 0x0000, 0x0000, 0x0000, 0x0000, 0x0000, 0x0000, 0x0000, 0x0000, 0x0000,
  0x0000, 0x0000, 0x0000, 0x0000, 0x0000, 0x0000, 0x0000, 0x0000, 0x0000, 0x0000, 0x0000, 0x0000,
  0x0000, 0x0000, 0x0000, 0x0000, 0x0000, 0x0000, 0x0000, 0x0000, 0x0000, 0x0000, 0x0000, 0x0000,
  0x0000, 0x0000, 0x0000, 0x0000, 0x0000, 0x0000, 0x0000, 0x0000, 0x0000, 0x0000, 0x0000, 0x0000,
  0x0000, 0x0000, 0x0000, 0x0000, 0x0000, 0x0000, 0x0000, 0x0000, 0x0000, 0x0000, 0x0000, 0x0000,
  0x0000, 0x0000, 0x0000, 0x0000, 0x0000, 0x0000, 0x0000, 0x0000, 0x0000, 0x0000, 0x0000, 0x0000,
  0x0000, 0x0000, 0x0000, 0x0000, 0x0000, 0x0000, 0x0000, 0x0000, 0x0000, 0x0000, 0x0000, 0x0000,
  0x0000, 0x0000, 0x0000, 0x0000, 0x0000, 0x0000, 0x0000, 0x0000, 0x0000, 0x0000, 0x0000, 0x0000,
  0x0000, 0x0000, 0x0000, 0x0000, 0x0000, 0x0000, 0x0000, 0x0000, 0x0000, 0x0000, 0x0000, 0x0000,
  0x0000, 0x0000, 0x0000, 0x0000, 0x0000, 0x0000, 0x0000, 0x0000, 0x0000, 0x0000, 0x0000, 0x0000,
  0x0000, 0x0000, 0x0000, 0x0000, 0x0000, 0x0000, 0x0000, 0x0000, 0x0000, 0x0000, 0x0000, 0x0000,
  0x0000, 0x0000, 0x0000, 0x0000, 0x0000, 0x0000, 0x0000, 0x0000, 0x0000, 0x0000, 0x0000, 0x0000,
  0x0000, 0x0000, 0x0000, 0x0000, 0x0000, 0x0000, 0x0000, 0x0000, 0x0000, 0x0000, 0x0000, 0x0000,
  0x0000, 0x0000, 0x0000, 0x0000, 0x0000, 0x0000, 0x0000, 0x0000, 0x0000, 0x0000, 0x0000, 0x0000,
  0x0000, 0x0000, 0x0000, 0x0000, 0x0000, 0x0000, 0x0000, 0x0000, 0x0000, 0x0000, 0x0000, 0x0000,
  0x0000, 0x0000, 0x0000, 0x0000, 0x0000, 0x0000, 0x0000, 0x0000, 0x0000, 0x0000, 0x0000, 0x0000,
  0x0000, 0x0000, 0x0000, 0x0000, 0x0000, 0x0000, 0x0000, 0x0000, 0x0000, 0x0000, 0x0000, 0x0000,
  0x0000, 0x0000, 0x0000, 0x0000, 0x0000, 0x0000, 0x0000, 0x0000, 0x0000, 0x0000, 0x0000, 0x0000,
  0x0000, 0x0000, 0x0000, 0x0000, 0x0000, 0x0000, 0x0000, 0x0000, 0x0000, 0x0000, 0x0000, 0x0000,
  0x0000, 0x0000, 0x0000, 0x0000, 0x0000, 0x0000, 0x0000, 0x0000, 0x0000, 0x0000, 0x0000, 0x0000,
  0x0000, 0x0000, 0x0000, 0x0000, 0x0000, 0x0000, 0x0000, 0x0000, 0x0000, 0x0000, 0x0000, 0x0000,
  0x0000, 0x0000, 0x0000, 0x0000, 0x0000, 0x0000, 0x0000, 0x0000, 0x0000, 0x0000, 0x0000, 0x0000,
  0x0000, 0x0000, 0x0000, 0x0000, 0x0000, 0x0000, 0x0000, 0x0000, 0x0000, 0x0000, 0x0000, 0x0000,
  0x0000, 0x0000, 0x0000, 0x0000, 0x0000, 0x0000, 0x0000, 0x0000, 0x0000, 0x0000, 0x0000, 0x0000,
  0x0000, 0x0000, 0x0000, 0x0000, 0x0000, 0x0000, 0x0000, 0x0000, 0x0000, 0x0000, 0x0000, 0x0000,
  0x0000, 0x0000, 0x0000, 0x0000, 0x0000, 0x0000, 0x0000, 0x0000, 0x0000, 0x0000, 0x0000, 0x0000,
  0x0000, 0x0000, 0x0000, 0x0000, 0x0000, 0x0000, 0x0000, 0x0000, 0x0000, 0x0000, 0x0000, 0x0000,
  0x0000, 0x0000, 0x0000, 0x0000, 0x0000, 0x0000, 0x0000, 0x0000, 0x0000, 0x0000, 0x0000, 0x0000,
  0x0000, 0x0000, 0x0000, 0x0000, 0x0000, 0x0000, 0x0000, 0x0000, 0x0000, 0x0000, 0x0000, 0x0000,
  0x0000, 0x0000, 0x0000, 0x0000, 0x0000, 0x0000, 0x0000, 0x0000, 0x0000, 0x0000, 0x0000, 0x0000,
  0x0000, 0x0000, 0x0000, 0x0000, 0x0000, 0x0000, 0x0000, 0x0000, 0x0000, 0x0000, 0x0000, 0x0000,
  0x0000, 0x0000, 0x0000, 0x0000, 0x0000, 0x0000, 0x0000, 0x0000, 0x0000, 0x0000, 0x0000, 0x0000,
  0x0000, 0x0000, 0x0000, 0x0000, 0x0000, 0x0000, 0x0000, 0x0000, 0x0000, 0x0000, 0x0000, 0x0000,
  0x0000, 0x0000, 0x0000, 0x0000, 0x0000, 0x0000, 0x0000, 0x0000, 0x0000, 0x0000, 0x0000, 0x0000,
  0x0000, 0x0000, 0x0000, 0x0000, 0x0000, 0x0000, 0x0000, 0x0000, 0x0000, 0x0000, 0x0000, 0x0000,
  0x0000, 0x0000, 0x0000, 0x0000, 0x0000, 0x0000, 0x0000, 0x0000, 0x0000, 0x0000, 0x0000, 0x0000,
  0x0000, 0x0000, 0x0000, 0x0000, 0x0000, 0x0000, 0x0000, 0x0000, 0x0000, 0x0000, 0x0000, 0x0000,
  0x0000, 0x0000, 0x0000, 0x0000, 0x0000, 0x0000, 0x0000, 0x0000, 0x0000, 0x0000, 0x0000, 0x0000,
  0x0000, 0x0000, 0x0000, 0x0000, 0x0000, 0x0000, 0x0000, 0x0000, 0x0000, 0x0000, 0x0000, 0x0000,
  0x0000, 0x0000, 0x0000, 0x0000, 0x0000, 0x0000, 0x0000, 0x0000, 0x0000, 0x0000, 0x0000, 0x0000,
  0x0000, 0x0000, 0x0000, 0x0000, 0x0000, 0x0000, 0x0000, 0x0000, 0x0000, 0x0000, 0x0000, 0x0000,
  0x0000, 0x0000, 0x0000, 0x0000, 0x0000, 0x0000, 0x0000, 0x0000, 0x0000, 0x0000, 0x0000, 0x0000,
  0x0000, 0x0000, 0x0000, 0x0000, 0x0000, 0x0000, 0x0000, 0x0000, 0x0000, 0x0000, 0x0000, 0x0000,
  0x0000, 0x0000, 0x0000, 0x0000, 0x0000, 0x0000, 0x0000, 0x0000, 0x0000, 0x0000, 0x0000, 0x0000,
  0x0000, 0x0000, 0x0000, 0x0000, 0x0000, 0x0000, 0x0000, 0x0000, 0x0000, 0x0000, 0x0000, 0x0000,
  0x0000, 0x0000, 0x0000, 0x0000, 0x0000, 0x0000, 0x0000, 0x0000, 0x0000, 0x0000, 0x0000, 0x0000,
  0x0000, 0x0000, 0x0000, 0x0000, 0x0000, 0x0000, 0x0000, 0x0000, 0x0000, 0x0000, 0x0000, 0x0000,
  0x0000, 0x0000, 0x0000, 0x0000, 0x0000, 0x0000, 0x0000, 0x0000, 0x0000, 0x0000, 0x0000, 0x0000,
  0x0000, 0x0000, 0x0000, 0x0000, 0x0000, 0x0000, 0x0000, 0x0000, 0x0000, 0x0000, 0x0000, 0x0000,
  0x0000, 0x0000, 0x0000, 0x0000, 0x0000, 0x0000, 0x0000, 0x0000, 0x0000, 0x0000, 0x0000, 0x0000,
  0x0000, 0x0000, 0x0000, 0x0000, 0x0000, 0x0000, 0x0000, 0x0000, 0x0000, 0x0000, 0x0000, 0x0000,
  0x0000, 0x0000, 0x0000, 0x0000, 0x0000, 0x0000, 0x0000, 0x0000, 0x0000, 0x0000, 0x0000, 0x0000,
  0x0000, 0x0000, 0x0000, 0x0000, 0x0000, 0x0000, 0x0000, 0x0000, 0x0000, 0x0000, 0x0000, 0x0000,
  0x0000, 0x0000, 0x0000, 0x0000, 0x0000, 0x0000, 0x0000, 0x0000, 0x0000, 0x0000, 0x0000, 0x0000,
  0x0000, 0x0000, 0x0000, 0x0000, 0x0000, 0x0000, 0x0000, 0x0000, 0x0000, 0x0000, 0x0000, 0x0000,
  0x0000, 0x0000, 0x0000, 0x0000, 0x0000, 0x0000, 0x0000, 0x0000, 0x0000, 0x0000, 0x0000, 0x0000,
  0x0000, 0x0000, 0x0000, 0x0000, 0x0000, 0x0000, 0x0000, 0x0000, 0x0000, 0x0000, 0x0000, 0x0000,
  0x0000, 0x0000, 0x0000, 0x0000, 0x0000, 0x0000, 0x0000, 0x0000, 0x0000, 0x0000, 0x0000, 0x0000,
  0x0000, 0x0000, 0x0000, 0x0000, 0x0000, 0x0000, 0x0000, 0x0000, 0x0000, 0x0000, 0x0000, 0x0000,
  0x0000, 0x0000, 0x0000, 0x0000, 0x0000, 0x0000, 0x0000, 0x0000, 0x0000, 0x0000, 0x0000, 0x0000,
  0x0000, 0x0000, 0x0000, 0x0000, 0x0000, 0x0000, 0x0000, 0x0000, 0x0000, 0x0000, 0x0000, 0x0000,
  0x0000, 0x0000, 0x0000, 0x0000, 0x0000, 0x0000, 0x0000, 0x0000, 0x0000, 0x0000, 0x0000, 0x0000,
  0x0000, 0x0000, 0x0000, 0x0000, 0x0000, 0x0000, 0x0000, 0x0000, 0x0000, 0x0000, 0x0000, 0x0000,
  0x0000, 0x0000, 0x0000, 0x0000, 0x0000, 0x0000, 0x0000, 0x0000, 0x0000, 0x0000, 0x0000, 0x0000,
  0x0000, 0x0000, 0x0000, 0x0000, 0x0000, 0x0000, 0x0000, 0x0000, 0x0000, 0x0000, 0x0000, 0x0000,
  0x0000, 0x0000, 0x0000, 0x0000, 0x0000, 0x0000, 0x0000, 0x0000, 0x0000, 0x0000, 0x0000, 0x0000,
  0x0000, 0x0000, 0x0000, 0x0000, 0x0000, 0x0000, 0x0000, 0x0000, 0x0000, 0x0000, 0x0000, 0x0000,
  0x0000, 0x0000, 0x0000, 0x0000, 0x0000, 0x0000, 0x0000, 0x0000, 0x0000, 0x0000, 0x0000, 0x0000,
  0x0000, 0x0000, 0x0000, 0x0000, 0x0000, 0x0000, 0x0000, 0x0000, 0x0000, 0x0000, 0x0000, 0x0000,
  0x0000, 0x0000, 0x0000, 0x0000, 0x0000, 0x0000, 0x0000, 0x0000, 0x0000, 0x0000, 0x0000, 0x0000,
  0x0000, 0x0000, 0x0000, 0x0000, 0x0000, 0x0000, 0x0000, 0x0000, 0x0000, 0x0000, 0x0000, 0x0000,
  0x0000, 0x0000, 0x0000, 0x0000, 0x0000, 0x0000, 0x0000, 0x0000, 0x0000, 0x0000, 0x0000, 0x0000,
  0x0000, 0x0000, 0x0000, 0x0000, 0x0000, 0x0000, 0x0000, 0x0000, 0x0000, 0x0000, 0x0000, 0x0000,
  0x0000, 0x0000, 0x0000, 0x0000, 0x0000, 0x0000, 0x0000, 0x0000, 0x0000, 0x0000, 0x0000, 0x0000,
  0x0000, 0x0000, 0x0000, 0x0000, 0x0000, 0x0000, 0x0000, 0x0000, 0x0000, 0x0000, 0x0000, 0x0000,
  0x0000, 0x0000, 0x0000, 0x0000, 0x0000, 0x0000, 0x0000, 0x0000, 0x0000, 0x0000, 0x0000, 0x0000,
  0x0000, 0x0000, 0x0000, 0x0000, 0x0000, 0x0000, 0x0000, 0x0000, 0x0000, 0x0000, 0x0000, 0x0000,
  0x0000, 0x0000, 0x0000, 0x0000, 0x0000, 0x0000, 0x0000, 0x0000, 0x0000, 0x0000, 0x0000, 0x0000,
  0x0000, 0x0000, 0x0000, 0x0000, 0x0000, 0x0000, 0x0000, 0x0000, 0x0000, 0x0000, 0x0000, 0x0000,
  0x0000, 0x0000, 0x0000, 0x0000, 0x0000, 0x0000, 0x0000, 0x0000, 0x0000, 0x0000, 0x0000, 0x0000,
  0x0000, 0x0000, 0x0000, 0x0000, 0x0000, 0x0000, 0x0000, 0x0000, 0x0000, 0x0000, 0x0000, 0x0000,
  0x0000, 0x0000, 0x0000, 0x0000, 0x0000, 0x0000, 0x0000, 0x0000, 0x0000, 0x0000, 0x0000, 0x0000,
  0x0000, 0x0000, 0x0000, 0x0000, 0x0000, 0x0000, 0x0000, 0x0000, 0x0000, 0x0000, 0x0000, 0x0000,
  0x0000, 0x0000, 0x0000, 0x0000, 0x0000, 0x0000, 0x0000, 0x0000, 0x0000, 0x0000, 0x0000, 0x0000,
  0x0000, 0x0000, 0x0000, 0x0000, 0x0000, 0x0000, 0x0000, 0x0000, 0x0000, 0x0000, 0x0000, 0x0000,
  0x0000, 0x0000, 0x0000, 0x0000, 0x0000, 0x0000, 0x0000, 0x0000, 0x0000, 0x0000, 0x0000, 0x0000,
  0x0000, 0x0000, 0x0000, 0x0000, 0x0000, 0x0000, 0x0000, 0x0000, 0x0000, 0x0000, 0x0000, 0x0000,
  0x0000, 0x0000, 0x0000, 0x0000, 0x0000, 0x0000, 0x0000, 0x0000, 0x0000, 0x0000, 0x0000, 0x0000,
  0x0000, 0x0000, 0x0000, 0x0000, 0x0000, 0x0000, 0x0000, 0x0000, 0x0000, 0x0000, 0x0000, 0x0000,
  0x0000, 0x0000, 0x0000, 0x0000, 0x0000, 0x0000, 0x0000, 0x0000, 0x0000, 0x0000, 0x0000, 0x0000,
  0x0000, 0x0000, 0x0000, 0x0000, 0x0000, 0x0000, 0x0000, 0x0000, 0x0000, 0x0000, 0x0000, 0x0000,
  0x0000, 0x0000, 0x0000, 0x0000, 0x0000, 0x0000, 0x0000, 0x0000, 0x0000, 0x0000, 0x0000, 0x0000,
  0x0000, 0x0000, 0x0000, 0x0000, 0x0000, 0x0000, 0x0000, 0x0000, 0x0000, 0x0000, 0x0000, 0x0000,
  0x0000, 0x0000, 0x0000, 0x0000, 0x0000, 0x0000, 0x0000, 0x0000, 0x0000, 0x0000, 0x0000, 0x0000,
  0x0000, 0x0000, 0x0000, 0x0000, 0x0000, 0x0000, 0x0000, 0x0000, 0x0000, 0x0000, 0x0000, 0x0000,
  0x0000, 0x0000, 0x0000, 0x0000, 0x0000, 0x0000, 0x0000, 0x0000, 0x0000, 0x0000, 0x0000, 0x0000,
  0x0000, 0x0000, 0x0000, 0x0000, 0x0000, 0x0000, 0x0000, 0x0000, 0x0000, 0x0000, 0x0000, 0x0000,
  0x0000, 0x0000, 0x0000, 0x0000, 0x0000, 0x0000, 0x0000, 0x0000, 0x0000, 0x0000, 0x0000, 0x0000,
  0x0000, 0x0000, 0x0000, 0x0000, 0x0000, 0x0000, 0x0000, 0x0000, 0x0000, 0x0000, 0x0000, 0x0000,
  0x0000, 0x0000, 0x0000, 0x0000, 0x0000, 0x0000, 0x0000, 0x0000, 0x0000, 0x0000, 0x0000, 0x0000,
  0x0000, 0x0000, 0x0000, 0x0000, 0x0000, 0x0000, 0x0000, 0x0000, 0x0000, 0x0000, 0x0000, 0x0000,
  0x0000, 0x0000, 0x0000, 0x0000, 0x0000, 0x0000, 0x0000, 0x0000, 0x0000, 0x0000, 0x0000, 0x0000,
  0x0000, 0x0000, 0x0000, 0x0000, 0x0000, 0x0000, 0x0000, 0x0000, 0x0000, 0x0000, 0x0000, 0x0000,
  0x0000, 0x0000, 0x0000, 0x0000, 0x0000, 0x0000, 0x0000, 0x0000, 0x0000, 0x0000, 0x0000, 0x0000,
  0x0000, 0x0000, 0x0000, 0x0000, 0x0000, 0x0000, 0x0000, 0x0000, 0x0000, 0x0000, 0x0000, 0x0000,
  0x0000, 0x0000, 0x0000, 0x0000, 0x0000, 0x0000, 0x0000, 0x0000, 0x0000, 0x0000, 0x0000, 0x0000,
  0x0000, 0x0000, 0x0000, 0x0000, 0x0000, 0x0000, 0x0000, 0x0000, 0x0000, 0x0000, 0x0000, 0x0000,
  0x0000, 0x0000, 0x0000, 0x0000, 0x0000, 0x0000, 0x0000, 0x0000, 0x0000, 0x0000, 0x0000, 0x0000,
  0x0000, 0x0000, 0x0000, 0x0000, 0x0000, 0x0000, 0x0000, 0x0000, 0x0000, 0x0000, 0x0000, 0x0000,
  0x0000, 0x0000, 0x0000, 0x0000, 0x0000, 0x0000, 0x0000, 0x0000, 0x0000, 0x0000, 0x0000, 0x0000,
  0x0000, 0x0000, 0x0000, 0x0000, 0x0000, 0x0000, 0x0000, 0x0000, 0x0000, 0x0000, 0x0000, 0x0000,
  0x0000, 0x0000, 0x0000, 0x0000, 0x0000, 0x0000, 0x0000, 0x0000, 0x0000, 0x0000, 0x0000, 0x0000,
  0x0000, 0x0000, 0x0000, 0x0000, 0x0000, 0x0000, 0x0000, 0x0000, 0x0000, 0x0000, 0x0000, 0x0000,
  0x0000, 0x0000, 0x0000, 0x0000, 0x0000, 0x0000, 0x0000, 0x0000, 0x0000, 0x0000, 0x0000, 0x0000,
  0x0000, 0x0000, 0x0000, 0x0000, 0x0000, 0x0000, 0x0000, 0x0000, 0x0000, 0x0000, 0x0000, 0x0000,
  0x0000, 0x0000, 0x0000, 0x0000, 0x0000, 0x0000, 0x0000, 0x0000, 0x0000, 0x0000, 0x0000, 0x0000,
  0x0000, 0x0000, 0x0000, 0x0000, 0x0000, 0x0000, 0x0000, 0x0000, 0x0000, 0x0000, 0x0000, 0x0000,
  0x0000, 0x0000, 0x0000, 0x0000, 0x0000, 0x0000, 0x0000, 0x0000, 0x0000, 0x0000, 0x0000, 0x0000,
  0x0000, 0x0000, 0x0000, 0x0000, 0x0000, 0x0000, 0x0000, 0x0000, 0x0000, 0x0000, 0x0000, 0x0000,
  0x0000, 0x0000, 0x0000, 0x0000, 0x0000, 0x0000, 0x0000, 0x0000, 0x0000, 0x0000, 0x0000, 0x0000,
  0x0000, 0x0000, 0x0000, 0x0000, 0x0000, 0x0000, 0x0000, 0x0000, 0x0000, 0x0000, 0x0000, 0x0000,
  0x0000, 0x0000, 0x0000, 0x0000, 0x0000, 0x0000, 0x0000, 0x0000, 0x0000, 0x0000, 0x0000, 0x0000,
  0x0000, 0x0000, 0x0000, 0x0000, 0x0000, 0x0000, 0x0000, 0x0000, 0x0000, 0x0000, 0x0000, 0x0000,
  0x0000, 0x0000, 0x0000, 0x0000, 0x0000, 0x0000, 0x0000, 0x0000, 0x0000, 0x0000, 0x0000, 0x0000,
  0x0000, 0x0000, 0x0000, 0x0000, 0x0000, 0x0000, 0x0000, 0x0000, 0x0000, 0x0000, 0x0000, 0x0000,
  0x0000, 0x0000, 0x0000, 0x0000, 0x0000, 0x0000, 0x0000, 0x0000, 0x0000, 0x0000, 0x0000, 0x0000,
  0x0000, 0x0000, 0x0000, 0x0000, 0x0000, 0x0000, 0x0000, 0x0000, 0x0000, 0x0000, 0x0000, 0x0000,
  0x0000, 0x0000, 0x0000, 0x0000, 0x0000, 0x0000, 0x0000, 0x0000, 0x0000, 0x0000, 0x0000, 0x0000,
  0x0000, 0x0000, 0x0000, 0x0000, 0x0000, 0x0000, 0x0000, 0x0000, 0x0000, 0x0000, 0x0000, 0x0000,
  0x0000, 0x0000, 0x0000, 0x0000, 0x0000, 0x0000, 0x0000, 0x0000, 0x0000, 0x0000, 0x0000, 0x0000,
  0x0000, 0x0000, 0x0000, 0x0000, 0x0000, 0x0000, 0x0000, 0x0000, 0x0000, 0x0000, 0x0000, 0x0000,
  0x0000, 0x0000, 0x2000, 0x0000, 0x0000, 0x0000, 0x0000, 0x0000, 0x0000, 0x0000, 0x0000, 0x0000,
  0x0000, 0x0000, 0x0000, 0x0000, 0x0000, 0x0000, 0x0000, 0x0000, 0x0000, 0x0000, 0x0000, 0x0000,
  0x0000, 0x0000, 0x0000, 0x0000, 0x0000, 0x0000, 0x0000, 0x0000, 0x0000, 0x0000, 0x0000, 0x0000,
  0x0000, 0x0000, 0x0000, 0x0000, 0x0000, 0x0000, 0x0000, 0x0000, 0x0000, 0x0000, 0x0000, 0x0000,
  0x0000, 0x0000, 0x0000, 0x0000, 0x0000, 0x0000, 0x0000, 0x0000, 0x0000, 0x0000, 0x0000, 0x0000,
  0x0000, 0x0000, 0x0000, 0x0000, 0x0000, 0x0000, 0x0000, 0x0000, 0x0000, 0x0000, 0x0000, 0x0000,
  0x0000, 0x0000, 0x0000, 0x0000, 0x0000, 0x0000, 0x0000, 0x0000, 0x0000, 0x0000, 0x0000, 0x0000,
  0x0000, 0x0000, 0x0000, 0x0000, 0x0000, 0x0000, 0x0000, 0x0000, 0x0000, 0x0000, 0x0000, 0x0000,
  0x0000, 0x0000, 0x0000, 0x0000, 0x0000, 0x0000, 0x0000, 0x0000, 0x0000, 0x0000, 0x0000, 0x0000,
  0x0000, 0x2000, 0x0000, 0x0000, 0x0000, 0x0000, 0x2108, 0x0108, 0x0108, 0x0008, 0x2000, 0x2000,
  0x2000, 0x0000, 0x0000, 0x0000, 0x0000, 0x0000, 0x0000, 0x0000, 0x0000, 0x0000, 0x0000, 0x0000,
  0x2000, 0x6108, 0x6108, 0x8210, 0x6108, 0x6108, 0x6108, 0x6108, 0x6108, 0x6108, 0x6108, 0x6108,
  0x6108, 0x6108, 0x6108, 0x6108, 0x4108, 0x2000, 0x4108, 0x6108, 0x6108, 0x6108, 0x6108, 0x4108,
  0x2000, 0x0000, 0x0000, 0x0000, 0x0000, 0x0000, 0x0000, 0x0000, 0x0000, 0x0000, 0x0000, 0x0000,
  0x0000, 0x0000, 0x0000, 0x0000, 0x0000, 0x0000, 0x0000, 0x0000, 0x0000, 0x0000, 0x0000, 0x0000,
  0x0000, 0x0000, 0x0000, 0x0000, 0x0000, 0x0000, 0x0000, 0x0000, 0x0000, 0x0000, 0x0000, 0x0000,
  0x0000, 0x0000, 0x0000, 0x0000, 0x0000, 0x0000, 0x0000, 0x0000, 0x0000, 0x0000, 0x0000, 0x0000,
  0x0000, 0x0000, 0x0000, 0x0000, 0x0000, 0x0000, 0x0000, 0x0000, 0x0000, 0x0000, 0x0000, 0x0000,
  0x0000, 0x0000, 0x0000, 0x0000, 0x0000, 0x0000, 0x0000, 0x0000, 0x0000, 0x0000, 0x0000, 0x0000,
  0x2108, 0x8860, 0xab90, 0xcc90, 0x6760, 0x0010, 0x2000, 0x0000, 0x0000, 0x0000, 0x0000, 0x0000,
  0x0000, 0x0000, 0x0000, 0x0000, 0x0000, 0x0000, 0x0000, 0x2000, 0x6108, 0x6108, 0x8210, 0x6108,
  0x4108, 0x6108, 0x8210, 0x4108, 0x4108, 0x2000, 0x2000, 0x4108, 0x8210, 0x8210, 0x6108, 0x4108,
  0x0000, 0x0000, 0x2000, 0x2000, 0x2000, 0x0000, 0x0000, 0x0000, 0x0000, 0x0000, 0x0000, 0x0000,
  0x0000, 0x0000, 0x0000, 0x0000, 0x0000, 0x0000, 0x0000, 0x0000, 0x0000, 0x0000, 0x0000, 0x0000,
  0x0000, 0x0000, 0x0000, 0x0000, 0x0000, 0x0000, 0x0000, 0x0000, 0x0000, 0x0000, 0x0000, 0x0000,
  0x0000, 0x0000, 0x0000, 0x0000, 0x0000, 0x0000, 0x0000, 0x0000, 0x0000, 0x0000, 0x0000, 0x0000,
  0x0000, 0x0000, 0x0000, 0x0000, 0x0000, 0x0000, 0x0000, 0x0000, 0x0000, 0x0000, 0x0000, 0x0000,
  0x0000, 0x0000, 0x0000, 0x0000, 0x0000, 0x0000, 0x0000, 0x0000, 0x0000, 0x0000, 0x0000, 0x0000,
  0x0000, 0x0000, 0x2000, 0x0008, 0x0000, 0x0000, 0x0008, 0x2218, 0xcea8, 0x34f1, 0x75e9, 0xed90,
  0x0108, 0x2000, 0x0100, 0x0000, 0x0000, 0x0000, 0x0000, 0x0000, 0x0000, 0x0000, 0x0000, 0x0000,
  0x0000, 0x0000, 0x0000, 0x2000, 0x6108, 0x6108, 0x6108, 0x6108, 0x6108, 0x6108, 0x2000, 0x0000,
  0x0000, 0x0000, 0x2000, 0x4108, 0x6108, 0x8210, 0x6108, 0x2000, 0x0000, 0x0000, 0x0000, 0x0000,
  0x0000, 0x0000, 0x0000, 0x0000, 0x0000, 0x0000, 0x0000, 0x0000, 0x0000, 0x0000, 0x0000, 0x0000,
  0x0000, 0x0000, 0x0000, 0x0000, 0x0000, 0x0000, 0x0000, 0x0000, 0x0000, 0x0000, 0x0000, 0x0000,
  0x0000, 0x0000, 0x0000, 0x0000, 0x0000, 0x0000, 0x0000, 0x0000, 0x0000, 0x0000, 0x0000, 0x0000,
  0x0000, 0x0000, 0x0000, 0x0000, 0x0000, 0x0000, 0x0000, 0x0000, 0x0000, 0x0000, 0x0000, 0x0000,
  0x0000, 0x0000, 0x0000, 0x0000, 0x0000, 0x0000, 0x0000, 0x0000, 0x0000, 0x0000, 0x0000, 0x0000,
  0x0000, 0x0000, 0x0000, 0x0000, 0x0000, 0x0000, 0x0000, 0x0000, 0x0000, 0x0008, 0x0008, 0x0000,
  0x2100, 0x0100, 0x2210, 0xcda8, 0x54f9, 0x34f1, 0xac98, 0x0110, 0x2000, 0x2100, 0x0000, 0x0000,
  0x0000, 0x0000, 0x0000, 0x0000, 0x0000, 0x0000, 0x0000, 0x0000, 0x0000, 0x0000, 0x0000, 0x2000,
  0x4108, 0x6108, 0x6108, 0x6108, 0x6108, 0x2000, 0x0000, 0x0000, 0x0000, 0x0000, 0x0000, 0x4108,
  0x8210, 0x6108, 0x2000, 0x0000, 0x0000, 0x0000, 0x0000, 0x0000, 0x0000, 0x0000, 0x0000, 0x0000,
  0x0000, 0x0000, 0x0000, 0x0000, 0x0000, 0x0000, 0x0000, 0x0000, 0x0000, 0x0000, 0x0000, 0x0000,
  0x0000, 0x0000, 0x0000, 0x0000, 0x0000, 0x0000, 0x0000, 0x0000, 0x0000, 0x0000, 0x0000, 0x0000,
  0x0000, 0x0000, 0x0000, 0x0000, 0x0000, 0x0000, 0x0000, 0x0000, 0x0000, 0x0000, 0x0000, 0x0000,
  0x0000, 0x0000, 0x0000, 0x0000, 0x0000, 0x0000, 0x0000, 0x0000, 0x0000, 0x0000, 0x0000, 0x0000,
  0x0000, 0x0000, 0x0000, 0x0000, 0x0000, 0x0000, 0x0000, 0x0000, 0x0000, 0x0000, 0x0000, 0x0000,
  0x0000, 0x0000, 0x0000, 0x0000, 0x0000, 0x0000, 0x2218, 0x8540, 0x6758, 0x8870, 0xd2c2, 0x36f3,
  0xd4e9, 0x8ec1, 0x8659, 0x8120, 0x0000, 0x0000, 0x0000, 0x0000, 0x0000, 0x0000, 0x0000, 0x0000,
  0x0000, 0x0000, 0x0000, 0x0000, 0x0000, 0x0000, 0x0000, 0x2000, 0x6108, 0x8210, 0x6108, 0x6108,
  0x6108, 0x2000, 0x0000, 0x0000, 0x0000, 0x2000, 0x6108, 0x8210, 0x8210, 0x4108, 0x0000, 0x0000,
  0x0000, 0x0000, 0x0000, 0x0000, 0x0000, 0x0000, 0x0000, 0x0000, 0x0000, 0x0000, 0x0000, 0x0000,
  0x0000, 0x0000, 0x0000, 0x0000, 0x0000, 0x0000, 0x0000, 0x0000, 0x0000, 0x0000, 0x0000, 0x0000,
  0x0000, 0x0000, 0x0000, 0x0000, 0x0000, 0x0000, 0x0000, 0x0000, 0x0000, 0x0000, 0x0000, 0x0000,
  0x0000, 0x0000, 0x0000, 0x0000, 0x0000, 0x0000, 0x0000, 0x0000, 0x0000, 0x0000, 0x0000, 0x0000,
  0x0000, 0x0000, 0x0000, 0x0000, 0x0000, 0x0000, 0x0000, 0x0000, 0x0000, 0x0000, 0x0000, 0x0000,
  0x0000, 0x0000, 0x0000, 0x0000, 0x0000, 0x0000, 0x0000, 0x0000, 0x0000, 0x0000, 0x0000, 0x0000,
  0x2000, 0x2430, 0x31d9, 0x54f9, 0xf5f1, 0x1bfe, 0xfcfe, 0xd6f9, 0xf2f2, 0xaedc, 0xc659, 0x2108,
  0x0008, 0x0000, 0x0000, 0x0000, 0x0000, 0x0000, 0x0000, 0x0000, 0x0000, 0x0000, 0x0000, 0x0000,
  0x0000, 0x0000, 0x0000, 0x2000, 0x6108, 0x6108, 0x8210, 0x6108, 0x6108, 0x2000, 0x0000, 0x0000,
  0x2000, 0x4108, 0x8210, 0x6108, 0x2000, 0x0000, 0x0000, 0x0000, 0x0000, 0x0000, 0x0000, 0x0000,
  0x0000, 0x0000, 0x0000, 0x0000, 0x0000, 0x0000, 0x0000, 0x0000, 0x0000, 0x0000, 0x0000, 0x0000,
  0x0000, 0x0000, 0x0000, 0x0000, 0x0000, 0x0000, 0x0000, 0x0000, 0x0000, 0x0000, 0x0000, 0x0000,
  0x0000, 0x0000, 0x0000, 0x0000, 0x0000, 0x0000, 0x0000, 0x0000, 0x0000, 0x0000, 0x0000, 0x0000,
  0x0000, 0x0000, 0x0000, 0x0000, 0x0000, 0x0000, 0x0000, 0x0000, 0x0000, 0x0000, 0x0000, 0x0000,
  0x0000, 0x0000, 0x0000, 0x0000, 0x0000, 0x0000, 0x0000, 0x0000, 0x0000, 0x0000, 0x0000, 0x0000,
  0x0000, 0x0000, 0x0000, 0x0000, 0x0000, 0x0000, 0x0000, 0x2000, 0x0320, 0x52e1, 0x54f1, 0xd5f1,
  0xfcf5, 0x9fff, 0x5cfd, 0x37fc, 0xf1ea, 0x6db9, 0xe970, 0x0108, 0x0000, 0x0000, 0x2000, 0x0000,
  0x0000, 0x0000, 0x0000, 0x0000, 0x0000, 0x0000, 0x0000, 0x2000, 0x0000, 0x2000, 0x0000, 0x2000,
  0x4108, 0x8210, 0x6108, 0x6108, 0x4108, 0x2000, 0x2000, 0x4108, 0x6108, 0x8210, 0x6108, 0x2000,
  0x0000, 0x0000, 0x0000, 0x0000, 0x0000, 0x0000, 0x0000, 0x0000, 0x0000, 0x0000, 0x0000, 0x0000,
  0x0000, 0x0000, 0x0000, 0x0000, 0x0000, 0x0000, 0x0000, 0x0000, 0x0000, 0x0000, 0x0000, 0x0000,
  0x0000, 0x0000, 0x0000, 0x0000, 0x0000, 0x0000, 0x0000, 0x0000, 0x0000, 0x0000, 0x0000, 0x0000,
  0x0000, 0x0000, 0x0000, 0x0000, 0x0000, 0x0000, 0x0000, 0x0000, 0x0000, 0x0000, 0x0000, 0x0000,
  0x0000, 0x0000, 0x0000, 0x0000, 0x0000, 0x0000, 0x0000, 0x0000, 0x0000, 0x0000, 0x0000, 0x0000,
  0x0000, 0x0000, 0x0000, 0x0000, 0x0000, 0x0000, 0x0000, 0x0000, 0x0000, 0x0000, 0x0000, 0x0000,
  0x0000, 0x0000, 0x0008, 0x4428, 0x33e9, 0x55e9, 0xd5f9, 0xfcfd, 0xfeff, 0xbfff, 0xbafd, 0x33fa,
  0x95f1, 0x31c9, 0x2110, 0x0008, 0x0000, 0x2000, 0x0000, 0x0000, 0x0000, 0x0000, 0x0000, 0x2000,
  0x4108, 0x6108, 0x6108, 0x4108, 0x6108, 0x2000, 0x2000, 0x2000, 0x4108, 0x8210, 0x6108, 0x8210,
  0x6108, 0x4108, 0x6108, 0x8210, 0x6108, 0x4108, 0x0000, 0x0000, 0x0000, 0x0000, 0x0000, 0x0000,
  0x0000, 0x0000, 0x0000, 0x0000, 0x0000, 0x0000, 0x0000, 0x0000, 0x0000, 0x0000, 0x0000, 0x0000,
  0x0000, 0x0000, 0x0000, 0x0000, 0x0000, 0x0000, 0x0000, 0x0000, 0x0000, 0x0000, 0x0000, 0x0000,
  0x0000, 0x0000, 0x0000, 0x0000, 0x0000, 0x0000, 0x0000, 0x0000, 0x0000, 0x0000, 0x0000, 0x0000,
  0x0000, 0x0000, 0x0000, 0x0000, 0x0000, 0x0000, 0x0000, 0x0000, 0x0000, 0x0000, 0x0000, 0x0000,
  0x0000, 0x0000, 0x0000, 0x0000, 0x0000, 0x0000, 0x0000, 0x0000, 0x0000, 0x0000, 0x0000, 0x0000,
  0x0000, 0x0000, 0x0000, 0x0000, 0x0000, 0x0000, 0x0000, 0x0000, 0x2000, 0x2000, 0x4320, 0x12f1,
  0x34f1, 0xf5f9, 0xfcf5, 0xfeff, 0xbeff, 0xb9f6, 0x51f4, 0x53f2, 0x11d9, 0x2110, 0x0008, 0x0000,
  0x2000, 0x0000, 0x0000, 0x0000, 0x0000, 0x4108, 0x6108, 0x8210, 0x8210, 0x8210, 0x8210, 0x6108,
  0x6108, 0x6108, 0x2000, 0x2000, 0x6108, 0x6108, 0x8210, 0x6108, 0x6108, 0x8210, 0x8210, 0x4108,
  0x2000, 0x0000, 0x0000, 0x0000, 0x0000, 0x0000, 0x0000, 0x0000, 0x0000, 0x0000, 0x0000, 0x0000,
  0x0000, 0x0000, 0x0000, 0x0000, 0x0000, 0x0000, 0x0000, 0x0000, 0x0000, 0x0000, 0x0000, 0x0000,
  0x0000, 0x0000, 0x0000, 0x0000, 0x0000, 0x0000, 0x0000, 0x0000, 0x0000, 0x0000, 0x0000, 0x0000,
  0x0000, 0x0000, 0x0000, 0x0000, 0x0000, 0x0000, 0x0000, 0x0000, 0x0000, 0x0000, 0x0000, 0x0000,
  0x0000, 0x0000, 0x0000, 0x0000, 0x0000, 0x0000, 0x0000, 0x0000, 0x0000, 0x0000, 0x0000, 0x0000,
  0x0000, 0x0000, 0x0000, 0x0000, 0x0000, 0x0000, 0x0000, 0x0000, 0x0000, 0x0000, 0x0000, 0x0000,
  0x0000, 0x0000, 0x0000, 0x0000, 0x2000, 0x4318, 0xcca0, 0x10c1, 0xd4f9, 0x99fc, 0xbcfd, 0xdafe,
  0xb5f5, 0xf1eb, 0x11f2, 0x11d1, 0x2110, 0x0000, 0x0000, 0x2000, 0x0000, 0x0000, 0x2000, 0x4108,
  0x6108, 0x8210, 0x8210, 0x6108, 0x8210, 0x8210, 0x6108, 0x6108, 0x8210, 0x4108, 0x0000, 0x2000,
  0x6108, 0x8210, 0x8210, 0x8210, 0x8210, 0x6108, 0x2000, 0x0000, 0x0000, 0x0000, 0x0000, 0x0000,
  0x0000, 0x0000, 0x0000, 0x0000, 0x0000, 0x0000, 0x0000, 0x0000, 0x0000, 0x0000, 0x0000, 0x0000,
  0x0000, 0x0000, 0x0000, 0x0000, 0x0000, 0x0000, 0x0000, 0x0000, 0x0000, 0x0000, 0x0000, 0x0000,
  0x0000, 0x0000, 0x0000, 0x0000, 0x0000, 0x0000, 0x0000, 0x0000, 0x0000, 0x0000, 0x0000, 0x0000,
  0x0000, 0x0000, 0x0000, 0x0000, 0x0000, 0x0000, 0x0000, 0x0000, 0x0000, 0x0000, 0x0000, 0x0000,
  0x0000, 0x0000, 0x0000, 0x0000, 0x0000, 0x0000, 0x0000, 0x0000, 0x0000, 0x0000, 0x0000, 0x0000,
  0x0000, 0x0000, 0x0000, 0x0000, 0x0000, 0x0000, 0x0000, 0x0000, 0x0000, 0x0000, 0x0008, 0x0000,
  0x0000, 0x2108, 0xa858, 0x31e1, 0x72e9, 0xf1f1, 0x91fc, 0x72f3, 0x72e9, 0x55f1, 0x51d1, 0x2110,
  0x0000, 0x0000, 0x2000, 0x0000, 0x0000, 0x2000, 0x4108, 0x8210, 0x8210, 0x6108, 0x4108, 0x4108,
  0x6108, 0x4108, 0x6108, 0x6108, 0x6108, 0x4108, 0x0000, 0x2000, 0x4108, 0x6108, 0x6108, 0x4108,
  0x2000, 0x0000, 0x0000, 0x0000, 0x0000, 0x0000, 0x0000, 0x0000, 0x0000, 0x0000, 0x0000, 0x0000,
  0x0000, 0x0000, 0x0000, 0x0000, 0x0000, 0x0000, 0x0000, 0x0000, 0x0000, 0x0000, 0x0000, 0x0000,
  0x0000, 0x0000, 0x0000, 0x0000, 0x0000, 0x0000, 0x0000, 0x0000, 0x0000, 0x0000, 0x0000, 0x0000,
  0x0000, 0x0000, 0x0000, 0x0000, 0x0000, 0x0000, 0x0000, 0x0000, 0x0000, 0x0000, 0x0000, 0x0000,
  0x0000, 0x0000, 0x0000, 0x0000, 0x0000, 0x0000, 0x0000, 0x0000, 0x0000, 0x0000, 0x0000, 0x0000,
  0x0000, 0x0000, 0x0000, 0x0000, 0x0000, 0x0000, 0x0000, 0x0000, 0x0000, 0x0000, 0x0000, 0x0000,
  0x0000, 0x0000, 0x0000, 0x0000, 0x0000, 0x2000, 0x0000, 0x0000, 0x2000, 0x4430, 0xca80, 0x4fca,
  0x72fb, 0x10fb, 0x0eba, 0xe978, 0xcb70, 0xe868, 0x4108, 0x0000, 0x0000, 0x2000, 0x0000, 0x0000,
  0x2000, 0x6108, 0x8108, 0x8110, 0x4000, 0x0000, 0x0000, 0x2108, 0x4108, 0x8210, 0x6108, 0x8110,
  0x6110, 0x2000, 0x0000, 0x2000, 0x4108, 0x4108, 0x0000, 0x0000, 0x0000, 0x0000, 0x0000, 0x0000,
  0x0000, 0x0000, 0x0000, 0x0000, 0x0000, 0x0000, 0x0000, 0x0000, 0x0000, 0x0000, 0x0000, 0x0000,
  0x0000, 0x0000, 0x0000, 0x0000, 0x0000, 0x0000, 0x0000, 0x0000, 0x0000, 0x0000, 0x0000, 0x0000,
  0x0000, 0x0000, 0x0000, 0x0000, 0x0000, 0x0000, 0x0000, 0x0000, 0x0000, 0x0000, 0x0000, 0x0000,
  0x0000, 0x0000, 0x0000, 0x0000, 0x0000, 0x0000, 0x0000, 0x0000, 0x0000, 0x0000, 0x0000, 0x0000,
  0x0000, 0x0000, 0x0000, 0x0000, 0x0000, 0x0000, 0x0000, 0x0000, 0x0000, 0x0000, 0x0000, 0x0000,
  0x0000, 0x0000, 0x0000, 0x0000, 0x0000, 0x0000, 0x0000, 0x0000, 0x0000, 0x0000, 0x0000, 0x0000,
  0x0000, 0x0000, 0x0000, 0x2100, 0x0000, 0x6110, 0xe892, 0xaecb, 0x4ec1, 0xcb80, 0x6110, 0x6218,
  0x6210, 0x6108, 0x2008, 0x0000, 0x0000, 0x2000, 0x0008, 0x2008, 0x8210, 0x6108, 0x8110, 0x2210,
  0x6648, 0x8650, 0x2328, 0x0000, 0x4208, 0x8208, 0x8110, 0x8210, 0x4100, 0x0000, 0x0000, 0x0000,
  0x0000, 0x0000, 0x0000, 0x0000, 0x0000, 0x0000, 0x0000, 0x0000, 0x0000, 0x0000, 0x0000, 0x0000,
  0x0000, 0x0000, 0x0000, 0x0000, 0x0000, 0x0000, 0x0000, 0x0000, 0x0000, 0x0000, 0x0000, 0x0000,
  0x0000, 0x0000, 0x0000, 0x0000, 0x0000, 0x0000, 0x0000, 0x0000, 0x0000, 0x0000, 0x0000, 0x0000,
  0x0000, 0x0000, 0x0000, 0x0000, 0x0000, 0x0000, 0x0000, 0x0000, 0x0000, 0x0000, 0x0000, 0x0000,
  0x0000, 0x0000, 0x0000, 0x0000, 0x0000, 0x0000, 0x0000, 0x0000, 0x0000, 0x0000, 0x0000, 0x0000,
  0x0000, 0x0000, 0x0000, 0x0000, 0x0000, 0x0000, 0x0000, 0x0000, 0x0000, 0x0000, 0x0000, 0x0000,
  0x0000, 0x0000, 0x0000, 0x0000, 0x0000, 0x0000, 0x0000, 0x0000, 0x0000, 0x0000, 0x0100, 0x0000,
  0x2008, 0xc220, 0x0329, 0x4428, 0x4420, 0x6108, 0xa210, 0xc200, 0x6108, 0x6110, 0x2108, 0x0000,
  0x2000, 0x2008, 0x2108, 0x8208, 0x8108, 0x8108, 0x2640, 0x10d1, 0x30c9, 0x8760, 0x2100, 0x4100,
  0x6208, 0x6110, 0x8208, 0x2100, 0x0000, 0x0000, 0x0000, 0x0000, 0x0000, 0x0000, 0x0000, 0x0000,
  0x0000, 0x0000, 0x0000, 0x0000, 0x0000, 0x0000, 0x0000, 0x0000, 0x0000, 0x0000, 0x0000, 0x0000,
  0x0000, 0x0000, 0x0000, 0x0000, 0x0000, 0x0000, 0x0000, 0x0000, 0x0000, 0x0000, 0x0000, 0x0000,
  0x0000, 0x0000, 0x0000, 0x0000, 0x0000, 0x0000, 0x0000, 0x0000, 0x0000, 0x0000, 0x0000, 0x0000,
  0x0000, 0x0000, 0x0000, 0x0000, 0x0000, 0x0000, 0x0000, 0x0000, 0x0000, 0x0000, 0x0000, 0x0000,
  0x0000, 0x0000, 0x0000, 0x0000, 0x0000, 0x0000, 0x0000, 0x0000, 0x0000, 0x0000, 0x0000, 0x0000,
  0x0000, 0x0000, 0x0000, 0x0000, 0x0000, 0x0000, 0x0000, 0x0000, 0x0000, 0x0000, 0x0000, 0x0000,
  0x0000, 0x0000, 0x0000, 0x0000, 0x0000, 0x0000, 0x0000, 0x0000, 0x0000, 0x0000, 0x0000, 0x0008,
  0x0110, 0x2210, 0x4210, 0x6108, 0x8210, 0x6108, 0x2000, 0x0000, 0x0000, 0x2000, 0x8108, 0x6110,
  0xa200, 0x6740, 0x52e1, 0x33e9, 0xa868, 0x0108, 0x0108, 0x6108, 0x8110, 0x6110, 0x2008, 0x0000,
  0x0000, 0x0000, 0x0000, 0x0000, 0x0000, 0x0000, 0x0000, 0x0000, 0x0000, 0x0000, 0x0000, 0x0000,
  0x0000, 0x0000, 0x0000, 0x0000, 0x0000, 0x0000, 0x0000, 0x0000, 0x0000, 0x0000, 0x0000, 0x0000,
  0x0000, 0x0000, 0x0000, 0x0000, 0x0000, 0x0000, 0x0000, 0x0000, 0x0000, 0x0000, 0x0000, 0x0000,
  0x0000, 0x0000, 0x0000, 0x0000, 0x0000, 0x0000, 0x0000, 0x0000, 0x0000, 0x0000, 0x0000, 0x0000,
  0x0000, 0x0000, 0x0000, 0x0000, 0x0000, 0x0000, 0x0000, 0x0000, 0x0000, 0x0000, 0x0000, 0x0000,
  0x0000, 0x0000, 0x0000, 0x0000, 0x0000, 0x0000, 0x0000, 0x0000, 0x0000, 0x0000, 0x0000, 0x0000,
  0x0000, 0x0000, 0x0000, 0x0000, 0x0000, 0x0000, 0x0000, 0x0000, 0x0000, 0x0000, 0x0000, 0x0000,
  0x0000, 0x0000, 0x0000, 0x0100, 0x0100, 0x2000, 0x0000, 0x0000, 0x2100, 0x6210, 0x6110, 0x6108,
  0x6108, 0x6108, 0x0000, 0x0000, 0x2000, 0x8328, 0xc970, 0x2c81, 0x2da1, 0x92e1, 0x53e1, 0x0ea1,
  0xaa80, 0x8978, 0x8430, 0x8108, 0x6110, 0x0000, 0x0000, 0x0000, 0x0000, 0x0000, 0x0000, 0x0000,
  0x0000, 0x0000, 0x0000, 0x0000, 0x0000, 0x0000, 0x0000, 0x0000, 0x0000, 0x0000, 0x0000, 0x0000,
  0x0000, 0x0000, 0x0000, 0x0000, 0x0000, 0x0000, 0x0000, 0x0000, 0x0000, 0x0000, 0x0000, 0x0000,
  0x0000, 0x0000, 0x0000, 0x0000, 0x0000, 0x0000, 0x0000, 0x0000, 0x0000, 0x0000, 0x0000, 0x0000,
  0x0000, 0x0000, 0x0000, 0x0000, 0x0000, 0x0000, 0x0000, 0x0000, 0x0000, 0x0000, 0x0000, 0x0000,
  0x0000, 0x0000, 0x0000, 0x0000, 0x0000, 0x0000, 0x0000, 0x0000, 0x0000, 0x0000, 0x0000, 0x0000,
  0x0000, 0x0000, 0x0000, 0x0000, 0x0000, 0x0000, 0x0000, 0x0000, 0x0000, 0x0000, 0x0000, 0x0000,
  0x0000, 0x0000, 0x0000, 0x0000, 0x0000, 0x0000, 0x0000, 0x0000, 0x0000, 0x0000, 0x0000, 0x0100,
  0x2000, 0x0000, 0x0000, 0x0000, 0x4100, 0x6210, 0x6108, 0x8108, 0x8210, 0x4108, 0x2000, 0x2000,
  0x8528, 0x71c1, 0xb5f9, 0x94f9, 0xb4f9, 0xb5e9, 0x75e9, 0x95f9, 0x93e9, 0xc850, 0x6208, 0x6208,
  0x2000, 0x0000, 0x0000, 0x0000, 0x0000, 0x0000, 0x0000, 0x0000, 0x0000, 0x0000, 0x0000, 0x0000,
  0x0000, 0x0000, 0x0000, 0x0000, 0x0000, 0x0000, 0x0000, 0x0000, 0x0000, 0x0000, 0x0000, 0x0000,
  0x0000, 0x0000, 0x0000, 0x0000, 0x0000, 0x0000, 0x0000, 0x0000, 0x0000, 0x0000, 0x0000, 0x0000,
  0x0000, 0x0000, 0x0000, 0x0000, 0x0000, 0x0000, 0x0000, 0x0000, 0x0000, 0x0000, 0x0000, 0x0000,
  0x0000, 0x0000, 0x0000, 0x0000, 0x0000, 0x0000, 0x0000, 0x0000, 0x0000, 0x0000, 0x0000, 0x0000,
  0x0000, 0x0000, 0x0000, 0x0000, 0x0000, 0x0000, 0x0000, 0x0000, 0x0000, 0x0000, 0x0000, 0x0000,
  0x0000, 0x0000, 0x0000, 0x0000, 0x0000, 0x0000, 0x0000, 0x0000, 0x0000, 0x0000, 0x0000, 0x0000,
  0x0000, 0x0000, 0x0000, 0x0000, 0x0000, 0x0000, 0x0000, 0x0000, 0x0000, 0x0000, 0x2000, 0x2100,
  0x6110, 0x6108, 0x8108, 0x6110, 0x6110, 0x6108, 0x4000, 0x4430, 0x2fc9, 0xd5f1, 0xb6f9, 0x95f1,
  0xb4f9, 0x73e9, 0x92d9, 0x90d1, 0xa748, 0x4108, 0x4008, 0x2000, 0x0000, 0x0000, 0x0000, 0x0000,
  0x0000, 0x0000, 0x0000, 0x0000, 0x0000, 0x0000, 0x0000, 0x0000, 0x0000, 0x0000, 0x0000, 0x0000,
  0x0000, 0x0000, 0x0000, 0x0000, 0x0000, 0x0000, 0x0000, 0x0000, 0x0000, 0x0000, 0x0000, 0x0000,
  0x0000, 0x0000, 0x0000, 0x0000, 0x0000, 0x0000, 0x0000, 0x0000, 0x0000, 0x0000, 0x0000, 0x0000,
  0x0000, 0x0000, 0x0000, 0x0000, 0x0000, 0x0000, 0x0000, 0x0000, 0x0000, 0x0000, 0x0000, 0x0000,
  0x0000, 0x0000, 0x0000, 0x0000, 0x0000, 0x0000, 0x0000, 0x0000, 0x0000, 0x0000, 0x0000, 0x0000,
  0x0000, 0x0000, 0x0000, 0x0000, 0x0000, 0x0000, 0x0000, 0x0000, 0x0000, 0x0000, 0x0000, 0x0000,
  0x0000, 0x0000, 0x0000, 0x0000, 0x0000, 0x0000, 0x0000, 0x0000, 0x0000, 0x0000, 0x0000, 0x0000,
  0x0000, 0x0000, 0x0000, 0x0000, 0x2000, 0x4008, 0x6108, 0x8210, 0x6108, 0x6108, 0x8210, 0x6108,
  0x6108, 0x8108, 0x6430, 0x2fc1, 0x95f1, 0xb6f1, 0x95f1, 0xb4f1, 0x2c91, 0xa750, 0xc538, 0x8218,
  0x4008, 0x0000, 0x0000, 0x0000, 0x2000, 0x2000, 0x0008, 0x0000, 0x0000, 0x0008, 0x0000, 0x0000,
  0x0000, 0x0000, 0x0000, 0x0000, 0x0000, 0x0000, 0x0000, 0x0000, 0x0000, 0x0000, 0x0000, 0x0000,
  0x0000, 0x0000, 0x0000, 0x0000, 0x0000, 0x0000, 0x0000, 0x0000, 0x0000, 0x0000, 0x0000, 0x0000,
  0x0000, 0x0000, 0x0000, 0x0000, 0x0000, 0x0000, 0x0000, 0x0000, 0x0000, 0x0000, 0x0000, 0x0000,
  0x0008, 0x0000, 0x0000, 0x0000, 0x0000, 0x0000, 0x0000, 0x0000, 0x0000, 0x0000, 0x0000, 0x0000,
  0x0000, 0x0000, 0x0000, 0x0000, 0x0000, 0x0000, 0x0000, 0x0000, 0x0000, 0x0000, 0x0000, 0x0000,
  0x0000, 0x0000, 0x0000, 0x0000, 0x0000, 0x0000, 0x0000, 0x0000, 0x0000, 0x0000, 0x0000, 0x0000,
  0x0000, 0x0000, 0x0000, 0x0000, 0x0000, 0x0000, 0x0000, 0x0000, 0x0000, 0x0000, 0x0000, 0x2000,
  0x4108, 0x8210, 0x6108, 0x4108, 0x4108, 0x6108, 0x8210, 0x8210, 0x8210, 0x6538, 0xefc0, 0x14f1,
  0x75e9, 0x95f1, 0xb5f9, 0xea70, 0x4318, 0x4108, 0x2000, 0x2000, 0x0000, 0x2000, 0x0000, 0x0000,
  0x2000, 0x0008, 0x0100, 0x0100, 0x2000, 0x0008, 0x0008, 0x0008, 0x0000, 0x0000, 0x0000, 0x0000,
  0x0000, 0x0000, 0x0000, 0x0000, 0x0000, 0x0000, 0x0000, 0x0000, 0x0000, 0x0000, 0x0000, 0x0000,
  0x0000, 0x0000, 0x0000, 0x0000, 0x0000, 0x0000, 0x0000, 0x0000, 0x0000, 0x0000, 0x0000, 0x0000,
  0x0000, 0x0000, 0x2000, 0x0000, 0x2000, 0x0000, 0x2000, 0x0008, 0x0000, 0x0000, 0x0000, 0x0000,
  0x0000, 0x0000, 0x0000, 0x0000, 0x0000, 0x0000, 0x0000, 0x0000, 0x0000, 0x0000, 0x0000, 0x0000,
  0x0000, 0x0000, 0x0000, 0x0000, 0x0000, 0x0000, 0x0000, 0x0000, 0x0000, 0x0000, 0x0000, 0x0000,
  0x0000, 0x0000, 0x0000, 0x0000, 0x0000, 0x0000, 0x0000, 0x0000, 0x0000, 0x0000, 0x0000, 0x0000,
  0x0000, 0x0000, 0x0000, 0x0000, 0x0000, 0x0000, 0x2000, 0x6108, 0x8210, 0x6108, 0x2000, 0x0000,
  0x2000, 0x6108, 0x8210, 0x6210, 0x8538, 0x2da1, 0x70c1, 0x50b9, 0x0fc9, 0xcec0, 0x6650, 0x2108,
  0x0000, 0x0000, 0x0000, 0x0000, 0x2000, 0x0008, 0x0000, 0x2000, 0x0000, 0x2420, 0x4528, 0x6320,
  0x2000, 0x0000, 0x2000, 0x2000, 0x0000, 0x0008, 0x0000, 0x0000, 0x0000, 0x0000, 0x0000, 0x0000,
  0x0000, 0x0000, 0x0000, 0x0000, 0x0000, 0x0000, 0x0000, 0x0000, 0x0000, 0x0000, 0x0000, 0x0000,
  0x0000, 0x0000, 0x0000, 0x0000, 0x0000, 0x0000, 0x0000, 0x0000, 0x0000, 0x0000, 0x2000, 0x0000,
  0x0000, 0x2000, 0x0000, 0x0000, 0x2000, 0x0000, 0x0000, 0x0000, 0x0000, 0x0000, 0x0000, 0x0000,
  0x0000, 0x0000, 0x0000, 0x0000, 0x0000, 0x0000, 0x0000, 0x0000, 0x0000, 0x0000, 0x0000, 0x0000,
  0x0000, 0x0000, 0x0000, 0x0000, 0x0000, 0x0000, 0x0000, 0x0000, 0x0000, 0x0000, 0x0000, 0x0000,
  0x0000, 0x0000, 0x0000, 0x0000, 0x0000, 0x0000, 0x0000, 0x0000, 0x0000, 0x0000, 0x0000, 0x0000,
  0x0000, 0x4108, 0x6108, 0x8210, 0x6108, 0x0000, 0x0000, 0x0000, 0x4108, 0x6108, 0x6108, 0x8110,
  0x8320, 0x8320, 0x2218, 0x0220, 0x4318, 0x2108, 0x0000, 0x0000, 0x0000, 0x0000, 0x0000, 0x0000,
  0x2000, 0x2000, 0x0000, 0x2218, 0x0eb1, 0x11e9, 0xcca8, 0x2220, 0x0008, 0x0008, 0x0000, 0x0000,
  0x0000, 0x0000, 0x0000, 0x0000, 0x0000, 0x0000, 0x0000, 0x0000, 0x0000, 0x0000, 0x0000, 0x0000,
  0x0000, 0x0000, 0x0000, 0x0000, 0x0000, 0x0000, 0x0000, 0x0000, 0x0000, 0x0000, 0x0000, 0x0000,
  0x0000, 0x0000, 0x0000, 0x0000, 0x0008, 0x0000, 0x0000, 0x0000, 0x0000, 0x0000, 0x2000, 0x0000,
  0x0000, 0x0000, 0x0000, 0x0000, 0x0000, 0x0000, 0x0000, 0x0000, 0x0000, 0x0000, 0x0000, 0x0000,
  0x0000, 0x0000, 0x0000, 0x0000, 0x0000, 0x0000, 0x0000, 0x0000, 0x0000, 0x0000, 0x0000, 0x0000,
  0x0000, 0x0000, 0x0000, 0x0000, 0x0000, 0x0000, 0x0000, 0x0000, 0x0000, 0x0000, 0x0000, 0x0000,
  0x0000, 0x0000, 0x0000, 0x0000, 0x0000, 0x0000, 0x0000, 0x0000, 0x4108, 0x6108, 0x8210, 0x4108,
  0x0000, 0x0000, 0x0000, 0x0000, 0x4108, 0x6108, 0x6210, 0x6210, 0x8210, 0x6108, 0x2000, 0x0000,
  0x0000, 0x0000, 0x0000, 0x0000, 0x0000, 0x0000, 0x0000, 0x0000, 0x2000, 0x0000, 0x2210, 0x30c1,
  0x54f1, 0x0eb1, 0x2328, 0x0108, 0x0000, 0x0000, 0x2000, 0x0000, 0x0000, 0x0000, 0x0000, 0x0000,
  0x0000, 0x0000, 0x0000, 0x0000, 0x0000, 0x0000, 0x0000, 0x0000, 0x0000, 0x0000, 0x0000, 0x0000,
  0x0000, 0x0000, 0x0000, 0x0000, 0x0000, 0x0000, 0x0000, 0x0000, 0x0000, 0x0000, 0x0000, 0x0000,
  0x0000, 0x0000, 0x0000, 0x0010, 0x0008, 0x0008, 0x0008, 0x0000, 0x0000, 0x0000, 0x0000, 0x0000,
  0x0000, 0x0000, 0x0000, 0x0000, 0x0000, 0x0000, 0x0000, 0x0000, 0x0000, 0x0000, 0x0000, 0x0000,
  0x0000, 0x0000, 0x0000, 0x0000, 0x0000, 0x0000, 0x0000, 0x0000, 0x0000, 0x0000, 0x0000, 0x0000,
  0x0000, 0x0000, 0x0000, 0x0000, 0x0000, 0x0000, 0x0000, 0x0000, 0x0000, 0x0000, 0x0000, 0x0000,
  0x0000, 0x0000, 0x0000, 0x4108, 0x6108, 0x8210, 0x6108, 0x2000, 0x0000, 0x0000, 0x0000, 0x0000,
  0x4108, 0x6208, 0x4208, 0x6210, 0x8108, 0x2000, 0x0108, 0x0000, 0x0000, 0x0000, 0x0000, 0x0000,
  0x0000, 0x0000, 0x0000, 0x0000, 0x0008, 0x2218, 0xd0d0, 0x34f9, 0x12d1, 0xcc90, 0xca78, 0x8540,
  0x0100, 0x2000, 0x2000, 0x0000, 0x0000, 0x0000, 0x0000, 0x0000, 0x0000, 0x0000, 0x0000, 0x0000,
  0x0000, 0x0000, 0x0000, 0x0000, 0x0000, 0x0000, 0x0000, 0x0000, 0x0000, 0x0000, 0x0000, 0x0000,
  0x0000, 0x0000, 0x0000, 0x0000, 0x0000, 0x0000, 0x2000, 0x0000, 0x2000, 0x2108, 0x8768, 0xeb80,
  0xa968, 0x2218, 0x0000, 0x0000, 0x0000, 0x0000, 0x0000, 0x0000, 0x0000, 0x0000, 0x0000, 0x0000,
  0x0000, 0x0000, 0x0000, 0x0000, 0x0000, 0x0000, 0x0000, 0x0000, 0x0000, 0x0000, 0x0000, 0x0000,
  0x0000, 0x0000, 0x0000, 0x0000, 0x0000, 0x0000, 0x0000, 0x0000, 0x0000, 0x0000, 0x0000, 0x0000,
  0x4108, 0x4108, 0x2000, 0x0000, 0x0000, 0x0000, 0x0000, 0x0000, 0x0000, 0x0000, 0x4108, 0x6108,
  0x8210, 0x6108, 0x6108, 0x0000, 0x0000, 0x2000, 0x2000, 0x4108, 0x6110, 0x8210, 0x6108, 0x6108,
  0x2000, 0x2000, 0x0000, 0x0000, 0x0000, 0x0000, 0x0000, 0x0000, 0x0000, 0x0008, 0x2000, 0x0000,
  0x4208, 0x10c9, 0x55f9, 0x54f1, 0x35f1, 0x33f1, 0xaa80, 0x0100, 0x0000, 0x2000, 0x0000, 0x0000,
  0x0000, 0x0000, 0x0000, 0x0000, 0x0000, 0x0000, 0x0000, 0x0000, 0x0000, 0x0000, 0x0000, 0x0000,
  0x0000, 0x0000, 0x0000, 0x0000, 0x0000, 0x0000, 0x0000, 0x0000, 0x0000, 0x0000, 0x0000, 0x0000,
  0x0000, 0x0008, 0x0010, 0x0000, 0x0110, 0xcdb0, 0x74f1, 0x10c1, 0x6430, 0x0108, 0x2000, 0x0000,
  0x0000, 0x0000, 0x0000, 0x0000, 0x0000, 0x0000, 0x0000, 0x0000, 0x0000, 0x0000, 0x0000, 0x0000,
  0x0000, 0x0000, 0x0000, 0x0000, 0x0000, 0x0000, 0x0000, 0x0000, 0x0000, 0x0000, 0x0000, 0x0000,
  0x0000, 0x0000, 0x0000, 0x0000, 0x0000, 0x0000, 0x4108, 0x6108, 0x8210, 0x6108, 0x4108, 0x2000,
  0x0000, 0x0000, 0x0000, 0x0000, 0x0000, 0x2000, 0x4108, 0x8210, 0x8208, 0x8108, 0x8008, 0x4008,
  0x2108, 0x2100, 0x8208, 0x8208, 0x6210, 0x8210, 0x0000, 0x0008, 0x0000, 0x0000, 0x0000, 0x0000,
  0x0000, 0x0000, 0x0000, 0x0000, 0x0000, 0x0000, 0x0000, 0x2110, 0x10c9, 0x34f1, 0x53f1, 0x34f9,
  0x35f9, 0x8a78, 0x2000, 0x0008, 0x0000, 0x0000, 0x0000, 0x0000, 0x0000, 0x0000, 0x0000, 0x0000,
  0x0000, 0x0000, 0x0000, 0x0000, 0x0000, 0x0000, 0x0000, 0x0000, 0x0000, 0x0000, 0x0000, 0x0000,
  0x0000, 0x0000, 0x0000, 0x0000, 0x0000, 0x0000, 0x0000, 0x0000, 0x2000, 0x2008, 0x2210, 0x2410,
  0x0eb9, 0x74f1, 0x11c9, 0x4430, 0x0000, 0x0000, 0x0000, 0x0000, 0x0000, 0x0000, 0x0000, 0x0000,
  0x0000, 0x0000, 0x0000, 0x0000, 0x0000, 0x0000, 0x0000, 0x0000, 0x0000, 0x0000, 0x0000, 0x0000,
  0x0000, 0x0000, 0x0000, 0x0000, 0x0000, 0x0000, 0x0000, 0x0000, 0x0000, 0x0000, 0x0000, 0x0000,
  0x2000, 0x6108, 0x6108, 0x6108, 0x6108, 0x6108, 0x6108, 0x4108, 0x4108, 0x2000, 0x0000, 0x0000,
  0x0000, 0x4108, 0x6108, 0x6210, 0x8210, 0x6210, 0x6208, 0x6208, 0x6108, 0x8108, 0xa108, 0x6108,
  0x2000, 0x2000, 0x2000, 0x0000, 0x0000, 0x0000, 0x0000, 0x0000, 0x0000, 0x0000, 0x0000, 0x0000,
  0x0000, 0x0000, 0x2110, 0x10c9, 0x35f1, 0x53f1, 0x54f1, 0x75f9, 0xaa78, 0x0000, 0x0000, 0x2000,
  0x0000, 0x0000, 0x0000, 0x0000, 0x0000, 0x0000, 0x0000, 0x0000, 0x0000, 0x0000, 0x0000, 0x0000,
  0x0000, 0x0000, 0x0000, 0x0000, 0x0000, 0x0000, 0x0000, 0x0000, 0x0000, 0x0000, 0x0000, 0x0000,
  0x0000, 0x0000, 0x0000, 0x2100, 0x2648, 0xcda8, 0xefa8, 0x32e1, 0x34f1, 0xf1d0, 0x4430, 0x0000,
  0x0000, 0x0000, 0x0000, 0x0000, 0x0000, 0x0000, 0x0000, 0x0000, 0x0000, 0x0000, 0x0000, 0x0000,
  0x0000, 0x0000, 0x0000, 0x0000, 0x0000, 0x0000, 0x0000, 0x0000, 0x0000, 0x0000, 0x0000, 0x0000,
  0x0000, 0x0000, 0x0000, 0x0000, 0x0000, 0x0000, 0x0000, 0x4108, 0x8210, 0x8210, 0x6108, 0x6108,
  0x8210, 0x8210, 0x6108, 0x6108, 0x4108, 0x4108, 0x2000, 0x0000, 0x0000, 0x2000, 0x6110, 0x8208,
  0x6208, 0x8210, 0x8210, 0x8108, 0x6108, 0x6108, 0x2008, 0x0008, 0x0000, 0x0000, 0x0000, 0x0000,
  0x0000, 0x0000, 0x0000, 0x0000, 0x0000, 0x0000, 0x0000, 0x0000, 0x0000, 0x0110, 0x10c9, 0x34f9,
  0x54f1, 0x34f1, 0x54f9, 0xaa78, 0x0000, 0x0000, 0x0000, 0x0000, 0x0000, 0x0000, 0x0000, 0x0000,
  0x0000, 0x0000, 0x0000, 0x0000, 0x0000, 0x0000, 0x0000, 0x0000, 0x0000, 0x0000, 0x0000, 0x0000,
  0x0000, 0x0000, 0x0000, 0x0000, 0x0000, 0x0000, 0x0000, 0x0000, 0x0000, 0x0000, 0x0100, 0x6968,
  0x33f1, 0x34f1, 0x74f9, 0x34f1, 0xf0c8, 0x4438, 0x0000, 0x0000, 0x0000, 0x0000, 0x0000, 0x0000,
  0x0000, 0x0000, 0x0000, 0x0000, 0x0000, 0x0000, 0x0000, 0x0000, 0x0000, 0x0000, 0x0000, 0x0000,
  0x0000, 0x0000, 0x0000, 0x0000, 0x0000, 0x0000, 0x0000, 0x0000, 0x0000, 0x0000, 0x0000, 0x0000,
  0x0000, 0x0000, 0x2000, 0x6108, 0x8210, 0x6108, 0x4108, 0x4108, 0x6108, 0x8210, 0x8210, 0x6108,
  0x6108, 0x6108, 0x4108, 0x2000, 0x0000, 0x2100, 0x6100, 0x8108, 0xa110, 0x6210, 0x8530, 0x8750,
  0x6638, 0x4108, 0x2000, 0x0008, 0x0000, 0x0000, 0x0000, 0x0000, 0x0000, 0x0000, 0x0000, 0x0000,
  0x0000, 0x0000, 0x0000, 0x0000, 0x0110, 0x10c9, 0x34f9, 0x54f1, 0x55f9, 0x54f9, 0xcda0, 0x6640,
  0x6638, 0x2210, 0x0000, 0x0000, 0x0000, 0x0000, 0x0000, 0x0000, 0x0000, 0x0000, 0x0000, 0x0000,
  0x0000, 0x0000, 0x0000, 0x0000, 0x0000, 0x0000, 0x0000, 0x0000, 0x0000, 0x0000, 0x0000, 0x0000,
  0x0000, 0x0000, 0x0000, 0x0000, 0x0000, 0x0010, 0xa860, 0x53e9, 0x13f9, 0x74f9, 0x54f1, 0xf0c8,
  0x4430, 0x0000, 0x0000, 0x0000, 0x0000, 0x0000, 0x0000, 0x0000, 0x0000, 0x0000, 0x0000, 0x0000,
  0x0000, 0x0000, 0x0000, 0x0000, 0x0000, 0x0000, 0x0000, 0x0000, 0x0000, 0x0000, 0x0000, 0x0000,
  0x0000, 0x0000, 0x0000, 0x0000, 0x0000, 0x0000, 0x0000, 0x0000, 0x0000, 0x0000, 0x4108, 0x6108,
  0x8210, 0x4108, 0x2000, 0x2000, 0x4108, 0x6108, 0x6108, 0x8210, 0x8210, 0x6108, 0x6108, 0x4108,
  0x0008, 0x2008, 0x2008, 0x4000, 0x4100, 0xcb78, 0x32e1, 0x0fb9, 0x4430, 0x0000, 0x0008, 0x2000,
  0x0000, 0x0000, 0x0000, 0x0000, 0x0000, 0x0000, 0x0000, 0x0000, 0x0000, 0x0000, 0x0000, 0x2118,
  0x11c9, 0x35f9, 0x54f1, 0x35f1, 0x34f1, 0x52e9, 0x52e1, 0x10c9, 0x6640, 0x0000, 0x0000, 0x0000,
  0x0000, 0x0000, 0x0000, 0x0000, 0x0000, 0x0000, 0x0000, 0x0000, 0x0000, 0x0000, 0x0000, 0x0000,
  0x0000, 0x0000, 0x0000, 0x0000, 0x0000, 0x0000, 0x0000, 0x0000, 0x0000, 0x0000, 0x0000, 0x0000,
  0x0008, 0x6858, 0x53e9, 0x35f9, 0x75f1, 0x34f1, 0x11c9, 0x4430, 0x0000, 0x0000, 0x0000, 0x0000,
  0x0000, 0x0000, 0x0000, 0x0000, 0x0000, 0x0000, 0x0000, 0x0000, 0x0000, 0x0000, 0x0000, 0x0000,
  0x0000, 0x0000, 0x0000, 0x0000, 0x0000, 0x0000, 0x0000, 0x0000, 0x0000, 0x0000, 0x0000, 0x0000,
  0x0000, 0x0000, 0x0000, 0x0000, 0x0000, 0x2000, 0x6108, 0x8210, 0x6108, 0x2000, 0x0000, 0x0000,
  0x4108, 0x6108, 0x6108, 0x6108, 0x6108, 0x8210, 0x6108, 0xa208, 0x6200, 0x2100, 0x2000, 0x0100,
  0xcc80, 0x34f9, 0xf1d0, 0x4640, 0x0008, 0x0108, 0x2000, 0x2000, 0x0000, 0x0000, 0x0000, 0x0000,
  0x0000, 0x0000, 0x0000, 0x0000, 0x0000, 0x0000, 0x2110, 0x11c9, 0x35f9, 0x74f1, 0x75f1, 0x75f1,
  0x74f9, 0x15f9, 0xf2e0, 0x6648, 0x0000, 0x0000, 0x0000, 0x0000, 0x0000, 0x0000, 0x0000, 0x0000,
  0x0000, 0x0000, 0x0000, 0x0000, 0x0000, 0x0000, 0x0000, 0x0000, 0x0000, 0x0000, 0x0000, 0x0000,
  0x0000, 0x0000, 0x0000, 0x0000, 0x0000, 0x0000, 0x0000, 0x2108, 0x6860, 0x53e9, 0x54f1, 0x54e9,
  0x54e9, 0x10c1, 0x4428, 0x0000, 0x0000, 0x0000, 0x0000, 0x0000, 0x0000, 0x0000, 0x0000, 0x0000,
  0x0000, 0x0000, 0x0000, 0x0000, 0x0000, 0x0000, 0x0000, 0x0000, 0x0000, 0x0000, 0x0000, 0x0000,
  0x0000, 0x0000, 0x0000, 0x0000, 0x0000, 0x0000, 0x0000, 0x0000, 0x0000, 0x0000, 0x0000, 0x0000,
  0x0000, 0x4108, 0x8210, 0x8210, 0x4108, 0x2000, 0x0000, 0x4108, 0x6108, 0x8210, 0x6108, 0x6108,
  0x6108, 0x6108, 0x6210, 0x6310, 0x8538, 0xa968, 0x8970, 0xefb8, 0x54f1, 0x32d9, 0xcc88, 0x6860,
  0x6658, 0x0100, 0x0008, 0x0000, 0x0000, 0x0000, 0x0000, 0x0000, 0x0000, 0x0000, 0x0000, 0x2000,
  0x0000, 0x0110, 0x11c9, 0x54f1, 0x53f1, 0x54f9, 0x34f1, 0x54f1, 0x35f9, 0x33d9, 0x6648, 0x0000,
  0x0000, 0x0000, 0x0000, 0x0000, 0x0000, 0x0000, 0x2000, 0x0000, 0x0000, 0x0000, 0x0000, 0x0000,
  0x0000, 0x0000, 0x0000, 0x0000, 0x0000, 0x0000, 0x0000, 0x0000, 0x0000, 0x0000, 0x0000, 0x0000,
  0x0000, 0x0000, 0x2000, 0x4538, 0xab88, 0xac90, 0x8b90, 0xcb90, 0xa970, 0x2318, 0x0000, 0x0000,
  0x0000, 0x0000, 0x0000, 0x0000, 0x0000, 0x0000, 0x0000, 0x0000, 0x0000, 0x0000, 0x0000, 0x0000,
  0x0000, 0x0000, 0x0000, 0x0000, 0x0000, 0x0000, 0x0000, 0x0000, 0x0000, 0x0000, 0x0000, 0x0000,
  0x0000, 0x0000, 0x0000, 0x0000, 0x0000, 0x0000, 0x0000, 0x0000, 0x2000, 0x6108, 0x6108, 0x6108,
  0x4108, 0x2000, 0x4108, 0x6108, 0x8210, 0x6108, 0x4108, 0x6108, 0x6108, 0x8208, 0x6210, 0xa758,
  0x32d1, 0x73e1, 0x34f1, 0x54f1, 0x33f1, 0x54f1, 0x54e9, 0x0ec1, 0x0210, 0x0008, 0x0000, 0x0000,
  0x0000, 0x0000, 0x0000, 0x0000, 0x0000, 0x0000, 0x2000, 0x0000, 0x0210, 0xf1d0, 0x74f1, 0x54f1,
  0x55f9, 0x34f1, 0x53f1, 0x34f9, 0x32e1, 0x6648, 0x0000, 0x0000, 0x0000, 0x0000, 0x0000, 0x0000,
  0x0000, 0x2000, 0x0000, 0x0000, 0x0000, 0x0008, 0x0000, 0x0000, 0x0000, 0x0000, 0x0000, 0x2000,
  0x0000, 0x0000, 0x0000, 0x0000, 0x0000, 0x0000, 0x0000, 0x0000, 0x0000, 0x0000, 0x0100, 0x0108,
  0x0000, 0x0108, 0x2108, 0x2108, 0x0000, 0x0000, 0x0000, 0x0000, 0x0000, 0x0000, 0x0000, 0x0000,
  0x0000, 0x0000, 0x0000, 0x0000, 0x0000, 0x0000, 0x0000, 0x0000, 0x0000, 0x0000, 0x0000, 0x0000,
  0x0000, 0x0000, 0x0000, 0x0000, 0x0000, 0x0000, 0x0000, 0x0000, 0x0000, 0x0000, 0x0000, 0x0000,
  0x0000, 0x0000, 0x0000, 0x0000, 0x4108, 0x6108, 0x6108, 0x6108, 0x6108, 0x6108, 0x8210, 0x6108,
  0x2000, 0x0000, 0x2000, 0x4108, 0x8100, 0x4108, 0x8758, 0x52d9, 0x53f1, 0x34f9, 0x33e9, 0x33f1,
  0x13e9, 0x33f1, 0xedb0, 0x2210, 0x2000, 0x2000, 0x0000, 0x0000, 0x0000, 0x0000, 0x0000, 0x0000,
  0x0008, 0x0000, 0x0000, 0x4210, 0x11c9, 0x54f9, 0x34f1, 0x54f1, 0x54f1, 0x54f1, 0x54f9, 0x12d9,
  0x6648, 0x0000, 0x0000, 0x0000, 0x0000, 0x0000, 0x0000, 0x0000, 0x0008, 0x0000, 0x0000, 0x2208,
  0x0210, 0x2108, 0x0000, 0x0000, 0x0100, 0x0000, 0x0000, 0x0000, 0x0000, 0x0000, 0x0000, 0x0000,
  0x0000, 0x0000, 0x0000, 0x0000, 0x0000, 0x0000, 0x0000, 0x0000, 0x2008, 0x0008, 0x0000, 0x0000,
  0x0000, 0x0000, 0x0000, 0x0000, 0x0000, 0x0000, 0x0000, 0x0000, 0x0000, 0x0000, 0x0000, 0x0000,
  0x0000, 0x0000, 0x0000, 0x0000, 0x0000, 0x0000, 0x0000, 0x0000, 0x0000, 0x0000, 0x0000, 0x0000,
  0x0000, 0x0000, 0x0000, 0x0000, 0x0000, 0x0000, 0x0000, 0x0000, 0x0000, 0x0000, 0x0000, 0x2000,
  0x6108, 0x8210, 0x6108, 0x6108, 0x8210, 0x6108, 0x4108, 0x0000, 0x0000, 0x0000, 0x0000, 0x0008,
  0x0008, 0x4658, 0x12e1, 0x33f1, 0x75f1, 0x74e9, 0x52d9, 0x8a58, 0x4638, 0x4430, 0x2108, 0x2000,
  0x0000, 0x0000, 0x0000, 0x0000, 0x0000, 0x0000, 0x0000, 0x0000, 0x0000, 0x2000, 0x2210, 0xf0c8,
  0x34f9, 0x55f1, 0x54f1, 0x54f1, 0x54f1, 0x34f9, 0x32d9, 0x6648, 0x0000, 0x0000, 0x0000, 0x0000,
  0x0000, 0x0000, 0x0000, 0x0000, 0x0000, 0x4330, 0xeca8, 0xefc8, 0xc868, 0x2000, 0x2000, 0x4108,
  0x0000, 0x2000, 0x0000, 0x0000, 0x0000, 0x0000, 0x0000, 0x0000, 0x0000, 0x0000, 0x0000, 0x2000,
  0x0000, 0x0000, 0x0000, 0x2000, 0x0000, 0x0000, 0x0000, 0x0000, 0x0000, 0x0000, 0x0000, 0x0000,
  0x0000, 0x0000, 0x0000, 0x0000, 0x0000, 0x0000, 0x0000, 0x0000, 0x0000, 0x0000, 0x0000, 0x0000,
  0x0000, 0x0000, 0x0000, 0x0000, 0x0000, 0x0000, 0x0000, 0x0000, 0x0000, 0x0000, 0x0000, 0x0000,
  0x0000, 0x0000, 0x0000, 0x0000, 0x0000, 0x0000, 0x0000, 0x4108, 0x8210, 0x6108, 0x6108, 0x6108,
  0x4108, 0x0000, 0x0000, 0x0000, 0x0000, 0x0000, 0x4100, 0x4000, 0x8750, 0x32e1, 0x53e9, 0x35f9,
  0x14f9, 0xf1d0, 0x4638, 0x2000, 0x0000, 0x0008, 0x0000, 0x0000, 0x0000, 0x0000, 0x0000, 0x0000,
  0x0000, 0x0000, 0x0000, 0x2000, 0x2100, 0x2218, 0x11c9, 0x54f9, 0x55f1, 0x54f1, 0x54f1, 0x54f1,
  0x34f1, 0x32d9, 0x6648, 0x0000, 0x0000, 0x0000, 0x0000, 0x0000, 0x0000, 0x0000, 0x0000, 0x2000,
  0x6540, 0x30d1, 0x33f9, 0xec80, 0x0100, 0x0000, 0x0000, 0x0000, 0x0000, 0x0000, 0x0000, 0x0000,
  0x0000, 0x0000, 0x0000, 0x0000, 0x0000, 0x0000, 0x0000, 0x0000, 0x0000, 0x0000, 0x0000, 0x0000,
  0x0000, 0x0000, 0x0000, 0x0000, 0x0000, 0x0000, 0x0000, 0x0000, 0x0000, 0x0000, 0x0000, 0x0000,
  0x0000, 0x0000, 0x0000, 0x0000, 0x0000, 0x0000, 0x0000, 0x0000, 0x0000, 0x0000, 0x0000, 0x0000,
  0x0000, 0x0000, 0x0000, 0x0000, 0x0000, 0x0000, 0x0000, 0x0000, 0x0000, 0x0000, 0x0000, 0x0000,
  0x0000, 0x0000, 0x2000, 0x6108, 0x8210, 0x8210, 0x4108, 0x2000, 0x0000, 0x0000, 0x0000, 0x0000,
  0x0000, 0x0000, 0x0008, 0x4548, 0xcea8, 0x2fc1, 0xd0c8, 0xefc0, 0x0da1, 0x4330, 0x0008, 0x2000,
  0x2000, 0x0100, 0x0000, 0x0000, 0x0000, 0x0000, 0x0000, 0x0000, 0x0000, 0x2000, 0x4318, 0x4538,
  0x4650, 0x11d1, 0x53f1, 0x34f1, 0x54f1, 0x54f1, 0x54f1, 0x34f9, 0x12d9, 0x6648, 0x0000, 0x0000,
  0x0000, 0x0000, 0x0000, 0x0000, 0x0000, 0x2330, 0x4538, 0xa968, 0x12e1, 0x34f9, 0xeea0, 0x4638,
  0x4540, 0x0118, 0x0000, 0x2000, 0x2000, 0x0000, 0x0000, 0x0000, 0x0000, 0x0000, 0x0000, 0x0000,
  0x0000, 0x0000, 0x0000, 0x0000, 0x0000, 0x0000, 0x0000, 0x2000, 0x0000, 0x0000, 0x0000, 0x0000,
  0x0000, 0x0000, 0x0000, 0x0000, 0x0000, 0x0000, 0x0000, 0x0000, 0x0000, 0x0000, 0x0000, 0x0000,
  0x0000, 0x0000, 0x0000, 0x0000, 0x0000, 0x0000, 0x0000, 0x0000, 0x0000, 0x0000, 0x0000, 0x2000,
  0x0000, 0x0000, 0x0000, 0x0000, 0x0000, 0x0000, 0x0000, 0x0000, 0x0000, 0x0000, 0x4108, 0x8210,
  0x6108, 0x4108, 0x2000, 0x0000, 0x0000, 0x0000, 0x0000, 0x0000, 0x2000, 0x0008, 0x2110, 0x2420,
  0x4328, 0x2328, 0x6320, 0x4320, 0x2108, 0x2000, 0x0000, 0x0000, 0x0000, 0x0000, 0x0000, 0x0000,
  0x0000, 0x0000, 0x0000, 0x0000, 0x0108, 0xa960, 0x30c9, 0x30d9, 0x34f1, 0x74f9, 0x14f9, 0x34f1,
  0x34f1, 0x54f1, 0x35f9, 0x12d9, 0x6648, 0x0000, 0x0000, 0x0000, 0x0000, 0x0000, 0x0000, 0x0000,
  0xcda8, 0x11d1, 0x12d9, 0x34f1, 0x54e9, 0x33e9, 0xf1d0, 0x0fb9, 0x4540, 0x2000, 0x2000, 0x0000,
  0x0000, 0x0000, 0x0000, 0x0000, 0x0000, 0x0000, 0x0000, 0x0000, 0x0000, 0x0000, 0x0000, 0x0000,
  0x0000, 0x0000, 0x0000, 0x0000, 0x0000, 0x0000, 0x0000, 0x0000, 0x0000, 0x0000, 0x0000, 0x0000,
  0x0000, 0x0000, 0x0000, 0x0000, 0x0000, 0x0000, 0x0000, 0x0000, 0x0000, 0x0000, 0x0000, 0x0000,
  0x0000, 0x0000, 0x0000, 0x0000, 0x0008, 0x0000, 0x0000, 0x0108, 0x0008, 0x0000, 0x0000, 0x0000,
  0x0000, 0x0000, 0x0000, 0x0000, 0x0000, 0x2000, 0x6110, 0x6108, 0x6108, 0x4108, 0x0000, 0x0000,
  0x0000, 0x0000, 0x0000, 0x2000, 0x0000, 0x2000, 0x2100, 0x2000, 0x0000, 0x2000, 0x2000, 0x0008,
  0x4000, 0x0000, 0x0000, 0x2000, 0x0000, 0x2008, 0x0000, 0x2100, 0x0000, 0x2000, 0x2000, 0x0008,
  0xaa78, 0x53e9, 0x54f1, 0x34f9, 0x54e9, 0x55f9, 0x55f1, 0x34f9, 0x73f1, 0x54f1, 0x33d9, 0x8648,
  0x0000, 0x0000, 0x0000, 0x0000, 0x0000, 0x0000, 0x0000, 0x10b9, 0x54f9, 0x36f9, 0x35f9, 0x73e9,
  0x34f9, 0x55f1, 0x52e1, 0x6648, 0x0100, 0x0108, 0x2000, 0x2000, 0x0000, 0x0000, 0x0000, 0x0000,
  0x0000, 0x0000, 0x0000, 0x0000, 0x0000, 0x0000, 0x0000, 0x0000, 0x0000, 0x0000, 0x0000, 0x0000,
  0x0000, 0x0000, 0x0000, 0x0000, 0x0000, 0x0000, 0x0000, 0x0000, 0x0000, 0x0000, 0x0000, 0x0000,
  0x0000, 0x0000, 0x0000, 0x0000, 0x0000, 0x0000, 0x0000, 0x0000, 0x0000, 0x2000, 0x0000, 0x0000,
  0x4430, 0xa970, 0xaa68, 0x6428, 0x2000, 0x0000, 0x4000, 0x0000, 0x0000, 0x0000, 0x0000, 0x0000,
  0x0000, 0x4108, 0x6108, 0x8210, 0x4108, 0x2000, 0x0000, 0x0000, 0x0000, 0x0000, 0x0010, 0x0110,
  0x0008, 0x0000, 0x2000, 0x0000, 0x0000, 0x0000, 0x0008, 0x4000, 0x0000, 0x0000, 0x0000, 0x2000,
  0x0008, 0x0010, 0x8750, 0x8a78, 0x8970, 0x6970, 0xc970, 0xceb0, 0x34f9, 0x55f9, 0x54f9, 0x54e9,
  0x54f1, 0x55f1, 0x15f9, 0x0fc1, 0xcb88, 0xab80, 0x4330, 0x0000, 0x0000, 0x0000, 0x0000, 0x0000,
  0x0000, 0x2000, 0x6980, 0xaa90, 0xeea8, 0x33e9, 0x73f9, 0x33f9, 0x34e9, 0x13e9, 0xac98, 0xa970,
  0x8768, 0x2010, 0x0000, 0x0000, 0x0000, 0x2000, 0x0000, 0x0000, 0x0000, 0x0000, 0x0000, 0x0000,
  0x0000, 0x0000, 0x0000, 0x0000, 0x0000, 0x0000, 0x0000, 0x0000, 0x0000, 0x0000, 0x0000, 0x0000,
  0x0000, 0x0000, 0x0000, 0x0000, 0x0000, 0x0000, 0x0000, 0x0000, 0x0000, 0x0000, 0x0000, 0x0000,
  0x0000, 0x0000, 0x0000, 0x2000, 0x2000, 0x0000, 0x0100, 0x6860, 0x32f1, 0x54e9, 0xa860, 0x0000,
  0x0000, 0x0008, 0x0000, 0x0000, 0x0000, 0x0000, 0x0000, 0x0000, 0x2000, 0x6108, 0x6210, 0x4108,
  0x0000, 0x0000, 0x0000, 0x0000, 0x0000, 0x0000, 0x2000, 0x0000, 0x0000, 0x2000, 0x2000, 0x2000,
  0x2000, 0x0008, 0x4000, 0x2000, 0x0000, 0x0000, 0x2000, 0x0000, 0x2118, 0x0eb1, 0x74f1, 0x54f1,
  0x55f1, 0x73e9, 0x33e9, 0x15f9, 0x55f9, 0x54f1, 0x54e9, 0x54f9, 0x54f9, 0x35f1, 0x8b80, 0x0000,
  0x2108, 0x0000, 0x0000, 0x0000, 0x0000, 0x0000, 0x0000, 0x0000, 0x0000, 0x0100, 0x0000, 0x4548,
  0x11d1, 0x54e9, 0x54f9, 0x75f9, 0x54f9, 0x34f9, 0x54f1, 0x2fd1, 0x2120, 0x0000, 0x0000, 0x0000,
  0x2000, 0x0000, 0x0000, 0x2000, 0x0000, 0x0000, 0x0000, 0x0000, 0x0000, 0x0000, 0x0000, 0x0000,
  0x0000, 0x0000, 0x0000, 0x0000, 0x0000, 0x0000, 0x0000, 0x0000, 0x0000, 0x0000, 0x0000, 0x0000,
  0x0000, 0x0000, 0x0000, 0x0000, 0x0000, 0x0000, 0x0000, 0x0000, 0x0000, 0x0000, 0x0000, 0x0000,
  0x0008, 0x0000, 0x8960, 0x34f1, 0x34f1, 0xaa80, 0x2320, 0x2310, 0x0108, 0x0000, 0x0000, 0x0000,
  0x0000, 0x0000, 0x0000, 0x0000, 0x4108, 0x4108, 0x2000, 0x0000, 0x0000, 0x0000, 0x0000, 0x0000,
  0x0000, 0x2000, 0x2108, 0x2320, 0x2218, 0x0218, 0x2218, 0x2318, 0x0008, 0x2000, 0x2000, 0x0000,
  0x0000, 0x2100, 0x0000, 0x4210, 0xefb8, 0x34f9, 0x34f9, 0x35f9, 0x35f9, 0x54f1, 0x54f1, 0x34f9,
  0x33f1, 0x54f9, 0x33f9, 0x32e1, 0x52d9, 0x8970, 0x0000, 0x2000, 0x0000, 0x0000, 0x0000, 0x0000,
  0x0000, 0x0000, 0x0000, 0x0000, 0x0108, 0x0000, 0x4540, 0x10c9, 0x33d9, 0x33e1, 0x34f1, 0x54f1,
  0x34f9, 0x34f1, 0x11d9, 0x4538, 0x2218, 0x2110, 0x0000, 0x2000, 0x0000, 0x0000, 0x2000, 0x0000,
  0x0000, 0x0000, 0x0000, 0x0000, 0x0000, 0x0000, 0x0000, 0x0000, 0x0000, 0x0000, 0x0000, 0x0000,
  0x0000, 0x0000, 0x0000, 0x0000, 0x0000, 0x0000, 0x0000, 0x0000, 0x0000, 0x0000, 0x0000, 0x0000,
  0x0000, 0x0000, 0x0000, 0x0000, 0x0000, 0x0000, 0x0000, 0x0000, 0x2000, 0xa860, 0x33f1, 0x34f1,
  0x0fc1, 0xeda0, 0xcc80, 0x0318, 0x2000, 0x2000, 0x0000, 0x0000, 0x0000, 0x0000, 0x0000, 0x0000,
  0x0000, 0x0000, 0x0000, 0x0000, 0x0000, 0x0000, 0x0000, 0x0000, 0x0008, 0x6438, 0xcc98, 0xeda0,
  0xada8, 0xeda0, 0xcb88, 0x2328, 0x0000, 0x4000, 0x0000, 0x0000, 0x0008, 0x0000, 0x4210, 0xeeb0,
  0x54f1, 0x54f9, 0x34f9, 0x34f1, 0x74f1, 0x53f1, 0x54f9, 0x54f1, 0x74f9, 0x10c9, 0x8860, 0x8750,
  0x4328, 0x0000, 0x0000, 0x2000, 0x0000, 0x0000, 0x0000, 0x0000, 0x0000, 0x0000, 0x0000, 0x2000,
  0x0000, 0x2318, 0x6748, 0x6758, 0xcda0, 0x34f1, 0x34f9, 0x53f9, 0x54e9, 0x14e9, 0xefa8, 0xeda8,
  0x8658, 0x0108, 0x2000, 0x0000, 0x0000, 0x0000, 0x0000, 0x0000, 0x0000, 0x0000, 0x0000, 0x0000,
  0x0000, 0x0000, 0x0000, 0x0000, 0x0000, 0x0000, 0x0000, 0x0000, 0x0000, 0x0000, 0x0000, 0x0000,
  0x0000, 0x0000, 0x0000, 0x0000, 0x0000, 0x0000, 0x0000, 0x0000, 0x0000, 0x0000, 0x0000, 0x0000,
  0x0000, 0x0000, 0x2000, 0x0000, 0x8868, 0x33f1, 0x54f9, 0x73f1, 0x34f1, 0x11d1, 0x0428, 0x0000,
  0x0000, 0x0000, 0x0000, 0x0000, 0x0000, 0x0000, 0x0000, 0x0000, 0x0000, 0x0000, 0x0000, 0x0000,
  0x0000, 0x0000, 0x2000, 0x0008, 0x8650, 0x51d9, 0x74f1, 0x34f9, 0x53f1, 0x11d1, 0x4440, 0x0000,
  0x2000, 0x0000, 0x0000, 0x0000, 0x0000, 0x2118, 0x0fb1, 0x54f1, 0x74f1, 0x34f9, 0x54f1, 0x54f9,
  0x54f1, 0x54f9, 0x75f1, 0x54f1, 0xefb0, 0x2320, 0x0000, 0x0000, 0x0100, 0x0000, 0x0000, 0x0000,
  0x0000, 0x0000, 0x0000, 0x0000, 0x0000, 0x0000, 0x0008, 0x0000, 0x0000, 0x2000, 0x0008, 0x8870,
  0x54f1, 0x54f1, 0x74f1, 0x74e9, 0x55f1, 0x54f1, 0x53f1, 0xca80, 0x0210, 0x2100, 0x0000, 0x0000,
  0x0000, 0x0000, 0x0000, 0x0000, 0x0000, 0x0000, 0x0000, 0x0000, 0x0000, 0x0000, 0x0000, 0x0000,
  0x0000, 0x0000, 0x0000, 0x0000, 0x0000, 0x0000, 0x0000, 0x0000, 0x0000, 0x0000, 0x0000, 0x0000,
  0x0000, 0x0000, 0x0000, 0x0000, 0x0000, 0x0000, 0x2000, 0x0000, 0x0108, 0x0000, 0x0100, 0x8968,
  0x54f1, 0x14e9, 0x55f1, 0x35f9, 0x31d9, 0x6438, 0x4328, 0x2218, 0x0000, 0x0000, 0x0000, 0x0000,
  0x0000, 0x0000, 0x0000, 0x0000, 0x0000, 0x0000, 0x0000, 0x0000, 0x2000, 0x0000, 0x0100, 0x6758,
  0x11e1, 0x35f1, 0x35f9, 0x74f1, 0x32c9, 0x6530, 0x2008, 0x0000, 0x0008, 0x2000, 0x6210, 0x6318,
  0x0438, 0x0fc1, 0x34f9, 0x54f1, 0x54f9, 0x55f1, 0x34f9, 0x54f9, 0x35f1, 0x55f1, 0xf3f8, 0x0fc1,
  0x4540, 0x4218, 0x0110, 0x2100, 0x2000, 0x0000, 0x0000, 0x0000, 0x0000, 0x0000, 0x0000, 0x0000,
  0x0000, 0x2000, 0x2000, 0x0008, 0x0000, 0x4000, 0x8968, 0x34f9, 0x34f1, 0xf4f8, 0x14f9, 0x54f1,
  0x53f9, 0x35f1, 0xab88, 0x0208, 0x2100, 0x0000, 0x2000, 0x0000, 0x0000, 0x0000, 0x0000, 0x0000,
  0x0000, 0x0000, 0x0000, 0x0000, 0x0000, 0x0000, 0x0000, 0x0000, 0x0000, 0x0000, 0x0000, 0x0000,
  0x0000, 0x0000, 0x0000, 0x0000, 0x0000, 0x0000, 0x0000, 0x0000, 0x0000, 0x0000, 0x0000, 0x0000,
  0x0000, 0x0000, 0x0000, 0x0000, 0x0000, 0x2000, 0xa960, 0x54f1, 0x34f9, 0x54f1, 0x53f1, 0x53f1,
  0xf2e8, 0x32e1, 0xac98, 0x0110, 0x4000, 0x0000, 0x0000, 0x2000, 0x2000, 0x0008, 0x0000, 0x0000,
  0x0000, 0x0000, 0x0000, 0x0000, 0x0008, 0x0000, 0x8750, 0x11e1, 0x75f9, 0x14f9, 0x34f1, 0x11d9,
  0x4438, 0x0000, 0x0000, 0x0108, 0x0010, 0x8a88, 0x33d9, 0x14e9, 0x53e9, 0x74f1, 0x14f1, 0x54f9,
  0x34f1, 0x54f1, 0x54f9, 0x34f1, 0x73f9, 0x54e9, 0x54e9, 0x32e1, 0x33e1, 0x8a78, 0x0000, 0x4000,
  0x0000, 0x0000, 0x0000, 0x4000, 0x2000, 0x0000, 0x0000, 0x0000, 0x0000, 0x2000, 0x2000, 0x0000,
  0x0008, 0xa970, 0x54f1, 0x54f1, 0x54f1, 0x54f1, 0x54f1, 0x54f1, 0x54f1, 0xca88, 0x4108, 0x4000,
  0x0000, 0x0000, 0x2100, 0x0000, 0x0000, 0x0000, 0x0000, 0x0000, 0x0000, 0x0000, 0x0000, 0x0000,
  0x0000, 0x0000, 0x0000, 0x0000, 0x0000, 0x0000, 0x0000, 0x0000, 0x0000, 0x0000, 0x0000, 0x0000,
  0x0000, 0x0000, 0x0000, 0x0000, 0x0000, 0x0000, 0x0000, 0x0000, 0x0000, 0x0000, 0x0000, 0x0000,
  0x0000, 0x8860, 0x32e9, 0x14f1, 0x54f1, 0x54f1, 0x53f1, 0x33f1, 0x73e9, 0xcda0, 0x2110, 0x0000,
  0x0000, 0x0008, 0x2000, 0x0000, 0x2000, 0x0000, 0x0000, 0x2000, 0x0108, 0x0108, 0x2000, 0x2100,
  0x0108, 0x6858, 0x31d9, 0x75f1, 0x34f9, 0x54f1, 0x11d1, 0x4430, 0x0100, 0x0000, 0x0200, 0x2110,
  0xcc90, 0x54e9, 0x34f9, 0x34f9, 0x55f9, 0x34f1, 0x73f1, 0x74f9, 0x54f1, 0x54f1, 0x53f1, 0x53f9,
  0x33f1, 0x34f9, 0x54f1, 0x54e9, 0xca78, 0x2000, 0x0000, 0x0108, 0x0008, 0x0000, 0x0000, 0x0008,
  0x0000, 0x0000, 0x2000, 0x0008, 0x0000, 0x0000, 0x0000, 0x0000, 0x6970, 0x34f1, 0x54f1, 0x54f1,
  0x54f1, 0x54f1, 0x54f1, 0x34f1, 0xab90, 0x0210, 0x0000, 0x0008, 0x0000, 0x0000, 0x0000, 0x0000,
  0x0000, 0x0000, 0x0000, 0x0000, 0x0000, 0x0000, 0x0000, 0x0000, 0x0000, 0x0000, 0x0000, 0x0000,
  0x0000, 0x0000, 0x0000, 0x0000, 0x0000, 0x0000, 0x0000, 0x0000, 0x0000, 0x0000, 0x0000, 0x0000,
  0x0000, 0x0000, 0x0000, 0x0000, 0x0000, 0x0000, 0x0000, 0x0008, 0x6538, 0xca80, 0xab90, 0xab88,
  0xab88, 0xab90, 0xab90, 0xcb88, 0x8860, 0x2110, 0x2100, 0x0000, 0x2000, 0x0000, 0x0000, 0x2000,
  0x0008, 0x0000, 0x2000, 0x6538, 0x8968, 0xa868, 0xa968, 0x6970, 0xcd98, 0x52e1, 0x74e9, 0x34f9,
  0x54f1, 0x11d1, 0x6530, 0x2100, 0x0218, 0x8860, 0xa870, 0x0fb9, 0x54e9, 0x34f9, 0x54f1, 0x55f1,
  0x55f1, 0x73e9, 0x54f1, 0x14f2, 0xf3fa, 0xd2fa, 0xb3f1, 0x54f1, 0x35f9, 0x15f9, 0x34f1, 0x0da9,
  0x8868, 0x6860, 0x4320, 0x0000, 0x0000, 0x0000, 0x0000, 0x0000, 0x2000, 0x0000, 0x2000, 0x0000,
  0x0000, 0x2000, 0x0000, 0x8970, 0x54f1, 0x54f1, 0x54f1, 0x54f1, 0x54f1, 0x34f1, 0x34f1, 0x0fb1,
  0x8970, 0x8868, 0x4328, 0x0000, 0x0000, 0x0000, 0x0000, 0x0000, 0x0000, 0x0000, 0x0000, 0x0000,
  0x0000, 0x0000, 0x0000, 0x0000, 0x0000, 0x0000, 0x0000, 0x0000, 0x0000, 0x0000, 0x0000, 0x0000,
  0x0000, 0x0000, 0x0000, 0x0000, 0x0000, 0x0000, 0x0000, 0x0000, 0x0000, 0x0000, 0x0000, 0x2000,
  0x0000, 0x0000, 0x0000, 0x2108, 0x2210, 0x2210, 0x2108, 0x2108, 0x2210, 0x2110, 0x2108, 0x2108,
  0x0008, 0x0008, 0x0008, 0x4000, 0x0000, 0x0000, 0x2000, 0x0000, 0x0000, 0x2108, 0xca78, 0x52e1,
  0x52e9, 0x32e9, 0x12f1, 0x33f1, 0x54f1, 0x54f1, 0x34f9, 0x54f9, 0x11d1, 0x6430, 0x0000, 0x6430,
  0x31d9, 0x33e9, 0x33f1, 0x35f9, 0x35f9, 0x74f1, 0x34f9, 0x35f9, 0x14f1, 0x53f1, 0x11fb, 0xcffc,
  0x90fc, 0xf3f1, 0x74f1, 0x55f1, 0x34f9, 0x54f9, 0x32e9, 0x13e9, 0x11d9, 0x6550, 0x2000, 0x2008,
  0x0000, 0x0000, 0x0000, 0x0000, 0x0000, 0x2000, 0x0000, 0x0000, 0x0008, 0x0000, 0x8968, 0x54f1,
  0x54f1, 0x54f1, 0x54f1, 0x54f1, 0x54f1, 0x54f1, 0x53e9, 0x12e9, 0x11e1, 0x8750, 0x0000, 0x0000,
  0x0000, 0x0000, 0x0000, 0x0000, 0x0000, 0x0000, 0x0000, 0x0000, 0x0000, 0x0000, 0x0000, 0x0000,
  0x0000, 0x0000, 0x0000, 0x0000, 0x0000, 0x0000, 0x0000, 0x0000, 0x0000, 0x0000, 0x0000, 0x0000,
  0x0000, 0x0000, 0x0000, 0x0000, 0x0000, 0x0000, 0x0000, 0x0000, 0x0000, 0x0000, 0x0000, 0x0008,
  0x0000, 0x0000, 0x0000, 0x0000, 0x2008, 0x0000, 0x0000, 0x4000, 0x2000, 0x0110, 0x0108, 0x0108,
  0x2000, 0x2000, 0x0000, 0x0008, 0x0218, 0x8c98, 0x14f9, 0x35f9, 0x74e9, 0x54f1, 0x34f9, 0x14f9,
  0x35f9, 0x34f9, 0x54f1, 0x30d1, 0x4438, 0x0008, 0x6438, 0x12e9, 0x55f9, 0x54f9, 0x34f9, 0x34f1,
  0x73f1, 0x33f9, 0x54f9, 0x73f1, 0x55f1, 0x12f3, 0x0fed, 0xeff4, 0xf4f9, 0x54f9, 0x53f1, 0x53f1,
  0x54f1, 0x34f1, 0x55f9, 0x32d9, 0x6648, 0x0000, 0x2108, 0x0008, 0x2208, 0x2100, 0x0000, 0x2000,
  0x0108, 0x0000, 0x0100, 0x0100, 0x0100, 0xa968, 0x33e9, 0x54f1, 0x54f1, 0x54f1, 0x54f1, 0x54f1,
  0x54f1, 0x34f9, 0x35f9, 0x53f1, 0x8860, 0x0000, 0x0000, 0x0000, 0x0000, 0x0000, 0x0000, 0x0000,
  0x0000, 0x0000, 0x0000, 0x0000, 0x0000, 0x0000, 0x0000, 0x0000, 0x0000, 0x0000, 0x0000, 0x0000,
  0x0000, 0x0000, 0x0000, 0x0000, 0x0000, 0x0000, 0x0000, 0x0000, 0x0000, 0x0000, 0x0000, 0x0000,
  0x0000, 0x0000, 0x0008, 0x0000, 0x0000, 0x0000, 0x0010, 0x0100, 0x0100, 0x0100, 0x0000, 0x2100,
  0x0000, 0x0000, 0x0000, 0x2000, 0x6768, 0x2ea9, 0xec90, 0x6328, 0x4000, 0x2000, 0x2000, 0x0110,
  0xab88, 0x54e1, 0x14f1, 0x55e9, 0x74e9, 0x54f1, 0x54f9, 0x55f9, 0x54f1, 0x34f1, 0xf3e8, 0x0fb9,
  0xefb0, 0x50b9, 0x14f9, 0xf4f8, 0x55f1, 0x74f1, 0x73f1, 0x74f1, 0x55f1, 0x33fa, 0xb0f3, 0x10f4,
  0x50fc, 0x0ffd, 0xb0fc, 0xf4f9, 0x54f9, 0x53f1, 0x54f1, 0x55f9, 0x14f9, 0x54e9, 0x53e1, 0xf0c8,
  0xeeb8, 0x0ea9, 0xeda8, 0xcca0, 0x6750, 0x0108, 0x0000, 0xab88, 0xeda8, 0x0ea9, 0xeea0, 0xeda8,
  0x10c9, 0x34f9, 0x54f1, 0x54f1, 0x54f1, 0x54f1, 0x34f1, 0x34f1, 0x34f1, 0x35f9, 0x53e1, 0x8858,
  0x0000, 0x0000, 0x0000, 0x0000, 0x0000, 0x0000, 0x0000, 0x0000, 0x0000, 0x0000, 0x0000, 0x0000,
  0x0000, 0x0000, 0x0000, 0x0000, 0x0000, 0x0000, 0x0000, 0x0000, 0x0000, 0x0000, 0x0000, 0x0000,
  0x0000, 0x0000, 0x0000, 0x0000, 0x0000, 0x0000, 0x0000, 0x0000, 0x0000, 0x0000, 0x0000, 0x0000,
  0x0000, 0x2000, 0x2000, 0x0000, 0x0000, 0x0000, 0x2000, 0x0000, 0x2000, 0x0008, 0x2108, 0xab98,
  0x74f9, 0x11d1, 0x4438, 0x0008, 0x0000, 0x2000, 0x0110, 0xab88, 0x74e9, 0x34f9, 0x34f9, 0x54f1,
  0x54f1, 0x54f9, 0x54f1, 0x54e9, 0x54f1, 0x54f1, 0x74f9, 0x34f9, 0x54f1, 0x54f1, 0x73f1, 0x54f1,
  0x54f1, 0x53f9, 0x34f9, 0x35f1, 0x72fa, 0xcefc, 0x30f5, 0xf0fc, 0x2ffd, 0xcffc, 0x12f2, 0x35f9,
  0x34f9, 0x34f1, 0x34f1, 0x14f9, 0x74f1, 0x54f1, 0x34f9, 0x34f9, 0x54f1, 0x75f9, 0x33f1, 0xab88,
  0x0108, 0x0008, 0x10b9, 0x53f9, 0x54f9, 0x54f9, 0x53f9, 0x54f1, 0x54f1, 0x34f1, 0x54f1, 0x34f1,
  0x34f1, 0x54f1, 0x54f1, 0x74e9, 0x55f9, 0x33e9, 0x8750, 0x2000, 0x0000, 0x0000, 0x0000, 0x0000,
  0x0000, 0x0000, 0x0000, 0x0000, 0x0000, 0x0000, 0x0000, 0x0000, 0x0000, 0x0000, 0x0000, 0x0000,
  0x0000, 0x0000, 0x0000, 0x0000, 0x0000, 0x0000, 0x0000, 0x0000, 0x0000, 0x0000, 0x0000, 0x0000,
  0x0000, 0x0000, 0x0000, 0x0000, 0x0000, 0x0000, 0x0000, 0x0000, 0x0000, 0x2000, 0x0000, 0x0008,
  0x0000, 0x0000, 0x0000, 0x2310, 0x4438, 0x4638, 0xeeb8, 0x55f1, 0x12d1, 0x4438, 0x0000, 0x2000,
  0x0000, 0x2110, 0xcb88, 0x33f1, 0x54f1, 0x54f1, 0x34f1, 0x34f1, 0x54f1, 0x54f1, 0x54f1, 0x54f1,
  0x54f1, 0x34f1, 0x54f1, 0x54f9, 0x54f1, 0x54f1, 0x54f1, 0x34f1, 0x35f9, 0x34f9, 0x54f1, 0x72fa,
  0xf0fc, 0x0ffd, 0x0ffd, 0x0ffd, 0xcffc, 0x13fa, 0x34f1, 0x54f1, 0x54f1, 0x54f1, 0x34f9, 0x53f1,
  0x34f9, 0x34f9, 0x34f1, 0x33f9, 0x55f1, 0x33f1, 0xab80, 0x2108, 0x0008, 0x0fc1, 0x55f9, 0x34f1,
  0x54f1, 0x54f1, 0x55f1, 0x54f1, 0x54f1, 0x54f1, 0x34f1, 0x55f9, 0x54f1, 0x54f1, 0x53f1, 0x55f9,
  0x33e9, 0x8758, 0x0000, 0x0000, 0x2000, 0x0000, 0x0000, 0x0000, 0x0000, 0x0000, 0x0000, 0x0000,
  0x0000, 0x0000, 0x0000, 0x0000, 0x0000, 0x0000, 0x0000, 0x0000, 0x0000, 0x0000, 0x0000, 0x0000,
  0x0000, 0x0000, 0x0000, 0x0000, 0x0000, 0x0000, 0x0000, 0x0000, 0x0000, 0x0000, 0x0000, 0x0000,
  0x0000, 0x0000, 0x0000, 0x0000, 0x2000, 0x0008, 0x0008, 0x0000, 0x0000, 0x2008, 0x4648, 0x0fc9,
  0x31c1, 0x33e9, 0x34f1, 0x11d1, 0x6538, 0x0000, 0x2000, 0x0008, 0x0110, 0xaa88, 0x33e9, 0x74f9,
  0x54f1, 0x54f1, 0x54f1, 0x54f1, 0x34f1, 0x34f1, 0x54f1, 0x54f1, 0x54f1, 0x54f1, 0x54f1, 0x54f1,
  0x54f1, 0x54f9, 0x34f1, 0x35f9, 0x34f9, 0x54f1, 0x72fa, 0xeffc, 0xf0f4, 0x0ffd, 0x0ffd, 0xaffc,
  0x12fa, 0x53f1, 0x54f9, 0x54f1, 0x54f1, 0x34f9, 0x54f1, 0x54f1, 0x34f1, 0x34f1, 0x33f9, 0x55f1,
  0x33f1, 0xaa80, 0x0108, 0x0000, 0x0fc1, 0x54f9, 0x54f1, 0x34f9, 0x54f1, 0x34f9, 0x54f1, 0x34f1,
  0x34f1, 0x34f1, 0x54f1, 0x54f1, 0x54f1, 0x35f9, 0x36f9, 0x33e9, 0x6758, 0x0000, 0x0000, 0x2000,
  0x0000, 0x0000, 0x0000, 0x0000, 0x0000, 0x0000, 0x0000, 0x0000, 0x0000, 0x0000, 0x0000, 0x0000,
  0x0000, 0x0000, 0x0000, 0x0000, 0x0000, 0x0000, 0x0000, 0x0000, 0x0000, 0x0000, 0x0000, 0x0000,
  0x0000, 0x0000, 0x0000, 0x0000, 0x0000, 0x0000, 0x0000, 0x0000, 0x0000, 0x0000, 0x0000, 0x2100,
  0x0000, 0x4100, 0x4000, 0x0000, 0x0000, 0x6648, 0x32e9, 0x55f9, 0x34f9, 0x34f1, 0x11d1, 0x4438,
  0x0008, 0x4000, 0x0000, 0x2110, 0xcb90, 0x33f1, 0x13f1, 0x34f1, 0x34f1, 0x54f1, 0x54f1, 0x54f1,
  0x54f1, 0x54f1, 0x54f1, 0x34f1, 0x54f1, 0x54f1, 0x54f1, 0x54f1, 0x53f1, 0x74e9, 0x34f1, 0x34f9,
  0x35f9, 0x73fa, 0xf0f4, 0x2ffd, 0x0ffd, 0x10fd, 0x90fc, 0x13fa, 0x33f1, 0x15f9, 0x34f1, 0x54f1,
  0x34f1, 0x54f1, 0x53f1, 0x54f1, 0x54f1, 0x34f9, 0x55f1, 0x33f1, 0xaa80, 0x0108, 0x0008, 0x0fc1,
  0x54f9, 0x54f1, 0x33f9, 0x54f1, 0x34f9, 0x34f1, 0x34f1, 0x54f9, 0x54f9, 0x54f1, 0x54f1, 0x74f1,
  0x34f1, 0x75f1, 0x52e9, 0x6758, 0x0000, 0x2000, 0x0008, 0x0000, 0x0000, 0x0000, 0x0000, 0x0000,
  0x0000, 0x0000, 0x0000, 0x0000, 0x0000, 0x0000, 0x0000, 0x0000, 0x0000, 0x0000, 0x0000, 0x0000,
  0x0000, 0x0000, 0x0000, 0x0000, 0x0000, 0x0000, 0x0000, 0x0000, 0x0000, 0x0000, 0x0000, 0x0000,
  0x0000, 0x0000, 0x0000, 0x0000, 0x0000, 0x0000, 0x0000, 0x0000, 0x0000, 0x0110, 0x4660, 0x6860,
  0xcb88, 0x53e1, 0x54f9, 0x53f1, 0x75f9, 0x32d1, 0x6538, 0x0008, 0x2310, 0x4758, 0x4860, 0xefb0,
  0x55f1, 0x55f9, 0x34f1, 0x34f1, 0x54f1, 0x54f1, 0x54f1, 0x54f1, 0x54f1, 0x54f1, 0x34f1, 0x54f1,
  0x54f1, 0x34f1, 0x54f9, 0x34f9, 0x55f1, 0x74e9, 0x52f2, 0x91f2, 0x71f3, 0x10f5, 0xeffc, 0xeffc,
  0xeffc, 0xaff4, 0x31f3, 0xb0ea, 0x33fa, 0x74f1, 0x54f1, 0x53f1, 0x35f9, 0x53f1, 0x54f1, 0x55f1,
  0x34f9, 0x55f1, 0x33e9, 0xaa80, 0x0108, 0x0008, 0xefc0, 0x54f9, 0x54f1, 0x54f9, 0x54f1, 0x34f9,
  0x54f1, 0x54f1, 0x34f1, 0x34f1, 0x34f9, 0x34f9, 0x34f9, 0x10d1, 0xeda8, 0xcba0, 0x4540, 0x0000,
  0x2000, 0x0000, 0x0000, 0x0000, 0x0000, 0x0000, 0x0000, 0x0000, 0x0000, 0x0000, 0x0000, 0x0000,
  0x0000, 0x0000, 0x0000, 0x0000, 0x0000, 0x0000, 0x0000, 0x0000, 0x0000, 0x0000, 0x0000, 0x0000,
  0x0000, 0x0000, 0x0000, 0x0000, 0x0000, 0x0000, 0x0000, 0x0000, 0x0000, 0x0000, 0x0000, 0x0000,
  0x0000, 0x2000, 0x4000, 0x0008, 0x2438, 0x31d1, 0x74e9, 0x54e9, 0x74f1, 0x34f9, 0x52e9, 0x54f9,
  0x11d1, 0x4438, 0x0000, 0xa748, 0x73f9, 0x53f1, 0x74e9, 0x55e9, 0x14f1, 0x54f1, 0x54f1, 0x54f1,
  0x54f1, 0x54f1, 0x54f1, 0x54f1, 0x54f1, 0x34f1, 0x54f1, 0x54f1, 0x34f1, 0x34f9, 0x13f9, 0x15f9,
  0xd3f1, 0x10fc, 0x0efd, 0xeefc, 0x2ff5, 0xf0fc, 0xf0fc, 0x2ffd, 0x4ff5, 0xf0fc, 0x0ef5, 0xf1fb,
  0x94f9, 0x54f1, 0x53f1, 0x15f9, 0x53f1, 0x53f1, 0x34f1, 0x33f9, 0x55f1, 0x33f1, 0xaa80, 0x0108,
  0x0008, 0xefc0, 0x54f9, 0x54f1, 0x54f9, 0x54f1, 0x34f9, 0x54f1, 0x54f1, 0x54f1, 0x54f1, 0x34f1,
  0x54f9, 0x54f9, 0xcb80, 0x0210, 0x0008, 0x2100, 0x2000, 0x0000, 0x0000, 0x0000, 0x0000, 0x0000,
  0x0000, 0x0000, 0x0000, 0x0000, 0x0000, 0x0000, 0x0000, 0x0000, 0x0000, 0x0000, 0x0000, 0x0000,
  0x0000, 0x0000, 0x0000, 0x0000, 0x0000, 0x0000, 0x0000, 0x0000, 0x0000, 0x0000, 0x0000, 0x0000,
  0x0000, 0x0000, 0x0000, 0x0000, 0x0000, 0x0000, 0x0000, 0x0000, 0x0000, 0x0108, 0x0110, 0x4538,
  0x12d9, 0x55e9, 0x34f9, 0x34f1, 0x56f1, 0x73e1, 0x32e9, 0x10c9, 0x4538, 0x0000, 0x8740, 0x54f9,
  0x14f9, 0x35f1, 0x55f1, 0x54f9, 0x54f1, 0x54f1, 0x54f1, 0x34f1, 0x34f1, 0x34f1, 0x54f1, 0x54f9,
  0x54f1, 0x54f1, 0x54f1, 0x34f9, 0x34f9, 0x74f1, 0x75f1, 0xd2e9, 0x10fc, 0x30fd, 0x10fd, 0x2efd,
  0x0efd, 0x0ff5, 0xeffc, 0xeffc, 0xf1fc, 0x2df5, 0xf1fb, 0xb3f1, 0x54f1, 0x52e9, 0x36f9, 0x54f1,
  0x54f1, 0x35f1, 0x33f9, 0x55f1, 0x33f1, 0xaa80, 0x2108, 0x0008, 0xefc0, 0x54f9, 0x54f1, 0x54f9,
  0x55f1, 0x55f1, 0x54f1, 0x54f1, 0x33e9, 0x33e9, 0x32e1, 0x33e9, 0x32e1, 0xaa78, 0x0110, 0x2000,
  0x2100, 0x0000, 0x0000, 0x2000, 0x0000, 0x0000, 0x0000, 0x0000, 0x0000, 0x0000, 0x0000, 0x0000,
  0x0000, 0x0000, 0x0000, 0x0000, 0x0000, 0x0000, 0x0000, 0x0000, 0x0000, 0x0000, 0x0000, 0x0000,
  0x0000, 0x0000, 0x0000, 0x0000, 0x0000, 0x0000, 0x0000, 0x0000, 0x0000, 0x0000, 0x2000, 0x0000,
  0x0000, 0x2000, 0x0000, 0x0108, 0x8860, 0xed98, 0x0fa9, 0x53e9, 0x53f1, 0x34f9, 0x34f9, 0x54f1,
  0xcd90, 0x6750, 0x4650, 0x0218, 0x0000, 0x6748, 0x54f1, 0x34f1, 0x55f9, 0x35f9, 0x54f9, 0x54f1,
  0x54f1, 0x34f9, 0x35f9, 0x54f9, 0x34f9, 0x35f9, 0x54f9, 0x53f1, 0x54f1, 0x74f1, 0x33f1, 0x73f9,
  0xb2f2, 0xb2fb, 0xd0fb, 0xb0fc, 0x10f5, 0x10fd, 0x0efd, 0x0ffd, 0x10fd, 0x10fd, 0x2ffd, 0xeffc,
  0x0ffd, 0x11fc, 0xd3f1, 0x73f1, 0x53f1, 0x55f1, 0x54f9, 0x53f1, 0x34f9, 0x34f9, 0x94f1, 0x32f1,
  0xca78, 0x4108, 0x0010, 0xefc0, 0x74f1, 0x34f1, 0x34f9, 0x54f1, 0x34f1, 0x54f1, 0x53e9, 0xab80,
  0x8750, 0x8750, 0x6758, 0x6758, 0x6528, 0x0000, 0x0000, 0x2000, 0x2000, 0x0000, 0x2000, 0x0000,
  0x2000, 0x2000, 0x0008, 0x0000, 0x0000, 0x0000, 0x0000, 0x0000, 0x0000, 0x0000, 0x0000, 0x0000,
  0x0000, 0x0000, 0x0000, 0x0000, 0x0000, 0x0000, 0x0000, 0x0000, 0x0000, 0x0000, 0x0000, 0x0000,
  0x0000, 0x0000, 0x0000, 0x0000, 0x0000, 0x0000, 0x0008, 0x0000, 0x0000, 0x0008, 0x2108, 0xab98,
  0x33f9, 0x34f9, 0x34f9, 0x54f1, 0x35f1, 0x34f9, 0x93e9, 0x8960, 0x0100, 0x0108, 0x0000, 0x2000,
  0x6750, 0x54f1, 0x54f1, 0x54f1, 0x15f9, 0x34f1, 0x53f1, 0x33f1, 0x33f1, 0x74f1, 0x93f1, 0x53e9,
  0x54f1, 0x34f9, 0x34f9, 0x34f9, 0x34f9, 0x35f1, 0x54f1, 0x71f3, 0xd0fc, 0xeffc, 0x10fd, 0x10fd,
  0x10fd, 0x2ffd, 0x0ffd, 0x10f5, 0x0ffd, 0x2ffd, 0xeffc, 0x0ffd, 0x11fc, 0xb3f9, 0x14f9, 0x35f1,
  0x54f1, 0x54f9, 0x34f1, 0x54f1, 0x14f1, 0x74f1, 0x13f9, 0x8b88, 0x0108, 0x0010, 0xcfc0, 0x94f1,
  0x54f9, 0x55f9, 0x54f1, 0x54f1, 0x54f9, 0x32e1, 0x4750, 0x0108, 0x0100, 0x0108, 0x0110, 0x0100,
  0x0000, 0x2008, 0x0100, 0x0000, 0x0000, 0x0008, 0x0008, 0x0000, 0x0000, 0x0008, 0x0000, 0x0000,
  0x0000, 0x0000, 0x0000, 0x0000, 0x0000, 0x0000, 0x0000, 0x0000, 0x0000, 0x0000, 0x0000, 0x0000,
  0x0000, 0x0000, 0x0000, 0x0000, 0x0000, 0x0000, 0x0000, 0x0000, 0x0000, 0x0000, 0x0000, 0x0000,
  0x0100, 0x0100, 0x2000, 0x2108, 0x2320, 0x4420, 0xcc90, 0x53e9, 0x54f1, 0x34f9, 0x35f9, 0x35f9,
  0xf3e0, 0x31d1, 0x4760, 0x0008, 0x2000, 0x4000, 0x0000, 0x4758, 0x54f9, 0x54f1, 0x54f1, 0x54f1,
  0x74f1, 0xd5f9, 0xd3f9, 0x94f9, 0x54f1, 0x74f1, 0x33f1, 0x34f9, 0x54f1, 0x35f9, 0x34f9, 0x54f1,
  0xd3f1, 0x12f2, 0xeff3, 0xeffc, 0xeffc, 0xeffc, 0xeffc, 0x0ffd, 0x2ffd, 0x10f5, 0x10fd, 0x10fd,
  0x10fd, 0xeffc, 0x0ffd, 0x30f4, 0x32f2, 0xd3f9, 0x94f1, 0x34f1, 0x53f9, 0x54f1, 0x55f9, 0x15f9,
  0x54e9, 0x53e9, 0xcc88, 0x4420, 0x4320, 0xd0d0, 0x54f1, 0x34f9, 0x34f1, 0x54f1, 0x54f9, 0x34f9,
  0x32e1, 0x4650, 0x0100, 0x2000, 0x2100, 0x0000, 0x0000, 0x0000, 0x2000, 0x0108, 0x2108, 0x2000,
  0x2318, 0x2318, 0x2218, 0x0000, 0x2108, 0x0000, 0x0008, 0x0000, 0x0000, 0x0000, 0x0000, 0x0000,
  0x0000, 0x0000, 0x0000, 0x0000, 0x0000, 0x0000, 0x0000, 0x0000, 0x0000, 0x0000, 0x0000, 0x0000,
  0x0000, 0x0000, 0x0000, 0x0000, 0x0000, 0x0000, 0x2000, 0x0000, 0x0000, 0x2000, 0x8650, 0x10c1,
  0xf1d0, 0x33e9, 0x55f9, 0x55f9, 0x34f9, 0x33e9, 0x0fb1, 0x6430, 0x4328, 0x0118, 0x0000, 0x0000,
  0x0100, 0x0000, 0x4750, 0x54f1, 0x34f1, 0x54f1, 0x54f9, 0x94f1, 0xf0f3, 0x6ffc, 0x51f3, 0xb4e9,
  0x56f1, 0x54f9, 0x34f1, 0x54f1, 0x54f1, 0x54f9, 0x33f2, 0xf1fb, 0x50fc, 0xcffc, 0x0ffd, 0x0ff5,
  0x0ffd, 0x0ffd, 0x0ffd, 0x0ffd, 0xeffc, 0x0ffd, 0x0ffd, 0x10fd, 0xeffc, 0x10fd, 0xcffc, 0x70f4,
  0x50fc, 0xf2f2, 0x54e9, 0x35f9, 0x35f9, 0x34f1, 0x55f9, 0x54f1, 0x34f9, 0x32e1, 0x10c9, 0x10d1,
  0x53f1, 0x34f1, 0x34f1, 0x54f1, 0x54f1, 0x54f9, 0x34f9, 0x32e1, 0x4648, 0x0000, 0x2000, 0x2000,
  0x0000, 0x0000, 0x0000, 0x2000, 0x0000, 0x2000, 0x4330, 0xf0c8, 0x0fc9, 0xa980, 0x0110, 0x2000,
  0x0000, 0x2108, 0x0000, 0x0000, 0x0000, 0x0000, 0x0000, 0x0000, 0x0000, 0x0000, 0x0000, 0x0000,
  0x0000, 0x0000, 0x0000, 0x0000, 0x0000, 0x0000, 0x0000, 0x0000, 0x0000, 0x0000, 0x0000, 0x0000,
  0x0000, 0x0000, 0x2000, 0x0008, 0x0000, 0x8868, 0x14e9, 0x94f1, 0x54f1, 0x34f1, 0x35f1, 0x54f1,
  0x33f1, 0xeea8, 0x2110, 0x0000, 0x0000, 0x4000, 0x0000, 0x0000, 0x0000, 0x6750, 0x54f9, 0x54f1,
  0x54f1, 0x54f1, 0x93f1, 0x91f4, 0x2ffd, 0xd0fb, 0xb3f1, 0x35f9, 0x33f1, 0x34f9, 0x54f1, 0x54f1,
  0x33f9, 0x53f2, 0xd0fc, 0x2ffd, 0x0ffd, 0x10fd, 0x0ff5, 0x2ffd, 0x0ffd, 0x0ffd, 0x10f5, 0xf0fc,
  0x0ffd, 0x0ffd, 0x2ffd, 0x10f5, 0x10fd, 0xeffc, 0x2ffd, 0x0ffd, 0x31f3, 0x53e9, 0x54f9, 0x34f9,
  0x53f1, 0x74f9, 0x54e9, 0x34f9, 0x34f1, 0x54f1, 0x54f1, 0x54f9, 0x34f1, 0x54f1, 0x54f1, 0x54f1,
  0x34f9, 0x54f9, 0x52d9, 0x6648, 0x0000, 0x0000, 0x0000, 0x0000, 0x0000, 0x0000, 0x0000, 0x0000,
  0x2000, 0x4540, 0xf3e8, 0x54f1, 0xcc98, 0x0210, 0x0000, 0x0000, 0x4000, 0x0000, 0x0000, 0x0000,
  0x0000, 0x0000, 0x0000, 0x0000, 0x0000, 0x0000, 0x0000, 0x0000, 0x0000, 0x0000, 0x0000, 0x0000,
  0x0000, 0x0000, 0x0000, 0x0000, 0x0000, 0x0000, 0x0000, 0x0100, 0x0000, 0x2108, 0x6860, 0x8968,
  0xcda0, 0x35f1, 0x53e9, 0x33f9, 0x34f9, 0x55f9, 0x75e9, 0x34f9, 0xaeb0, 0x0218, 0x0100, 0x2000,
  0x4000, 0x0000, 0x0000, 0x0000, 0x6750, 0x54f9, 0x34f9, 0x54f1, 0x54f1, 0xb3f1, 0x71fc, 0x0ffd,
  0x4ffc, 0x11fb, 0xd1f2, 0x11f2, 0x53f1, 0x34f1, 0x34f9, 0x13f9, 0x53f2, 0xd0fc, 0x10fd, 0xeffc,
  0x10fd, 0x0ffd, 0x0ffd, 0x0ffd, 0x71f5, 0x15fe, 0x15f6, 0x92f5, 0x0ffd, 0x0ffd, 0x10fd, 0x0ffd,
  0x0ffd, 0x0ffd, 0xf0fc, 0x12f3, 0x33f1, 0x53f9, 0x54f1, 0x54f1, 0x54f1, 0x54e9, 0x34f9, 0x34f9,
  0x34f1, 0x55f1, 0x54f1, 0x54f1, 0x55f9, 0x54f1, 0x54f9, 0x34f1, 0x54f1, 0x52d9, 0x6648, 0x0000,
  0x0000, 0x0000, 0x0000, 0x0000, 0x2000, 0x0000, 0x6648, 0x8970, 0xcc90, 0x14f1, 0x55f9, 0xf0c0,
  0x8970, 0x8868, 0x2320, 0x4000, 0x0000, 0x0000, 0x0000, 0x0000, 0x0000, 0x0000, 0x0000, 0x0000,
  0x0000, 0x0000, 0x0000, 0x0000, 0x0000, 0x0000, 0x0000, 0x0000, 0x0000, 0x0000, 0x0000, 0x0000,
  0x0000, 0x0000, 0x0100, 0x2008, 0x2320, 0xf1c8, 0x34f1, 0x52f1, 0x54f1, 0x75f1, 0x75f1, 0x54f1,
  0x34f9, 0x54f1, 0x53f1, 0xeda0, 0x2110, 0x0000, 0x0000, 0x2000, 0x0008, 0x0000, 0x0000, 0x6750,
  0x74f9, 0x34f1, 0x54f1, 0x54f9, 0x94f1, 0x70fc, 0x2ffd, 0x0ffd, 0xf0fc, 0x30fd, 0x31f3, 0x15f1,
  0x54e9, 0x54f1, 0x34f9, 0x34ea, 0xeefc, 0x10fd, 0x0ff5, 0x30fd, 0xeffc, 0xcefc, 0x0ffd, 0xf5fd,
  0x9cff, 0xbeff, 0x56f6, 0x10fd, 0xcffc, 0xeffc, 0x2ffd, 0x2ffd, 0x2ffd, 0x2ef5, 0x52f3, 0x35f1,
  0x34f9, 0x54f1, 0x35f9, 0x35f1, 0x74e9, 0x54f1, 0x34f1, 0x34f1, 0x34f1, 0x53f1, 0x54f1, 0x34f1,
  0x33f1, 0x74f9, 0x33f1, 0x34f1, 0x32e1, 0x4648, 0x0000, 0x2000, 0x0000, 0x0000, 0x0008, 0x0000,
  0x0208, 0xee98, 0x14f1, 0x53e9, 0x74e9, 0x34f9, 0x34f9, 0x53f1, 0x32e9, 0x4740, 0x0000, 0x0008,
  0x0000, 0x0000, 0x0000, 0x0000, 0x0000, 0x0000, 0x0000, 0x0000, 0x0000, 0x0000, 0x0000, 0x0000,
  0x0000, 0x0000, 0x0000, 0x0000, 0x0000, 0x0000, 0x0000, 0x0000, 0x0000, 0x0000, 0x0000, 0x6118,
  0x10d1, 0x54f9, 0x34f9, 0x34f9, 0x34f1, 0x34f1, 0x53f1, 0x33f9, 0x74f1, 0x33f1, 0xcea0, 0x2210,
  0x0008, 0x2000, 0x0000, 0x0100, 0x0000, 0x2000, 0x6750, 0x35f1, 0x33f1, 0x54f1, 0x74f1, 0x92f1,
  0xaef4, 0xcffc, 0xf0fc, 0x50ed, 0x10f5, 0x11fb, 0x53f9, 0x74f9, 0x33f1, 0x34f1, 0x33fa, 0xaffc,
  0x0ffd, 0x0ffd, 0x0ffd, 0x0ff5, 0x0ffd, 0x0ffd, 0xf4fd, 0xdeff, 0xbfff, 0x96f6, 0x2efd, 0x10fd,
  0xcffc, 0xf0fc, 0x2ff5, 0x10fd, 0xd0fc, 0x51f3, 0x93f1, 0x35f9, 0x54f9, 0x13f9, 0x94f1, 0x34f1,
  0x53f1, 0x55f1, 0x55f1, 0x95f1, 0x53f1, 0x74f1, 0x35f1, 0x74f1, 0x54f1, 0x93f1, 0x54f9, 0x33e1,
  0x6758, 0x2108, 0x2008, 0x2000, 0x0000, 0x0000, 0x4000, 0x0108, 0xeda0, 0x35f9, 0x55f1, 0x74f1,
  0x54e9, 0x54f9, 0x54f1, 0x33e9, 0x6548, 0x2000, 0x0000, 0x0000, 0x0000, 0x0000, 0x0000, 0x0000,
  0x0000, 0x0000, 0x0000, 0x0000, 0x0000, 0x0000, 0x0000, 0x0000, 0x0000, 0x0000, 0x0000, 0x0000,
  0x0000, 0x0000, 0x0000, 0x0000, 0x0000, 0x0108, 0x4220, 0x11d1, 0x54f9, 0x34f1, 0x55f9, 0x53f1,
  0x54f9, 0x54f1, 0x34f9, 0x54f1, 0x34f1, 0xeea8, 0x2110, 0x0008, 0x2000, 0x0000, 0x0000, 0x0000,
  0x2000, 0x6750, 0x55f9, 0x54f9, 0x34f9, 0x34f1, 0x74f9, 0xaff4, 0xf0fc, 0x0ffd, 0x0ffd, 0xeffc,
  0x51fc, 0x72f3, 0x31f3, 0xb3f9, 0x34f9, 0x33fa, 0xcffc, 0x10fd, 0x0ffd, 0x0ffd, 0x10fd, 0x10fd,
  0xeffc, 0xf4fd, 0xbeff, 0xdfff, 0x97fe, 0x0ffd, 0x10f5, 0x0ff5, 0xf0fc, 0x10fd, 0x0ffd, 0x10fd,
  0x50f4, 0x91f3, 0x72fb, 0x91f3, 0x91f3, 0x32f3, 0x73f1, 0x55f1, 0x74f1, 0x53f1, 0xf4f8, 0x35f9,
  0x55f1, 0xd3f1, 0x51fb, 0x71fb, 0x93fa, 0x35f1, 0x13f1, 0xcfb0, 0xac90, 0xaa78, 0x0210, 0x0000,
  0x0008, 0x2000, 0x0110, 0xeda0, 0x34f9, 0x34f1, 0x73f1, 0x54f1, 0x54f9, 0x34f1, 0x33f1, 0x4548,
  0x0100, 0x0000, 0x0000, 0x0000, 0x0000, 0x0000, 0x0000, 0x0000, 0x0000, 0x0000, 0x0000, 0x0000,
  0x0000, 0x0000, 0x0000, 0x0000, 0x0000, 0x0000, 0x0000, 0x0000, 0x0000, 0x2000, 0x0000, 0x0000,
  0x0108, 0x2120, 0x11c9, 0x54f1, 0x54f1, 0x75f1, 0x33f1, 0x54f9, 0x54f1, 0x34f9, 0x54f1, 0x34f1,
  0xeea8, 0x2110, 0x0000, 0x2000, 0x0008, 0x0000, 0x0000, 0x2000, 0x4658, 0x74f1, 0x55f1, 0x34f9,
  0x34f1, 0x74f1, 0x70fc, 0x10fd, 0x2ff5, 0x0ffd, 0xeefc, 0x10fd, 0x10f5, 0x90f4, 0x12fa, 0x33f9,
  0x33f2, 0xeffc, 0xeffc, 0xeffc, 0x10fd, 0x10fd, 0xf0fc, 0xeffc, 0xf4fd, 0xbeff, 0xfff7, 0x77fe,
  0xeffc, 0x10f5, 0x2ef5, 0x10fd, 0x0ffd, 0xeffc, 0x2ffd, 0x0ffd, 0xeffc, 0x0ffd, 0x0ffd, 0x2ffd,
  0x50fc, 0x73f1, 0x35f1, 0x54f1, 0x52f9, 0x34f9, 0x34f9, 0x54f1, 0x52f2, 0xaff4, 0x0ffd, 0x71fb,
  0x54f1, 0x53f1, 0x74f1, 0x34f9, 0x31d1, 0x0420, 0x0000, 0x0000, 0x0008, 0x0210, 0xeda0, 0x54f1,
  0x34f9, 0x53f1, 0x35f1, 0x34f9, 0x34f1, 0x33f1, 0x4548, 0x0000, 0x0000, 0x0000, 0x0000, 0x0000,
  0x0000, 0x0000, 0x0000, 0x0000, 0x0000, 0x0000, 0x0000, 0x0000, 0x0000, 0x0000, 0x0000, 0x0000,
  0x0000, 0x0000, 0x0000, 0x0000, 0x0000, 0x2000, 0x2000, 0x0000, 0x2220, 0x31c9, 0x54f9, 0x34f1,
  0x54f1, 0x54f9, 0x34f9, 0x35f1, 0x35f9, 0x54f1, 0x33f1, 0xeeb8, 0x4538, 0x4530, 0x2208, 0x2000,
  0x0008, 0x2328, 0x2430, 0x8878, 0x74e9, 0x54f1, 0x93f1, 0xf2f1, 0x32f2, 0x8ffc, 0xeffc, 0x2ffd,
  0x0ffd, 0xeffc, 0x0ffd, 0x0ffd, 0x90f4, 0x92ea, 0x12f2, 0xb2f2, 0xeffc, 0x0efd, 0x0ffd, 0x0ffd,
  0x0ffd, 0xf0fc, 0xeffc, 0xf4fd, 0xdeff, 0xdeff, 0xb8fe, 0x52fd, 0x72fd, 0x0efd, 0xeffc, 0x0ffd,
  0x10fd, 0x11fd, 0x10fd, 0x0ffd, 0x0ffd, 0xf0fc, 0x2ffd, 0x50fc, 0x12fa, 0xf3f1, 0x74f1, 0x35f1,
  0x56f1, 0x53f1, 0x34f1, 0x33fa, 0xb0f4, 0x2ffd, 0x71fb, 0x53f1, 0x54f1, 0x54f9, 0x13f1, 0x11d9,
  0x4748, 0x4420, 0x6420, 0x2430, 0x6630, 0x0ea9, 0x74e9, 0x35f9, 0x34f9, 0x34f1, 0x54f9, 0x54f1,
  0x53e9, 0x4540, 0x0000, 0x2000, 0x0000, 0x0000, 0x0000, 0x0000, 0x0000, 0x0000, 0x0000, 0x0000,
  0x0000, 0x0000, 0x0000, 0x0000, 0x0000, 0x0000, 0x0000, 0x0000, 0x0000, 0x0000, 0x0000, 0x0000,
  0x0000, 0x0000, 0x0000, 0x2220, 0x11c9, 0x54f9, 0x34f9, 0x54f9, 0x35f1, 0x55f9, 0x55f1, 0x34f1,
  0x33f1, 0x33f9, 0x53e9, 0x11d9, 0x10d1, 0x6860, 0x0008, 0x2328, 0x0ea9, 0x33d9, 0x33e1, 0x16f9,
  0x74f9, 0x32fb, 0x91fc, 0xd0f4, 0x2ff5, 0xf0fc, 0xcffc, 0xeffc, 0xf0fc, 0x10fd, 0x0efd, 0x0efd,
  0x8ffc, 0xaffc, 0x70fc, 0x10f5, 0xeff4, 0xeff4, 0x0ffd, 0x0ffd, 0x0ffd, 0x0ffd, 0xf3fd, 0xdeff,
  0xdfff, 0xdef7, 0x7cff, 0x5aff, 0xb2fd, 0x31f5, 0x0ff5, 0x0efd, 0x0efd, 0x0ef5, 0x0efd, 0x2ffd,
  0x10fd, 0x10fd, 0xf1f4, 0x71fc, 0x8efc, 0x11fb, 0x73f9, 0x52f1, 0x74f1, 0x53f1, 0x31fa, 0x8ffc,
  0x0ffd, 0x71f3, 0x53f1, 0x55f1, 0x35f1, 0x34e9, 0x54f1, 0x12e1, 0x32d9, 0x31e1, 0xf1e8, 0x11d1,
  0x33f1, 0x35f9, 0x34f1, 0x54f1, 0x54f1, 0x54f1, 0x54f1, 0x53e9, 0x4540, 0x0000, 0x0000, 0x0000,
  0x0000, 0x0000, 0x0000, 0x0000, 0x0000, 0x0000, 0x0000, 0x0000, 0x0000, 0x0000, 0x0000, 0x0000,
  0x0000, 0x0000, 0x0000, 0x0000, 0x0000, 0x0108, 0x0108, 0x0108, 0x0008, 0x0108, 0x2228, 0x11c9,
  0x54f9, 0x54f9, 0x54f1, 0x54f1, 0x34f1, 0x53f1, 0x54f9, 0x74f1, 0x34f9, 0x34f1, 0x34f9, 0x33f1,
  0x8968, 0x0000, 0x4428, 0xf0c0, 0x34f1, 0x94e9, 0x55f1, 0x73f9, 0x51fb, 0xf0fc, 0xeefc, 0x2ffd,
  0x10fd, 0xf0fc, 0x0ffd, 0x10fd, 0x10fd, 0xeffc, 0x10fd, 0xf0f4, 0x30fd, 0x10fd, 0x11f5, 0x2ffd,
  0x0ffd, 0x2ffd, 0x0ff5, 0x10fd, 0x0ffd, 0xf4fd, 0xdeff, 0xdfff, 0xffff, 0xffff, 0xbdff, 0x72f5,
  0xf0fc, 0x10fd, 0x2ffd, 0x10fd, 0x10fd, 0x10fd, 0x10fd, 0xf0f4, 0xf0fc, 0x30f5, 0x10fd, 0x0ef5,
  0x51f3, 0x74f1, 0x36f1, 0x54f1, 0x34f1, 0x33fa, 0x90fc, 0x10fd, 0x72f3, 0x74f1, 0x54f9, 0x35f9,
  0x35f9, 0x74f1, 0x54f9, 0x54e9, 0x54e9, 0x34f9, 0x54e9, 0x54f1, 0x34f1, 0x34f1, 0x54f1, 0x54f1,
  0x54f9, 0x54f1, 0x33e9, 0x6648, 0x0108, 0x0108, 0x0000, 0x0000, 0x0000, 0x0000, 0x0000, 0x0000,
  0x0000, 0x0000, 0x0000, 0x0000, 0x0000, 0x0000, 0x0000, 0x0000, 0x0000, 0x0000, 0x0000, 0x0000,
  0x2218, 0x6648, 0x6750, 0x6748, 0x8750, 0x8868, 0x13d9, 0x35f9, 0x54f9, 0x54e9, 0x54f9, 0xf3f9,
  0x92f2, 0x53fa, 0x74f1, 0x34f9, 0x35f1, 0x54f1, 0x74e9, 0xac88, 0x4650, 0x8870, 0x12d1, 0x34f9,
  0x74f9, 0x54f1, 0x73f9, 0x71fb, 0x2ffd, 0x0efd, 0xcefc, 0x10fd, 0x71f5, 0xf3f5, 0xf3fd, 0x52fd,
  0xeffc, 0x0ffd, 0xeefc, 0x0ffd, 0x0efd, 0x10f5, 0xeffc, 0xf0fc, 0x0ffd, 0x10fd, 0x93fd, 0xd3fd,
  0x77fe, 0xdeff, 0xfeff, 0xfff7, 0xffff, 0xbeff, 0x91fd, 0x0ffd, 0xeffc, 0x0ff5, 0x0ffd, 0xeffc,
  0xeffc, 0x10fd, 0x0ffd, 0x0efd, 0x2efd, 0xcffc, 0xeffc, 0xd1fb, 0x91fa, 0x92f2, 0x92f1, 0x34f1,
  0x53f2, 0x8ff4, 0x2efd, 0xeffb, 0x91f2, 0x72f2, 0xb3f1, 0x54f9, 0x53e9, 0x33f9, 0x34f9, 0x34f1,
  0x54f1, 0x54f1, 0x54f1, 0x54f1, 0x74f1, 0x53f1, 0x54f1, 0x54f9, 0x34f1, 0x34f1, 0xaa78, 0x8750,
  0x6540, 0x2108, 0x0000, 0x0000, 0x0000, 0x0000, 0x0000, 0x0000, 0x0000, 0x0000, 0x0000, 0x0000,
  0x0000, 0x0000, 0x0000, 0x0000, 0x0000, 0x0000, 0x2000, 0x4648, 0x12e1, 0x33e1, 0x53e1, 0x53e1,
  0x32e1, 0x54f1, 0x35f9, 0x34f1, 0x54f1, 0x54f9, 0x71fb, 0xeefc, 0x30fc, 0xd3f9, 0x34f9, 0x55f9,
  0x54f1, 0x54f1, 0x13e9, 0x33e1, 0x52e9, 0x54f1, 0x34f1, 0x34f1, 0x54f9, 0x73f1, 0x51fb, 0xcffc,
  0x30f5, 0xeffc, 0x0ff5, 0xf4f5, 0x7cff, 0xbdff, 0x36f6, 0x0efd, 0x0ffd, 0x0ffd, 0x0ffd, 0x0ffd,
  0x0ff5, 0x2ffd, 0xf0fc, 0xeef4, 0x10fd, 0xd9fe, 0xbdff, 0xbdff, 0xfeff, 0xdfff, 0xfeff, 0xffff,
  0x9eff, 0x91f5, 0xeffc, 0x10fd, 0x0ffd, 0xeffc, 0x0ffd, 0x0ffd, 0x0ffd, 0x10fd, 0x0ffd, 0x0ffd,
  0x0ffd, 0xeffc, 0xeffc, 0xcffc, 0xaff4, 0x32f2, 0x14f9, 0x33fa, 0x90fc, 0x4ffd, 0xcffc, 0xaffc,
  0x6ffc, 0x52f2, 0x54f1, 0x34f1, 0x53f1, 0x54f9, 0x54f1, 0x54f1, 0x54f1, 0x54f1, 0x54f1, 0x54f1,
  0x54f1, 0x54f1, 0x34f9, 0x35f9, 0x34f9, 0x52e1, 0x33e9, 0xf0b8, 0x4428, 0x0000, 0x0000, 0x0000,
  0x0000, 0x0000, 0x0000, 0x0000, 0x0000, 0x0000, 0x0000, 0x0000, 0x0000, 0x0000, 0x0000, 0x0000,
  0x0008, 0x0008, 0x4658, 0x53f1, 0x54f1, 0x34f1, 0x54f9, 0x54f1, 0x74f1, 0x53f1, 0x54f1, 0x35f9,
  0x54e9, 0xb1f3, 0x2efd, 0x90f4, 0xf3e9, 0x54f1, 0x35f1, 0x54f1, 0x33f9, 0x34f9, 0x75f1, 0x54f1,
  0x35f9, 0x35f9, 0x34f9, 0x33f9, 0x93f1, 0x92fb, 0xd0fc, 0x10fd, 0x2ff5, 0x2ff5, 0xf4f5, 0x7dff,
  0xbeff, 0x57f6, 0x30f5, 0x51f5, 0x10f5, 0x0ffd, 0x0ffd, 0x0ffd, 0xeff4, 0xeffc, 0x2ff5, 0x72f5,
  0xfaf6, 0xdfff, 0xdfff, 0xfff7, 0xffff, 0xffff, 0xffff, 0xbeff, 0xd2f5, 0x2ff5, 0x50f5, 0x0ffd,
  0xeffc, 0x0ffd, 0x0ffd, 0x0ffd, 0x0ffd, 0x0ffd, 0x0ffd, 0x0ffd, 0x0ffd, 0x10fd, 0x10fd, 0xf0fc,
  0x52f2, 0x93f1, 0x92f2, 0x70f4, 0x30fd, 0x0ffd, 0x0ff5, 0xb0fc, 0x52f2, 0x54f1, 0x34f1, 0x54f1,
  0x34f1, 0x54f1, 0x54f1, 0x54f1, 0x54f1, 0x34f1, 0x54f1, 0x54f1, 0x75f1, 0x55f1, 0x54f1, 0x54f9,
  0x94e9, 0x15f9, 0xf1c8, 0x4430, 0x0000, 0x0000, 0x0000, 0x0000, 0x0000, 0x0000, 0x0000, 0x0000,
  0x0000, 0x0000, 0x0000, 0x0000, 0x0000, 0x0000, 0x0000, 0x0000, 0x0000, 0x4750, 0x54f1, 0x34f1,
  0x34f1, 0x34f9, 0x34f9, 0x33f9, 0x53f1, 0x54f1, 0x36f9, 0x55f1, 0x91fb, 0x0ffd, 0x51fc, 0xd3f9,
  0x53f9, 0x73f9, 0x73f9, 0x34f1, 0x34f1, 0x74f1, 0x73f1, 0x34f9, 0x54f1, 0x53f1, 0x35f9, 0xb3f1,
  0x91f3, 0x0ffd, 0x2ff5, 0x10f5, 0x30fd, 0xf3fd, 0x9dff, 0xfeff, 0x5dff, 0xd9fe, 0x57fe, 0x52fd,
  0xeefc, 0x0ffd, 0xeffc, 0x0ffd, 0xf5fd, 0xf8fe, 0xfafe, 0x9dff, 0xffff, 0xffff, 0xffff, 0xfeff,
  0xfeff, 0xffff, 0xdfff, 0xf9fe, 0xb8fe, 0x56fe, 0x30fd, 0x0ffd, 0x0ffd, 0x0ffd, 0x0ffd, 0x0ffd,
  0x0ffd, 0x0ffd, 0x0ffd, 0x0ffd, 0x0ffd, 0x0ffd, 0x0ffd, 0xf0fb, 0xb1fb, 0x30fc, 0xcffc, 0xeffc,
  0xeffc, 0x0ffd, 0xb0fc, 0x52f2, 0x54f1, 0x54f1, 0x54f1, 0x34f1, 0x54f1, 0x54f9, 0x54f9, 0x54f9,
  0x34f1, 0x54f1, 0x54f9, 0x33f1, 0x33f1, 0x34f9, 0x53f9, 0x74f9, 0x34f9, 0x31c9, 0x4438, 0x0000,
  0x2000, 0x0000, 0x0000, 0x0000, 0x0000, 0x0000, 0x0000, 0x0000, 0x0000, 0x0000, 0x0000, 0x0000,
  0x0000, 0x2000, 0x0000, 0x2000, 0x6750, 0x54f1, 0x55f1, 0x54f1, 0x54f1, 0x34f9, 0x34f9, 0x54f1,
  0x54f1, 0x35f1, 0x55f9, 0x91f3, 0x2ff5, 0x71fc, 0xb2f9, 0x33f1, 0x54f1, 0x33f1, 0x34f1, 0x55f1,
  0x34f1, 0x54f9, 0x54f1, 0x54f1, 0x54f1, 0x16f9, 0x53f1, 0x71fb, 0xeffc, 0x2ff5, 0xf0fc, 0xeffc,
  0xd3fd, 0x7cf7, 0xfeff, 0xffff, 0xdfff, 0x5cff, 0xb3fd, 0x0ffd, 0x0ffd, 0x0ffd, 0x30fd, 0xb8fe,
  0xfeff, 0xdfff, 0xffff, 0xfeff, 0xdeff, 0xdeff, 0xdfff, 0xffff, 0xffff, 0xffff, 0xfdff, 0xfeff,
  0x3aff, 0x30fd, 0x0ffd, 0x0ffd, 0x10fd, 0x10fd, 0x0ffd, 0x0ffd, 0x0ffd, 0x0ffd, 0x0ffd, 0x0ffd,
  0x0ffd, 0x0ffd, 0x0efd, 0x0ffd, 0x2ffd, 0x2ffd, 0xeffc, 0xf0fc, 0x10fd, 0xcffc, 0x72f2, 0x54f1,
  0x54f1, 0x54f1, 0x34f1, 0x54f1, 0x54f9, 0x54f9, 0x54f9, 0x54f9, 0x54f9, 0x54f9, 0x54f1, 0x74f1,
  0x75f1, 0x35f9, 0x34f9, 0x13f9, 0x2fc1, 0x4438, 0x0000, 0x0000, 0x0000, 0x0000, 0x0000, 0x0000,
  0x0000, 0x0000, 0x0000, 0x0000, 0x0000, 0x0000, 0x0000, 0x0000, 0x0000, 0x0000, 0x2000, 0x4750,
  0x33f1, 0x34f9, 0x54f1, 0x54f1, 0x74f1, 0x54f1, 0x54f1, 0x93f1, 0xf2f9, 0xf3f9, 0xd1fb, 0x2ff5,
  0x90fc, 0x51f2, 0xd3f1, 0x95f1, 0x35f1, 0x34f9, 0x93f9, 0xb2f1, 0xb4f1, 0x74f1, 0x34f1, 0x73f1,
  0xf4f9, 0x12f2, 0xb1fb, 0xd0fc, 0xf0fc, 0x2ffd, 0x0ffd, 0xf5fd, 0x9eff, 0xffff, 0xffff, 0xfff7,
  0x5cff, 0x93fd, 0x0ef5, 0x2ffd, 0xeffc, 0x10fd, 0x97fe, 0xfef7, 0xffff, 0xffff, 0xffff, 0xffff,
  0xffff, 0xffff, 0xffff, 0xffff, 0xffff, 0xfff7, 0xdff7, 0x1bf7, 0x51fd, 0x0ff5, 0x0ffd, 0x10fd,
  0x10fd, 0x0ffd, 0x0ffd, 0x0ffd, 0x0ffd, 0x0ffd, 0x0ffd, 0x0ffd, 0x0ffd, 0x0ffd, 0x10f5, 0x0ff5,
  0x0ffd, 0x0ffd, 0x0ffd, 0x0ff5, 0xcffc, 0x52f2, 0x54f1, 0x34f1, 0x54f1, 0x54f9, 0x54f9, 0x54f1,
  0x34f1, 0x34f1, 0x54f1, 0x54f1, 0x54f1, 0x14f9, 0x33e9, 0x11c9, 0x11d1, 0x12d1, 0x10d1, 0x0da9,
  0x4328, 0x0000, 0x0000, 0x0000, 0x0000, 0x0000, 0x0000, 0x0000, 0x0000, 0x0000, 0x0000, 0x0000,
  0x0000, 0x0000, 0x0000, 0x0000, 0x0000, 0x0000, 0x4650, 0x54f1, 0x54f1, 0x35f9, 0x34f1, 0x74f1,
  0x34f1, 0x54f9, 0x92f2, 0x11fc, 0x31f4, 0xd0fc, 0x0ff5, 0xeffc, 0x31fc, 0x30fc, 0x51f3, 0x94f1,
  0x74f1, 0xf2fa, 0x2ff4, 0x91f3, 0xd3f1, 0x54f9, 0x52f2, 0x30fc, 0x30fc, 0xb0fc, 0x0ff5, 0x30f5,
  0x0ffd, 0xeffc, 0xf4fd, 0xbeff, 0xfeff, 0xffff, 0xfff7, 0x5cf7, 0x93fd, 0x0ffd, 0x2ffd, 0xf0fc,
  0x10fd, 0x77fe, 0xdff7, 0xffff, 0xffff, 0xffff, 0xffff, 0xffff, 0xffff, 0xffff, 0xffff, 0xffff,
  0xffff, 0xdfff, 0x1bff, 0x51fd, 0x0ff5, 0x0ffd, 0x10fd, 0xf0fc, 0x0ffd, 0x0ffd, 0x0ffd, 0x0ffd,
  0x0ffd, 0x0ffd, 0x0ffd, 0xeffc, 0x2ffd, 0x10fd, 0xf0fc, 0x0ffd, 0x2ffd, 0x0ffd, 0x10fd, 0xaffc,
  0x52f2, 0x34f1, 0x35f9, 0x54f1, 0x54f9, 0x54f1, 0x54f1, 0x34f1, 0x34f1, 0x54f1, 0x54f1, 0x34f1,
  0x34f1, 0xeeb0, 0x4648, 0x6538, 0x6538, 0x6538, 0x4430, 0x0110, 0x0000, 0x0000, 0x2000, 0x0000,
  0x0000, 0x0000, 0x0000, 0x0000, 0x0000, 0x0000, 0x0000, 0x0000, 0x0000, 0x0000, 0x2000, 0x0000,
  0x2000, 0x4758, 0x53f1, 0x54f9, 0x54f1, 0x53f1, 0x73f1, 0x34f9, 0x34f9, 0xd2fa, 0x0ff5, 0x10fd,
  0x10fd, 0xeffc, 0x0ffd, 0x30f5, 0xeffc, 0xaffb, 0x54f9, 0x73e9, 0x71f3, 0x4ffd, 0x6ffc, 0xf3f9,
  0x13f1, 0x92f2, 0xd0fc, 0x2efd, 0x0ffd, 0x0ffd, 0x2ff5, 0x30fd, 0xeefc, 0xf3fd, 0xbeff, 0xfeff,
  0xdfff, 0xdfff, 0x5cff, 0x93fd, 0xeefc, 0x0ffd, 0x10fd, 0x2ff5, 0x97f6, 0xdeff, 0xffff, 0xffff,
  0xffff, 0xffff, 0xffff, 0xffff, 0xffff, 0xffff, 0xffff, 0xffff, 0xdfff, 0x1aff, 0x50fd, 0x0ff5,
  0x0ffd, 0xeffc, 0x10fd, 0x0ffd, 0x0ffd, 0x2ff5, 0x0ff5, 0x0ffd, 0x2ff5, 0x10f5, 0xeefc, 0x0ffd,
  0x0efd, 0xeffc, 0x0ffd, 0x0ff5, 0x0ffd, 0x0ffd, 0xaffc, 0x52f2, 0x34f1, 0x55f9, 0x54f1, 0x34f9,
  0x54f9, 0x34f9, 0x34f1, 0x34f1, 0x54f1, 0x33f9, 0x73e9, 0x55f9, 0xeb98, 0x2110, 0x0000, 0x2100,
  0x0008, 0x2000, 0x0008, 0x0008, 0x0000, 0x0000, 0x0000, 0x0000, 0x0000, 0x0000, 0x0000, 0x0000,
  0x0000, 0x0000, 0x0000, 0x0000, 0x0000, 0x2000, 0x2000, 0x4000, 0x2540, 0xeda0, 0xeea8, 0x32d9,
  0x34f1, 0x54f9, 0x34f1, 0x35f1, 0x54fa, 0xd1fb, 0xcffb, 0x8ffc, 0x0ffd, 0x0ffd, 0x10fd, 0xf0fc,
  0x50fc, 0xd1f2, 0xb2f2, 0x31f3, 0xf0fb, 0xb0fb, 0xf2f2, 0x92fa, 0x91fb, 0xf0fc, 0x2ffd, 0xeffc,
  0xeffc, 0x2ffd, 0x31ed, 0x30fd, 0x15f6, 0x9ef7, 0xfeff, 0xdfff, 0xdfff, 0x5cff, 0xb3fd, 0x0efd,
  0x0ef5, 0x0ffd, 0x0ffd, 0xb8fe, 0xdeff, 0xffff, 0xffff, 0xffff, 0xffff, 0xffff, 0xffff, 0xffff,
  0xffff, 0xffff, 0xffff, 0xffff, 0x7cff, 0x15fe, 0xf5fd, 0x71fd, 0xcffc, 0xf0fc, 0xeffc, 0xeffc,
  0x0ffd, 0xcff4, 0xeffc, 0x92fd, 0xf5fd, 0xf4fd, 0x30fd, 0x2ff5, 0x0ffd, 0x0ff5, 0xf0f4, 0x0ffd,
  0x10fd, 0xb0fc, 0x72f2, 0x34f1, 0x55f9, 0x54f1, 0x35f9, 0xd4f1, 0x72fa, 0x92f2, 0xb3f1, 0x75f1,
  0x13e9, 0xceb0, 0xaea0, 0x8968, 0x0108, 0x0008, 0x0100, 0x0108, 0x2100, 0x0000, 0x0008, 0x0000,
  0x0000, 0x0000, 0x0000, 0x0000, 0x0000, 0x0000, 0x0000, 0x0000, 0x0000, 0x0000, 0x0000, 0x0000,
  0x0008, 0x0000, 0x2000, 0x0000, 0x2108, 0x0210, 0xcda0, 0x34f1, 0x15f9, 0x55f9, 0x75e9, 0x74f1,
  0x71f1, 0xb3f9, 0x91f3, 0xf0f4, 0xeffc, 0xeffc, 0xeefc, 0x0ef5, 0xeffc, 0xb0fc, 0xd2f2, 0x55f1,
  0xf4f1, 0x50fc, 0xcffc, 0xaffc, 0x30f5, 0x30f5, 0xeffc, 0xeffc, 0x2ffd, 0xcffc, 0xeffc, 0xf5fd,
  0x7eff, 0xfeff, 0xffff, 0xffff, 0x5cf7, 0xb3ed, 0x2fed, 0x2ff5, 0x30fd, 0x31fd, 0xb8fe, 0xdeff,
  0xffff, 0xffff, 0xffff, 0xffff, 0xffff, 0xffff, 0xffff, 0xffff, 0xffff, 0xffff, 0xffff, 0xffff,
  0xdfff, 0xdeff, 0x35fe, 0x10fd, 0x0ff5, 0x0ffd, 0x0ffd, 0x50fd, 0x10fd, 0x10fd, 0x76fe, 0x9dff,
  0xbdff, 0x72fd, 0x30f5, 0x10fd, 0x0ffd, 0x11fd, 0x10fd, 0x10fd, 0xb0fc, 0x72f2, 0x34f1, 0x55f9,
  0x54f1, 0x34f9, 0x12fb, 0xf0fc, 0xeff4, 0x51fa, 0x14f9, 0xcfc0, 0x2220, 0x0008, 0x0008, 0x2000,
  0x4000, 0x4000, 0x2000, 0x2000, 0x0000, 0x2000, 0x0000, 0x0000, 0x0000, 0x0000, 0x0000, 0x0000,
  0x0000, 0x0000, 0x0000, 0x0000, 0x0000, 0x0000, 0x0000, 0x0000, 0x0000, 0x2000, 0x0000, 0x0000,
  0x0110, 0xeda0, 0x74f9, 0x14f9, 0x54f1, 0x53f1, 0x54f9, 0x34f9, 0x34f9, 0x91f3, 0x0ffd, 0x0ffd,
  0xf0fc, 0x10fd, 0x2ffd, 0x2ff5, 0xf0fc, 0xf0f2, 0x53f1, 0x13f2, 0x30f4, 0x2efd, 0x0ef5, 0x10f5,
  0x10fd, 0x0ffd, 0xeffc, 0x10fd, 0x4efd, 0x2ff5, 0x15f6, 0x9dff, 0xfeff, 0xffff, 0xffff, 0x5bff,
  0xb3fd, 0x2ffd, 0x0ffd, 0x10fd, 0x30f5, 0xb8f6, 0xdeff, 0xffff, 0xffff, 0xffff, 0xffff, 0xffff,
  0xffff, 0xffff, 0xffff, 0xffff, 0xffff, 0xffff, 0xffff, 0xfff7, 0xfff7, 0x36f6, 0x0ffd, 0x2ff5,
  0x2ffd, 0xeffc, 0x2ffd, 0x0ffd, 0x10fd, 0x96f6, 0xdeff, 0xffef, 0x72fd, 0x30f5, 0x0ffd, 0x0ffd,
  0x10fd, 0x0ffd, 0x10fd, 0xb0fc, 0x72f2, 0x34f1, 0x55f9, 0x54f1, 0x34f9, 0x11fb, 0x2ffd, 0x0ff5,
  0xb2f2, 0x94f1, 0x4fb9, 0x4320, 0x4210, 0x2110, 0x0110, 0x0210, 0x0218, 0x2210, 0x0110, 0x0000,
  0x2000, 0x0000, 0x0000, 0x0000, 0x0000, 0x0000, 0x0000, 0x0000, 0x0000, 0x0000, 0x0000, 0x0000,
  0x0000, 0x0000, 0x2000, 0x0008, 0x0000, 0x0000, 0x2000, 0x2210, 0xcda0, 0x54f1, 0x34f9, 0x54f9,
  0x53f1, 0x53f1, 0x76f1, 0x55f1, 0x91fb, 0x0ffd, 0x0ffd, 0x0ffd, 0x0ffd, 0x10fd, 0x10fd, 0x30fd,
  0x0ff4, 0x71f3, 0xb1fb, 0xb0fc, 0x0ffd, 0xeffc, 0x10fd, 0xeffc, 0x0ffd, 0x0ffd, 0x10f5, 0x56fe,
  0x98fe, 0xfafe, 0xbeff, 0xfeff, 0xffff, 0xfeff, 0x9dff, 0xb9fe, 0x97fe, 0xb7fe, 0xb8fe, 0xb8f6,
  0x5cff, 0xffff, 0xffff, 0xffff, 0xffff, 0xffff, 0xffff, 0xffff, 0xffff, 0xffff, 0xffff, 0xffff,
  0xffff, 0xffff, 0xdfff, 0xffff, 0x36fe, 0xeffc, 0xeffc, 0xeffc, 0xeffc, 0x0ffd, 0x0ffd, 0x0ffd,
  0x76fe, 0xdeff, 0xfef7, 0x72fd, 0x0ffd, 0x0ffd, 0x0ffd, 0x30fd, 0x0ef5, 0x0ffd, 0xb0fc, 0x72f2,
  0x34f1, 0x54f9, 0x54f1, 0x54f9, 0x12fb, 0xeffc, 0x0ffd, 0x11f4, 0x91f3, 0xf0e2, 0x0b91, 0xac90,
  0xab88, 0xab90, 0xcc88, 0xad98, 0xeb90, 0xa870, 0x2218, 0x0000, 0x0000, 0x0000, 0x0000, 0x0000,
  0x0000, 0x0000, 0x0000, 0x0000, 0x0000, 0x0000, 0x0000, 0x0000, 0x0000, 0x2000, 0x0000, 0x0000,
  0x0000, 0x0000, 0x0210, 0xcea0, 0x74f1, 0x34f9, 0x35f1, 0x54f1, 0x53f1, 0x76f1, 0x73f1, 0x90fb,
  0x0ffd, 0x10fd, 0x0ff5, 0x0ffd, 0x10fd, 0x0ffd, 0x30fd, 0x0ff5, 0x0ffd, 0x0ffd, 0x10fd, 0x10fd,
  0x10fd, 0x10fd, 0xeffc, 0x0ffd, 0x10fd, 0x30fd, 0x5cf7, 0xffff, 0xffff, 0xffff, 0xfeff, 0xffff,
  0xfeff, 0xffff, 0xbeff, 0xfeff, 0xfef7, 0xfeff, 0xdeff, 0xdeff, 0xffff, 0xffff, 0xffff, 0xffff,
  0xffff, 0xffff, 0xffff, 0xffff, 0xffff, 0xffff, 0xffff, 0xffff, 0xffff, 0xdeff, 0xffff, 0x77ee,
  0x0ff5, 0x0ff5, 0x0ffd, 0x10fd, 0xeef4, 0x30fd, 0x30fd, 0x76f6, 0xdeff, 0xfeff, 0x93fd, 0x10fd,
  0x2ffd, 0x0ffd, 0x10fd, 0x0ef5, 0x0ffd, 0xb0fc, 0x72f2, 0x34f1, 0x54f9, 0x54f1, 0x54f9, 0x12fb,
  0xf0fc, 0xeffc, 0x10fd, 0x0ff5, 0x11fc, 0x93f1, 0x33f9, 0x54f1, 0x34f1, 0x34e9, 0x34f1, 0x53f1,
  0x0fc1, 0x4430, 0x0000, 0x0000, 0x0000, 0x0000, 0x0000, 0x0000, 0x0000, 0x0000, 0x0000, 0x0000,
  0x0000, 0x0000, 0x0000, 0x0000, 0x0008, 0x0108, 0x4208, 0x0010, 0x2110, 0x2220, 0xcea8, 0x52f1,
  0x53f9, 0x34e9, 0x74f1, 0x53f9, 0x14f9, 0x53f1, 0x70f3, 0xf0fc, 0x10fd, 0x0efd, 0x2ef5, 0x10fd,
  0xeffc, 0x0ffd, 0x0ffd, 0xf0fc, 0x0ffd, 0x0efd, 0x0ff5, 0xeff4, 0x0ffd, 0xeffc, 0x10fd, 0x10fd,
  0x2ffd, 0x7bff, 0xfeff, 0xfeff, 0xfeff, 0xfeff, 0xffff, 0xffff, 0xffff, 0xdfff, 0xffff, 0xffff,
  0xffff, 0xffff, 0xffff, 0xffff, 0xfff7, 0xffff, 0xffff, 0xffff, 0xffff, 0xffff, 0xffff, 0xffff,
  0xffff, 0xffff, 0xffff, 0xffff, 0xdfff, 0xdfff, 0x77ee, 0x10f5, 0x30fd, 0x0ffd, 0x10fd, 0xeffc,
  0x31fd, 0x31fd, 0x77f6, 0xbfff, 0xdfff, 0xb4f5, 0x30f5, 0x30f5, 0xeffc, 0x10fd, 0xeef4, 0xf0fc,
  0xb0fc, 0x72f2, 0x34f1, 0x54f9, 0x53f1, 0x54f9, 0x31fb, 0x0ff5, 0xcefc, 0xf0fc, 0x0efd, 0x50fc,
  0x13ea, 0x93f1, 0x94f1, 0x35f9, 0x54f1, 0x74f9, 0x55f9, 0x11c9, 0x4540, 0x0100, 0x0000, 0x0000,
  0x0000, 0x0000, 0x0000, 0x0000, 0x0000, 0x0000, 0x2000, 0x2000, 0x0000, 0x0008, 0x2100, 0x2530,
  0xceb0, 0xd1d0, 0x30d1, 0x10d9, 0x11d1, 0x53e1, 0x54f1, 0xf6f8, 0x53f9, 0x34f9, 0x34f1, 0x34f9,
  0x56f9, 0x71fb, 0x0ff5, 0x2ff5, 0x0ffd, 0xeffc, 0xf0fc, 0x0ffd, 0x0ffd, 0x0ffd, 0x0ffd, 0x0ffd,
  0x0ffd, 0x0ffd, 0x0ffd, 0x0ffd, 0x0ffd, 0x0ffd, 0x30fd, 0x50fd, 0x7cff, 0xffff, 0xffff, 0xffff,
  0xffff, 0xdfff, 0xffff, 0xffff, 0xffff, 0xffff, 0xffff, 0xffff, 0xffff, 0xffff, 0xffff, 0xffff,
  0xffff, 0xffff, 0xffff, 0xffff, 0xffff, 0xffff, 0xffff, 0xffff, 0xffff, 0xffff, 0xdfff, 0xdfff,
  0xffff, 0x9eff, 0x5cf7, 0x3aff, 0xb2fd, 0x0efd, 0x91ed, 0x3aff, 0x3dff, 0x9eff, 0xdfff, 0xffff,
  0x9bff, 0x5cff, 0xb8f6, 0x50fd, 0x0ffd, 0x0ffd, 0x0ffd, 0xcff4, 0x72fa, 0x34f1, 0x35f1, 0x54f1,
  0x54f1, 0xf2fa, 0x0ff5, 0x0ffd, 0x2ffd, 0x0ffd, 0xcffc, 0x8ff4, 0x30fc, 0x4ffb, 0x72f1, 0x54f1,
  0x33f1, 0x34f1, 0x14f1, 0xf2e0, 0x4540, 0x0000, 0x0000, 0x0000, 0x0000, 0x0000, 0x0000, 0x0000,
  0x0000, 0x0000, 0x0008, 0x2108, 0x0000, 0x2100, 0x4438, 0x50c9, 0x34f9, 0x54f9, 0x54f9, 0x54f1,
  0x54e9, 0x73f1, 0x15f9, 0x74f1, 0x54f1, 0x34f1, 0x35f1, 0x73e9, 0x70f3, 0x10fd, 0x10fd, 0xeffc,
  0x0efd, 0x10fd, 0x0ffd, 0x0ffd, 0x0ffd, 0x0ffd, 0x0ffd, 0x0ffd, 0x0ffd, 0x0ffd, 0x0ffd, 0x0ffd,
  0x0ffd, 0x0ffd, 0x30fd, 0x7cff, 0xffff, 0xffff, 0xffff, 0xffff, 0xdfff, 0xffff, 0xffff, 0xffff,
  0xffff, 0xffff, 0xffff, 0xffff, 0xffff, 0xffff, 0xffff, 0xffff, 0xffff, 0xffff, 0xffff, 0xffff,
  0xffff, 0xffff, 0xffff, 0xffff, 0xffff, 0xffff, 0xffff, 0xfff7, 0xdfff, 0xdfff, 0x9cff, 0xf4fd,
  0xcffc, 0x93fd, 0xbdff, 0xfff7, 0xfff7, 0xffff, 0xfff7, 0xffff, 0xdfff, 0x1aff, 0x71fd, 0x0ffd,
  0x0ffd, 0x0ffd, 0xb0fc, 0x72fa, 0x54f1, 0x34f1, 0x54f1, 0x54f9, 0x12fb, 0x0ffd, 0xeffc, 0x0ffd,
  0x0ffd, 0x10fd, 0xf0fc, 0x11fd, 0xb1f3, 0x74f1, 0x56f1, 0x54f9, 0x54f1, 0x54f1, 0x54f1, 0x6648,
  0x0000, 0x0000, 0x0000, 0x0000, 0x0000, 0x0000, 0x0000, 0x0000, 0x0000, 0x0008, 0x2000, 0x2108,
  0x6758, 0x8a80, 0x32d9, 0x34f1, 0x34f1, 0x34f9, 0x35f1, 0x54f1, 0x53f1, 0x54f9, 0x72f2, 0x92f2,
  0x92f2, 0x92fa, 0xd3f2, 0x10fc, 0xeffc, 0x10fd, 0x0ffd, 0x0efd, 0x0ffd, 0x0ffd, 0x0ffd, 0x0ffd,
  0x0ffd, 0x0ffd, 0x0ffd, 0x0ffd, 0x0ffd, 0x0ffd, 0x0ffd, 0x0ffd, 0x0ffd, 0x30fd, 0x7cff, 0xffff,
  0xffff, 0xffff, 0xffff, 0xdfff, 0xffff, 0xffff, 0xffff, 0xffff, 0xffff, 0xffff, 0xffff, 0xffff,
  0xffff, 0xffff, 0xffff, 0xffff, 0xffff, 0xffff, 0xffff, 0xffff, 0xffff, 0xffff, 0xffff, 0xffff,
  0xffff, 0xffff, 0xfff7, 0xffff, 0xffff, 0xbdff, 0xb8fe, 0xd5fd, 0x57f6, 0xdeff, 0xfff7, 0xffff,
  0xffff, 0xffff, 0xffff, 0xdfff, 0x3bff, 0x72fd, 0x0ffd, 0x0ffd, 0x0ffd, 0xaff4, 0x72f2, 0x53f1,
  0x54f1, 0x54f1, 0x54f9, 0xf2fa, 0xeffc, 0x10fd, 0x0ffd, 0x0ffd, 0x0ffd, 0x10fd, 0x0ffd, 0xb1f3,
  0x74f1, 0x54f1, 0x33f9, 0x33f1, 0x54f9, 0x54f1, 0x6648, 0x0000, 0x0000, 0x0000, 0x0000, 0x0000,
  0x0000, 0x0000, 0x2000, 0x0000, 0x0000, 0x2000, 0x2220, 0x31d9, 0x53e1, 0x34f9, 0x33f1, 0x74f1,
  0x54f1, 0x35f9, 0x55f9, 0x54e9, 0xd3f1, 0x2ffc, 0xd0fc, 0xb0fc, 0xcffc, 0x92fc, 0xcffc, 0x0ffd,
  0x10fd, 0x10fd, 0x0ffd, 0x0ffd, 0x0ffd, 0x0ffd, 0x0ffd, 0x0ffd, 0x0ffd, 0x0ffd, 0x0ffd, 0x0ffd,
  0x0ffd, 0x0ffd, 0xeffc, 0x0ffd, 0x30fd, 0x7cff, 0xffff, 0xffff, 0xffff, 0xffff, 0xffff, 0xffff,
  0xffff, 0xffff, 0xffff, 0xffff, 0xffff, 0xffff, 0xffff, 0xffff, 0xffff, 0xffff, 0xffff, 0xffff,
  0xffff, 0xffff, 0xffff, 0xffff, 0xffff, 0xffff, 0xffff, 0xffff, 0xffff, 0xffff, 0xffff, 0xffff,
  0xffff, 0x9dff, 0x9dff, 0xbdff, 0xffff, 0xdfff, 0xdfff, 0xffff, 0xffff, 0xfff7, 0xffff, 0x1aff,
  0x51fd, 0x0ffd, 0xeffc, 0x0ffd, 0xcff4, 0x72f2, 0x34f1, 0x15f9, 0x15f9, 0x34f1, 0x12fb, 0xeffc,
  0x10fd, 0xeffc, 0x0ff5, 0x0ffd, 0x2ffd, 0xeffc, 0x91fb, 0x74f1, 0x34f1, 0x53f1, 0x54f1, 0x55f1,
  0x54f9, 0x6648, 0x0000, 0x0000, 0x0000, 0x0000, 0x0000, 0x0000, 0x0000, 0x2000, 0x0000, 0x0000,
  0x0000, 0x2218, 0x54f9, 0x54f9, 0x55f1, 0x55f1, 0x75f1, 0x54f9, 0x33f9, 0x15f9, 0x15f9, 0xb4f9,
  0x4ffc, 0x0ffd, 0x0ff5, 0x0eed, 0x4ffd, 0x2efd, 0x2ef5, 0x0ffd, 0x0ffd, 0x0ffd, 0x0ffd, 0x0ffd,
  0x0ffd, 0x0ffd, 0x0ffd, 0x0ffd, 0x0ffd, 0x0ffd, 0x0ffd, 0x0ffd, 0x0ffd, 0x0ffd, 0x0ffd, 0x30fd,
  0x7cff, 0xffff, 0xffff, 0xffff, 0xffff, 0xdfff, 0xffff, 0xffff, 0xffff, 0xffff, 0xffff, 0xffff,
  0xffff, 0xffff, 0xffff, 0xffff, 0xffff, 0xffff, 0xffff, 0xffff, 0xffff, 0xffff, 0xffff, 0xffff,
  0xffff, 0xffff, 0xffff, 0xffff, 0xffff, 0xffff, 0xffff, 0xffff, 0xffff, 0xdfff, 0xdfff, 0xffff,
  0xffff, 0xffff, 0xffff, 0xffff, 0xfeff, 0xffff, 0x1aff, 0x51fd, 0x0ffd, 0xeffc, 0xf0fc, 0x90f4,
  0x92f2, 0x74f1, 0x34f9, 0x53f9, 0x93f1, 0x31fb, 0xeffc, 0x0ff5, 0xeffc, 0x0ff5, 0x0ffd, 0x2ffd,
  0xeffc, 0x91fb, 0x73f9, 0x34f9, 0x14f9, 0x55f1, 0x54f1, 0x54f9, 0x6648, 0x0000, 0x0000, 0x0000,
  0x0000, 0x0000, 0x0000, 0x0000, 0x0000, 0x0000, 0x0100, 0x0008, 0x4318, 0x75f1, 0x54e9, 0x54f1,
  0x55f9, 0x35f9, 0x54f9, 0x73f1, 0xb1ea, 0x71f3, 0x71f3, 0xeff4, 0x2ffd, 0x2ffd, 0xf0fc, 0x0ef5,
  0x0ffd, 0xeffc, 0x0ffd, 0x0ff5, 0x2ffd, 0x0ffd, 0x0ffd, 0x0ffd, 0x0ffd, 0x0ffd, 0x0ffd, 0x0ffd,
  0x0ffd, 0x0ffd, 0x0ffd, 0x0ffd, 0x0ffd, 0x0ffd, 0x30fd, 0x5cff, 0xffff, 0xffff, 0xffff, 0xffff,
  0xdfff, 0xffff, 0xffff, 0xffff, 0xffff, 0xffff, 0xffff, 0xffff, 0xffff, 0xffff, 0xffff, 0xffff,
  0xffff, 0xffff, 0xffff, 0xffff, 0xffff, 0xffff, 0xffff, 0xffff, 0xffff, 0xffff, 0xffff, 0xffff,
  0xffff, 0xffff, 0xffff, 0xffff, 0xdfff, 0xffff, 0xffff, 0xffff, 0xffff, 0xffff, 0xffff, 0xfff7,
  0xdfff, 0x1aff, 0x51fd, 0x0ffd, 0x0ffd, 0xf0fc, 0xd0fc, 0xb1fb, 0x51f3, 0x51f3, 0x31f3, 0x51f3,
  0xf1fb, 0x0efd, 0x2fed, 0x10fd, 0x30fd, 0xeffc, 0xeff4, 0x30f5, 0x90f4, 0x51f3, 0x32fb, 0xf3e9,
  0x75e9, 0x54f1, 0x34f1, 0x6648, 0x0000, 0x0000, 0x0000, 0x0000, 0x0000, 0x0000, 0x2000, 0x0000,
  0x0000, 0x0000, 0x0000, 0x2218, 0x35f9, 0x55f9, 0x53f1, 0x53f1, 0x54f1, 0x34f1, 0x75f1, 0xd0f3,
  0x0efd, 0xb0fc, 0x30fd, 0x0ffd, 0x0efd, 0xd1fc, 0xeefc, 0xf0fc, 0xf0fc, 0x0ffd, 0x0ff5, 0x2ffd,
  0x0ef5, 0x0ffd, 0xeffc, 0x0ffd, 0x0ffd, 0x0ffd, 0x0ffd, 0x10fd, 0x0ffd, 0xeffc, 0x0ffd, 0x0ffd,
  0x0ffd, 0x30fd, 0x7df7, 0xffff, 0xffff, 0xffff, 0xffff, 0xffff, 0xffff, 0xffff, 0xffff, 0xffff,
  0xffff, 0xffff, 0xffff, 0xffff, 0xffff, 0xffff, 0xffff, 0xffff, 0xffff, 0xffff, 0xffff, 0xffff,
  0xffff, 0xffff, 0xffff, 0xffff, 0xffff, 0xffff, 0xffff, 0xffff, 0xffff, 0xffff, 0xffff, 0xffff,
  0xffff, 0xdeff, 0xffff, 0xffff, 0xffff, 0xffff, 0xfff7, 0xffff, 0x1aff, 0x51fd, 0xeffc, 0x0ffd,
  0x0ffd, 0x2ffd, 0xeffc, 0x2ffd, 0x2ffd, 0x10fd, 0x10fd, 0xf1fc, 0x4ffd, 0x2ff5, 0xeffc, 0x10fd,
  0xeffc, 0x0ffd, 0xf0fc, 0x2ffd, 0xeffc, 0xf0fc, 0x71ea, 0x54f9, 0x14f9, 0x54f1, 0x6648, 0x0000,
  0x0000, 0x0000, 0x0000, 0x0000, 0x0000, 0x0000, 0x0000, 0x0000, 0x0000, 0x0000, 0x2218, 0x54f9,
  0x35f9, 0x34f9, 0x33f1, 0x75f9, 0x34f9, 0x93f1, 0xb0f3, 0x10fd, 0x0ffd, 0x0ffd, 0x10fd, 0xeffc,
  0x0ff5, 0x2ff5, 0xf0fc, 0x0ffd, 0x2ffd, 0x51f5, 0x92fd, 0x70f5, 0x0ffd, 0x10fd, 0x0efd, 0x10fd,
  0x0efd, 0x0ff5, 0x0ffd, 0x30fd, 0x51fd, 0x71fd, 0x72fd, 0x72fd, 0x72fd, 0xbdf7, 0xffff, 0xffff,
  0xffff, 0xffff, 0xffff, 0xffff, 0xffff, 0xffff, 0xffff, 0xffff, 0xffff, 0xffff, 0xffff, 0xffff,
  0xffff, 0xffff, 0xffff, 0xffff, 0xffff, 0xffff, 0xffff, 0xffff, 0xffff, 0xffff, 0xffff, 0xffff,
  0xffff, 0xffff, 0xffff, 0xffff, 0xffff, 0xffff, 0xffff, 0xffff, 0xffff, 0xffff, 0xffff, 0xffff,
  0xffff, 0xdfff, 0xffff, 0x1aff, 0xd3fd, 0x72f5, 0x51fd, 0xf0fc, 0x0ff5, 0x2efd, 0x0efd, 0xf0fc,
  0xf0fc, 0x0ffd, 0x0ffd, 0x0ffd, 0xeffc, 0xeffc, 0x0ffd, 0x0ffd, 0x0ffd, 0x0ffd, 0x2ff5, 0x10fd,
  0xf0fc, 0x13fa, 0x54f1, 0x34f1, 0x54f9, 0x6648, 0x0000, 0x0000, 0x0000, 0x0000, 0x0000, 0x0000,
  0x0000, 0x0000, 0x0000, 0x0000, 0x0000, 0x2218, 0x54f9, 0x55f1, 0x55f1, 0x54f1, 0x54f1, 0x34f1,
  0x93f1, 0xd0f3, 0x10fd, 0x0ffd, 0x0ffd, 0x0ffd, 0xeffc, 0x2ffd, 0x0ffd, 0x10fd, 0x10fd, 0x51fd,
  0xd9fe, 0x1bff, 0x77fe, 0x0ffd, 0x0ff5, 0x2ef5, 0xf0fc, 0xf0fc, 0x10fd, 0x0ef5, 0xd2f5, 0x3aff,
  0x5bf7, 0x5bf7, 0x5bff, 0x5bff, 0xdeff, 0xffff, 0xffff, 0xffff, 0xffff, 0xffff, 0xffff, 0xffff,
  0xffff, 0xffff, 0xffff, 0xffff, 0xffff, 0xffff, 0xffff, 0xffff, 0xffff, 0xffff, 0xffff, 0xffff,
  0xffff, 0xffff, 0xffff, 0xffff, 0xffff, 0xffff, 0xffff, 0xffff, 0xffff, 0xffff, 0xffff, 0xffff,
  0xffff, 0xffff, 0xffff, 0xffff, 0xffff, 0xffff, 0xffff, 0xffff, 0xfdf7, 0xffff, 0xbdff, 0x7cf7,
  0x7bf7, 0x56fe, 0x10fd, 0x0ffd, 0x0ffd, 0xeffc, 0xf0fc, 0x10fd, 0x0ffd, 0x0ffd, 0x0ffd, 0x0ffd,
  0x0ffd, 0x0ffd, 0x0ffd, 0x0ffd, 0x0ffd, 0xeffc, 0xeffc, 0xeffc, 0x33fa, 0x54f9, 0x55f1, 0x54f9,
  0x6648, 0x0000, 0x0000, 0x0000, 0x0000, 0x0000, 0x0000, 0x0000, 0x0000, 0x0000, 0x0000, 0x0000,
  0x2218, 0x53f9, 0x33f1, 0x35f1, 0x34f1, 0x34f9, 0x15f9, 0x74f9, 0xd1fb, 0x10fd, 0x0ffd, 0x0ffd,
  0x0ffd, 0x0ffd, 0x0ffd, 0xeffc, 0x30f5, 0x0ffd, 0x72fd, 0xbdff, 0xffff, 0xfafe, 0x0ff5, 0x0efd,
  0x4efd, 0x30f5, 0x2ffd, 0xcffc, 0xeefc, 0xd3f5, 0xffff, 0xfff7, 0xffff, 0xdeff, 0xbfff, 0xffff,
  0xffff, 0xffff, 0xffff, 0xffff, 0xffff, 0xffff, 0xffff, 0xffff, 0xffff, 0xffff, 0xffff, 0xffff,
  0xffff, 0xffff, 0xffff, 0xffff, 0xffff, 0xffff, 0xffff, 0xffff, 0xffff, 0xffff, 0xffff, 0xffff,
  0xffff, 0xffff, 0xffff, 0xffff, 0xffff, 0xffff, 0xffff, 0xffff, 0xffff, 0xffff, 0xffff, 0xffff,
  0xffff, 0xffff, 0xffff, 0xffff, 0xffff, 0xdfff, 0xffff, 0xffff, 0x77fe, 0xeffc, 0xeffc, 0xf0fc,
  0x10fd, 0x0ffd, 0x0ef5, 0x0ff5, 0x0ff5, 0x0ffd, 0x0ffd, 0x0ffd, 0x0ffd, 0x0ffd, 0x0ffd, 0xeffc,
  0x0ffd, 0x0ffd, 0x2ef5, 0x91f2, 0x54f1, 0x56f1, 0x54f9, 0x6648, 0x0000, 0x0000, 0x0000, 0x0000,
  0x0000, 0x0000, 0x0000, 0x0000, 0x0000, 0x0000, 0x0000, 0x2218, 0x54f9, 0x54f9, 0x35f1, 0x34f1,
  0x72f1, 0x32fa, 0x71ea, 0x30f4, 0x10fd, 0x0ff5, 0x0ffd, 0x0ffd, 0x0ffd, 0x0ffd, 0x10fd, 0x0ff5,
  0x0efd, 0x51fd, 0xbcff, 0xfff7, 0x1bf7, 0xd5fd, 0x93fd, 0x30fd, 0xcff4, 0x0ffd, 0x72fd, 0xb3fd,
  0x17f6, 0xbfff, 0xdfff, 0xfeff, 0xffff, 0xfff7, 0xffff, 0xffff, 0xffff, 0xffff, 0xffff, 0xffff,
  0xffff, 0xffff, 0xffff, 0xffff, 0xffff, 0xffff, 0xffff, 0xffff, 0xffff, 0xffff, 0xffff, 0xffff,
  0xffff, 0xffff, 0xffff, 0xffff, 0xffff, 0xffff, 0xffff, 0xffff, 0xffff, 0xffff, 0xffff, 0xffff,
  0xffff, 0xffff, 0xffff, 0xffff, 0xffff, 0xffff, 0xffff, 0xffff, 0xffff, 0xffff, 0xffff, 0xffff,
  0xffff, 0xdeff, 0xdfff, 0xdafe, 0xd3f5, 0xb3f5, 0x31f5, 0x10fd, 0x2ffd, 0x2ff5, 0x30fd, 0x0ffd,
  0x0ffd, 0x0ffd, 0x0ffd, 0x0ffd, 0x0ffd, 0x0ffd, 0x0ffd, 0xb0fc, 0x12fc, 0x12fc, 0x51f2, 0x34f9,
  0x35f9, 0x54f9, 0x6648, 0x0000, 0x0000, 0x0000, 0x0000, 0x0000, 0x0000, 0x0000, 0x0000, 0x0000,
  0x0000, 0x0000, 0x2218, 0x54f9, 0x34f1, 0x54f1, 0x94f1, 0xb1f2, 0x91fc, 0xf0fc, 0xf0fc, 0x10fd,
  0x0ff5, 0x2ffd, 0x0ffd, 0x10fd, 0xeffc, 0xeffc, 0x0ffd, 0x0efd, 0x72fd, 0xbdff, 0xffff, 0xdeff,
  0xdeff, 0x7dff, 0xf4fd, 0xf0fc, 0x91fd, 0x3af7, 0xddff, 0xbdf7, 0xfff7, 0xffff, 0xdeff, 0xdeff,
  0xdfff, 0xffff, 0xffff, 0xffff, 0xffff, 0xffff, 0xffff, 0xffff, 0xffff, 0xffff, 0xffff, 0xffff,
  0xffff, 0xffff, 0xffff, 0xffff, 0xffff, 0xffff, 0xffff, 0xffff, 0xffff, 0xffff, 0xffff, 0xffff,
  0xffff, 0xffff, 0xffff, 0xffff, 0xffff, 0xffff, 0xffff, 0xffff, 0xffff, 0xffff, 0xffff, 0xffff,
  0xffff, 0xffff, 0xffff, 0xffff, 0xffff, 0xdfff, 0xffff, 0xfeff, 0xfeff, 0xffff, 0xffff, 0xbdf7,
  0x7bff, 0xf3f5, 0x0ff5, 0x0ffd, 0x0ffd, 0xcffc, 0xeffc, 0x10fd, 0x0ffd, 0x0ffd, 0x0ffd, 0x0ffd,
  0x0ffd, 0x0efd, 0xaff3, 0xd3f1, 0x94f1, 0x53f1, 0x14f1, 0x34f1, 0x54f9, 0x6648, 0x0000, 0x0000,
  0x0000, 0x0000, 0x0000, 0x0000, 0x0000, 0x0000, 0x0000, 0x0000, 0x0000, 0x2218, 0x54f9, 0x54f9,
  0x34f9, 0x55f9, 0x91f2, 0xd0fc, 0xeffc, 0xeffc, 0x0ffd, 0x0ffd, 0x2ffd, 0xeffc, 0x10fd, 0x0ffd,
  0xeffc, 0x0ffd, 0x0ffd, 0x72f5, 0xbdff, 0xffff, 0xdeff, 0xffff, 0xdfff, 0x15f6, 0x0ffd, 0x70fd,
  0x3cff, 0xffff, 0xffff, 0xffff, 0xffff, 0xffff, 0xffff, 0xffff, 0xffff, 0xffff, 0xffff, 0xffff,
  0xffff, 0xffff, 0xffff, 0xffff, 0xffff, 0xffff, 0xffff, 0xffff, 0xffff, 0xffff, 0xffff, 0xffff,
  0xffff, 0xffff, 0xffff, 0xffff, 0xffff, 0xffff, 0xffff, 0xffff, 0xffff, 0xffff, 0xffff, 0xffff,
  0xffff, 0xffff, 0xffff, 0xffff, 0xffff, 0xffff, 0xffff, 0xffff, 0xffff, 0xffff, 0xffff, 0xffff,
  0xffff, 0xdfff, 0xffff, 0xfeff, 0xffff, 0xffff, 0xffff, 0x9dff, 0xf4f5, 0x0ffd, 0x0ffd, 0x10fd,
  0x10fd, 0x10fd, 0x10fd, 0x10fd, 0x10fd, 0x0ffd, 0x0ffd, 0x0ffd, 0x0ffd, 0xb1f3, 0x54f9, 0x14f9,
  0x74f1, 0x54f1, 0x34f9, 0x54f9, 0x6648, 0x0000, 0x0000, 0x0000, 0x0000, 0x0000, 0x0000, 0x0000,
  0x2000, 0x0000, 0x2000, 0x2000, 0x2218, 0x54f9, 0x74f1, 0x54f9, 0x34f9, 0xd3f1, 0x12f3, 0x31f3,
  0x30fc, 0xf0fc, 0xeffc, 0x10fd, 0x10fd, 0x30fd, 0xf0fc, 0xf0fc, 0x0ffd, 0x0ffd, 0x72fd, 0x7dff,
  0xffff, 0xffff, 0xffff, 0xffff, 0x34ee, 0x2ef5, 0x90fd, 0x3bff, 0xffff, 0xffff, 0xffff, 0xffff,
  0xffff, 0xffff, 0xffff, 0xffff, 0xffff, 0xffff, 0xffff, 0xffff, 0xffff, 0xffff, 0xffff, 0xffff,
  0xffff, 0xffff, 0xffff, 0xffff, 0xffff, 0xffff, 0xffff, 0xffff, 0xffff, 0xffff, 0xffff, 0xffff,
  0xffff, 0xffff, 0xffff, 0xffff, 0xffff, 0xffff, 0xffff, 0xffff, 0xffff, 0xffff, 0xffff, 0xffff,
  0xffff, 0xffff, 0xffff, 0xffff, 0xffff, 0xffff, 0xffff, 0xffff, 0xffff, 0xffff, 0xffff, 0xffff,
  0xffff, 0xffff, 0x9dff, 0xd4f5, 0x0ffd, 0x0ffd, 0x10f5, 0x2ffd, 0xf2fd, 0x97f6, 0x77f6, 0x92fd,
  0xf0fc, 0xeffc, 0x0ffd, 0xeffc, 0xb1f3, 0x74f1, 0x34f9, 0x74f1, 0x54f1, 0x34f1, 0x54f1, 0x6648,
  0x2000, 0x0000, 0x2000, 0x0000, 0x0000, 0x0000, 0x0000, 0x2000, 0x0000, 0x0000, 0x0000, 0x2218,
  0x54f1, 0x33f1, 0x33f1, 0x55f9, 0x14f1, 0x74f1, 0x93f1, 0x10f4, 0x4ff5, 0x2ffd, 0x2ef5, 0x0ffd,
  0x0ffd, 0xd0fc, 0x10fd, 0x0ffd, 0x0efd, 0x71fd, 0x9dff, 0xffff, 0xffff, 0xffff, 0xdeff, 0xd5fd,
  0xcefc, 0x71fd, 0x5bff, 0xffff, 0xffff, 0xffff, 0xffff, 0xffff, 0xffff, 0xffff, 0xffff, 0xffff,
  0xffff, 0xffff, 0xffff, 0xffff, 0xffff, 0xffff, 0xffff, 0xffff, 0xffff, 0xffff, 0xffff, 0xffff,
  0xffff, 0xffff, 0xffff, 0xffff, 0xffff, 0xffff, 0xffff, 0xffff, 0xffff, 0xffff, 0xffff, 0xffff,
  0xffff, 0xffff, 0xffff, 0xffff, 0xffff, 0xffff, 0xffff, 0xffff, 0xffff, 0xffff, 0xffff, 0xffff,
  0xffff, 0xffff, 0xffff, 0xffff, 0xffff, 0xffff, 0xffff, 0xffff, 0xffff, 0x9eff, 0xd4fd, 0x10fd,
  0xeefc, 0xd0fc, 0xcefc, 0x35fe, 0xbdff, 0x9dff, 0xb4fd, 0xeffc, 0xeffc, 0x0ffd, 0x0ffd, 0xb1f3,
  0x74f1, 0x54f1, 0x53f1, 0x34f9, 0x34f9, 0x34f9, 0x6648, 0x0000, 0x0000, 0x0000, 0x0000, 0x0000,
  0x0000, 0x0000, 0x0000, 0x2000, 0x0000, 0x0008, 0x2218, 0x55f9, 0x35f9, 0x75f1, 0x96f9, 0x14f1,
  0x54f9, 0x73f9, 0x91fb, 0x90f4, 0x90fc, 0x2ffd, 0x2ffd, 0x2ffd, 0x10fd, 0xeffc, 0x2ffd, 0x70fd,
  0xb3f5, 0x9df7, 0xfeff, 0xfeff, 0xffff, 0xbeff, 0xf7fd, 0x32fd, 0xb4fd, 0x3bf7, 0xffff, 0xffff,
  0xffff, 0xffff, 0xffff, 0xffff, 0xffff, 0xffff, 0xffff, 0xffff, 0xffff, 0xffff, 0xffff, 0xffff,
  0xffff, 0xffff, 0xffff, 0xffff, 0xffff, 0xffff, 0xffff, 0xffff, 0xffff, 0xffff, 0xffff, 0xffff,
  0xffff, 0xffff, 0xffff, 0xffff, 0xffff, 0xffff, 0xffff, 0xffff, 0xffff, 0xffff, 0xffff, 0xffff,
  0xffff, 0xffff, 0xffff, 0xffff, 0xffff, 0xffff, 0xffff, 0xffff, 0xffff, 0xffff, 0xffff, 0xffff,
  0xffff, 0xffff, 0xffff, 0xffff, 0x9eff, 0xb4fd, 0xeffc, 0xeefc, 0x72fd, 0x31fd, 0x79fe, 0xdfff,
  0xbeff, 0xd4fd, 0xeffc, 0x0ffd, 0xeffc, 0x0ffd, 0xb1f3, 0x74f1, 0x54f1, 0x53f1, 0x54f9, 0x34f1,
  0x34f1, 0x6648, 0x0008, 0x0000, 0x0000, 0x0000, 0x0000, 0x0000, 0x0000, 0x0000, 0x0000, 0x0000,
  0x2000, 0x0218, 0x34f9, 0x53f1, 0x53f1, 0x54e9, 0x54f1, 0x55f9, 0x75f1, 0xf3f1, 0x52fa, 0xb2fa,
  0x90fc, 0xeffc, 0x0efd, 0x0ffd, 0x2ffd, 0x35f6, 0x1bff, 0x3bff, 0xfff7, 0xfeff, 0xffff, 0xffff,
  0xffff, 0x5cff, 0x3aff, 0x5bff, 0xdeff, 0xffff, 0xffff, 0xffff, 0xffff, 0xffff, 0xffff, 0xffff,
  0xffff, 0xffff, 0xffff, 0xffff, 0xffff, 0xffff, 0xffff, 0xffff, 0xffff, 0xffff, 0xffff, 0xffff,
  0xffff, 0xffff, 0xffff, 0xffff, 0xffff, 0xffff, 0xffff, 0xffff, 0xffff, 0xffff, 0xffff, 0xffff,
  0xffff, 0xffff, 0xffff, 0xffff, 0xffff, 0xffff, 0xffff, 0xffff, 0xffff, 0xffff, 0xffff, 0xffff,
  0xffff, 0xffff, 0xffff, 0xffff, 0xffff, 0xffff, 0xffff, 0xffff, 0xffff, 0xffff, 0xffff, 0x9dff,
  0xd4fd, 0x0ffd, 0x90fd, 0xf9fe, 0x3aff, 0x7dff, 0xdff7, 0xbeff, 0xf4fd, 0x0ffd, 0x0ffd, 0xf0fc,
  0x0ffd, 0xb1f3, 0x74f1, 0x54f1, 0x53f1, 0x54f9, 0x54f1, 0x54f1, 0x6648, 0x0000, 0x2000, 0x0000,
  0x0000, 0x0000, 0x0000, 0x0000, 0x0000, 0x0000, 0x0000, 0x2000, 0x2220, 0x54f1, 0x54f9, 0x14f9,
  0x54f1, 0x75f1, 0x14f9, 0x54f9, 0x34f1, 0x53f1, 0xd2f1, 0x50fc, 0x10fd, 0x0ffd, 0x0ffd, 0x2ffd,
  0x98f6, 0xdfff, 0xdfff, 0xfff7, 0xfef7, 0xffff, 0xffff, 0xfff7, 0xdfff, 0xffff, 0xffff, 0xffff,
  0xffff, 0xffff, 0xffff, 0xffff, 0xffff, 0xffff, 0xffff, 0xffff, 0xffff, 0xffff, 0xffff, 0xffff,
  0xffff, 0xffff, 0xffff, 0xffff, 0xffff, 0xffff, 0xffff, 0xffff, 0xffff, 0xffff, 0xffff, 0xffff,
  0xffff, 0xffff, 0xffff, 0xffff, 0xffff, 0xffff, 0xffff, 0xffff, 0xffff, 0xffff, 0xffff, 0xffff,
  0xffff, 0xffff, 0xffff, 0xffff, 0xffff, 0xffff, 0xffff, 0xffff, 0xffff, 0xffff, 0xffff, 0xffff,
  0xffff, 0xffff, 0xffff, 0xffff, 0xffff, 0xffff, 0x9dff, 0xd3f5, 0xeffc, 0x91f5, 0x9dff, 0xffff,
  0xffff, 0xfff7, 0xbdff, 0xf4fd, 0x0ffd, 0x0ffd, 0xf0fc, 0x0ffd, 0xb1f3, 0x74f1, 0x54f1, 0x53f1,
  0x54f9, 0x54f1, 0x54f1, 0x6650, 0x0000, 0x0000, 0x0000, 0x0000, 0x0000, 0x0000, 0x0000, 0x0000,
  0x0000, 0x0000, 0x0000, 0x2118, 0x0ea9, 0xeeb0, 0xceb8, 0x0ea9, 0x31c1, 0x34f1, 0x55f1, 0x54f1,
  0x74f1, 0xb2f1, 0x90fc, 0x2ffd, 0x10fd, 0xf0fc, 0x2ffd, 0x15f6, 0xfafe, 0xfafe, 0xdeff, 0xfeff,
  0xffff, 0xdeff, 0xdfff, 0xbfff, 0xffff, 0xffff, 0xffff, 0xffff, 0xffff, 0xffff, 0xffff, 0xffff,
  0xffff, 0xffff, 0xffff, 0xffff, 0xffff, 0xffff, 0xffff, 0xffff, 0xffff, 0xffff, 0xffff, 0xffff,
  0xffff, 0xffff, 0xffff, 0xffff, 0xffff, 0xffff, 0xffff, 0xffff, 0xffff, 0xffff, 0xffff, 0xffff,
  0xffff, 0xffff, 0xffff, 0xffff, 0xffff, 0xffff, 0xffff, 0xffff, 0xffff, 0xffff, 0xffff, 0xffff,
  0xffff, 0xffff, 0xffff, 0xffff, 0xffff, 0xffff, 0xffff, 0xffff, 0xffff, 0xffff, 0xffff, 0xffff,
  0xffff, 0xbdff, 0xf4f5, 0xeffc, 0x51fd, 0x9eff, 0xdfff, 0xdeff, 0xfff7, 0xdeff, 0xd3fd, 0x0ef5,
  0x2ffd, 0xf0fc, 0x0ffd, 0xb1f3, 0x74f1, 0x54f1, 0x53f1, 0x54f9, 0x33e9, 0xefb8, 0x4438, 0x0000,
  0x0000, 0x0000, 0x0000, 0x0000, 0x0000, 0x0000, 0x0000, 0x0000, 0x0000, 0x0008, 0x0000, 0x0318,
  0x2210, 0x0110, 0x2210, 0x4860, 0x72f1, 0x33f9, 0x35f9, 0x55f9, 0x94f9, 0x90fc, 0x2ffd, 0x10fd,
  0xeffc, 0xeffc, 0x2ffd, 0x50fd, 0x92f5, 0x9eff, 0xdfff, 0xdfff, 0xfeff, 0xfeff, 0xffff, 0xffff,
  0xffff, 0xffff, 0xffff, 0xffff, 0xffff, 0xffff, 0xffff, 0xffff, 0xffff, 0xffff, 0xffff, 0xffff,
  0xffff, 0xffff, 0xffff, 0xffff, 0xffff, 0xffff, 0xffff, 0xffff, 0xffff, 0xffff, 0xffff, 0xffff,
  0xffff, 0xffff, 0xffff, 0xffff, 0xffff, 0xffff, 0xffff, 0xffff, 0xffff, 0xffff, 0xffff, 0xffff,
  0xffff, 0xffff, 0xffff, 0xffff, 0xffff, 0xffff, 0xffff, 0xffff, 0xffff, 0xffff, 0xffff, 0xffff,
  0xffff, 0xffff, 0xffff, 0xffff, 0xffff, 0xffff, 0xffff, 0xffff, 0x7dff, 0xd4f5, 0xeffc, 0x51fd,
  0xbdff, 0xfeff, 0xffff, 0xfff7, 0xbeff, 0xd4fd, 0x0ff5, 0x2ffd, 0xeffc, 0x0ffd, 0xb1f3, 0x74f1,
  0x54f1, 0x53f1, 0x54f9, 0x11c9, 0x4638, 0x0108, 0x2000, 0x2000, 0x0000, 0x0000, 0x0000, 0x0000,
  0x0000, 0x0000, 0x0000, 0x0000, 0x0000, 0x0000, 0x0000, 0x0000, 0x0000, 0x4000, 0x6750, 0x34f1,
  0x55f1, 0x55e9, 0x34e9, 0xb2f1, 0x71fc, 0x0ff5, 0xeff4, 0xeffc, 0x10fd, 0x0ffd, 0xeffc, 0x92f5,
  0x7bff, 0xfeff, 0xfff7, 0xffff, 0xfff7, 0xffff, 0xdeff, 0xffff, 0xffff, 0xffff, 0xffff, 0xffff,
  0xffff, 0xffff, 0xffff, 0xffff, 0xffff, 0xffff, 0xffff, 0xffff, 0xffff, 0xffff, 0xffff, 0xffff,
  0xffff, 0xffff, 0xffff, 0xffff, 0xffff, 0xffff, 0xffff, 0xffff, 0xffff, 0xffff, 0xffff, 0xffff,
  0xffff, 0xffff, 0xffff, 0xffff, 0xffff, 0xffff, 0xffff, 0xffff, 0xffff, 0xffff, 0xffff, 0xffff,
  0xffff, 0xffff, 0xffff, 0xffff, 0xffff, 0xffff, 0xffff, 0xffff, 0xffff, 0xffff, 0xffff, 0xffff,
  0xdfff, 0xffff, 0xffff, 0x9dff, 0xd5fd, 0x2efd, 0x51fd, 0xbdff, 0xfff7, 0xffff, 0xffff, 0xbeff,
  0xf5fd, 0x0ffd, 0xf0fc, 0x2ffd, 0x0ffd, 0xb1f3, 0x74f1, 0x34f9, 0x54f1, 0x34f1, 0x10c9, 0x4430,
  0x0000, 0x0000, 0x0000, 0x0000, 0x0000, 0x0000, 0x0000, 0x0000, 0x0000, 0x0000, 0x0000, 0x0000,
  0x0000, 0x0000, 0x0000, 0x0000, 0x2000, 0x6750, 0x34f1, 0x55f1, 0x55f1, 0x75f1, 0x94f1, 0x11fb,
  0x50fb, 0xf0f3, 0x0ffd, 0x10fd, 0xf0fc, 0x0ffd, 0x51fd, 0x36fe, 0x97fe, 0xfafe, 0xbfff, 0xdfff,
  0xffff, 0xffff, 0xffff, 0xdfff, 0xffff, 0xffff, 0xffff, 0xffff, 0xffff, 0xffff, 0xffff, 0xffff,
  0xffff, 0xffff, 0xffff, 0xffff, 0xffff, 0xffff, 0xffff, 0xffff, 0xffff, 0xffff, 0xffff, 0xffff,
  0xffff, 0xffff, 0xffff, 0xffff, 0xffff, 0xffff, 0xffff, 0xffff, 0xffff, 0xffff, 0xffff, 0xffff,
  0xffff, 0xffff, 0xffff, 0xffff, 0xffff, 0xffff, 0xffff, 0xffff, 0xffff, 0xffff, 0xffff, 0xffff,
  0xffff, 0xffff, 0xffff, 0xffff, 0xffff, 0xffff, 0xffff, 0xffff, 0xffff, 0xffff, 0xbdff, 0xb4f5,
  0x0ef5, 0x71fd, 0xbeff, 0xffff, 0xdfff, 0xffff, 0xbeff, 0xf4fd, 0x0ffd, 0xf0fc, 0x2ffd, 0x0ffd,
  0xb1f3, 0x73f1, 0x34f9, 0x54f1, 0x34f1, 0x10c9, 0x4430, 0x0000, 0x0000, 0x0000, 0x0000, 0x0000,
  0x0000, 0x0000, 0x0000, 0x0000, 0x0000, 0x0000, 0x0000, 0x0000, 0x0000, 0x0000, 0x0000, 0x2000,
  0x4750, 0x33f1, 0x34f9, 0x53f1, 0x53f1, 0x15f9, 0x54f1, 0x74f1, 0xf2f2, 0xeffc, 0x0ffd, 0x0efd,
  0x0efd, 0x0ffd, 0x2ff5, 0x2ff5, 0x14f6, 0xbdf7, 0xfeff, 0xffff, 0xfff7, 0xffff, 0xffff, 0xffff,
  0xffff, 0xffff, 0xffff, 0xffff, 0xffff, 0xffff, 0xffff, 0xffff, 0xffff, 0xffff, 0xffff, 0xffff,
  0xffff, 0xffff, 0xffff, 0xffff, 0xffff, 0xffff, 0xffff, 0xffff, 0xffff, 0xffff, 0xffff, 0xffff,
  0xffff, 0xffff, 0xffff, 0xffff, 0xffff, 0xffff, 0xffff, 0xffff, 0xffff, 0xffff, 0xffff, 0xffff,
  0xffff, 0xffff, 0xffff, 0xffff, 0xffff, 0xffff, 0xffff, 0xffff, 0xffff, 0xffff, 0xffff, 0xffff,
  0xffff, 0xffff, 0xffff, 0xffff, 0xffff, 0x9cff, 0xd3f5, 0x2efd, 0x72f5, 0x9eff, 0xffff, 0xdfff,
  0xffff, 0xdeff, 0xf4fd, 0x0ffd, 0xf0fc, 0x2ffd, 0x0ffd, 0xb1fb, 0x73f1, 0x34f9, 0x54f1, 0x34f1,
  0x10c9, 0x4430, 0x0000, 0x0000, 0x0000, 0x0000, 0x0000, 0x0000, 0x0000, 0x0000, 0x0000, 0x0000,
  0x0000, 0x0000, 0x0000, 0x0000, 0x0000, 0x0000, 0x2000, 0x4650, 0x33f1, 0x34f9, 0x33f1, 0x54f1,
  0x35f9, 0x54f1, 0x35f1, 0xd2fa, 0xeefc, 0xeffc, 0xeff4, 0x10fd, 0x10fd, 0xf0fc, 0x10fd, 0xd3fd,
  0x9bff, 0xbcff, 0xfeff, 0xfff7, 0xffff, 0xdfff, 0xffff, 0xffff, 0xffff, 0xffff, 0xffff, 0xffff,
  0xffff, 0xffff, 0xffff, 0xffff, 0xffff, 0xffff, 0xffff, 0xffff, 0xffff, 0xffff, 0xffff, 0xffff,
  0xffff, 0xffff, 0xffff, 0xffff, 0xffff, 0xffff, 0xffff, 0xffff, 0xffff, 0xffff, 0xffff, 0xffff,
  0xffff, 0xffff, 0xffff, 0xffff, 0xffff, 0xffff, 0xffff, 0xffff, 0xffff, 0xffff, 0xffff, 0xffff,
  0xffff, 0xffff, 0xffff, 0xffff, 0xffff, 0xffff, 0xffff, 0xdfff, 0xdfff, 0xfef7, 0xdeff, 0x7dff,
  0x5bff, 0xb4f5, 0x50fd, 0x94f5, 0x9eff, 0xfff7, 0xffff, 0xffff, 0xdeff, 0xf4fd, 0x0ffd, 0xf0fc,
  0x2ffd, 0x0ffd, 0xb1fb, 0x73f1, 0x34f1, 0x54f1, 0x34f1, 0x10c9, 0x4430, 0x0000, 0x0000, 0x0000,
  0x0000, 0x0000, 0x0000, 0x0000, 0x0000, 0x0000, 0x0000, 0x0000, 0x0000, 0x0000, 0x0000, 0x0000,
  0x0000, 0x2000, 0x4648, 0x33f1, 0x34f1, 0x35f9, 0x54f1, 0x54e9, 0x93e9, 0x55f9, 0xb4fa, 0xf1fc,
  0x0ffd, 0x10fd, 0x10f5, 0x10fd, 0xf0fc, 0x11fd, 0x31f5, 0x73f5, 0x93f5, 0x1af7, 0xffff, 0xdfff,
  0xffff, 0xffff, 0xffff, 0xffff, 0xffff, 0xffff, 0xffff, 0xffff, 0xffff, 0xffff, 0xffff, 0xffff,
  0xffff, 0xffff, 0xffff, 0xffff, 0xffff, 0xffff, 0xffff, 0xffff, 0xffff, 0xffff, 0xffff, 0xffff,
  0xffff, 0xffff, 0xffff, 0xffff, 0xffff, 0xffff, 0xffff, 0xffff, 0xffff, 0xffff, 0xffff, 0xffff,
  0xffff, 0xffff, 0xffff, 0xffff, 0xffff, 0xffff, 0xffff, 0xffff, 0xffff, 0xffff, 0xffff, 0xffff,
  0xffff, 0xffff, 0xdfff, 0xffff, 0xfef7, 0x3af7, 0xd5f5, 0xb4fd, 0x77fe, 0x59ff, 0x7bff, 0xdfff,
  0xdeff, 0xdfff, 0xffff, 0xdeff, 0xf4fd, 0x0ffd, 0xf0fc, 0x2ffd, 0xeffc, 0xb1f3, 0x73f1, 0x34f1,
  0x54f1, 0x34f1, 0x10c9, 0x4430, 0x0000, 0x0000, 0x0000, 0x0000, 0x0000, 0x0000, 0x0000, 0x0000,
  0x0000, 0x0000, 0x0000, 0x0000, 0x0000, 0x0000, 0x0000, 0x0000, 0x2000, 0x6648, 0x53f1, 0x54f1,
  0x53f9, 0x74f1, 0x15f1, 0x54e9, 0x34f1, 0xd1fa, 0x0dfd, 0xeefc, 0x0ffd, 0x0ff5, 0x0efd, 0xeefc,
  0x2ffd, 0x0ff5, 0x10fd, 0xf0fc, 0xb8fe, 0xffff, 0xdfff, 0xdfff, 0xffff, 0xffff, 0xffff, 0xffff,
  0xffff, 0xffff, 0xffff, 0xffff, 0xffff, 0xffff, 0xffff, 0xffff, 0xffff, 0xffff, 0xffff, 0xffff,
  0xffff, 0xffff, 0xffff, 0xffff, 0xffff, 0xffff, 0xffff, 0xffff, 0xffff, 0xffff, 0xffff, 0xffff,
  0xffff, 0xffff, 0xffff, 0xffff, 0xffff, 0xffff, 0xffff, 0xffff, 0xffff, 0xffff, 0xffff, 0xffff,
  0xffff, 0xffff, 0xffff, 0xffff, 0xffff, 0xffff, 0xffff, 0xffff, 0xfeff, 0xffff, 0xdfff, 0xfff7,
  0x97f6, 0xeff4, 0x30f5, 0x1bff, 0xfeff, 0xdeff, 0xdfff, 0xffff, 0xffff, 0xffff, 0xbeff, 0xf4fd,
  0x0efd, 0xeffc, 0x0ffd, 0xf0fc, 0xb1f3, 0x73f1, 0x34f1, 0x54f1, 0x34f9, 0x10c9, 0x2430, 0x0000,
  0x0000, 0x0000, 0x0000, 0x0000, 0x0000, 0x0000, 0x0000, 0x0000, 0x0000, 0x0000, 0x0000, 0x0000,
  0x0000, 0x0000, 0x0000, 0x2000, 0x6748, 0x53f1, 0x54f1, 0x34f1, 0x54f1, 0x15f9, 0x54f9, 0x54f1,
  0x73f2, 0xf2fb, 0x10fc, 0xd0fc, 0x0ffd, 0x0ffd, 0xeefc, 0x30fd, 0x0ff5, 0x0efd, 0x10fd, 0x55f6,
  0x3af7, 0x3cff, 0xbeff, 0xffff, 0xffff, 0xffff, 0xffff, 0xffff, 0xffff, 0xffff, 0xffff, 0xffff,
  0xffff, 0xffff, 0xffff, 0xffff, 0xffff, 0xffff, 0xffff, 0xffff, 0xffff, 0xffff, 0xffff, 0xffff,
  0xffff, 0xffff, 0xffff, 0xffff, 0xffff, 0xffff, 0xffff, 0xffff, 0xffff, 0xffff, 0xffff, 0xffff,
  0xffff, 0xffff, 0xffff, 0xffff, 0xffff, 0xffff, 0xffff, 0xffff, 0xffff, 0xffff, 0xffff, 0xffff,
  0xffff, 0xffff, 0xdfff, 0xfeff, 0xbdff, 0x1bf7, 0x3bf7, 0x35fe, 0xeefc, 0x30f5, 0x1bf7, 0xdff7,
  0xdeff, 0x3cff, 0x1aff, 0x1bf7, 0x5bff, 0x1aff, 0x93fd, 0xeffc, 0xb0fc, 0x4ff4, 0x10fc, 0x32f3,
  0x73f1, 0x35f1, 0x54f1, 0x13f9, 0x10c9, 0x4430, 0x0000, 0x0000, 0x0000, 0x0000, 0x0000, 0x0000,
  0x0000, 0x0000, 0x0000, 0x0000, 0x0000, 0x0000, 0x0000, 0x0000, 0x0000, 0x0000, 0x0000, 0x8748,
  0x53f1, 0x55f9, 0x54f9, 0x53f1, 0x35f9, 0x34f9, 0x34f9, 0x73f1, 0xb3f9, 0xd3f9, 0xb1f3, 0x0ff5,
  0x0ffd, 0xeefc, 0xf0fc, 0x0ffd, 0x0ffd, 0xeffc, 0x31fd, 0x51f5, 0xb3fd, 0x3bff, 0xffff, 0xffff,
  0xffff, 0xdfff, 0xffff, 0xffff, 0xffff, 0xffff, 0xffff, 0xffff, 0xffff, 0xffff, 0xffff, 0xffff,
  0xffff, 0xffff, 0xffff, 0xffff, 0xffff, 0xffff, 0xffff, 0xffff, 0xffff, 0xffff, 0xffff, 0xffff,
  0xffff, 0xffff, 0xffff, 0xffff, 0xffff, 0xffff, 0xffff, 0xffff, 0xffff, 0xffff, 0xffff, 0xffff,
  0xffff, 0xffff, 0xffff, 0xffff, 0xffff, 0xdfff, 0xdfff, 0xffff, 0xffff, 0xfff7, 0xdfff, 0x3af7,
  0x92f5, 0x52f5, 0x30fd, 0xeffc, 0x11f5, 0x19f7, 0xbfff, 0x9df7, 0xb3f5, 0x51f5, 0x31f5, 0x70fd,
  0x50fd, 0x0ffd, 0x0ffd, 0x51f4, 0x11f2, 0xb3f1, 0xb3f9, 0x54f1, 0x55f1, 0x75f9, 0x34f1, 0x11c9,
  0x4430, 0x0000, 0x0008, 0x0000, 0x0000, 0x0000, 0x0000, 0x0000, 0x0000, 0x0000, 0x0000, 0x0000,
  0x0000, 0x0000, 0x0000, 0x0000, 0x0008, 0x0008, 0x8750, 0x31e9, 0x53f1, 0x54f9, 0x73f1, 0x55f1,
  0x54f9, 0x54f1, 0x73f1, 0x33f9, 0x73f1, 0x91f3, 0x0ffd, 0xf1fc, 0x0ffd, 0x10f5, 0x4ff5, 0x10f5,
  0x0ffd, 0x0ffd, 0xcefc, 0x71fd, 0x3aff, 0xffff, 0xffff, 0xffff, 0xffff, 0xffff, 0xfff7, 0xdfff,
  0xffff, 0xffff, 0xffff, 0xffff, 0xffff, 0xffff, 0xffff, 0xffff, 0xffff, 0xffff, 0xffff, 0xffff,
  0xffff, 0xffff, 0xffff, 0xffff, 0xffff, 0xffff, 0xffff, 0xffff, 0xffff, 0xffff, 0xffff, 0xffff,
  0xffff, 0xffff, 0xffff, 0xffff, 0xffff, 0xffff, 0xffff, 0xffff, 0xffff, 0xffff, 0xffff, 0xffff,
  0xdfff, 0xdfff, 0xdfff, 0xdff7, 0xdfff, 0xbfff, 0x1af7, 0x51f5, 0x0ffd, 0x0ffd, 0x2ffd, 0x30fd,
  0xf8f6, 0xdeff, 0x7bf7, 0x92ed, 0xeff4, 0x0efd, 0xf0fc, 0xeffc, 0x0efd, 0x2ff5, 0x30f4, 0x93f9,
  0x35f1, 0x54f9, 0x55f9, 0x55f9, 0x34f9, 0x54f9, 0x10c1, 0x4328, 0x2000, 0x0000, 0x0000, 0x0000,
  0x0000, 0x0000, 0x0000, 0x0000, 0x0000, 0x0000, 0x0000, 0x0000, 0x0000, 0x0000, 0x0000, 0x2000,
  0x2000, 0x6320, 0xa978, 0xcb80, 0xf1c8, 0x53f1, 0x34f1, 0x34f1, 0x54e9, 0x75f1, 0x35f9, 0x73f1,
  0x72f2, 0x32fb, 0x71f3, 0xcefc, 0xeffc, 0x10fd, 0x10f5, 0x0ff5, 0x2ff5, 0x0efd, 0x30fd, 0x15f6,
  0x77fe, 0xf9f6, 0xfeff, 0xdeff, 0xdfff, 0xffff, 0xdfff, 0xffff, 0xdfff, 0xffff, 0xffff, 0xffff,
  0xffff, 0xffff, 0xffff, 0xffff, 0xffff, 0xffff, 0xffff, 0xffff, 0xffff, 0xffff, 0xffff, 0xffff,
  0xffff, 0xffff, 0xffff, 0xffff, 0xffff, 0xffff, 0xffff, 0xffff, 0xffff, 0xffff, 0xffff, 0xffff,
  0xffff, 0xffff, 0xffff, 0xffff, 0xffff, 0xffff, 0xffff, 0xffff, 0xffff, 0xffff, 0xdef7, 0xddff,
  0xbfff, 0xfaf6, 0x51fd, 0x30fd, 0x50fd, 0x30f5, 0x10fd, 0xf4f5, 0x78fe, 0x15fe, 0x10fd, 0x0efd,
  0x0efd, 0xd1fc, 0xb1fc, 0xd1fb, 0x32fb, 0xd2f2, 0x75f9, 0x75f1, 0x54f1, 0x55f1, 0x34e9, 0xada0,
  0x8988, 0x6768, 0x0218, 0x0000, 0x0000, 0x0000, 0x0000, 0x0000, 0x0000, 0x0000, 0x0000, 0x0000,
  0x0000, 0x0000, 0x0000, 0x0000, 0x0000, 0x0008, 0x4000, 0x2000, 0x0000, 0x0108, 0x0210, 0xada0,
  0x34f9, 0x54f1, 0x34f9, 0x34f1, 0x35f9, 0x15f9, 0x34f9, 0x34f9, 0x15f9, 0xd2f1, 0x8ffc, 0xeffc,
  0xf0fc, 0x0ffd, 0xeffc, 0xf0fc, 0x10fd, 0xeefc, 0xeffc, 0xcffc, 0xd4f5, 0xddff, 0xffff, 0xdfff,
  0xffff, 0xffff, 0xffff, 0xdfff, 0xdfff, 0xffff, 0xffff, 0xffff, 0xffff, 0xffff, 0xffff, 0xffff,
  0xffff, 0xffff, 0xffff, 0xffff, 0xffff, 0xffff, 0xffff, 0xffff, 0xffff, 0xffff, 0xffff, 0xffff,
  0xffff, 0xffff, 0xffff, 0xffff, 0xffff, 0xffff, 0xffff, 0xffff, 0xffff, 0xffff, 0xffff, 0xffff,
  0xffff, 0xffff, 0xffff, 0xffff, 0xffff, 0xffff, 0xfef7, 0xdfff, 0x1bf7, 0x52f5, 0x50fd, 0x51fd,
  0x31f5, 0xf0f4, 0xf0f4, 0xf0fc, 0xcffc, 0xcffc, 0xeffc, 0x0ef5, 0x10fd, 0xf0fc, 0x91f2, 0xf4f8,
  0x33f9, 0x33f9, 0x35f1, 0x54f1, 0x54f9, 0x53f1, 0x8638, 0x0000, 0x0100, 0x0008, 0x0000, 0x0000,
  0x0000, 0x0000, 0x0000, 0x0000, 0x0000, 0x0000, 0x0000, 0x0000, 0x0000, 0x0000, 0x0000, 0x0000,
  0x0000, 0x2000, 0x2008, 0x0008, 0x0000, 0x0110, 0xcc90, 0x32d9, 0x31d1, 0x34f9, 0x34f9, 0x54f9,
  0x74f1, 0x53f1, 0x34f9, 0x34f9, 0xf3f1, 0x51fc, 0xd0f4, 0xeff4, 0x0ffd, 0x0ffd, 0xf0fc, 0x10fd,
  0x2ffd, 0x0ffd, 0xeffc, 0xd3f5, 0x9cff, 0x9df7, 0x9dff, 0x9cf7, 0xbcf7, 0xffff, 0xffff, 0xffff,
  0xffff, 0xffff, 0xffff, 0xffff, 0xffff, 0xffff, 0xffff, 0xffff, 0xffff, 0xffff, 0xffff, 0xffff,
  0xffff, 0xffff, 0xffff, 0xffff, 0xffff, 0xffff, 0xffff, 0xffff, 0xffff, 0xffff, 0xffff, 0xffff,
  0xffff, 0xffff, 0xffff, 0xffff, 0xffff, 0xffff, 0xffff, 0xffff, 0xffff, 0xffff, 0xffff, 0xffff,
  0xfeff, 0x9df7, 0x5df7, 0xb8f6, 0x31f5, 0x2ffd, 0x30fd, 0x30fd, 0x10fd, 0x0ff5, 0x0ef5, 0xeef4,
  0x10fd, 0xeff4, 0xd0f4, 0xaff4, 0x8ff4, 0xb1ea, 0x34f9, 0x34f1, 0x74f1, 0x54f1, 0x53f1, 0x12d9,
  0x12d9, 0x6638, 0x0000, 0x2000, 0x0000, 0x0000, 0x0000, 0x0000, 0x0000, 0x0000, 0x0000, 0x0000,
  0x0000, 0x0000, 0x0000, 0x0000, 0x0000, 0x0000, 0x0000, 0x0000, 0x0000, 0x0000, 0x0000, 0x2000,
  0x2008, 0x4438, 0x6748, 0xa858, 0x12e1, 0x54f9, 0x55f1, 0x34f1, 0x34f9, 0x54f1, 0x54f1, 0x74f1,
  0x52fa, 0x93fa, 0x50fb, 0xcff4, 0x0ffd, 0xf0fc, 0x10fd, 0x0efd, 0x0ffd, 0xeffc, 0x30f5, 0xf5fd,
  0xd4fd, 0xf3f5, 0xf3f5, 0xf4fd, 0xbef7, 0xffff, 0xffff, 0xffff, 0xffff, 0xffff, 0xffff, 0xffff,
  0xffff, 0xffff, 0xffff, 0xffff, 0xffff, 0xffff, 0xffff, 0xffff, 0xffff, 0xffff, 0xffff, 0xffff,
  0xffff, 0xffff, 0xffff, 0xffff, 0xffff, 0xffff, 0xffff, 0xffff, 0xffff, 0xffff, 0xffff, 0xffff,
  0xffff, 0xffff, 0xdfff, 0xdfff, 0xdfff, 0xffff, 0xffff, 0xdeff, 0x76fe, 0xb4f5, 0x92f5, 0x0ffd,
  0x50f5, 0x30f5, 0x30fd, 0xeff4, 0xeff4, 0x0ff5, 0xcffc, 0xf0fc, 0x0ffd, 0xd1f3, 0x91f2, 0x53fa,
  0xb4f1, 0x54f1, 0x54f1, 0x56f9, 0x54f1, 0xceb8, 0x8850, 0x6648, 0x2210, 0x0000, 0x2000, 0x2000,
  0x0000, 0x0000, 0x0000, 0x0000, 0x0000, 0x0000, 0x0000, 0x0000, 0x0000, 0x0000, 0x0000, 0x0000,
  0x0000, 0x0000, 0x0000, 0x0000, 0x0000, 0x0000, 0x0000, 0x0000, 0x0000, 0x0100, 0x4318, 0x30c9,
  0x34f9, 0x35f9, 0x54f9, 0x94f1, 0x33f1, 0x54f1, 0x54f9, 0x33f9, 0x54f9, 0x92f2, 0xcffc, 0x2ff5,
  0x0ffd, 0xeffc, 0x0ffd, 0x0ffd, 0xf0fc, 0xf0fc, 0xeff4, 0x11fd, 0x10fd, 0xf0fc, 0x10fd, 0x5cff,
  0xffff, 0xffff, 0xffff, 0xffff, 0xffff, 0xffff, 0xffff, 0xffff, 0xffff, 0xffff, 0xffff, 0xffff,
  0xffff, 0xffff, 0xffff, 0xffff, 0xffff, 0xffff, 0xffff, 0xffff, 0xffff, 0xffff, 0xffff, 0xffff,
  0xffff, 0xffff, 0xffff, 0xffff, 0xffff, 0xffff, 0xffff, 0xffff, 0xdfff, 0xfff7, 0xbff7, 0xbfff,
  0xdff7, 0xffff, 0xbfff, 0x94fd, 0x0ffd, 0xeff4, 0xf0fc, 0x10fd, 0x50fd, 0x51f5, 0x10fd, 0xeff4,
  0xeffc, 0xeffc, 0xeffc, 0xeffc, 0x51f3, 0x93f1, 0x16f9, 0x34f1, 0x53f1, 0x55f1, 0x14f9, 0x54f9,
  0xcc98, 0x2108, 0x0000, 0x0008, 0x0000, 0x0000, 0x0000, 0x0000, 0x0000, 0x0000, 0x0000, 0x0000,
  0x0000, 0x0000, 0x0000, 0x0000, 0x0000, 0x0000, 0x0000, 0x0000, 0x0000, 0x0000, 0x0000, 0x0000,
  0x0000, 0x0000, 0x0000, 0x2000, 0x0000, 0x2318, 0x0da1, 0x30c9, 0x12d9, 0x33f1, 0x55f9, 0x34f9,
  0x54f1, 0x54e9, 0x54f1, 0x74f1, 0x73f2, 0x31fc, 0x50ec, 0xf0fc, 0x0ffd, 0x10f5, 0x10f5, 0x2ffd,
  0x30fd, 0x0df5, 0x30f5, 0xeffc, 0xf0fc, 0x30ed, 0xf9f6, 0x5af7, 0x9cf7, 0xfef7, 0xfeff, 0xfeff,
  0xfeff, 0xffff, 0xffff, 0xffff, 0xffff, 0xffff, 0xffff, 0xffff, 0xffff, 0xffff, 0xffff, 0xffff,
  0xffff, 0xffff, 0xffff, 0xffff, 0xffff, 0xffff, 0xffff, 0xffff, 0xffff, 0xffff, 0xffff, 0xffff,
  0xffff, 0xdfff, 0xdfff, 0xdfff, 0xfeef, 0xdff7, 0xdfff, 0x9df7, 0x5bf7, 0x3bff, 0x94fd, 0x50fd,
  0x30f5, 0x0ff5, 0x0efd, 0xf0fc, 0x72f4, 0x91fc, 0x90f4, 0x90f4, 0x90f4, 0x90f4, 0x90f4, 0xf1fa,
  0x72f1, 0x54e9, 0x93e9, 0x52f1, 0x53e9, 0x2fd1, 0x10b9, 0xa978, 0x2110, 0x0000, 0x0008, 0x0000,
  0x2000, 0x0000, 0x0000, 0x0000, 0x0000, 0x0000, 0x0000, 0x0000, 0x0000, 0x0000, 0x0000, 0x0000,
  0x0000, 0x0000, 0x0000, 0x0000, 0x0000, 0x0000, 0x0000, 0x0000, 0x0000, 0x0000, 0x2000, 0x0008,
  0x0100, 0x2210, 0x0208, 0x8a68, 0x74e9, 0x14f1, 0x14f9, 0x34f9, 0x34f1, 0x14f1, 0x54f9, 0x34f9,
  0x74f1, 0xb3e9, 0x91fb, 0xcffc, 0xeffc, 0x0efd, 0xeefc, 0xcffc, 0x0efd, 0x2ffd, 0x0efd, 0x0ffd,
  0x4ffd, 0x11fd, 0x30fd, 0x15f6, 0x9dff, 0xfeff, 0xfeff, 0xffff, 0xffff, 0xffff, 0xffff, 0xffff,
  0xffff, 0xffff, 0xffff, 0xffff, 0xffff, 0xffff, 0xffff, 0xffff, 0xffff, 0xffff, 0xffff, 0xffff,
  0xffff, 0xffff, 0xffff, 0xffff, 0xffff, 0xffff, 0xffff, 0xffff, 0xffff, 0xffff, 0xdfff, 0xdeff,
  0xbfff, 0x9eff, 0x98f6, 0x71f5, 0x50fd, 0x10fd, 0x30fd, 0x31fd, 0x50fd, 0x2ffd, 0xb1fb, 0x14f2,
  0xd5f9, 0xd4f9, 0xd4f9, 0xd4f1, 0xb4f1, 0xd4f1, 0xf6f9, 0x95f9, 0x55f9, 0x75f1, 0x35f9, 0xf1c0,
  0x2218, 0x2310, 0x0218, 0x2000, 0x2000, 0x2100, 0x0000, 0x0000, 0x0000, 0x0000, 0x0000, 0x0000,
  0x0000, 0x0000, 0x0000, 0x0000, 0x0000, 0x0000, 0x0000, 0x0000, 0x0000, 0x0000, 0x0000, 0x0000,
  0x0000, 0x0000, 0x0000, 0x0000, 0x0000, 0x2000, 0x0000, 0x0108, 0x2000, 0x2000, 0x8868, 0x33e9,
  0x73e1, 0x53e9, 0x53f1, 0x74e9, 0x34f9, 0x74f1, 0x54f1, 0x35f9, 0x54f1, 0x91fb, 0x0ffd, 0x10fd,
  0x0ffd, 0x2ffd, 0x0ff5, 0x10fd, 0x10f5, 0x10fd, 0xf1fc, 0x10fd, 0x10f5, 0xedfc, 0xf3f5, 0x7df7,
  0xffff, 0xdeff, 0xffff, 0xdfff, 0xdfff, 0xdfff, 0xdfff, 0xdfff, 0xdfff, 0xffff, 0xffff, 0xffff,
  0xffff, 0xffff, 0xffff, 0xffff, 0xdeff, 0xdeff, 0xdeff, 0xdeff, 0xdeff, 0xdeff, 0xdeff, 0xdeff,
  0xdeff, 0xdeff, 0xdeff, 0xdeff, 0xdeff, 0xdef7, 0xddf7, 0xdeff, 0xbef7, 0x77f6, 0xeff4, 0xeef4,
  0x2ffd, 0x50fd, 0x30fd, 0x30fd, 0x51fd, 0x94fb, 0xb5f1, 0x95f9, 0x95f9, 0xb5f9, 0xb5f9, 0xb5f1,
  0x95f1, 0x95f9, 0x93e1, 0x53e9, 0x33f1, 0x34f1, 0x10c1, 0x4118, 0x2000, 0x0000, 0x2000, 0x0000,
  0x0000, 0x0000, 0x0000, 0x0000, 0x0000, 0x0000, 0x0000, 0x0000, 0x0000, 0x0000, 0x0000, 0x0000,
  0x0000, 0x0000, 0x0000, 0x0000, 0x0000, 0x0000, 0x0000, 0x0000, 0x0000, 0x0000, 0x0000, 0x0000,
  0x2000, 0x0100, 0x0108, 0x2000, 0x2000, 0x4438, 0xab80, 0xab88, 0xab88, 0xab88, 0xcd98, 0x12e9,
  0x74f1, 0x54f1, 0x54f1, 0x54f1, 0x92fa, 0x70f3, 0x72fb, 0x51fb, 0x52fb, 0x52fb, 0x52fb, 0x70fb,
  0x70fc, 0x0ffd, 0x2efd, 0x31f5, 0x0efd, 0x92fd, 0x77f6, 0x98fe, 0x97fe, 0x98fe, 0x97fe, 0x97fe,
  0x97fe, 0x97fe, 0x98fe, 0x98fe, 0x98fe, 0x98fe, 0x98fe, 0x98fe, 0x98fe, 0x98fe, 0x98fe, 0x98fe,
  0x98fe, 0x98fe, 0x98fe, 0x98fe, 0x98fe, 0x98fe, 0x98fe, 0x98fe, 0x98fe, 0x98fe, 0x98fe, 0x78fe,
  0x77f6, 0x97fe, 0xb8fe, 0x99f6, 0x36fd, 0x91fb, 0x51f3, 0x52f3, 0xb2fb, 0x92fb, 0xb1fb, 0xb3f3,
  0xd4f2, 0x94f1, 0x94f1, 0x74f1, 0x94f1, 0xb5f9, 0xb5f9, 0xb4f1, 0x50c1, 0xeb80, 0xab80, 0xab88,
  0xaa80, 0xa968, 0x2108, 0x2000, 0x2000, 0x2000, 0x0000, 0x0000, 0x0000, 0x0000, 0x0000, 0x0000,
  0x0000, 0x0000, 0x0000, 0x0000, 0x0000, 0x0000, 0x0000, 0x0000, 0x0000, 0x0000, 0x0000, 0x0000,
  0x0000, 0x0000, 0x0000, 0x0000, 0x0000, 0x0000, 0x0000, 0x2000, 0x2000, 0x0000, 0x0000, 0x0000,
  0x0008, 0x0110, 0x0208, 0x0210, 0x2210, 0x4530, 0x10d1, 0x74f1, 0x54f1, 0x54f1, 0x35f1, 0x73f1,
  0x73f1, 0x75f1, 0x54f9, 0x55f9, 0x73f1, 0x74f1, 0xb3e9, 0x92f3, 0xf0fc, 0x10fd, 0xf0fc, 0xeffc,
  0x10fd, 0x31fd, 0x0ffd, 0x2ffd, 0x0ffd, 0x30fd, 0x30fd, 0x30fd, 0x30fd, 0x30fd, 0x30fd, 0x30fd,
  0x10fd, 0x10fd, 0x10fd, 0x10fd, 0x10fd, 0x10fd, 0x10fd, 0x10fd, 0x10fd, 0x10fd, 0x10fd, 0x10fd,
  0x10fd, 0x10fd, 0x10fd, 0x10fd, 0x10fd, 0x10fd, 0x10fd, 0xeffc, 0x31fd, 0x51fd, 0x32fd, 0xb3fb,
  0xf3f9, 0x94e9, 0x54e9, 0x75f9, 0xb4f9, 0xd4f1, 0xf4f1, 0xb5f9, 0x95f9, 0x74f1, 0x53e9, 0x54f1,
  0x74f1, 0x74f1, 0x73f1, 0xcb88, 0x2118, 0x2108, 0x2210, 0x2108, 0x0208, 0x2000, 0x0008, 0x0000,
  0x0000, 0x0000, 0x0000, 0x0000, 0x0000, 0x0000, 0x0000, 0x0000, 0x0000, 0x0000, 0x0000, 0x0000,
  0x0000, 0x0000, 0x0000, 0x0000, 0x0000, 0x0000, 0x0000, 0x0000, 0x0000, 0x0000, 0x0000, 0x0000,
  0x0000, 0x0000, 0x0008, 0x0008, 0x2000, 0x0000, 0x0000, 0x0000, 0x4000, 0x0000, 0x0000, 0x0000,
  0x6428, 0xf0e8, 0x54f1, 0x55f1, 0x33f9, 0x54f1, 0x34f9, 0x14f9, 0x74f1, 0x72f1, 0x54f1, 0x93f1,
  0x54f1, 0x74f1, 0x52fb, 0xcffc, 0xeffc, 0xeefc, 0xeffc, 0xf0fc, 0xeffc, 0xcefc, 0x2ffd, 0x0ff5,
  0xeffc, 0xeffc, 0xeffc, 0xeffc, 0x0ffd, 0x0ffd, 0x0ffd, 0x0efd, 0x0efd, 0x0efd, 0x0efd, 0x0efd,
  0x0efd, 0x0ffd, 0x0ffd, 0x0ffd, 0x0ffd, 0x0ffd, 0x0ffd, 0x0ffd, 0x0ff5, 0x0ff5, 0x0ff5, 0xeff4,
  0xeff4, 0xeff4, 0xeffc, 0x31fd, 0x2ffd, 0xeefc, 0x90fb, 0x93e9, 0x54e9, 0x52f1, 0x34f1, 0x75e9,
  0xd5e9, 0xb4f1, 0x94f1, 0xb5f1, 0x95f1, 0x74f1, 0x54e9, 0x33e9, 0x13e9, 0x33e9, 0xab80, 0x0110,
  0x2000, 0x0000, 0x0000, 0x0100, 0x2000, 0x0000, 0x2000, 0x0000, 0x0000, 0x2000, 0x0000, 0x0000,
  0x0000, 0x0000, 0x0000, 0x0000, 0x0000, 0x0000, 0x0000, 0x0000, 0x0000, 0x0000, 0x0000, 0x0000,
  0x0000, 0x0000, 0x0000, 0x0000, 0x0000, 0x0000, 0x0000, 0x0000, 0x0000, 0x0000, 0x0000, 0x0000,
  0x0000, 0x0000, 0x0000, 0x0000, 0x0100, 0x0000, 0x2000, 0x2428, 0x11e1, 0x54e9, 0x34f9, 0x54f1,
  0x54f1, 0x54f1, 0x54f1, 0x54f1, 0x54f1, 0x54f1, 0x54f1, 0x54f1, 0x93f1, 0xd3f1, 0x33f2, 0x72ea,
  0x52f2, 0x52f2, 0x52f2, 0x72f2, 0x72f2, 0x72f2, 0x72f2, 0x52f2, 0x52f2, 0x52f2, 0x52f2, 0x52f2,
  0x52f2, 0x52f2, 0x52f2, 0x52f2, 0x52f2, 0x52f2, 0x52f2, 0x52f2, 0x52f2, 0x52f2, 0x52f2, 0x52f2,
  0x52f2, 0x52f2, 0x52f2, 0x72f2, 0x52f2, 0x52ea, 0x72f2, 0x72f2, 0x52ea, 0x93f2, 0xb4f2, 0xd4fa,
  0x74f2, 0xf4f1, 0x73e9, 0x34e9, 0x33e9, 0x53f1, 0x53e9, 0x73f1, 0xb4f9, 0xb4f9, 0x94f1, 0xb5f1,
  0x74f9, 0x74e9, 0x52d1, 0x8858, 0x4548, 0x4218, 0x2108, 0x0000, 0x2000, 0x0000, 0x0000, 0x0000,
  0x0000, 0x0000, 0x0000, 0x0000, 0x0000, 0x0000, 0x0000, 0x0000, 0x0000, 0x0000, 0x0000, 0x0000,
  0x0000, 0x0000, 0x0000, 0x0000, 0x0000, 0x0000, 0x0000, 0x0000, 0x0000, 0x0000, 0x0000, 0x0000,
  0x0000, 0x0000, 0x0000, 0x0000, 0x0000, 0x0000, 0x0000, 0x0000, 0x0000, 0x0000, 0x0000, 0x0100,
  0x2000, 0x2000, 0x4428, 0x31d1, 0x54e9, 0x35f9, 0x34f9, 0x34f9, 0x34f9, 0x54f9, 0x54f9, 0x54f9,
  0x34f9, 0x35f9, 0x15f9, 0x14f9, 0x34f9, 0x54f9, 0x53f1, 0x34f1, 0x54f1, 0x54f1, 0x54f1, 0x55f9,
  0x55f9, 0x55f9, 0x34f9, 0x34f9, 0x34f9, 0x34f9, 0x34f9, 0x34f9, 0x35f9, 0x35f9, 0x35f9, 0x35f9,
  0x35f9, 0x35f9, 0x35f9, 0x54f1, 0x54f1, 0x54f1, 0x54f1, 0x54f1, 0x54f1, 0x54f1, 0x34f1, 0x34f1,
  0x34f1, 0x34f1, 0x34f1, 0x54f1, 0x74f9, 0xb4f9, 0xb5f9, 0x94f1, 0x54f1, 0x34f1, 0x34f9, 0x34f1,
  0x54f1, 0x34f1, 0x34e9, 0x75f1, 0x95f9, 0x95f9, 0xd5f1, 0x95f9, 0x74f9, 0x10c9, 0x0420, 0x0000,
  0x2000, 0x0000, 0x0000, 0x0000, 0x0000, 0x0000, 0x0000, 0x0000, 0x0000, 0x0000, 0x0000, 0x0000,
  0x0000, 0x0000, 0x0000, 0x0000, 0x0000, 0x0000, 0x0000, 0x0000, 0x0000, 0x0000, 0x0000, 0x0000,
  0x0000, 0x0000, 0x0000, 0x0000, 0x0000, 0x0000, 0x0000, 0x0000, 0x0000, 0x0000, 0x0000, 0x0000,
  0x0000, 0x0000, 0x0000, 0x0000, 0x0000, 0x0000, 0x0000, 0x0000, 0x0000, 0x2328, 0xcda8, 0xefb8,
  0xefc0, 0xefb8, 0xefb8, 0x0fb9, 0x0fb9, 0x0fb9, 0x0fb9, 0x0eb9, 0x0fb9, 0xefc0, 0xf0c0, 0xf0c0,
  0xf0c0, 0xefc0, 0xefb8, 0xefb8, 0xefc0, 0xefc0, 0xefc0, 0xefc0, 0xefc0, 0xefc0, 0xefc0, 0xefc0,
  0xefc0, 0xefc0, 0xefc0, 0xefc0, 0xefc0, 0xefc0, 0xefc0, 0xefc0, 0xefc0, 0xefc0, 0xefb8, 0xefb8,
  0xefb8, 0xefb8, 0xefb8, 0xefb8, 0xefb8, 0xefb8, 0xefb8, 0xefb8, 0xcfb8, 0xefb8, 0x0fc1, 0x30c9,
  0x51c9, 0x50c1, 0x2fb9, 0xeeb0, 0xeeb8, 0x0fb9, 0xefb8, 0xefb8, 0x0fb9, 0x0fb9, 0x0fb9, 0x2fb9,
  0x50c1, 0x50b9, 0x30b9, 0x0fc1, 0xcc98, 0x2318, 0x0000, 0x0000, 0x0000, 0x0000, 0x0000, 0x0000,
  0x0000, 0x0000, 0x0000, 0x0000, 0x0000, 0x0000, 0x0000, 0x0000, 0x0000, 0x0000, 0x0000, 0x0000,
  0x0000, 0x0000, 0x0000, 0x0000, 0x0000, 0x0000, 0x0000, 0x0000, 0x0000, 0x0000, 0x0000, 0x0000,
  0x0000, 0x0000, 0x0000, 0x0000, 0x0000, 0x0000, 0x0000, 0x0000, 0x0000, 0x0000, 0x0000, 0x0000,
  0x0000, 0x0100, 0x0000, 0x0000, 0x0008, 0x4430, 0x4420, 0x4428, 0x2328, 0x2328, 0x2328, 0x2328,
  0x2328, 0x2328, 0x4328, 0x4220, 0x2328, 0x2328, 0x2328, 0x2328, 0x2328, 0x2328, 0x2328, 0x2328,
  0x2328, 0x2328, 0x2328, 0x2328, 0x2328, 0x2328, 0x2328, 0x2328, 0x2328, 0x2328, 0x2328, 0x2328,
  0x2328, 0x2328, 0x2328, 0x2328, 0x2328, 0x2328, 0x2328, 0x2328, 0x2328, 0x2328, 0x2328, 0x2328,
  0x2328, 0x4328, 0x4328, 0x2328, 0x2328, 0x4328, 0x8430, 0xa530, 0xa530, 0x8428, 0x4320, 0x4320,
  0x4320, 0x2328, 0x2328, 0x4328, 0x6430, 0x4428, 0x4328, 0x4428, 0x6430, 0x4428, 0x2428, 0x4328,
  0x2100, 0x0000, 0x0000, 0x0000, 0x0000, 0x0000, 0x0000, 0x0000, 0x0000, 0x0000, 0x0000, 0x0000,
  0x0000, 0x0000, 0x0000, 0x0000, 0x0000, 0x0000, 0x0000, 0x0000, 0x0000, 0x0000, 0x0000, 0x0000,
  0x0000, 0x0000, 0x0000, 0x0000, 0x0000, 0x0000, 0x0000, 0x0000, 0x0000, 0x0000, 0x0000, 0x0000,
  0x0000, 0x0000, 0x0000, 0x0000, 0x0000, 0x0000, 0x0000, 0x0000, 0x0000, 0x0000, 0x0008, 0x0000,
  0x0000, 0x2000, 0x2000, 0x0000, 0x0000, 0x0000, 0x0000, 0x0000, 0x0000, 0x0000, 0x0000, 0x0000,
  0x0000, 0x0000, 0x0000, 0x0000, 0x0000, 0x0000, 0x0000, 0x0000, 0x0000, 0x0000, 0x0000, 0x0000,
  0x0000, 0x0000, 0x0000, 0x0000, 0x0000, 0x0000, 0x0000, 0x0000, 0x0000, 0x0000, 0x0000, 0x0000,
  0x0000, 0x0000, 0x0000, 0x0000, 0x0000, 0x0000, 0x0000, 0x0000, 0x0000, 0x0000, 0x0000, 0x0000,
  0x0000, 0x0000, 0x0000, 0x0000, 0x0000, 0x0000, 0x0000, 0x0000, 0x0000, 0x0000, 0x0000, 0x2000,
  0x0000, 0x0000, 0x0000, 0x2000, 0x0000, 0x0000, 0x0000, 0x0000, 0x0008, 0x0000, 0x0000, 0x0000,
  0x0000, 0x0000, 0x0000, 0x0000, 0x0000, 0x0000, 0x0000, 0x0000, 0x0000, 0x0000, 0x0000, 0x0000,
  0x0000, 0x0000, 0x0000, 0x0000, 0x0000, 0x0000, 0x0000, 0x0000, 0x0000, 0x0000, 0x0000, 0x0000,
  0x0000, 0x0000, 0x0000, 0x0000, 0x0000, 0x0000, 0x0000, 0x0000, 0x0000, 0x0000, 0x0000, 0x0000,
  0x0000, 0x0000, 0x0000, 0x2000, 0x0000, 0x0000, 0x0000, 0x0000, 0x0000, 0x0000, 0x0000, 0x0000,
  0x0000, 0x0000, 0x0000, 0x0000, 0x0000, 0x0000, 0x0000, 0x0000, 0x0000, 0x0000, 0x0000, 0x0000,
  0x0000, 0x0000, 0x0000, 0x0000, 0x0000, 0x0000, 0x0000, 0x0000, 0x0000, 0x0000, 0x0000, 0x0000,
  0x0000, 0x0000, 0x0000, 0x0000, 0x0000, 0x0000, 0x0000, 0x0000, 0x0000, 0x0000, 0x0000, 0x0000,
  0x0000, 0x0000, 0x0000, 0x0000, 0x0000, 0x0000, 0x0000, 0x0000, 0x0000, 0x0000, 0x0000, 0x0000,
  0x0000, 0x0000, 0x0000, 0x0000, 0x0000, 0x0000, 0x0000, 0x0000, 0x0000, 0x0000, 0x0000, 0x2000,
  0x0000, 0x0000, 0x0000, 0x0000, 0x0000, 0x0000, 0x0000, 0x0000, 0x0000, 0x0000, 0x0000, 0x0000,
  0x0000, 0x0000, 0x0000, 0x0000, 0x0000, 0x0000, 0x0000, 0x0000, 0x0000, 0x0000, 0x0000, 0x0000,
  0x0000, 0x0000, 0x0000, 0x0000, 0x0000, 0x0000, 0x0000, 0x0000, 0x0000, 0x0000, 0x0000, 0x0000,
  0x0000, 0x0000, 0x0000, 0x0000, 0x0000, 0x0000, 0x0000, 0x0000, 0x0000, 0x0000, 0x0000, 0x0000,
  0x0000, 0x0000, 0x2000, 0x0000, 0x0000, 0x0000, 0x0000, 0x0000, 0x0000, 0x0000, 0x0000, 0x0000,
  0x0000, 0x0000, 0x0000, 0x0000, 0x0000, 0x0000, 0x0000, 0x0000, 0x0000, 0x0000, 0x0000, 0x0000,
  0x0000, 0x0000, 0x0000, 0x0000, 0x0000, 0x0000, 0x0000, 0x0000, 0x0000, 0x0000, 0x0000, 0x0000,
  0x0000, 0x0000, 0x0000, 0x0000, 0x0000, 0x0000, 0x0000, 0x0000, 0x0000, 0x0000, 0x0000, 0x0000,
  0x0000, 0x0000, 0x0000, 0x0000, 0x0000, 0x0000, 0x0000, 0x0000, 0x0000, 0x0000, 0x0000, 0x0000,
  0x0000, 0x0000, 0x0000, 0x0000, 0x0000, 0x0000, 0x0000, 0x0000, 0x0000, 0x2000, 0x0000, 0x0000,
  0x0000, 0x0000, 0x0000, 0x0000, 0x0000, 0x0000, 0x0000, 0x0000, 0x0000, 0x0000, 0x0000, 0x0000,
  0x0000, 0x0000, 0x0000, 0x0000, 0x0000, 0x0000, 0x0000, 0x0000, 0x0000, 0x0000, 0x0000, 0x0000,
  0x0000, 0x0000, 0x0000, 0x0000, 0x0000, 0x0000, 0x0000, 0x0000, 0x0000, 0x0000, 0x0000, 0x0000,
  0x0000, 0x0000, 0x0000, 0x0000, 0x0000, 0x0000, 0x0000, 0x0000, 0x0000, 0x0000, 0x0000, 0x0000,
  0x0000, 0x0000, 0x0000, 0x0000, 0x0000, 0x0000, 0x0000, 0x0000, 0x0000, 0x0000, 0x0000, 0x0000,
  0x0000, 0x0000, 0x0000, 0x0000, 0x0000, 0x0000, 0x0000, 0x0000, 0x0000, 0x0000, 0x0000, 0x0000,
  0x0000, 0x0000, 0x0000, 0x0000, 0x0000, 0x0000, 0x0000, 0x0000, 0x0000, 0x0000, 0x0000, 0x0000,
  0x0000, 0x0000, 0x0000, 0x0000, 0x0000, 0x0000, 0x0000, 0x0000, 0x0000, 0x0000, 0x0000, 0x0000,
  0x0000, 0x0000, 0x0000, 0x0000, 0x0000, 0x0000, 0x0000, 0x0000, 0x0000, 0x0000, 0x0000, 0x0000,
  0x0000, 0x0000, 0x0000, 0x0000, 0x0000, 0x0000, 0x0000, 0x0000, 0x0000, 0x0000, 0x0000, 0x0000,
  0x0000, 0x0000, 0x0000, 0x0000, 0x0000, 0x0000, 0x0000, 0x0000, 0x0000, 0x0000, 0x0000, 0x0000,
  0x0000, 0x0000, 0x0000, 0x0000, 0x0000, 0x0000, 0x0000, 0x0000, 0x0000, 0x0000, 0x0000, 0x0000,
  0x0000, 0x0000, 0x0000, 0x0000, 0x0000, 0x0000, 0x0000, 0x0000, 0x0000, 0x0000, 0x0000, 0x0000,
  0x0000, 0x0000, 0x0000, 0x0000, 0x0000, 0x0000, 0x0000, 0x0000, 0x0000, 0x0000, 0x0000, 0x0000,
  0x0000, 0x0000, 0x0000, 0x0000, 0x0000, 0x0000, 0x0000, 0x0000, 0x0000, 0x0000, 0x0000, 0x0000,
  0x0000, 0x0000, 0x0000, 0x0000, 0x0000, 0x0000, 0x0000, 0x0000, 0x0000, 0x0000, 0x0000, 0x0000,
  0x0000, 0x0000, 0x0000, 0x0000, 0x0000, 0x0000, 0x0000, 0x0000, 0x0000, 0x0000, 0x0000, 0x0000,
  0x0000, 0x0000, 0x0000, 0x0000, 0x0000, 0x0000, 0x0000, 0x0000, 0x0000, 0x0000, 0x0000, 0x0000,
  0x0000, 0x0000, 0x0000, 0x0000, 0x0000, 0x0000, 0x0000, 0x0000, 0x0000, 0x0000, 0x0000, 0x0000,
  0x0000, 0x0000, 0x0000, 0x0000, 0x0000, 0x0000, 0x0000, 0x0000, 0x0000, 0x0000, 0x0000, 0x0000,
  0x0000, 0x0000, 0x0000, 0x0000, 0x0000, 0x0000, 0x0000, 0x0000, 0x0000, 0x0000, 0x0000, 0x0000,
  0x0000, 0x0000, 0x0000, 0x0000, 0x0000, 0x0000, 0x0000, 0x0000, 0x0000, 0x0000, 0x0000, 0x0000,
  0x0000, 0x0000, 0x0000, 0x0000, 0x0000, 0x0000, 0x0000, 0x0000, 0x0000, 0x0000, 0x0000, 0x0000,
  0x0000, 0x0000, 0x0000, 0x0000, 0x0000, 0x0000, 0x0000, 0x0000, 0x0000, 0x0000, 0x0000, 0x0000,
  0x0000, 0x0000, 0x0000, 0x0000, 0x0000, 0x0000, 0x0000, 0x0000, 0x0000, 0x0000, 0x0000, 0x0000,
  0x0000, 0x0000, 0x0000, 0x0000, 0x0000, 0x0000, 0x0000, 0x0000, 0x0000, 0x0000, 0x0000, 0x0000,
  0x0000, 0x0000, 0x0000, 0x0000, 0x0000, 0x0000, 0x0000, 0x0000, 0x0000, 0x0000, 0x0000, 0x0000,
  0x0000, 0x0000, 0x0000, 0x0000, 0x0000, 0x0000, 0x0000, 0x0000, 0x0000, 0x0000, 0x0000, 0x0000,
  0x0000, 0x0000, 0x0000, 0x0000, 0x0000, 0x0000, 0x0000, 0x0000, 0x0000, 0x0000, 0x0000, 0x0000,
  0x0000, 0x0000, 0x0000, 0x0000, 0x0000, 0x0000, 0x0000, 0x0000, 0x0000, 0x0000, 0x0000, 0x0000,
  0x0000, 0x0000, 0x0000, 0x0000, 0x0000, 0x0000, 0x0000, 0x0000, 0x0000, 0x0000, 0x0000, 0x0000,
  0x0000, 0x0000, 0x0000, 0x0000, 0x0000, 0x0000, 0x0000, 0x0000, 0x0000, 0x0000, 0x0000, 0x0000,
  0x0000, 0x0000, 0x0000, 0x0000, 0x0000, 0x0000, 0x0000, 0x0000, 0x0000, 0x0000, 0x0000, 0x0000,
  0x0000, 0x0000, 0x0000, 0x0000, 0x0000, 0x0000, 0x0000, 0x0000, 0x0000, 0x0000, 0x0000, 0x0000,
  0x0000, 0x0000, 0x0000, 0x0000, 0x0000, 0x0000, 0x0000, 0x0000, 0x0000, 0x0000, 0x0000, 0x0000,
  0x0000, 0x0000, 0x0000, 0x0000, 0x0000, 0x0000, 0x0000, 0x0000, 0x0000, 0x0000, 0x0000, 0x0000,
  0x0000, 0x0000, 0x0000, 0x0000, 0x0000, 0x0000, 0x0000, 0x0000, 0x0000, 0x0000, 0x0000, 0x0000,
  0x0000, 0x0000, 0x0000, 0x0000, 0x0000, 0x0000, 0x0000, 0x0000, 0x0000, 0x0000, 0x0000, 0x0000,
  0x0000, 0x0000, 0x0000, 0x0000, 0x0000, 0x0000, 0x0000, 0x0000, 0x0000, 0x0000, 0x0000, 0x0000,
  0x0000, 0x0000, 0x0000, 0x0000, 0x0000, 0x0000, 0x0000, 0x0000, 0x0000, 0x0000, 0x0000, 0x0000,
  0x0000, 0x0000, 0x0000, 0x0000, 0x0000, 0x0000, 0x0000, 0x0000, 0x0000, 0x0000, 0x0000, 0x0000,
  0x0000, 0x0000, 0x0000, 0x0000, 0x0000, 0x0000, 0x0000, 0x0000, 0x0000, 0x0000, 0x0000, 0x0000,
  0x0000, 0x0000, 0x0000, 0x0000, 0x0000, 0x0000, 0x0000, 0x0000, 0x0000, 0x0000, 0x0000, 0x0000,
  0x0000, 0x0000, 0x0000, 0x0000, 0x0000, 0x0000, 0x0000, 0x0000, 0x0000, 0x0000, 0x0000, 0x0000,
  0x0000, 0x0000, 0x0000, 0x0000, 0x0000, 0x0000, 0x0000, 0x0000, 0x0000, 0x0000, 0x0000, 0x0000,
  0x0000, 0x0000, 0x0000, 0x0000, 0x0000, 0x0000, 0x0000, 0x0000, 0x0000, 0x0000, 0x0000, 0x0000,
  0x0000, 0x0000, 0x0000, 0x0000, 0x0000, 0x0000, 0x0000, 0x0000, 0x0000, 0x0000, 0x0000, 0x0000,
  0x0000, 0x0000, 0x0000, 0x0000, 0x0000, 0x0000, 0x0000, 0x0000, 0x0000, 0x0000, 0x0000, 0x0000,
  0x0000, 0x0000, 0x0000, 0x0000, 0x0000, 0x0000, 0x0000, 0x0000, 0x0000, 0x0000, 0x0000, 0x0000,
  0x0000, 0x0000, 0x0000, 0x0000, 0x0000, 0x0000, 0x0000, 0x0000, 0x0000, 0x0000, 0x0000, 0x0000,
  0x0000, 0x0000, 0x0000, 0x0000, 0x0000, 0x0000, 0x0000, 0x0000, 0x0000, 0x0000, 0x0000, 0x0000,
  0x0000, 0x0000, 0x0000, 0x0000, 0x0000, 0x0000, 0x0000, 0x0000, 0x0000, 0x0000, 0x0000, 0x0000,
  0x0000, 0x0000, 0x0000, 0x0000, 0x0000, 0x0000, 0x0000, 0x0000, 0x0000, 0x0000, 0x0000, 0x0000,
  0x0000, 0x0000, 0x0000, 0x0000, 0x0000, 0x0000, 0x0000, 0x0000, 0x0000, 0x0000, 0x0000, 0x0000,
  0x0000, 0x0000, 0x0000, 0x0000, 0x0000, 0x0000, 0x0000, 0x0000, 0x0000, 0x0000, 0x0000, 0x0000,
  0x0000, 0x0000, 0x0000, 0x0000, 0x0000, 0x0000, 0x0000, 0x0000, 0x0000, 0x0000, 0x0000, 0x0000,
  0x0000, 0x0000, 0x0000, 0x0000, 0x0000, 0x0000, 0x0000, 0x0000, 0x0000, 0x0000, 0x0000, 0x0000,
  0x0000, 0x0000, 0x0000, 0x0000, 0x0000, 0x0000, 0x0000, 0x0000, 0x0000, 0x0000, 0x0000, 0x0000,
  0x0000, 0x0000, 0x0000, 0x0000, 0x0000, 0x0000, 0x0000, 0x0000, 0x0000, 0x0000, 0x0000, 0x0000,
  0x0000, 0x0000, 0x0000, 0x0000, 0x0000, 0x0000, 0x0000, 0x0000, 0x0000, 0x0000, 0x0000, 0x0000,
  0x0000, 0x0000, 0x0000, 0x0000, 0x0000, 0x0000, 0x0000, 0x0000, 0x0000, 0x0000, 0x0000, 0x0000,
  0x0000, 0x0000, 0x0000, 0x0000, 0x0000, 0x0000, 0x0000, 0x0000, 0x0000, 0x0000, 0x0000, 0x0000,
  0x0000, 0x0000, 0x0000, 0x0000, 0x0000, 0x0000, 0x0000, 0x0000, 0x0000, 0x0000, 0x0000, 0x0000,
  0x0000, 0x0000, 0x0000, 0x0000, 0x0000, 0x0000, 0x0000, 0x0000, 0x0000, 0x0000, 0x0000, 0x0000,
  0x0000, 0x0000, 0x0000, 0x0000, 0x0000, 0x0000, 0x0000, 0x0000, 0x0000, 0x0000, 0x0000, 0x0000,
  0x0000, 0x0000, 0x0000, 0x0000, 0x0000, 0x0000, 0x0000, 0x0000, 0x0000, 0x0000, 0x0000, 0x0000,
  0x0000, 0x0000, 0x0000, 0x0000, 0x0000, 0x0000, 0x0000, 0x0000, 0x0000, 0x0000, 0x0000, 0x0000,
  0x0000, 0x0000, 0x0000, 0x0000, 0x0000, 0x0000, 0x0000, 0x0000, 0x0000, 0x0000, 0x0000, 0x0000,
  0x0000, 0x0000, 0x0000, 0x0000, 0x0000, 0x0000, 0x0000, 0x0000, 0x0000, 0x0000, 0x0000, 0x0000,
  0x0000, 0x0000, 0x0000, 0x0000, 0x0000, 0x0000, 0x0000, 0x0000, 0x0000, 0x0000, 0x0000, 0x0000,
  0x0000, 0x0000, 0x0000, 0x0000, 0x0000, 0x0000, 0x0000, 0x0000, 0x0000, 0x0000, 0x0000, 0x0000,
  0x0000, 0x0000, 0x0000, 0x0000, 0x0000, 0x0000, 0x0000, 0x0000, 0x0000, 0x0000, 0x0000, 0x0000,
  0x0000, 0x0000, 0x0000, 0x0000, 0x0000, 0x0000, 0x0000, 0x0000, 0x0000, 0x0000, 0x0000, 0x0000,
  0x0000, 0x0000, 0x0000, 0x0000, 0x0000, 0x0000, 0x0000, 0x0000, 0x0000, 0x0000, 0x0000, 0x0000,
  0x0000, 0x0000, 0x0000, 0x0000, 0x0000, 0x0000, 0x0000, 0x0000, 0x0000, 0x0000, 0x0000, 0x0000,
  0x0000, 0x0000, 0x0000, 0x0000, 0x0000, 0x0000, 0x0000, 0x0000, 0x0000, 0x0000, 0x0000, 0x0000,
  0x0000, 0x0000, 0x0000, 0x0000, 0x0000, 0x0000, 0x0000, 0x0000, 0x0000, 0x0000, 0x0000, 0x0000,
  0x0000, 0x0000, 0x0000, 0x0000, 0x0000, 0x0000, 0x0000, 0x0000, 0x0000, 0x0000, 0x0000, 0x0000,
  0x0000, 0x0000, 0x0000, 0x0000, 0x0000, 0x0000, 0x0000, 0x0000, 0x0000, 0x0000, 0x0000, 0x0000,
  0x0000, 0x0000, 0x0000, 0x0000, 0x0000, 0x0000, 0x0000, 0x0000, 0x0000, 0x0000, 0x0000, 0x0000,
  0x0000, 0x0000, 0x0000, 0x0000, 0x0000, 0x0000, 0x0000, 0x0000, 0x0000, 0x0000, 0x0000, 0x0000,
  0x0000, 0x0000, 0x0000, 0x0000, 0x0000, 0x0000, 0x0000, 0x0000, 0x0000, 0x0000, 0x0000, 0x0000,
  0x0000, 0x0000, 0x0000, 0x0000, 0x0000, 0x0000, 0x0000, 0x0000, 0x0000, 0x0000, 0x0000, 0x0000,
  0x0000, 0x0000, 0x0000, 0x0000, 0x0000, 0x0000, 0x0000, 0x0000, 0x0000, 0x0000, 0x0000, 0x0000,
  0x0000, 0x0000, 0x0000, 0x0000, 0x0000, 0x0000, 0x0000, 0x0000, 0x0000, 0x0000, 0x0000, 0x0000,
  0x0000, 0x0000, 0x0000, 0x0000, 0x0000, 0x0000, 0x0000, 0x0000, 0x0000, 0x0000, 0x0000, 0x0000,
  0x0000, 0x0000, 0x0000, 0x0000, 0x0000, 0x0000, 0x0000, 0x0000, 0x0000, 0x0000, 0x0000, 0x0000,
  0x0000, 0x0000, 0x0000, 0x0000, 0x0000, 0x0000, 0x0000, 0x0000, 0x0000, 0x0000, 0x0000, 0x0000,
  0x0000, 0x0000, 0x0000, 0x0000, 0x0000, 0x0000, 0x0000, 0x0000, 0x0000, 0x0000, 0x0000, 0x0000,
  0x0000, 0x0000, 0x0000, 0x0000, 0x0000, 0x0000, 0x0000, 0x0000, 0x0000, 0x0000, 0x0000, 0x0000,
  0x0000, 0x0000, 0x0000, 0x0000, 0x0000, 0x0000, 0x0000, 0x0000, 0x0000, 0x0000, 0x0000, 0x0000,
  0x0000, 0x0000, 0x0000, 0x0000, 0x0000, 0x0000, 0x0000, 0x0000, 0x0000, 0x0000, 0x0000, 0x0000,
  0x0000, 0x0000, 0x0000, 0x0000, 0x0000, 0x0000, 0x0000, 0x0000, 0x0000, 0x0000, 0x0000, 0x0000,
  0x0000, 0x0000, 0x0000, 0x0000, 0x0000, 0x0000, 0x0000, 0x0000, 0x0000, 0x0000, 0x0000, 0x0000,
  0x0000, 0x0000, 0x0000, 0x0000, 0x0000, 0x0000, 0x0000, 0x0000, 0x0000, 0x0000, 0x0000, 0x0000,
  0x0000, 0x0000, 0x0000, 0x0000, 0x0000, 0x0000, 0x0000, 0x0000, 0x0000, 0x0000, 0x0000, 0x0000,
  0x0000, 0x0000, 0x0000, 0x0000, 0x0000, 0x0000, 0x0000, 0x0000, 0x0000, 0x0000, 0x0000, 0x0000,
  0x0000, 0x0000, 0x0000, 0x0000, 0x0000, 0x0000, 0x0000, 0x0000, 0x0000, 0x0000, 0x0000, 0x0000,
  0x0000, 0x0000, 0x0000, 0x0000, 0x0000, 0x0000, 0x0000, 0x0000, 0x0000, 0x0000, 0x0000, 0x0000,
  0x0000, 0x0000, 0x0000, 0x0000, 0x0000, 0x0000, 0x0000, 0x0000, 0x0000, 0x0000, 0x0000, 0x0000,
  0x0000, 0x0000, 0x0000, 0x0000, 0x0000, 0x0000, 0x0000, 0x0000, 0x0000, 0x0000, 0x0000, 0x0000,
  0x0000, 0x0000, 0x0000, 0x0000, 0x0000, 0x0000, 0x0000, 0x0000, 0x0000, 0x0000, 0x0000, 0x0000,
  0x0000, 0x0000, 0x0000, 0x0000, 0x0000, 0x0000, 0x0000, 0x0000, 0x0000, 0x0000, 0x0000, 0x0000,
  0x0000, 0x0000, 0x0000, 0x0000, 0x0000, 0x0000, 0x0000, 0x0000, 0x0000, 0x0000, 0x0000, 0x0000,
  0x0000, 0x0000, 0x0000, 0x0000, 0x0000, 0x0000, 0x0000, 0x0000, 0x0000, 0x0000, 0x0000, 0x0000,
  0x0000, 0x0000, 0x0000, 0x0000, 0x0000, 0x0000, 0x0000, 0x0000, 0x0000, 0x0000, 0x0000, 0x0000,
  0x0000, 0x0000, 0x0000, 0x0000, 0x0000, 0x0000, 0x0000, 0x0000, 0x0000, 0x0000, 0x0000, 0x0000,
  0x0000, 0x0000, 0x0000, 0x0000, 0x0000, 0x0000, 0x0000, 0x0000, 0x0000, 0x0000, 0x0000, 0x0000,
  0x0000, 0x0000, 0x0000, 0x0000, 0x0000, 0x0000, 0x0000, 0x0000, 0x0000, 0x0000, 0x0000, 0x0000,
  0x0000, 0x0000, 0x0000, 0x0000, 0x0000, 0x0000, 0x0000, 0x0000, 0x0000, 0x0000, 0x0000, 0x0000,
  0x0000, 0x0000, 0x0000, 0x0000, 0x0000, 0x0000, 0x0000, 0x0000, 0x0000, 0x0000, 0x0000, 0x0000,
  0x0000, 0x0000, 0x0000, 0x0000, 0x0000, 0x0000, 0x0000, 0x0000, 0x0000, 0x0000, 0x0000, 0x0000,
  0x0000, 0x0000, 0x0000, 0x0000, 0x0000, 0x0000, 0x0000, 0x0000, 0x0000, 0x0000, 0x0000, 0x0000,
  0x0000, 0x0000, 0x0000, 0x0000, 0x0000, 0x0000, 0x0000, 0x0000, 0x0000, 0x0000, 0x0000, 0x0000,
  0x0000, 0x0000, 0x0000, 0x0000, 0x0000, 0x0000, 0x0000, 0x0000, 0x0000, 0x0000, 0x0000, 0x0000,
  0x0000, 0x0000, 0x0000, 0x0000, 0x0000, 0x0000, 0x0000, 0x0000, 0x0000, 0x0000, 0x0000, 0x0000,
  0x0000, 0x0000, 0x0000, 0x0000, 0x0000, 0x0000, 0x0000, 0x0000, 0x0000, 0x0000, 0x0000, 0x0000,
  0x0000, 0x0000, 0x0000, 0x0000, 0x0000, 0x0000, 0x0000, 0x0000, 0x0000, 0x0000, 0x0000, 0x0000,
  0x0000, 0x0000, 0x0000, 0x0000, 0x0000, 0x0000, 0x0000, 0x0000, 0x0000, 0x0000, 0x0000, 0x0000,
  0x0000, 0x0000, 0x0000, 0x0000, 0x0000, 0x0000, 0x0000, 0x0000, 0x0000, 0x0000, 0x0000, 0x0000,
  0x0000, 0x0000, 0x0000, 0x0000, 0x0000, 0x0000, 0x0000, 0x0000, 0x0000, 0x0000, 0x0000, 0x0000,
  0x0000, 0x0000, 0x0000, 0x0000, 0x0000, 0x0000, 0x0000, 0x0000, 0x0000, 0x0000, 0x0000, 0x0000,
  0x0000, 0x0000, 0x0000, 0x0000, 0x0000, 0x0000, 0x0000, 0x0000, 0x0000, 0x0000, 0x0000, 0x0000,
  0x0000, 0x0000, 0x0000, 0x0000, 0x0000, 0x0000, 0x0000, 0x0000, 0x0000, 0x0000, 0x0000, 0x0000,
  0x0000, 0x0000, 0x0000, 0x0000, 0x0000, 0x0000, 0x0000, 0x0000, 0x0000, 0x0000, 0x0000, 0x0000,
  0x0000, 0x0000, 0x0000, 0x0000, 0x0000, 0x0000, 0x0000, 0x0000, 0x0000, 0x0000, 0x0000, 0x0000,
  0x0000, 0x0000, 0x0000, 0x0000
};

#define FLAMEUNIFIED7_WIDTH 115
#define FLAMEUNIFIED7_HEIGHT 160

// Example usage:
// tft.drawRGBBitmap(x, y, FlameUnified7, FLAMEUNIFIED7_WIDTH, FLAMEUNIFIED7_HEIGHT);

#endif
