// Generated by   : Image to RGB565 Converter
// Generated from : https://palsayantan.github.io/Image-to-RGB565/
// Image Size     : 102x142 pixels
// Byte Order     : LSB

#ifndef _FLAMEUNIFIED9_H_
#define _FLAMEUNIFIED9_H_

const uint16_t FlameUnified9[14484] = {
  0x0000, 0x0000, 0x0000, 0x0000, 0x0000, 0x0000, 0x0000, 0x0000, 0x0000, 0x0000, 0x0000, 0x0000,
  0x0000, 0x0000, 0x0000, 0x0000, 0x0000, 0x0000, 0x0000, 0x0000, 0x0000, 0x0000, 0x0000, 0x0000,
  0x0000, 0x0000, 0x0000, 0x0000, 0x0000, 0x0000, 0x0000, 0x0000, 0x0000, 0x0000, 0x0000, 0x0000,
  0x0000, 0x0000, 0x0000, 0x0000, 0x0000, 0x0000, 0x0000, 0x0000, 0x0000, 0x0000, 0x0000, 0x0000,
  0x0000, 0x0000, 0x0000, 0x0000, 0x0000, 0x0000, 0x0000, 0x0000, 0x4330, 0x6330, 0x4438, 0x2330,
  0x2438, 0x2108, 0x0000, 0x0000, 0x0000, 0x0000, 0x0000, 0x0000, 0x0000, 0x0000, 0x0000, 0x0000,
  0x0000, 0x0000, 0x0000, 0x0000, 0x0000, 0x0000, 0x0000, 0x0000, 0x0000, 0x0000, 0x0000, 0x0000,
  0x0000, 0x0000, 0x0000, 0x0000, 0x0000, 0x0000, 0x2000, 0x2000, 0x2000, 0x2000, 0x2000, 0x0000,
  0x6108, 0x8210, 0x6108, 0x8210, 0x0000, 0x0000, 0x0000, 0x0000, 0x0000, 0x0000, 0x0000, 0x0000,
  0x0000, 0x0000, 0x0000, 0x0000, 0x0000, 0x0000, 0x0000, 0x0000, 0x0000, 0x0000, 0x0000, 0x0000,
  0x0000, 0x0000, 0x0000, 0x0000, 0x0000, 0x0000, 0x0000, 0x0000, 0x0000, 0x0000, 0x0000, 0x0000,
  0x0000, 0x0000, 0x0000, 0x0000, 0x0000, 0x0000, 0x0000, 0x0000, 0x0000, 0x0000, 0x0000, 0x0000,
  0x0000, 0x0000, 0x0000, 0x0000, 0x0000, 0x0000, 0x0000, 0x0000, 0x0000, 0x0000, 0x0000, 0x2000,
  0x0000, 0x0200, 0xcda0, 0x34f1, 0x33e1, 0x73e1, 0x31c9, 0x4430, 0x0000, 0x0000, 0x0000, 0x0000,
  0x0000, 0x0000, 0x0000, 0x0000, 0x0000, 0x0000, 0x0000, 0x0000, 0x0000, 0x0000, 0x0000, 0x0000,
  0x0000, 0x0000, 0x0000, 0x0000, 0x0000, 0x0000, 0x0000, 0x0000, 0x0000, 0x0000, 0x0000, 0x4108,
  0x6108, 0x8210, 0x8210, 0x6108, 0x6108, 0x2000, 0x4108, 0x6108, 0x6108, 0x8210, 0x0000, 0x0000,
  0x0000, 0x0000, 0x0000, 0x0000, 0x0000, 0x0000, 0x0000, 0x0000, 0x0000, 0x0000, 0x0000, 0x0000,
  0x0000, 0x0000, 0x0000, 0x0000, 0x0000, 0x0000, 0x0000, 0x0000, 0x0000, 0x0000, 0x0000, 0x0000,
  0x0000, 0x0000, 0x0000, 0x0000, 0x0000, 0x0000, 0x0000, 0x0000, 0x0000, 0x0000, 0x0000, 0x0000,
  0x0000, 0x0000, 0x0000, 0x0000, 0x0000, 0x0000, 0x0000, 0x0000, 0x0000, 0x0000, 0x0000, 0x0000,
  0x0000, 0x0000, 0x0000, 0x0000, 0x0000, 0x0000, 0x0000, 0x2008, 0xeda8, 0x14f9, 0x34f9, 0x73f1,
  0xf1e0, 0x4330, 0x2008, 0x0000, 0x0000, 0x0000, 0x0000, 0x0000, 0x0000, 0x0000, 0x0000, 0x0000,
  0x0000, 0x0000, 0x0000, 0x0000, 0x0000, 0x0000, 0x0000, 0x0000, 0x0000, 0x0000, 0x0000, 0x0000,
  0x0000, 0x0000, 0x0000, 0x0000, 0x4108, 0x6108, 0x6108, 0x8210, 0x6108, 0x6108, 0x6108, 0x6108,
  0x4108, 0x2000, 0x4108, 0x8210, 0x0000, 0x0000, 0x0000, 0x0000, 0x0000, 0x0000, 0x0000, 0x0000,
  0x0000, 0x0000, 0x0000, 0x0000, 0x0000, 0x0000, 0x0000, 0x0000, 0x0000, 0x0000, 0x0000, 0x0000,
  0x0000, 0x0000, 0x0000, 0x0000, 0x0000, 0x0000, 0x0000, 0x0000, 0x0000, 0x0000, 0x0000, 0x0000,
  0x0000, 0x0000, 0x0000, 0x0000, 0x0000, 0x0000, 0x0000, 0x0000, 0x0000, 0x0000, 0x0000, 0x0000,
  0x0000, 0x0000, 0x0000, 0x0000, 0x0000, 0x0000, 0x0000, 0x0000, 0x0000, 0x0008, 0x0008, 0x0000,
  0x0000, 0x0008, 0x0ea1, 0x55f9, 0x74e9, 0x74e9, 0xf3e0, 0x4430, 0x2000, 0x0000, 0x0100, 0x2000,
  0x2000, 0x0000, 0x0000, 0x0000, 0x0000, 0x0000, 0x0000, 0x0000, 0x0000, 0x0000, 0x0000, 0x0000,
  0x0000, 0x0000, 0x0000, 0x0000, 0x0000, 0x0000, 0x0000, 0x0000, 0x0000, 0x2000, 0x8210, 0x6108,
  0x6108, 0x4108, 0x4108, 0x6108, 0x8210, 0x6108, 0x6108, 0x2000, 0x2000, 0x4108, 0x0000, 0x0000,
  0x0000, 0x0000, 0x0000, 0x0000, 0x0000, 0x0000, 0x0000, 0x0000, 0x0000, 0x0000, 0x0000, 0x0000,
  0x0000, 0x0000, 0x0000, 0x0000, 0x0000, 0x0000, 0x0000, 0x0000, 0x0000, 0x0000, 0x0000, 0x0000,
  0x0000, 0x0000, 0x0000, 0x0000, 0x0000, 0x0000, 0x0000, 0x0000, 0x0000, 0x0000, 0x0000, 0x0000,
  0x0000, 0x0000, 0x0000, 0x0000, 0x0000, 0x0000, 0x0000, 0x0000, 0x0000, 0x0000, 0x0000, 0x0000,
  0x0000, 0x0000, 0x0000, 0x0000, 0x0100, 0x0000, 0x0000, 0x0108, 0x0da9, 0x54f9, 0x34f1, 0x54f1,
  0x13d9, 0x4430, 0x0000, 0x0000, 0x0000, 0x0110, 0x0000, 0x2000, 0x0000, 0x0000, 0x0000, 0x0000,
  0x0000, 0x0000, 0x0000, 0x0000, 0x0000, 0x0000, 0x0000, 0x0000, 0x0000, 0x0000, 0x0000, 0x0000,
  0x0000, 0x0000, 0x0000, 0x4108, 0x8210, 0x6108, 0x2000, 0x0000, 0x0000, 0x2000, 0x6108, 0x8210,
  0x8210, 0x4108, 0x0000, 0x0000, 0x0000, 0x0000, 0x0000, 0x0000, 0x0000, 0x0000, 0x0000, 0x0000,
  0x0000, 0x0000, 0x0000, 0x0000, 0x0000, 0x0000, 0x0000, 0x0000, 0x0000, 0x0000, 0x0000, 0x0000,
  0x0000, 0x0000, 0x0000, 0x0000, 0x0000, 0x0000, 0x0000, 0x0000, 0x0000, 0x0000, 0x0000, 0x0000,
  0x0000, 0x0000, 0x0000, 0x0000, 0x0000, 0x0000, 0x0000, 0x0000, 0x0000, 0x0000, 0x0000, 0x0000,
  0x0000, 0x0000, 0x0000, 0x0000, 0x0000, 0x0000, 0x0000, 0x0000, 0x0108, 0x4540, 0xa878, 0xaa80,
  0xaa80, 0xea78, 0x75e3, 0x79fc, 0x98f3, 0x53f1, 0x34e9, 0xcb98, 0xa980, 0xaa78, 0xca78, 0xc750,
  0x2218, 0x0000, 0x2000, 0x0000, 0x0000, 0x0000, 0x0000, 0x0000, 0x0000, 0x0000, 0x0000, 0x0000,
  0x0000, 0x0000, 0x0000, 0x0000, 0x0000, 0x0000, 0x0000, 0x0000, 0x2000, 0x6108, 0x8210, 0x4108,
  0x0000, 0x0000, 0x0000, 0x0000, 0x2000, 0x6108, 0x6108, 0x6108, 0x0000, 0x0000, 0x0000, 0x0000,
  0x0000, 0x0000, 0x0000, 0x0000, 0x0000, 0x0000, 0x0000, 0x0000, 0x0000, 0x0000, 0x0000, 0x0000,
  0x0000, 0x0000, 0x0000, 0x0000, 0x0000, 0x0000, 0x0000, 0x0000, 0x0000, 0x0000, 0x0000, 0x0000,
  0x0000, 0x0000, 0x0000, 0x0000, 0x0000, 0x0000, 0x0000, 0x0000, 0x0000, 0x0000, 0x0000, 0x0000,
  0x0000, 0x0000, 0x0000, 0x0000, 0x0000, 0x0000, 0x0000, 0x0000, 0x0000, 0x0000, 0x0000, 0x0000,
  0x0000, 0x0000, 0x0000, 0x6750, 0x33f1, 0x55f1, 0x35f9, 0x74f1, 0x1cfe, 0xfff7, 0xbafd, 0x74f1,
  0x74f1, 0x54f1, 0x14f9, 0x54f9, 0x54f9, 0x11d9, 0x2118, 0x0000, 0x0000, 0x0000, 0x2000, 0x0000,
  0x0000, 0x0000, 0x0000, 0x0000, 0x0000, 0x0000, 0x0000, 0x2000, 0x4108, 0x2000, 0x0000, 0x0000,
  0x2000, 0x0000, 0x2000, 0x6108, 0x6108, 0x4108, 0x0000, 0x0000, 0x0000, 0x0000, 0x0000, 0x4108,
  0x6108, 0x8210, 0x2000, 0x2000, 0x0000, 0x0000, 0x0000, 0x0000, 0x0000, 0x0000, 0x0000, 0x0000,
  0x0000, 0x0000, 0x0000, 0x0000, 0x0000, 0x0000, 0x0000, 0x0000, 0x0000, 0x0000, 0x0000, 0x0000,
  0x0000, 0x0000, 0x0000, 0x0000, 0x0000, 0x0000, 0x0000, 0x0000, 0x0000, 0x0000, 0x0000, 0x0000,
  0x0000, 0x0000, 0x0000, 0x0000, 0x0000, 0x0000, 0x0000, 0x0000, 0x0000, 0x0000, 0x0000, 0x0000,
  0x0000, 0x0000, 0x0000, 0x0000, 0x0000, 0x0000, 0x0000, 0x0000, 0x0000, 0x6750, 0x33f1, 0x54f1,
  0x35f9, 0x54f1, 0xfbf4, 0x5dfe, 0xbafc, 0x34f1, 0x34f9, 0x34f9, 0x34f9, 0x54f1, 0x34f9, 0xf2e0,
  0x4210, 0x0000, 0x0000, 0x0000, 0x0000, 0x0000, 0x0000, 0x0000, 0x0000, 0x0000, 0x0000, 0x0000,
  0x0000, 0x4108, 0x6108, 0x6108, 0x2000, 0x4108, 0x6108, 0x2000, 0x2000, 0x6108, 0x8210, 0x6108,
  0x4108, 0x0000, 0x0000, 0x0000, 0x0000, 0x4108, 0x6108, 0x6108, 0x0000, 0x2000, 0x0000, 0x0000,
  0x0000, 0x0000, 0x0000, 0x0000, 0x0000, 0x0000, 0x0000, 0x0000, 0x0000, 0x0000, 0x0000, 0x0000,
  0x0000, 0x0000, 0x0000, 0x0000, 0x0000, 0x0000, 0x0000, 0x0000, 0x0000, 0x0000, 0x0000, 0x0000,
  0x0000, 0x0000, 0x0000, 0x0000, 0x0000, 0x0000, 0x0000, 0x0000, 0x0000, 0x0000, 0x0000, 0x0000,
  0x0000, 0x0000, 0x0000, 0x0000, 0x0000, 0x0000, 0x0000, 0x0000, 0x0000, 0x0000, 0x0000, 0x0000,
  0x0000, 0x0000, 0x0000, 0x6750, 0x53f1, 0x14f1, 0x54f1, 0x53e9, 0xd4f1, 0x93f9, 0x94f1, 0x74e9,
  0x54f1, 0x34f1, 0x34f1, 0x34e9, 0x54f1, 0xd1d8, 0x4210, 0x0000, 0x0000, 0x0000, 0x0000, 0x0000,
  0x0000, 0x0000, 0x0000, 0x0000, 0x0000, 0x0000, 0x0000, 0x4108, 0x8210, 0x6108, 0x4108, 0x6108,
  0x8210, 0x6108, 0x2000, 0x4108, 0x8210, 0x8210, 0x6108, 0x4108, 0x2000, 0x2000, 0x2000, 0x6108,
  0x6108, 0x6108, 0x0000, 0x0000, 0x0000, 0x0000, 0x0000, 0x0000, 0x0000, 0x0000, 0x0000, 0x0000,
  0x0000, 0x0000, 0x0000, 0x0000, 0x0000, 0x0000, 0x0000, 0x0000, 0x0000, 0x0000, 0x0000, 0x0000,
  0x0000, 0x0000, 0x0000, 0x0000, 0x0000, 0x0000, 0x0000, 0x0000, 0x0000, 0x0000, 0x0000, 0x0000,
  0x0000, 0x0000, 0x0000, 0x0000, 0x0000, 0x0000, 0x0000, 0x0000, 0x0000, 0x0000, 0x0000, 0x0000,
  0x0000, 0x0000, 0x0000, 0x0000, 0x0000, 0x0000, 0x0000, 0x0000, 0x0000, 0x6750, 0x53f1, 0x54f1,
  0x54f9, 0x54f1, 0x74f1, 0x14f9, 0x34f1, 0x34f1, 0x34f1, 0x74e9, 0x74f9, 0x13f1, 0x12e9, 0x2fb9,
  0x4210, 0x0000, 0x0000, 0x0000, 0x0000, 0x0000, 0x0000, 0x0000, 0x0000, 0x0000, 0x0000, 0x0000,
  0x0000, 0x2000, 0x6108, 0x8210, 0x6108, 0x8210, 0x6108, 0x2000, 0x0000, 0x0000, 0x4108, 0x6108,
  0x6108, 0x6108, 0x6108, 0x6108, 0x6108, 0x6108, 0x8210, 0x2000, 0x0000, 0x0000, 0x0000, 0x0000,
  0x0000, 0x0000, 0x0000, 0x0000, 0x0000, 0x0000, 0x0000, 0x0000, 0x0000, 0x0000, 0x0000, 0x0000,
  0x0000, 0x0000, 0x0000, 0x0000, 0x0000, 0x0000, 0x0000, 0x0000, 0x0000, 0x0000, 0x0000, 0x0000,
  0x0000, 0x0000, 0x0000, 0x0000, 0x0000, 0x0000, 0x0000, 0x0000, 0x0000, 0x0000, 0x0000, 0x0000,
  0x0000, 0x0000, 0x0000, 0x0000, 0x0000, 0x0000, 0x0000, 0x0000, 0x0000, 0x0000, 0x0000, 0x0000,
  0x0000, 0x0000, 0x0000, 0x6750, 0x53f1, 0x54f9, 0x54f1, 0x34f9, 0x14f9, 0x34f9, 0x34f1, 0x34f1,
  0x34f9, 0x55f9, 0x54f1, 0xcda0, 0x6640, 0x4540, 0x0008, 0x0100, 0x0000, 0x0000, 0x0000, 0x0000,
  0x0000, 0x0000, 0x0000, 0x2000, 0x4108, 0x2000, 0x0000, 0x0000, 0x4108, 0x8210, 0x6108, 0x6108,
  0x6108, 0x4108, 0x0000, 0x0000, 0x2000, 0x6108, 0x6108, 0x6108, 0x8210, 0x8210, 0x6108, 0x6108,
  0x4108, 0x0000, 0x0000, 0x0000, 0x0000, 0x0000, 0x0000, 0x0000, 0x0000, 0x0000, 0x0000, 0x0000,
  0x0000, 0x0000, 0x0000, 0x0000, 0x0000, 0x0000, 0x0000, 0x0000, 0x0000, 0x0000, 0x0000, 0x0000,
  0x0000, 0x0000, 0x0000, 0x0000, 0x0000, 0x0000, 0x0000, 0x0000, 0x0000, 0x0000, 0x0000, 0x0000,
  0x0000, 0x0000, 0x0000, 0x0000, 0x0000, 0x0000, 0x0000, 0x0000, 0x0000, 0x0000, 0x0000, 0x0000,
  0x0000, 0x0000, 0x0000, 0x0000, 0x0000, 0x0000, 0x0000, 0x0000, 0x0000, 0x6750, 0x53f1, 0x34f1,
  0x13e9, 0x34f9, 0x54f9, 0x74e9, 0x54f1, 0x74f1, 0x34f1, 0x35f1, 0x13f9, 0x8a88, 0x2000, 0x2000,
  0x2000, 0x0100, 0x0000, 0x2000, 0x0008, 0x0000, 0x0000, 0x0000, 0x2000, 0x6108, 0x8210, 0x6108,
  0x2000, 0x2000, 0x6108, 0x8210, 0x6108, 0x6108, 0xa210, 0x8210, 0x4108, 0x2000, 0x0000, 0x2000,
  0x4108, 0x6108, 0x6108, 0x6108, 0x6108, 0x2000, 0x2000, 0x0000, 0x0000, 0x0000, 0x0000, 0x0000,
  0x0000, 0x0000, 0x0000, 0x0000, 0x0000, 0x0000, 0x0000, 0x0000, 0x0000, 0x0000, 0x0000, 0x0000,
  0x0000, 0x0000, 0x0000, 0x0000, 0x0000, 0x0000, 0x0000, 0x0000, 0x0000, 0x0000, 0x0000, 0x0000,
  0x0000, 0x0000, 0x0000, 0x0000, 0x0000, 0x0000, 0x0000, 0x0000, 0x0000, 0x0000, 0x0000, 0x0000,
  0x0000, 0x0000, 0x0000, 0x0000, 0x0000, 0x0000, 0x0000, 0x0000, 0x0000, 0x0000, 0x0000, 0x0000,
  0x0000, 0x0000, 0x0000, 0x2438, 0xcc98, 0xcd98, 0xac98, 0xcda0, 0x32d1, 0x35f9, 0x54f9, 0x53f1,
  0x52e9, 0xeea8, 0xada0, 0x6750, 0x0000, 0x0000, 0x0000, 0x0000, 0x0000, 0x0000, 0x0000, 0x0000,
  0x0000, 0x6108, 0x6108, 0x6108, 0x6108, 0x4108, 0x2000, 0x2000, 0x4108, 0x6108, 0x4108, 0x6110,
  0x8108, 0x4210, 0x6208, 0x0008, 0x4000, 0x0000, 0x2000, 0x0000, 0x0000, 0x2000, 0x0000, 0x0000,
  0x0000, 0x0000, 0x0000, 0x0000, 0x0000, 0x0000, 0x0000, 0x0000, 0x0000, 0x0000, 0x0000, 0x0000,
  0x0000, 0x0000, 0x0000, 0x0000, 0x0000, 0x0000, 0x0000, 0x0000, 0x0000, 0x0000, 0x0000, 0x0000,
  0x0000, 0x0000, 0x0000, 0x0000, 0x0000, 0x0000, 0x0000, 0x0000, 0x0000, 0x0000, 0x0000, 0x0000,
  0x0000, 0x0000, 0x0000, 0x0000, 0x0000, 0x0000, 0x0000, 0x0000, 0x0000, 0x0000, 0x0000, 0x0000,
  0x0000, 0x0000, 0x0000, 0x0000, 0x0000, 0x0000, 0x0000, 0x0000, 0x0000, 0x0000, 0x2108, 0x0008,
  0x0010, 0x0110, 0xeeb0, 0x54f9, 0x34f1, 0x35f9, 0x11d9, 0x6538, 0x4108, 0x2010, 0x0000, 0x0000,
  0x0000, 0x0000, 0x0000, 0x0000, 0x0000, 0x0000, 0x2000, 0x8210, 0x6108, 0x6108, 0x4108, 0x0000,
  0x0000, 0x0000, 0x2000, 0x0000, 0x0000, 0x4100, 0x6110, 0x8208, 0x6110, 0x6118, 0x0110, 0x4108,
  0x4110, 0x2108, 0x0000, 0x0000, 0x0000, 0x0000, 0x0000, 0x0000, 0x0000, 0x0000, 0x0000, 0x0000,
  0x0000, 0x0000, 0x0000, 0x0000, 0x0000, 0x0000, 0x0000, 0x0000, 0x0000, 0x0000, 0x0000, 0x0000,
  0x0000, 0x0000, 0x0000, 0x0000, 0x0000, 0x0000, 0x0000, 0x0000, 0x0000, 0x0000, 0x0000, 0x0000,
  0x0000, 0x0000, 0x0000, 0x0000, 0x0000, 0x0000, 0x0000, 0x0000, 0x0000, 0x0000, 0x0000, 0x0000,
  0x0000, 0x0000, 0x0000, 0x0000, 0x0000, 0x0000, 0x0000, 0x0000, 0x0000, 0x0000, 0x0000, 0x0008,
  0x0008, 0x0000, 0x0000, 0x0000, 0x0008, 0x2000, 0x2000, 0x2200, 0xeda0, 0x53e1, 0x33e1, 0x54e1,
  0x10c9, 0x4330, 0x2000, 0x2000, 0x0000, 0x0000, 0x0000, 0x0000, 0x0000, 0x0000, 0x0000, 0x0000,
  0x6108, 0x8210, 0x6108, 0x4108, 0x0000, 0x0000, 0x0000, 0x0000, 0x0000, 0x0000, 0x0000, 0x0108,
  0x2110, 0x8418, 0x8418, 0xa100, 0x8108, 0xa210, 0x6118, 0x4108, 0x2000, 0x0000, 0x0000, 0x0000,
  0x0000, 0x0000, 0x0000, 0x0000, 0x0000, 0x0000, 0x0000, 0x0000, 0x0000, 0x0000, 0x0000, 0x0000,
  0x0000, 0x0000, 0x0000, 0x0000, 0x0000, 0x0000, 0x0000, 0x0000, 0x0000, 0x0000, 0x0000, 0x0000,
  0x0000, 0x0000, 0x0000, 0x0000, 0x0000, 0x0000, 0x0000, 0x0000, 0x0000, 0x0000, 0x0000, 0x0000,
  0x0000, 0x0000, 0x0000, 0x0000, 0x0000, 0x0000, 0x0000, 0x0000, 0x0000, 0x0000, 0x0000, 0x0000,
  0x0000, 0x0000, 0x0000, 0x0000, 0x0000, 0x0000, 0x2000, 0x0000, 0x0000, 0x0000, 0x2000, 0x0000,
  0x0000, 0x2000, 0x2220, 0x2328, 0x2330, 0x2420, 0x2320, 0x0108, 0x2000, 0x0000, 0x0000, 0x0000,
  0x0000, 0x0000, 0x0000, 0x0000, 0x0000, 0x2000, 0x6108, 0x6108, 0x4108, 0x0000, 0x0000, 0x0000,
  0x0000, 0x4108, 0x4108, 0x4108, 0x4108, 0x2000, 0x2438, 0x51c9, 0x51c9, 0xa538, 0x8110, 0x6208,
  0x6110, 0x4000, 0x2000, 0x0000, 0x0000, 0x0000, 0x0000, 0x0000, 0x0000, 0x0000, 0x0000, 0x0000,
  0x0000, 0x0000, 0x0000, 0x0000, 0x0000, 0x0000, 0x0000, 0x0000, 0x0000, 0x0000, 0x0000, 0x0000,
  0x0000, 0x0000, 0x0000, 0x0000, 0x0000, 0x0000, 0x0000, 0x0000, 0x0000, 0x0000, 0x0000, 0x0000,
  0x0000, 0x0000, 0x0000, 0x0000, 0x0000, 0x0000, 0x0000, 0x0000, 0x0000, 0x0000, 0x0000, 0x0000,
  0x0000, 0x0000, 0x0000, 0x0000, 0x0000, 0x0000, 0x0000, 0x0000, 0x0000, 0x0000, 0x0000, 0x0000,
  0x0000, 0x0000, 0x0000, 0x0000, 0x0000, 0x2000, 0x0000, 0x0000, 0x0000, 0x2000, 0x0000, 0x0000,
  0x2000, 0x0000, 0x0000, 0x0000, 0x0000, 0x0000, 0x0000, 0x0000, 0x0000, 0x0000, 0x0000, 0x2000,
  0x6108, 0x6108, 0x6108, 0x2000, 0x2000, 0x2000, 0x6108, 0x8210, 0x8210, 0x8210, 0x8210, 0x8100,
  0x6540, 0x74f1, 0x53e1, 0xa638, 0x8108, 0x4320, 0x2100, 0x2000, 0x0000, 0x0000, 0x0000, 0x0000,
  0x0000, 0x0000, 0x0000, 0x0000, 0x0000, 0x0000, 0x0000, 0x0000, 0x0000, 0x0000, 0x0000, 0x0000,
  0x0000, 0x0000, 0x0000, 0x0000, 0x0000, 0x0000, 0x0000, 0x0000, 0x0000, 0x0000, 0x0000, 0x0000,
  0x0000, 0x0000, 0x0000, 0x0000, 0x0000, 0x0000, 0x0000, 0x0000, 0x0000, 0x0000, 0x0000, 0x0000,
  0x0000, 0x0000, 0x0000, 0x0000, 0x0000, 0x0000, 0x0000, 0x0000, 0x0000, 0x0000, 0x0000, 0x0000,
  0x0000, 0x0000, 0x0000, 0x0000, 0x0000, 0x0000, 0x0000, 0x0000, 0x0000, 0x0000, 0x0000, 0x2000,
  0x0010, 0x0000, 0x0000, 0x0000, 0x2000, 0x0100, 0x0000, 0x0000, 0x0000, 0x0108, 0x0008, 0x0000,
  0x0000, 0x0000, 0x0000, 0x0000, 0x0000, 0x0000, 0x4108, 0x8210, 0x8210, 0x4108, 0x8210, 0x8108,
  0x8210, 0x6108, 0x6108, 0x8210, 0x8210, 0x4210, 0xa650, 0x52e1, 0x13e9, 0x0da9, 0xc990, 0x8648,
  0x0000, 0x0000, 0x0000, 0x0000, 0x2000, 0x0000, 0x0000, 0x0000, 0x0000, 0x0000, 0x0000, 0x0000,
  0x0000, 0x0000, 0x0000, 0x0000, 0x0000, 0x0000, 0x0000, 0x0000, 0x0000, 0x0000, 0x0000, 0x0000,
  0x0000, 0x0000, 0x0000, 0x0000, 0x0000, 0x0000, 0x0000, 0x0000, 0x0000, 0x0000, 0x0000, 0x0000,
  0x0000, 0x0000, 0x0000, 0x0000, 0x0000, 0x0000, 0x0000, 0x0000, 0x0000, 0x0000, 0x0000, 0x0000,
  0x0000, 0x0000, 0x0000, 0x0000, 0x0000, 0x0000, 0x0000, 0x0000, 0x0000, 0x0000, 0x0000, 0x0000,
  0x0000, 0x0000, 0x0000, 0x0000, 0x0000, 0x0000, 0x0000, 0x0000, 0x0000, 0x0000, 0x0000, 0x0000,
  0x0000, 0x0000, 0x0000, 0x0000, 0x0000, 0x0000, 0x0000, 0x0000, 0x0000, 0x0000, 0x0000, 0x0000,
  0x4108, 0x6108, 0x6108, 0x6108, 0x8210, 0x8108, 0x6110, 0xa108, 0x4108, 0x6108, 0x6210, 0x6208,
  0xa848, 0x73f1, 0x53e9, 0x33f1, 0x53f1, 0xab80, 0x2108, 0x2000, 0x0000, 0x0000, 0x0000, 0x0000,
  0x0000, 0x0000, 0x0000, 0x0000, 0x0000, 0x0000, 0x0000, 0x0000, 0x0000, 0x0000, 0x0000, 0x0000,
  0x0000, 0x0000, 0x0000, 0x0000, 0x0000, 0x0000, 0x0000, 0x0000, 0x0000, 0x0000, 0x0000, 0x0000,
  0x0000, 0x0000, 0x0000, 0x0000, 0x0000, 0x0000, 0x0000, 0x0000, 0x0000, 0x0000, 0x0000, 0x0000,
  0x0000, 0x0000, 0x0000, 0x0000, 0x0000, 0x0000, 0x0000, 0x0000, 0x0000, 0x0000, 0x0000, 0x0000,
  0x0000, 0x0000, 0x0000, 0x0000, 0x0000, 0x0000, 0x0000, 0x0000, 0x0000, 0x0000, 0x0000, 0x0000,
  0x0000, 0x0000, 0x0000, 0x0000, 0x0000, 0x0000, 0x0000, 0x0000, 0x0000, 0x0000, 0x0000, 0x0000,
  0x0000, 0x0000, 0x0000, 0x0000, 0x0000, 0x0000, 0x0000, 0x4108, 0x6108, 0x6108, 0x6108, 0x6110,
  0x4100, 0x4000, 0x2540, 0x4650, 0x8858, 0xe848, 0x2c81, 0x53f1, 0x54e9, 0x33f1, 0x53e9, 0xeea0,
  0x6740, 0x2540, 0x2108, 0x2008, 0x0000, 0x0000, 0x0000, 0x0000, 0x0000, 0x0000, 0x0000, 0x0000,
  0x0000, 0x0000, 0x0000, 0x0000, 0x0000, 0x0000, 0x0000, 0x0000, 0x0000, 0x0000, 0x0000, 0x0000,
  0x0000, 0x0000, 0x0000, 0x0000, 0x0000, 0x0000, 0x0000, 0x0000, 0x0000, 0x0000, 0x0000, 0x0000,
  0x0000, 0x0000, 0x0000, 0x0000, 0x0000, 0x0000, 0x0000, 0x0000, 0x0000, 0x0000, 0x0000, 0x0000,
  0x0000, 0x0000, 0x0000, 0x0000, 0x0000, 0x0000, 0x0000, 0x0000, 0x0000, 0x0000, 0x0000, 0x0000,
  0x0000, 0x0000, 0x0000, 0x0000, 0x0000, 0x0000, 0x0000, 0x0000, 0x0000, 0x0000, 0x0000, 0x0000,
  0x0000, 0x0000, 0x0000, 0x0000, 0x0000, 0x0000, 0x0000, 0x0000, 0x0000, 0x0000, 0x0000, 0x0000,
  0x0000, 0x0000, 0x2000, 0x2000, 0x2000, 0x0000, 0x0000, 0x0108, 0x0fb1, 0x93f1, 0x74f1, 0x93f9,
  0xb4f1, 0x34f9, 0x54f1, 0x54f1, 0x54f1, 0x33f1, 0x94e9, 0x10d9, 0x2228, 0x0008, 0x0000, 0x0000,
  0x0000, 0x0000, 0x0000, 0x0000, 0x0000, 0x0000, 0x0000, 0x0000, 0x0000, 0x0000, 0x0000, 0x0000,
  0x0000, 0x0000, 0x0000, 0x0000, 0x0000, 0x0000, 0x0000, 0x0000, 0x0000, 0x0000, 0x0000, 0x0000,
  0x0000, 0x0000, 0x0000, 0x0000, 0x0000, 0x0000, 0x0000, 0x0000, 0x0000, 0x0000, 0x0000, 0x0000,
  0x0000, 0x0000, 0x0000, 0x0000, 0x0000, 0x0000, 0x0000, 0x0000, 0x0000, 0x0000, 0x0000, 0x0000,
  0x0000, 0x0000, 0x0000, 0x0000, 0x0000, 0x0000, 0x0000, 0x0000, 0x0000, 0x0000, 0x0000, 0x0000,
  0x0000, 0x0000, 0x0000, 0x0000, 0x0000, 0x0000, 0x0000, 0x0000, 0x0000, 0x0000, 0x0000, 0x0000,
  0x0000, 0x0000, 0x0000, 0x0000, 0x0000, 0x0000, 0x0000, 0x0000, 0x0000, 0x0000, 0x0000, 0x0000,
  0x0000, 0x0000, 0x10b9, 0x74f1, 0xb6f1, 0xb5f9, 0xb5f1, 0x34f1, 0x54e9, 0x34f1, 0x54f1, 0x34f1,
  0x34f1, 0x11d1, 0x6530, 0x2220, 0x0108, 0x0000, 0x0000, 0x0000, 0x0000, 0x0000, 0x0000, 0x0000,
  0x0000, 0x0000, 0x0000, 0x0000, 0x0000, 0x0000, 0x0000, 0x0000, 0x0000, 0x0000, 0x0000, 0x0000,
  0x0000, 0x0000, 0x0000, 0x0000, 0x0000, 0x0000, 0x0000, 0x0000, 0x0000, 0x0000, 0x0000, 0x0000,
  0x0000, 0x0000, 0x0000, 0x0000, 0x0000, 0x0000, 0x0000, 0x0000, 0x0000, 0x0000, 0x0000, 0x0000,
  0x0000, 0x0000, 0x0000, 0x0000, 0x0000, 0x0000, 0x0000, 0x0000, 0x0000, 0x0000, 0x0000, 0x0000,
  0x0000, 0x0000, 0x0000, 0x0000, 0x0000, 0x0000, 0x0000, 0x0000, 0x0000, 0x0000, 0x0000, 0x0000,
  0x0000, 0x0000, 0x0000, 0x0000, 0x0000, 0x0000, 0x0000, 0x0000, 0x0000, 0x0000, 0x0000, 0x0000,
  0x0000, 0x0000, 0x0000, 0x0000, 0x0000, 0x0000, 0x0000, 0x2000, 0x30c1, 0x74f9, 0xb5f1, 0xb5f1,
  0x75f1, 0x33e9, 0x34f1, 0x34f1, 0x54f1, 0x74f1, 0x54e1, 0x33f9, 0xf0d0, 0xefd0, 0x6758, 0x0000,
  0x0000, 0x0000, 0x0000, 0x0000, 0x0000, 0x0000, 0x0000, 0x0000, 0x0000, 0x0000, 0x0000, 0x0000,
  0x0000, 0x0000, 0x0000, 0x0000, 0x0000, 0x0000, 0x0000, 0x0000, 0x0000, 0x0000, 0x0000, 0x0000,
  0x2000, 0x0008, 0x0000, 0x0000, 0x0000, 0x0000, 0x0000, 0x0000, 0x0000, 0x0000, 0x0000, 0x0000,
  0x0000, 0x0000, 0x0000, 0x0000, 0x0000, 0x0000, 0x0000, 0x0000, 0x0000, 0x0000, 0x0000, 0x0000,
  0x0000, 0x0000, 0x0000, 0x0000, 0x0000, 0x0000, 0x0000, 0x0000, 0x0000, 0x0000, 0x0000, 0x0000,
  0x0000, 0x0000, 0x0000, 0x0000, 0x0000, 0x0000, 0x0000, 0x0000, 0x0000, 0x0000, 0x0000, 0x0000,
  0x0000, 0x0000, 0x0000, 0x0000, 0x0000, 0x0000, 0x0000, 0x0000, 0x0000, 0x0000, 0x0000, 0x0000,
  0x4008, 0x6108, 0x71c9, 0xd4f1, 0xd4e9, 0x75f1, 0x54f1, 0x54e9, 0x54f1, 0x33f1, 0x34f9, 0x34f1,
  0x54f1, 0x34f1, 0x54e9, 0x73f1, 0x8968, 0x0000, 0x0000, 0x0000, 0x0000, 0x0000, 0x0000, 0x0000,
  0x0000, 0x0000, 0x0000, 0x0000, 0x0000, 0x0000, 0x0000, 0x0000, 0x0000, 0x0000, 0x0000, 0x0000,
  0x0000, 0x0000, 0x2000, 0x0000, 0x2000, 0x0100, 0x4650, 0xab80, 0xc968, 0x2108, 0x2000, 0x0000,
  0x0000, 0x0000, 0x0000, 0x0000, 0x0000, 0x0000, 0x0000, 0x0000, 0x0000, 0x0000, 0x0000, 0x0000,
  0x0000, 0x0000, 0x0000, 0x0000, 0x0000, 0x0000, 0x0000, 0x0000, 0x0000, 0x0000, 0x0000, 0x2000,
  0x0000, 0x0000, 0x0000, 0x0000, 0x2000, 0x0000, 0x0000, 0x0000, 0x0000, 0x0000, 0x0000, 0x0000,
  0x0000, 0x0000, 0x0000, 0x0000, 0x0000, 0x2000, 0x2108, 0x4008, 0x4100, 0x2100, 0x0000, 0x0000,
  0x0000, 0x0000, 0x0000, 0x0000, 0x0000, 0x2000, 0x4008, 0x8108, 0x51c1, 0x94f9, 0x94f1, 0x54f1,
  0x34f1, 0x34f9, 0x34f1, 0x34f1, 0x54f1, 0x74f1, 0x33f1, 0x13e1, 0xac88, 0xa978, 0x2328, 0x0000,
  0x0000, 0x0000, 0x0000, 0x0000, 0x0000, 0x0000, 0x0000, 0x0000, 0x0000, 0x0000, 0x0000, 0x0000,
  0x0000, 0x0000, 0x0000, 0x0000, 0x0000, 0x0000, 0x2000, 0x0008, 0x0000, 0x0008, 0x0008, 0x2108,
  0xac98, 0x34e9, 0xefc0, 0x0110, 0x0000, 0x0000, 0x0000, 0x0000, 0x0000, 0x0000, 0x0000, 0x0000,
  0x0000, 0x0000, 0x0000, 0x0000, 0x0000, 0x0000, 0x0000, 0x0000, 0x0000, 0x0000, 0x0000, 0x0000,
  0x0000, 0x0000, 0x0000, 0x2000, 0x0008, 0x0010, 0x2000, 0x0000, 0x0000, 0x0000, 0x0000, 0x0000,
  0x0000, 0x0000, 0x0000, 0x0000, 0x0000, 0x0000, 0x0000, 0x0000, 0x0000, 0x0000, 0x2008, 0xa200,
  0x8208, 0x8108, 0xa210, 0x8308, 0xa208, 0x2000, 0x0000, 0x0000, 0x0000, 0x0000, 0x0000, 0x2000,
  0x0008, 0x6108, 0x31c1, 0x54f9, 0x34e9, 0x54f1, 0x54e9, 0x75f1, 0x74e9, 0x34e9, 0x54e9, 0x54e9,
  0x14f9, 0xd1d8, 0x0328, 0x4000, 0x2100, 0x0000, 0x0000, 0x0000, 0x0000, 0x0000, 0x0000, 0x0000,
  0x0000, 0x0000, 0x0000, 0x0000, 0x0000, 0x0000, 0x0000, 0x0000, 0x0000, 0x0000, 0x0000, 0x0000,
  0x0000, 0x2220, 0x6538, 0x6430, 0x4430, 0x6538, 0xcda0, 0x55e9, 0xf0c0, 0x2210, 0x0000, 0x0100,
  0x0000, 0x0000, 0x0000, 0x0000, 0x0000, 0x0000, 0x0000, 0x0000, 0x0000, 0x0000, 0x0000, 0x0000,
  0x0000, 0x0000, 0x0000, 0x0000, 0x0000, 0x0000, 0x0000, 0x0000, 0x2320, 0x6538, 0x4538, 0x4538,
  0x2538, 0x2110, 0x0008, 0x0008, 0x0000, 0x0000, 0x0000, 0x0000, 0x0000, 0x0000, 0x0000, 0x0000,
  0x0000, 0x0000, 0x2000, 0x0000, 0x6108, 0x4010, 0x6210, 0x6110, 0x6210, 0x4210, 0xa108, 0x6108,
  0x2000, 0x0000, 0x0000, 0x0000, 0x0000, 0x0000, 0x0000, 0x2108, 0xcc90, 0x2fb9, 0x32d9, 0x33f1,
  0x53f1, 0x33f1, 0x33f1, 0x53f1, 0x54f1, 0x12d9, 0x0ec1, 0x0da1, 0x2320, 0x0000, 0x0000, 0x0000,
  0x0000, 0x0000, 0x0000, 0x0000, 0x0000, 0x0000, 0x0000, 0x0000, 0x0000, 0x0000, 0x0000, 0x0000,
  0x0000, 0x0000, 0x0000, 0x0000, 0x2000, 0x0000, 0x2000, 0x6858, 0x31d9, 0x12d9, 0x32d9, 0x32d9,
  0x33e9, 0x54f1, 0xcfc8, 0x2210, 0x0000, 0x0008, 0x0000, 0x0000, 0x0000, 0x0000, 0x0000, 0x0000,
  0x0000, 0x0000, 0x0000, 0x0000, 0x0000, 0x0000, 0x0000, 0x0000, 0x0000, 0x0000, 0x0000, 0x0000,
  0x0000, 0x0000, 0xaa78, 0x31d1, 0x31d9, 0x12d9, 0x11d9, 0x8648, 0x2000, 0x0008, 0x0000, 0x0000,
  0x0000, 0x0000, 0x0000, 0x0000, 0x0000, 0x0000, 0x0000, 0x0000, 0x0000, 0x2000, 0x8110, 0xa648,
  0xea70, 0xc968, 0xca70, 0xea68, 0x8318, 0x8210, 0x2000, 0x0000, 0x0000, 0x0000, 0x0000, 0x0000,
  0x0000, 0x0008, 0x0218, 0x4320, 0xab88, 0x13f1, 0x54f1, 0x34e9, 0x34f1, 0x34f1, 0x34f1, 0xcc90,
  0x2220, 0x4320, 0x0100, 0x0000, 0x0000, 0x0000, 0x0000, 0x0000, 0x0000, 0x0000, 0x0000, 0x0000,
  0x0000, 0x0000, 0x0000, 0x0000, 0x0000, 0x0000, 0x0000, 0x0000, 0x2000, 0x0000, 0x0008, 0x0110,
  0x0108, 0x8968, 0x74e9, 0x54f1, 0x14f9, 0xf4f8, 0x34f1, 0x33f9, 0x0eb9, 0x0208, 0x4100, 0x0008,
  0x0000, 0x0000, 0x0000, 0x0000, 0x0000, 0x0000, 0x0000, 0x0000, 0x0000, 0x0000, 0x0000, 0x0000,
  0x0000, 0x0000, 0x0000, 0x0000, 0x0000, 0x0000, 0x0000, 0x0000, 0x8b90, 0x54f9, 0x14f9, 0x55f9,
  0x33f1, 0x4748, 0x0100, 0x0000, 0x4100, 0x0000, 0x0000, 0x0000, 0x0000, 0x0000, 0x0000, 0x0000,
  0x0000, 0x0000, 0x0000, 0x4108, 0x8208, 0x2e91, 0x54f1, 0x54f9, 0x54f9, 0x93e1, 0x8630, 0x4108,
  0x2000, 0x0000, 0x0000, 0x0000, 0x0000, 0x4000, 0x0000, 0x2008, 0x0000, 0x0000, 0x8a88, 0x74f9,
  0x54e9, 0x75f1, 0x55f9, 0x34f9, 0x74f9, 0xca80, 0x0000, 0x0000, 0x0000, 0x2000, 0x0000, 0x0000,
  0x0000, 0x0000, 0x0000, 0x0000, 0x0000, 0x0000, 0x0000, 0x0000, 0x0000, 0x0000, 0x0000, 0x0000,
  0x0000, 0x0000, 0x2000, 0x0000, 0x0110, 0xc868, 0xcda0, 0x0eca, 0xd0fb, 0x71f3, 0x93f1, 0x55f1,
  0xf9f3, 0xbbfd, 0xb8e4, 0x0eb1, 0xeda0, 0x4320, 0x0000, 0x0000, 0x0000, 0x0000, 0x0000, 0x0000,
  0x0000, 0x0000, 0x0000, 0x0000, 0x0000, 0x0000, 0x0000, 0x0000, 0x0000, 0x0000, 0x0000, 0x0000,
  0x2000, 0x0008, 0xab88, 0x95e9, 0x54f1, 0x53f1, 0x53f1, 0xefc0, 0x0ea9, 0x8870, 0x0008, 0x0000,
  0x0000, 0x0000, 0x0000, 0x0000, 0x0000, 0x0000, 0x0000, 0x0000, 0x0000, 0x4108, 0x6108, 0x2d99,
  0x54f1, 0xb4f1, 0x94f1, 0x93e1, 0x8428, 0x2000, 0x2000, 0x4108, 0x2000, 0x0000, 0x0000, 0x0008,
  0x0000, 0x0000, 0x0000, 0x0000, 0x2530, 0x6750, 0x6a80, 0x93f1, 0x32e9, 0x6a78, 0x8750, 0x2428,
  0x0008, 0x0000, 0x0000, 0x0000, 0x0000, 0x0000, 0x0000, 0x0000, 0x0000, 0x0000, 0x0000, 0x0000,
  0x0000, 0x0000, 0x0000, 0x0000, 0x0000, 0x0000, 0x0000, 0x0000, 0x2000, 0x0000, 0x0000, 0xefb8,
  0x54f9, 0xf1f2, 0x2ffd, 0x90fc, 0xd4f9, 0x73f1, 0x1afd, 0xdff7, 0x7efe, 0xd5f1, 0x33e9, 0x6330,
  0x0000, 0x0000, 0x0000, 0x0000, 0x0000, 0x0000, 0x0000, 0x0000, 0x0000, 0x0000, 0x0000, 0x0000,
  0x0000, 0x0000, 0x0000, 0x0000, 0x0000, 0x0000, 0x0000, 0x0000, 0xab88, 0x74f9, 0x54f1, 0x53f1,
  0x75f1, 0x34f1, 0x34f1, 0xcda0, 0x0108, 0x0000, 0x0000, 0x0000, 0x0000, 0x0000, 0x0000, 0x0000,
  0x0000, 0x0000, 0x2000, 0x4100, 0x8108, 0x2c91, 0xb5f1, 0xd5f1, 0x94f9, 0x73e1, 0x4318, 0x0000,
  0x4108, 0x6108, 0x4108, 0x0000, 0x0000, 0x0000, 0x0000, 0x0000, 0x0000, 0x0000, 0x0000, 0x2000,
  0x4640, 0x73f1, 0x33e9, 0x4630, 0x2000, 0x0000, 0x0000, 0x0000, 0x0000, 0x0000, 0x0000, 0x0000,
  0x0000, 0x0000, 0x0000, 0x0000, 0x0000, 0x0000, 0x0000, 0x0000, 0x0000, 0x0000, 0x0000, 0x0000,
  0x0000, 0x0000, 0x0000, 0x0000, 0x0000, 0xefb8, 0x34f9, 0x32fa, 0x91fb, 0x31fb, 0x74f9, 0x74f1,
  0xd8fb, 0xf9ed, 0xb9fc, 0xb5f1, 0x32f1, 0x8438, 0x0000, 0x0000, 0x0000, 0x0000, 0x0000, 0x0000,
  0x0000, 0x0000, 0x0000, 0x0000, 0x0000, 0x0000, 0x0000, 0x0000, 0x0000, 0x0000, 0x0000, 0x0000,
  0x0000, 0x0000, 0xab88, 0x74f9, 0x54f1, 0x34f1, 0x15f1, 0x14f1, 0x55f9, 0xeda0, 0x4000, 0x2000,
  0x0000, 0x0000, 0x0000, 0x0000, 0x0008, 0x0000, 0x0000, 0x0000, 0x0000, 0x2000, 0x8210, 0xeb98,
  0x95f9, 0xb5f1, 0x74e9, 0x32d1, 0x2438, 0x2108, 0x6108, 0x8210, 0x4108, 0x0000, 0x0000, 0x0000,
  0x0000, 0x0000, 0x0000, 0x0000, 0x0000, 0x0008, 0x0338, 0xcba0, 0xcc98, 0x2328, 0x0000, 0x0000,
  0x0000, 0x0000, 0x0000, 0x0000, 0x0000, 0x0000, 0x0000, 0x0000, 0x0000, 0x0000, 0x0000, 0x0000,
  0x0000, 0x0000, 0x0000, 0x0000, 0x0000, 0x0000, 0x0000, 0x0000, 0x0000, 0x0000, 0x0000, 0xefb8,
  0x54f1, 0x34f9, 0x73f1, 0x73f1, 0x35f1, 0x73f1, 0x35f1, 0x74f9, 0x35f9, 0x54f1, 0x33f1, 0x4538,
  0x0000, 0x0000, 0x0000, 0x0000, 0x0000, 0x0000, 0x0000, 0x0000, 0x0000, 0x0000, 0x0000, 0x0000,
  0x0000, 0x0000, 0x0000, 0x0000, 0x0000, 0x0000, 0x0000, 0x0000, 0xab88, 0x74f9, 0x54f1, 0x34f1,
  0x55f1, 0x54e9, 0x54f9, 0xcda0, 0x4108, 0x0008, 0x0000, 0x0000, 0x0000, 0x0000, 0x2000, 0x4108,
  0x4108, 0x4108, 0x2108, 0x2000, 0x4108, 0xe640, 0xe870, 0x0c99, 0x95f9, 0x72d1, 0x8328, 0x6110,
  0x8210, 0x6108, 0x2000, 0x0000, 0x0000, 0x0000, 0x0000, 0x0000, 0x0000, 0x0000, 0x0000, 0x2000,
  0x0000, 0x0108, 0x0108, 0x0000, 0x0000, 0x0000, 0x0000, 0x0000, 0x0000, 0x0000, 0x0000, 0x0000,
  0x0000, 0x0000, 0x0000, 0x0000, 0x0000, 0x0000, 0x0000, 0x0000, 0x0000, 0x0000, 0x0000, 0x0000,
  0x0000, 0x0000, 0x0000, 0x0000, 0x0000, 0xefb8, 0x54f1, 0x54f9, 0x54f1, 0x54f1, 0x34f1, 0x34f1,
  0xd5f9, 0x15f2, 0xd6f1, 0x73f9, 0x33f9, 0x2538, 0x0000, 0x0000, 0x0000, 0x0000, 0x0000, 0x0000,
  0x0000, 0x0000, 0x0000, 0x0000, 0x0000, 0x0000, 0x0000, 0x0000, 0x0000, 0x0000, 0x0000, 0x0000,
  0x0000, 0x0000, 0xab88, 0x74f9, 0x54f1, 0x34f9, 0x34f9, 0x53f1, 0x54f9, 0x2fb1, 0x8530, 0x4220,
  0x2218, 0x2318, 0x0108, 0x4008, 0x6208, 0x8210, 0x6108, 0x8210, 0x6108, 0x4108, 0x2008, 0x4208,
  0x8110, 0xc750, 0x95f1, 0x94e1, 0x8438, 0x6210, 0x6108, 0x4108, 0x0000, 0x0000, 0x0000, 0x0000,
  0x0000, 0x0000, 0x0000, 0x0000, 0x0000, 0x0000, 0x0000, 0x0000, 0x0000, 0x0000, 0x0000, 0x0000,
  0x0000, 0x0000, 0x0000, 0x0000, 0x0000, 0x0000, 0x0000, 0x0000, 0x0000, 0x0000, 0x0000, 0x0000,
  0x0000, 0x0000, 0x0000, 0x0000, 0x0000, 0x0000, 0x0000, 0x0000, 0x2000, 0x0000, 0x0000, 0xefb8,
  0x34f9, 0x33f9, 0x53f1, 0x54f9, 0x54f9, 0x34f9, 0xb9f4, 0x7ef7, 0xfdfd, 0xd4f1, 0x32f1, 0x4430,
  0x0000, 0x0000, 0x0000, 0x0000, 0x0000, 0x0000, 0x0000, 0x0000, 0x0000, 0x0000, 0x0000, 0x0000,
  0x0000, 0x0000, 0x0000, 0x0000, 0x0000, 0x0000, 0x0000, 0x0000, 0xab88, 0x74f9, 0x54f1, 0x34f9,
  0x54e1, 0x93e9, 0x74e9, 0xb4e9, 0x92e1, 0xd2e1, 0x52e1, 0x70c9, 0x8758, 0x6218, 0x8108, 0x6108,
  0x6108, 0x6108, 0x8108, 0x8108, 0x6108, 0x0100, 0x8100, 0xe638, 0x4fd1, 0x4eb9, 0x8430, 0x6110,
  0x4108, 0x0000, 0x0000, 0x0000, 0x0000, 0x0000, 0x0000, 0x0000, 0x0000, 0x0000, 0x0000, 0x2000,
  0x2000, 0x4000, 0x4000, 0x4000, 0x2000, 0x0000, 0x0000, 0x0000, 0x0000, 0x0000, 0x0000, 0x0000,
  0x0000, 0x0000, 0x0000, 0x0000, 0x0000, 0x0000, 0x0000, 0x0000, 0x0000, 0x0000, 0x0000, 0x0000,
  0x0000, 0x0000, 0x0000, 0x2000, 0x0110, 0xedb0, 0x74e9, 0x34f1, 0x55f1, 0x34f1, 0x54f1, 0x55f1,
  0x1afd, 0xdeff, 0x3dfe, 0xb5f1, 0x34f1, 0x2438, 0x0000, 0x0000, 0x0000, 0x0000, 0x0000, 0x0000,
  0x0000, 0x0000, 0x0000, 0x0000, 0x0000, 0x0000, 0x0000, 0x0000, 0x0000, 0x0000, 0x0000, 0x0000,
  0x0000, 0x0000, 0xab88, 0x54f1, 0x34f1, 0x34f1, 0x54f1, 0x33f9, 0x54f9, 0x95f9, 0xb5f1, 0x94e9,
  0x95f9, 0xb4f1, 0xc758, 0x8208, 0x6208, 0x4108, 0x4108, 0x4110, 0x6210, 0x6108, 0x8108, 0x2008,
  0x0008, 0x2108, 0x4220, 0x6210, 0x6100, 0x2000, 0x0000, 0x0000, 0x0000, 0x0000, 0x0000, 0x0000,
  0x0000, 0x0000, 0x0000, 0x0000, 0x0000, 0x0108, 0x0000, 0x0008, 0x0008, 0x0008, 0x0000, 0x0000,
  0x0000, 0x0000, 0x0000, 0x0000, 0x0000, 0x0000, 0x0000, 0x0000, 0x0000, 0x0000, 0x0000, 0x0000,
  0x0000, 0x0000, 0x0000, 0x0000, 0x0000, 0x0000, 0x0000, 0x0000, 0x0000, 0x2000, 0x0108, 0x2550,
  0x6658, 0x8ca0, 0x53f9, 0x54f9, 0x34f1, 0x54f1, 0xd6ea, 0xd6f3, 0x35d3, 0xa960, 0x6758, 0x2110,
  0x0008, 0x2000, 0x0000, 0x0000, 0x0008, 0x0008, 0x0000, 0x0000, 0x0000, 0x2000, 0x2000, 0x0000,
  0x0000, 0x0000, 0x0000, 0x0000, 0x0000, 0x0000, 0x0000, 0x0000, 0xab88, 0x54f1, 0x34f1, 0x34f1,
  0x34f1, 0x53f1, 0x73e9, 0x74f1, 0x75f9, 0xb6f9, 0xb4f1, 0x94f1, 0xc758, 0x8108, 0x2008, 0x2000,
  0x2000, 0x2000, 0x6108, 0x6110, 0x6110, 0x4108, 0x0000, 0x0000, 0x2000, 0x2000, 0x2000, 0x0000,
  0x0000, 0x0000, 0x0000, 0x0000, 0x0000, 0x0000, 0x0000, 0x0000, 0x0000, 0x0000, 0x2000, 0x2000,
  0x2000, 0x2000, 0x2000, 0x0000, 0x0000, 0x0000, 0x0000, 0x0000, 0x0000, 0x0000, 0x0000, 0x0000,
  0x0000, 0x0000, 0x0000, 0x0000, 0x0000, 0x0000, 0x0000, 0x0000, 0x0000, 0x0000, 0x0000, 0x0000,
  0x0000, 0x2000, 0x0000, 0x0008, 0x2000, 0x0000, 0x0010, 0x8960, 0x33e9, 0x54e9, 0x34f1, 0x55f9,
  0x34f9, 0x34f9, 0xd0c0, 0x0110, 0x2000, 0x2000, 0x0000, 0x0000, 0x2008, 0x4000, 0x2008, 0x0000,
  0x2000, 0x0000, 0x0008, 0x0000, 0x0008, 0x0000, 0x0000, 0x0000, 0x0000, 0x0000, 0x0000, 0x0000,
  0x0000, 0x0000, 0xab88, 0x53f1, 0x34f1, 0x74f1, 0x54f1, 0x34f1, 0x34f1, 0x33e9, 0x74e9, 0x75f9,
  0xb4e9, 0xb4f1, 0xa760, 0x6108, 0x2008, 0x0008, 0x2000, 0x0000, 0x4000, 0x6108, 0x6108, 0x8208,
  0x2000, 0x0000, 0x0000, 0x0000, 0x0000, 0x0000, 0x0000, 0x0000, 0x0000, 0x0000, 0x0000, 0x0000,
  0x0000, 0x0000, 0x0000, 0x0000, 0x0008, 0x0000, 0x0008, 0x0000, 0x0000, 0x2000, 0x0108, 0x0000,
  0x0000, 0x0000, 0x0000, 0x0000, 0x0000, 0x0000, 0x0000, 0x0000, 0x0000, 0x0000, 0x0000, 0x0000,
  0x0000, 0x0000, 0x0000, 0x0000, 0x0000, 0x0000, 0x0000, 0x2000, 0x0008, 0x0000, 0x2000, 0x0000,
  0x0000, 0x6648, 0xceb0, 0xefb8, 0x33f1, 0x54f1, 0x33f1, 0x74f1, 0x10b9, 0x0110, 0x0100, 0x0100,
  0x2000, 0x0000, 0x0000, 0x2210, 0x6750, 0x6648, 0x4650, 0x6650, 0x6650, 0x6648, 0x6548, 0x2110,
  0x0000, 0x0000, 0x0000, 0x0000, 0x0000, 0x0000, 0x0000, 0x0000, 0xab88, 0x53f1, 0x34f1, 0x54f1,
  0x34f1, 0x54f1, 0x33f1, 0x33f1, 0x53e9, 0x54f1, 0x94f1, 0x94f1, 0x0c91, 0xe858, 0x6540, 0x2000,
  0x0000, 0x0000, 0x0000, 0x4108, 0x6210, 0x6108, 0x2000, 0x0000, 0x0000, 0x0000, 0x0000, 0x0000,
  0x0000, 0x0000, 0x0000, 0x0000, 0x0000, 0x0000, 0x0000, 0x0000, 0x0000, 0x0000, 0x4338, 0x6750,
  0x6748, 0x6750, 0x4650, 0x2218, 0x0000, 0x0000, 0x0000, 0x0000, 0x0000, 0x0000, 0x0000, 0x0000,
  0x0000, 0x0000, 0x0000, 0x0000, 0x0000, 0x0000, 0x0000, 0x0000, 0x0000, 0x0000, 0x0000, 0x0000,
  0x0000, 0x0000, 0x0000, 0x2000, 0x2000, 0x0000, 0x0000, 0x2000, 0x2108, 0x2530, 0x12d9, 0x35f9,
  0x54f1, 0x13f9, 0xf0c0, 0x0118, 0x0008, 0x0000, 0x0000, 0x2000, 0x2000, 0x4640, 0x12e9, 0x34f1,
  0x34f1, 0x53e1, 0x33e9, 0x54f1, 0x11d9, 0x2530, 0x0000, 0x0000, 0x0000, 0x0000, 0x0000, 0x0000,
  0x0000, 0x0000, 0xab88, 0x53f1, 0x34f1, 0x34f1, 0x54f1, 0x35e9, 0x35e9, 0x54e9, 0x53f1, 0x13f1,
  0x73f1, 0x94e9, 0xd4e9, 0x93f1, 0x2ea1, 0x8208, 0x2000, 0x0000, 0x2000, 0x6100, 0x8200, 0x6108,
  0x2000, 0x0000, 0x0000, 0x0000, 0x0000, 0x0000, 0x0000, 0x0000, 0x0000, 0x0000, 0x0000, 0x0000,
  0x0000, 0x2000, 0x0000, 0x0000, 0xc970, 0x33f1, 0x53e1, 0x53f1, 0x10d9, 0x4538, 0x0000, 0x0000,
  0x0000, 0x0000, 0x0000, 0x0000, 0x0000, 0x0000, 0x0000, 0x0000, 0x0000, 0x0000, 0x0000, 0x0000,
  0x0000, 0x0000, 0x0000, 0x0000, 0x0000, 0x0000, 0x0000, 0x0000, 0x0000, 0x0000, 0x2000, 0x0000,
  0x0000, 0x0000, 0x2000, 0x2430, 0x0fc9, 0x13e1, 0x32e1, 0x32d9, 0xcea8, 0x4110, 0x2000, 0x0000,
  0x0000, 0x0000, 0x2000, 0x4640, 0x53f1, 0x34f1, 0x35f9, 0x75f1, 0x33e9, 0x52d9, 0x10c9, 0x2428,
  0x0000, 0x0000, 0x0000, 0x0000, 0x0000, 0x0000, 0x0000, 0x0000, 0xab88, 0x53f1, 0x34f1, 0x54f1,
  0x53e9, 0x93e9, 0xd3f1, 0xb3e9, 0x73e9, 0x54f1, 0x73e9, 0x54e9, 0x74f1, 0x95f9, 0x30b9, 0xa538,
  0x6320, 0x0108, 0x2100, 0x6210, 0x6210, 0x4108, 0x0000, 0x0000, 0x0000, 0x0000, 0x0000, 0x0000,
  0x0000, 0x0000, 0x0000, 0x0000, 0x0000, 0x0000, 0x0000, 0x2000, 0x0000, 0x0000, 0xaa80, 0x55f9,
  0x34f9, 0x14f9, 0x33e9, 0x4528, 0x0000, 0x0000, 0x0000, 0x0000, 0x0000, 0x0000, 0x0000, 0x0000,
  0x0000, 0x0000, 0x0000, 0x0000, 0x0000, 0x0000, 0x0000, 0x0000, 0x0000, 0x0000, 0x0000, 0x0000,
  0x0000, 0x0000, 0x0000, 0x0000, 0x0000, 0x0000, 0x0000, 0x0000, 0x2000, 0x2108, 0x6438, 0x6540,
  0x4540, 0x6640, 0x4530, 0x2000, 0x0000, 0x0100, 0x0000, 0x2000, 0x0000, 0x8538, 0x53f9, 0x55f1,
  0x54f1, 0x54f1, 0xceb0, 0x4640, 0x6540, 0x2108, 0x0000, 0x0000, 0x0000, 0x0000, 0x2000, 0x2000,
  0x0000, 0x0008, 0xcb88, 0x54f9, 0x34f1, 0x34e9, 0x73f1, 0x52fb, 0x51fc, 0x52fb, 0xb5f9, 0x75f9,
  0x73e9, 0x35f1, 0x53f1, 0xb4f1, 0x93d9, 0x4fc1, 0x4ea9, 0x8430, 0x6108, 0x6208, 0x6108, 0x2000,
  0x0000, 0x0000, 0x0000, 0x0000, 0x0000, 0x0000, 0x0000, 0x0000, 0x0000, 0x0000, 0x0000, 0x0000,
  0x2000, 0x0000, 0x0000, 0x0000, 0xca78, 0x54f1, 0x54f9, 0x14f9, 0x53e9, 0x4438, 0x0000, 0x0000,
  0x0000, 0x0000, 0x0000, 0x0000, 0x0000, 0x0000, 0x0000, 0x0000, 0x0000, 0x0000, 0x0000, 0x0000,
  0x0000, 0x0000, 0x0000, 0x0000, 0x0000, 0x0000, 0x0000, 0x0000, 0x0000, 0x0000, 0x0000, 0x0000,
  0x0000, 0x0000, 0x0000, 0x0000, 0x0000, 0x0000, 0x0000, 0x0000, 0x0000, 0x0000, 0x0000, 0x0000,
  0x0008, 0x0000, 0x0000, 0x4440, 0x12f9, 0x34f9, 0x54f9, 0x54f1, 0xcc90, 0x0108, 0x0000, 0x0000,
  0x0000, 0x0000, 0x2000, 0x0000, 0x0008, 0x0008, 0x0108, 0x2108, 0xcb80, 0x55f1, 0x53e9, 0x93e9,
  0x93f1, 0x10ec, 0x6fed, 0x10f4, 0xb4f1, 0x95f9, 0xf5f1, 0x96f9, 0x53f1, 0x33e9, 0x95f1, 0xb5f9,
  0x92e1, 0xa538, 0x6108, 0x6208, 0x4108, 0x0000, 0x0000, 0x0000, 0x0000, 0x0000, 0x0000, 0x0000,
  0x0000, 0x0000, 0x0000, 0x0000, 0x0000, 0x0000, 0x2000, 0x0000, 0x0000, 0x0000, 0xca78, 0x35f9,
  0x76f1, 0x55f1, 0x12d9, 0x2430, 0x2000, 0x0000, 0x0000, 0x0000, 0x0000, 0x0000, 0x0000, 0x0000,
  0x0000, 0x0000, 0x0000, 0x0000, 0x0000, 0x0000, 0x0000, 0x0000, 0x0000, 0x0000, 0x0000, 0x0000,
  0x0000, 0x0000, 0x0000, 0x0000, 0x0000, 0x0000, 0x0000, 0x0000, 0x0000, 0x0000, 0x0000, 0x0000,
  0x0000, 0x0000, 0x0000, 0x0000, 0x0000, 0x0000, 0x0008, 0x0000, 0x2000, 0x4328, 0xaa80, 0xcb80,
  0xf1d8, 0x34f1, 0xcc98, 0x2108, 0x2000, 0x2000, 0x2000, 0x2000, 0x0000, 0x2000, 0x0000, 0x0108,
  0x8968, 0x8a78, 0xefb8, 0x15f9, 0x54f1, 0x94f1, 0x75f1, 0x12fc, 0x30fd, 0xf2fb, 0xb5f9, 0x94f1,
  0xd4e9, 0xb4f1, 0x94f1, 0x74e9, 0x53f1, 0x75f1, 0x72e1, 0xa638, 0x6108, 0x2108, 0x0000, 0x0000,
  0x0000, 0x0000, 0x0000, 0x0000, 0x0000, 0x0000, 0x0000, 0x0000, 0x0000, 0x0000, 0x0000, 0x0000,
  0x2000, 0x0008, 0x0000, 0x0000, 0x8a80, 0x54f9, 0x14f1, 0x54f1, 0x33e9, 0x2438, 0x0000, 0x0000,
  0x0000, 0x0000, 0x0000, 0x0000, 0x0000, 0x0000, 0x0000, 0x0000, 0x0000, 0x0000, 0x0000, 0x0000,
  0x0000, 0x0000, 0x0000, 0x0000, 0x0000, 0x0000, 0x0000, 0x0000, 0x0000, 0x0000, 0x0000, 0x0000,
  0x0000, 0x0000, 0x0000, 0x0000, 0x0000, 0x0000, 0x0000, 0x0000, 0x0000, 0x0000, 0x0000, 0x0000,
  0x0000, 0x2000, 0x2000, 0x0008, 0x0110, 0x0218, 0xeeb8, 0x75e9, 0x8c90, 0x0008, 0x0008, 0x0000,
  0x0000, 0x2000, 0x2000, 0x6100, 0x0010, 0x2210, 0x30c9, 0x34f1, 0x53e9, 0x33f1, 0x54e9, 0x94f9,
  0xb5f1, 0x31f4, 0x0ff5, 0xb1f3, 0x73f1, 0x94f1, 0x95f9, 0xb5f9, 0xb4f1, 0x95f1, 0x52e9, 0x34e9,
  0x52d9, 0x8538, 0x4000, 0x0000, 0x0000, 0x0000, 0x0000, 0x0000, 0x0000, 0x0000, 0x0000, 0x0000,
  0x0000, 0x0000, 0x0000, 0x0000, 0x0000, 0x0000, 0x0000, 0x0108, 0x0000, 0x0000, 0xaa80, 0x54f1,
  0x55f9, 0x54f9, 0x33e9, 0x2430, 0x2000, 0x0000, 0x0000, 0x0000, 0x0000, 0x0000, 0x0000, 0x0000,
  0x0000, 0x0000, 0x0000, 0x0000, 0x0000, 0x0000, 0x0000, 0x0000, 0x0000, 0x0000, 0x0000, 0x0000,
  0x0000, 0x0000, 0x0000, 0x0000, 0x0000, 0x0000, 0x0000, 0x0000, 0x0000, 0x0000, 0x0000, 0x0000,
  0x0000, 0x0000, 0x0000, 0x0000, 0x0000, 0x0000, 0x0000, 0x0000, 0x2000, 0x2000, 0x2000, 0x4108,
  0xab98, 0x31f1, 0xab98, 0x2108, 0x2000, 0x0100, 0x0000, 0x0008, 0x0008, 0xa200, 0xc530, 0x8640,
  0x10d1, 0x35e9, 0x53e9, 0x53f1, 0x53f1, 0xd5f9, 0x34f2, 0x2fec, 0xedfc, 0xd1f3, 0xd3e9, 0xf1e1,
  0x55f1, 0x95f9, 0x74f1, 0x95f1, 0x73e9, 0x54f1, 0x32d9, 0x4430, 0x0000, 0x0000, 0x0000, 0x0000,
  0x0000, 0x0000, 0x0000, 0x0000, 0x0000, 0x0000, 0x0000, 0x0000, 0x0000, 0x0000, 0x0000, 0x0000,
  0x0000, 0x0108, 0x0000, 0x2000, 0x8758, 0x11e9, 0x11e1, 0x30d9, 0x10c9, 0x2428, 0x0000, 0x0000,
  0x0000, 0x0000, 0x0000, 0x0000, 0x0000, 0x0000, 0x0000, 0x0000, 0x0000, 0x0000, 0x0000, 0x0000,
  0x0000, 0x0000, 0x0000, 0x0000, 0x0000, 0x0000, 0x0000, 0x0000, 0x0000, 0x0000, 0x0000, 0x0000,
  0x0000, 0x0000, 0x0000, 0x0000, 0x0000, 0x0000, 0x0000, 0x0000, 0x0000, 0x0000, 0x0000, 0x0000,
  0x0000, 0x0000, 0x0000, 0x0000, 0x0000, 0x0008, 0x0218, 0x2210, 0x2108, 0x0008, 0x0000, 0x0000,
  0x0000, 0x2000, 0x4110, 0xe848, 0x92d9, 0x93e1, 0x73f1, 0x54f1, 0x33f1, 0x94e1, 0x33f2, 0xb0fc,
  0xf1fc, 0xf0f4, 0xd0fc, 0xaff4, 0x8ff4, 0xf0fb, 0xb3f1, 0xb5f1, 0xb5f9, 0x95f9, 0x54e9, 0x34e9,
  0x11d1, 0x4430, 0x0000, 0x0000, 0x0000, 0x0000, 0x0000, 0x0000, 0x0000, 0x0000, 0x0000, 0x0000,
  0x0000, 0x0000, 0x0000, 0x0000, 0x0000, 0x0000, 0x0000, 0x0100, 0x0000, 0x0000, 0x0218, 0x4210,
  0x0220, 0x0218, 0x0218, 0x2000, 0x0008, 0x0000, 0x0000, 0x0000, 0x0000, 0x0000, 0x0000, 0x0000,
  0x0000, 0x0000, 0x0000, 0x0000, 0x0000, 0x0000, 0x0000, 0x0000, 0x0000, 0x0000, 0x0000, 0x0000,
  0x0000, 0x0000, 0x0000, 0x0000, 0x0000, 0x0000, 0x0000, 0x0000, 0x0000, 0x0000, 0x0000, 0x0000,
  0x0000, 0x0000, 0x0000, 0x0000, 0x0000, 0x0000, 0x0000, 0x0000, 0x0000, 0x0000, 0x0000, 0x0000,
  0x0000, 0x0000, 0x0000, 0x0000, 0x0000, 0x0000, 0x0000, 0x0000, 0x0108, 0xc750, 0xb5f1, 0xb4f9,
  0x94f1, 0x95f1, 0x33f1, 0x55e9, 0x14f2, 0xf0fc, 0x50fd, 0x30fd, 0xeff4, 0xeef4, 0xeff4, 0xaef4,
  0xb2e9, 0x95f1, 0xd4f1, 0x75f9, 0x55f1, 0x74f1, 0x12d1, 0x4428, 0x0100, 0x0100, 0x0000, 0x0000,
  0x0000, 0x0000, 0x0000, 0x0000, 0x0000, 0x0000, 0x0000, 0x0000, 0x0000, 0x0000, 0x0100, 0x2000,
  0x0000, 0x0000, 0x0008, 0x0000, 0x0000, 0x0000, 0x0000, 0x0000, 0x0000, 0x0000, 0x0000, 0x0000,
  0x0000, 0x0000, 0x0000, 0x0000, 0x0000, 0x0000, 0x0000, 0x0000, 0x0000, 0x0000, 0x0000, 0x0000,
  0x0000, 0x0000, 0x0000, 0x0000, 0x0000, 0x0000, 0x0000, 0x0000, 0x0000, 0x0000, 0x0000, 0x0000,
  0x0000, 0x0000, 0x0000, 0x0000, 0x0000, 0x0000, 0x0000, 0x0000, 0x0000, 0x0000, 0x0000, 0x0000,
  0x0000, 0x0000, 0x0000, 0x0000, 0x0000, 0x0000, 0x0000, 0x0000, 0x0000, 0x0000, 0x0000, 0x0000,
  0x0000, 0x0000, 0x0000, 0x6548, 0x53f1, 0x95f9, 0xb4e9, 0xd4e9, 0x93f1, 0x93e9, 0x50ea, 0xcff4,
  0x30fd, 0x31fd, 0x30fd, 0xeef4, 0xceec, 0x90f4, 0xd3e9, 0xb5f1, 0xd4f1, 0x94f9, 0x73e9, 0x33e9,
  0x31d9, 0x4330, 0x0008, 0x0008, 0x4008, 0x2000, 0x0000, 0x2000, 0x2100, 0x0000, 0x2000, 0x0000,
  0x2000, 0x0000, 0x0008, 0x2000, 0x2000, 0x0008, 0x0000, 0x0000, 0x0000, 0x2000, 0x0000, 0x0000,
  0x0000, 0x0000, 0x0000, 0x0000, 0x0000, 0x0000, 0x0000, 0x0000, 0x0000, 0x0000, 0x0000, 0x0000,
  0x0000, 0x0000, 0x0000, 0x0000, 0x0000, 0x0000, 0x0000, 0x0000, 0x0000, 0x0000, 0x0000, 0x0000,
  0x0000, 0x0000, 0x0000, 0x0000, 0x0000, 0x0000, 0x0000, 0x0000, 0x0000, 0x0000, 0x0000, 0x0000,
  0x0000, 0x0000, 0x0000, 0x0000, 0x0000, 0x0000, 0x0000, 0x0000, 0x0000, 0x0000, 0x0000, 0x0000,
  0x0000, 0x0000, 0x0000, 0x2000, 0x2000, 0x2000, 0x0000, 0x0000, 0x0008, 0x6548, 0x74e9, 0x96f9,
  0x94f1, 0xb4f9, 0x95f9, 0x76e9, 0x13f2, 0xd0fc, 0x30fd, 0x31fd, 0x30fd, 0x30fd, 0x30fd, 0xb1fc,
  0x14f2, 0xb5f1, 0xb4f1, 0x73f9, 0x53e9, 0x14f1, 0x52d9, 0x4430, 0x0000, 0x0000, 0x0000, 0x0100,
  0x0000, 0x2000, 0x0000, 0x0000, 0x0000, 0x0000, 0x2000, 0x0100, 0x0000, 0x0000, 0x0008, 0x0008,
  0x2000, 0x0000, 0x0000, 0x0000, 0x0008, 0x0000, 0x0000, 0x0000, 0x0000, 0x0000, 0x0000, 0x0000,
  0x0000, 0x0000, 0x0000, 0x0000, 0x0000, 0x0000, 0x0000, 0x0000, 0x0000, 0x0000, 0x0000, 0x0000,
  0x0000, 0x0000, 0x0000, 0x0000, 0x0000, 0x0000, 0x0000, 0x0000, 0x0000, 0x0000, 0x0000, 0x0000,
  0x0000, 0x0000, 0x0000, 0x0000, 0x0000, 0x0000, 0x0000, 0x0000, 0x0000, 0x0000, 0x0000, 0x0000,
  0x0000, 0x0000, 0x0000, 0x0000, 0x0000, 0x0000, 0x0000, 0x2000, 0x0000, 0x0008, 0x0008, 0x0000,
  0x2100, 0x2000, 0x0100, 0x8640, 0x95e1, 0x95f1, 0x94f1, 0xb5f1, 0x54fa, 0x33f3, 0x72f3, 0xd0f4,
  0xeff4, 0x30fd, 0x51fd, 0x30fd, 0x30fd, 0x10f5, 0x14f2, 0x95f9, 0x92f2, 0xd1f2, 0x13fa, 0x34f9,
  0x12e1, 0xab80, 0x8760, 0x8968, 0x8860, 0x6658, 0x2108, 0x0008, 0x0000, 0x2000, 0x0008, 0x0000,
  0x0118, 0x4868, 0x6960, 0x8860, 0xc960, 0x6548, 0x0008, 0x2008, 0x2000, 0x2000, 0x0000, 0x0000,
  0x0000, 0x0000, 0x0000, 0x0000, 0x0000, 0x0000, 0x0000, 0x0000, 0x0000, 0x0000, 0x0000, 0x0000,
  0x0000, 0x0000, 0x0000, 0x0000, 0x0000, 0x0000, 0x0000, 0x0000, 0x0000, 0x0000, 0x0000, 0x0000,
  0x0000, 0x0000, 0x0000, 0x0000, 0x0000, 0x0000, 0x0000, 0x0000, 0x0000, 0x0000, 0x0000, 0x0000,
  0x0000, 0x0000, 0x0000, 0x0000, 0x0000, 0x0000, 0x0000, 0x0000, 0x0000, 0x0000, 0x0000, 0x0000,
  0x0000, 0x0000, 0x0000, 0x0000, 0x0000, 0x0000, 0x0000, 0x0000, 0x0000, 0xa550, 0x94f9, 0xb4f9,
  0xb5f1, 0xd5e9, 0x92fb, 0x6ffd, 0x50fd, 0x2ff5, 0x0ff5, 0x0ff5, 0x31fd, 0x31fd, 0x30fd, 0xeff4,
  0x14fa, 0x73f1, 0xf0f3, 0x4efd, 0xf0f3, 0x73e9, 0x35f1, 0x75f1, 0x53f9, 0x35f9, 0x54f1, 0x0fd9,
  0x2318, 0x0000, 0x0000, 0x2000, 0x0000, 0x0000, 0x4438, 0x32e9, 0x94f1, 0x54f9, 0x75f9, 0x0da9,
  0x0210, 0x0000, 0x0000, 0x0008, 0x0000, 0x0000, 0x0000, 0x0000, 0x0000, 0x0000, 0x0000, 0x0000,
  0x0000, 0x0000, 0x0000, 0x0000, 0x0000, 0x0000, 0x0000, 0x0000, 0x0000, 0x0000, 0x0000, 0x0000,
  0x0000, 0x0000, 0x0000, 0x0000, 0x0000, 0x0000, 0x0000, 0x0000, 0x0000, 0x0000, 0x0000, 0x0000,
  0x0000, 0x0000, 0x0000, 0x0000, 0x0000, 0x0000, 0x0000, 0x0000, 0x0000, 0x0000, 0x0000, 0x0000,
  0x0000, 0x0000, 0x0000, 0x0000, 0x0000, 0x0000, 0x0000, 0x0000, 0x0210, 0x2328, 0x2328, 0x4428,
  0x2320, 0x2330, 0x4430, 0xe968, 0xb5f1, 0xb4f1, 0x74f1, 0x94e9, 0x92fb, 0x6ef5, 0x51fd, 0x30fd,
  0x0ff5, 0xeef4, 0xeff4, 0x10f5, 0x2ff5, 0xb0fc, 0xd3f1, 0x53f1, 0x11fc, 0x0ef5, 0xf0f3, 0xf3f1,
  0xf3f1, 0xf3f1, 0xf1f9, 0x94f1, 0x55e9, 0x51d1, 0x6638, 0x2330, 0x0010, 0x0000, 0x0000, 0x2000,
  0x4430, 0x33f1, 0x75f1, 0x34f9, 0x35f9, 0xefb0, 0x4530, 0x2330, 0x0108, 0x0000, 0x2000, 0x0000,
  0x0000, 0x0000, 0x0000, 0x0000, 0x0000, 0x0000, 0x0000, 0x0000, 0x0000, 0x0000, 0x0000, 0x0000,
  0x0000, 0x0000, 0x0000, 0x0000, 0x0000, 0x0000, 0x0000, 0x0000, 0x0000, 0x0000, 0x0000, 0x0000,
  0x0000, 0x0000, 0x4000, 0x0000, 0x0000, 0x0000, 0x0000, 0x0000, 0x0000, 0x0000, 0x0000, 0x0000,
  0x0000, 0x0000, 0x0000, 0x0000, 0x0000, 0x0000, 0x0000, 0x0000, 0x0000, 0x0000, 0x0000, 0x0000,
  0x0000, 0x2000, 0x8650, 0x31c9, 0x51d9, 0x31d1, 0x32d1, 0x11d1, 0x32d9, 0x93e1, 0x95f1, 0x95e9,
  0x11f1, 0x55f1, 0x51fb, 0x4efd, 0x31fd, 0x10fd, 0x30fd, 0x0ffd, 0xf0f4, 0xf0ec, 0xeff4, 0xafec,
  0x93f1, 0x54f1, 0x11fc, 0xedf4, 0xeff4, 0x90fc, 0x8ff4, 0x90f4, 0xaefc, 0xf1fa, 0x54f1, 0x13f9,
  0x13d9, 0xf1d0, 0x4540, 0x2000, 0x0000, 0x0100, 0x4430, 0x53e1, 0x54f1, 0x53e9, 0x14f9, 0x34f1,
  0x51d1, 0x32d1, 0x2438, 0x0000, 0x2000, 0x0000, 0x0000, 0x0000, 0x0000, 0x0000, 0x0000, 0x0000,
  0x0000, 0x0000, 0x0000, 0x0000, 0x0000, 0x0000, 0x0000, 0x0000, 0x0000, 0x0000, 0x0000, 0x0000,
  0x0000, 0x0000, 0x0000, 0x0000, 0x0000, 0x0000, 0x0100, 0x0000, 0x0000, 0x0000, 0x0000, 0x0100,
  0x0000, 0x0000, 0x0000, 0x0000, 0x0000, 0x0000, 0x0000, 0x0000, 0x0000, 0x0000, 0x0000, 0x0000,
  0x0000, 0x0000, 0x0000, 0x0000, 0x0000, 0x0000, 0x2008, 0x0208, 0x6968, 0x14f1, 0x33f9, 0x13f1,
  0x54f1, 0x33f1, 0x94f1, 0xb4f9, 0xb4f1, 0x95f9, 0x91e9, 0x74e1, 0x51eb, 0x0eed, 0x50f5, 0x50f5,
  0x70fd, 0x50fd, 0x2ff5, 0xeff4, 0xaffc, 0x8ff4, 0xb3f1, 0x53e9, 0xb0fb, 0xeffc, 0xf0fc, 0xf0fc,
  0x2ef5, 0xeff4, 0x0ffd, 0x32fb, 0x55f1, 0x93f1, 0x54f1, 0x53f1, 0x4640, 0x0110, 0x2008, 0x2000,
  0x2438, 0x34e9, 0x34f9, 0x54f9, 0x94e9, 0x53e9, 0x33f9, 0x54f1, 0x6638, 0x0108, 0x2100, 0x0000,
  0x0000, 0x0000, 0x0000, 0x0000, 0x0000, 0x0000, 0x0000, 0x0000, 0x0000, 0x0000, 0x0000, 0x0000,
  0x0000, 0x0000, 0x0000, 0x0000, 0x0000, 0x0000, 0x0000, 0x0000, 0x0000, 0x0000, 0x0000, 0x0000,
  0x0000, 0x0000, 0x0000, 0x0000, 0x0000, 0x0000, 0x0000, 0x0000, 0x0000, 0x0000, 0x0000, 0x0000,
  0x0000, 0x0000, 0x0000, 0x0000, 0x0000, 0x0000, 0x0000, 0x0000, 0x0000, 0x0000, 0x0000, 0x2108,
  0x8868, 0xac90, 0xeeb8, 0x33e9, 0x54e9, 0x35f1, 0x34f1, 0x34e9, 0x75f1, 0xb5f1, 0xb5f1, 0xb3f9,
  0x31f3, 0x51f3, 0x30f4, 0xeeec, 0xf1fc, 0x30fd, 0x50fd, 0x2ffd, 0x10fd, 0x50f4, 0xf1fa, 0xb1ea,
  0x74f1, 0x54f1, 0x52f2, 0xf3fa, 0x91fb, 0xf0fc, 0xeef4, 0x32fb, 0xf3fa, 0x33f2, 0x34f9, 0x55f9,
  0x14f1, 0x34f9, 0xefa0, 0xcc90, 0x8748, 0x0000, 0x4430, 0x52f1, 0x53f1, 0x35f9, 0x55e9, 0x54f1,
  0x53f1, 0x55f1, 0xcdb0, 0x8b98, 0x4648, 0x0000, 0x0000, 0x0000, 0x0000, 0x0000, 0x0000, 0x0000,
  0x0000, 0x0000, 0x0000, 0x0000, 0x0000, 0x0000, 0x0000, 0x0000, 0x0000, 0x0000, 0x0000, 0x0000,
  0x0000, 0x0000, 0x0000, 0x0000, 0x0000, 0x0000, 0x0000, 0x0000, 0x2000, 0x0000, 0x0000, 0x2008,
  0x0000, 0x0000, 0x0000, 0x0000, 0x0000, 0x0000, 0x0000, 0x0000, 0x0000, 0x0000, 0x0000, 0x0000,
  0x0000, 0x0000, 0x0000, 0x0000, 0x0000, 0x4110, 0x2eb1, 0x56f9, 0x75f1, 0x34f1, 0x54e9, 0x53f1,
  0x33f1, 0x33e9, 0x53e9, 0x94f1, 0xb5f1, 0x13f2, 0xb1f4, 0xeefc, 0x0ef5, 0xeee4, 0xf0fc, 0x2ffd,
  0x2ffd, 0x10fd, 0xf0fc, 0xb1f3, 0x53e9, 0x34e9, 0x35f1, 0x34f9, 0x13e9, 0x34e9, 0xb1fa, 0xf0fc,
  0x8ffc, 0xf2f9, 0x54f1, 0x33f1, 0x14f9, 0x13e9, 0xb3e1, 0x53f1, 0x54f1, 0x33f9, 0xcb88, 0x0000,
  0x4428, 0x74e9, 0x54f1, 0x15f9, 0x53f1, 0x34f9, 0x55f9, 0x35f9, 0x53e9, 0x74f1, 0xaa70, 0x0000,
  0x0000, 0x0000, 0x0000, 0x0000, 0x0000, 0x0000, 0x0000, 0x0000, 0x0000, 0x0000, 0x0000, 0x0000,
  0x0000, 0x0000, 0x0000, 0x0000, 0x0000, 0x0000, 0x0000, 0x0000, 0x0000, 0x0000, 0x0000, 0x0000,
  0x0000, 0x0008, 0x2000, 0x6428, 0x6430, 0x0108, 0x0000, 0x0000, 0x0000, 0x0000, 0x0000, 0x0000,
  0x0000, 0x0000, 0x0000, 0x0000, 0x0000, 0x0000, 0x0000, 0x0000, 0x0000, 0x0000, 0x2108, 0x6318,
  0x51c9, 0x96f1, 0x95f1, 0x74f9, 0x53e9, 0xf2f1, 0xf3f1, 0x13f2, 0x12ea, 0x53f2, 0x93fa, 0xb3fa,
  0xb2fc, 0x10f5, 0xf0fc, 0x10fd, 0x4ffd, 0x50f5, 0x51f5, 0x10f5, 0xeff4, 0xd0fb, 0x74f1, 0x36f9,
  0x73f1, 0x74f1, 0xf4f9, 0x33fa, 0x31f3, 0x0ff5, 0xaff4, 0xb2f2, 0x52f2, 0xd3f1, 0x53f1, 0x75f9,
  0x14f9, 0x34f1, 0x55f9, 0x14f9, 0xcea0, 0x4430, 0x6850, 0xefb8, 0x0fc1, 0x53e1, 0x72e9, 0x54f1,
  0x14f1, 0x55f9, 0x54f1, 0x35f9, 0x8b80, 0x0000, 0x0000, 0x0000, 0x0000, 0x0000, 0x0000, 0x0000,
  0x0000, 0x0000, 0x0000, 0x0000, 0x0000, 0x0000, 0x0000, 0x0000, 0x0000, 0x0000, 0x0000, 0x0000,
  0x0000, 0x0000, 0x0000, 0x0000, 0x0000, 0x0000, 0x0000, 0x0008, 0x2310, 0x10d9, 0x31e1, 0x4740,
  0x0000, 0x0000, 0x0000, 0x0000, 0x0000, 0x0000, 0x0000, 0x0000, 0x0000, 0x0000, 0x0000, 0x0000,
  0x0000, 0x0000, 0x0000, 0x2000, 0x6108, 0xa318, 0x30c1, 0x95f9, 0xd5f1, 0xb4f1, 0x13f2, 0x51fc,
  0xaff4, 0xaff4, 0xaff4, 0xaff4, 0xf0fc, 0xf0fc, 0x50fd, 0x51fd, 0x30fd, 0x2efd, 0x31fd, 0x30fd,
  0x30fd, 0xcffc, 0xeefc, 0xeff3, 0x54e9, 0x34f1, 0x53f1, 0x54f9, 0xd3fb, 0xeef4, 0xd0fc, 0xf0fc,
  0x0ffd, 0xd0fc, 0xcefc, 0x12fb, 0x55f1, 0x74e9, 0x34f9, 0x54f1, 0x34f9, 0x34f1, 0x53e9, 0x33e9,
  0xefb8, 0x2320, 0x2218, 0xaea8, 0x53f1, 0x34f9, 0x54f1, 0x54f9, 0x33f9, 0x55f9, 0xaa78, 0x0000,
  0x0000, 0x0000, 0x0000, 0x0000, 0x0000, 0x0000, 0x0000, 0x0000, 0x0000, 0x0000, 0x0000, 0x0000,
  0x0000, 0x0000, 0x0000, 0x0000, 0x0000, 0x0000, 0x0000, 0x0000, 0x0000, 0x0000, 0x0000, 0x0000,
  0x0000, 0x0000, 0x0118, 0x32e1, 0x34f9, 0x4740, 0x0000, 0x0000, 0x0000, 0x0000, 0x0000, 0x0000,
  0x0000, 0x0000, 0x0000, 0x2000, 0x0000, 0x0000, 0x0000, 0x2000, 0x2000, 0x0008, 0x6100, 0x8420,
  0x4fb9, 0x95e9, 0xb5f9, 0xb2f1, 0xf7f9, 0x72fc, 0x70fd, 0x2ff5, 0xeeec, 0xefec, 0xeef4, 0x4ff5,
  0x0dfd, 0x32fd, 0x11fd, 0x4ef5, 0x31fd, 0xeff4, 0xeff4, 0x2ff5, 0xf0fc, 0x72fb, 0x74f9, 0x55f9,
  0x33f9, 0x53f1, 0x12fc, 0x10fd, 0x0ef5, 0x0efd, 0xeffc, 0x30fd, 0xd1fc, 0x51fb, 0x53f1, 0x93f1,
  0x34f1, 0x34e9, 0x35f1, 0x52f1, 0x54e9, 0x34e9, 0xf0c0, 0x4108, 0x0010, 0xcd98, 0x54f1, 0x54f1,
  0x33f1, 0x54f9, 0x34f1, 0x54f9, 0xaa80, 0x0000, 0x2000, 0x0000, 0x0000, 0x0000, 0x0000, 0x0000,
  0x0000, 0x0000, 0x0000, 0x0000, 0x0000, 0x0000, 0x0000, 0x0000, 0x0000, 0x0000, 0x0000, 0x0000,
  0x0000, 0x0000, 0x0000, 0x0000, 0x0000, 0x0000, 0x0000, 0x0000, 0x2218, 0x32d9, 0x33f1, 0x6640,
  0x0000, 0x0000, 0x0000, 0x0000, 0x0000, 0x0000, 0x0000, 0x0000, 0x0008, 0x0000, 0x0000, 0x0100,
  0x0108, 0x6860, 0xefb8, 0xf0b8, 0x31c9, 0x71c9, 0x94f1, 0x74f1, 0x74f1, 0xb4f9, 0xf6f1, 0xb0f4,
  0x30fd, 0x31fd, 0x30fd, 0x2ff5, 0xeff4, 0xeff4, 0xeff4, 0x30f5, 0x0ff5, 0x4fed, 0x70f4, 0x71f2,
  0x32f2, 0x32ea, 0x32ea, 0xf3f1, 0x53f1, 0x34f1, 0x34f9, 0x74f9, 0xf1fb, 0xeffc, 0x0ffd, 0x30f5,
  0x0ef5, 0x2ff5, 0xeef4, 0xb0f4, 0x30fc, 0xd1f3, 0x94f9, 0x34f1, 0x55f9, 0x33f9, 0xcfa8, 0x6538,
  0x2530, 0x0000, 0x0108, 0xcda0, 0x54f1, 0x34f1, 0x53f1, 0x54f1, 0x35f9, 0x54f9, 0xaa78, 0x2000,
  0x0000, 0x0000, 0x0000, 0x0000, 0x0000, 0x0000, 0x0000, 0x0000, 0x0000, 0x0000, 0x0000, 0x0000,
  0x0000, 0x0000, 0x0000, 0x0000, 0x0000, 0x0000, 0x0000, 0x0000, 0x0000, 0x0000, 0x0000, 0x0000,
  0x0000, 0x0000, 0x2218, 0x12e1, 0x13f9, 0x8538, 0x0000, 0x0000, 0x0000, 0x0000, 0x0000, 0x0000,
  0x0000, 0x2000, 0x0000, 0x0000, 0x2000, 0x0100, 0x0000, 0xaa78, 0x53f1, 0x74e9, 0x54f9, 0x94f1,
  0x94f1, 0xd4f1, 0x74e9, 0x73e9, 0x53f1, 0x90fc, 0x0ffd, 0x31fd, 0x31fd, 0x30fd, 0x51fd, 0x0ffd,
  0xeffc, 0x0ef5, 0xeffc, 0x0ef5, 0xf0fb, 0x73f1, 0x34f9, 0x34f1, 0x34f1, 0x54f1, 0x53f1, 0x54f1,
  0x35f9, 0x54f1, 0xf0fb, 0x0efd, 0xeffc, 0xf1fc, 0xeffc, 0x10fd, 0x0efd, 0x10fd, 0x2efd, 0xaff4,
  0x93f1, 0x33f1, 0x34f9, 0x34f9, 0xac90, 0x2000, 0x0000, 0x0000, 0x0108, 0xcda0, 0x33f1, 0x34f1,
  0x74f1, 0x54f1, 0x34f9, 0x53f9, 0x8b80, 0x0100, 0x0108, 0x0000, 0x0000, 0x0000, 0x0000, 0x0000,
  0x0000, 0x0000, 0x0000, 0x0000, 0x0000, 0x0000, 0x0000, 0x0000, 0x0000, 0x0000, 0x0000, 0x0000,
  0x0000, 0x0000, 0x0000, 0x0000, 0x0000, 0x0000, 0x2000, 0x0000, 0x2220, 0x12e1, 0x14f1, 0x6648,
  0x0000, 0x0000, 0x0000, 0x0000, 0x0000, 0x0000, 0x0000, 0x0000, 0x2000, 0x0000, 0x0008, 0x6868,
  0x6a78, 0xcfc0, 0x33e9, 0x34e9, 0xd4f0, 0x55f9, 0xb5f1, 0x95f9, 0x34f2, 0x12eb, 0x33f3, 0xd1f4,
  0x30fd, 0x50fd, 0x30fd, 0x30fd, 0x2ffd, 0x30f5, 0xf1fb, 0x52f3, 0x52f3, 0x11f3, 0xd3fa, 0x94e9,
  0x74e9, 0x53f1, 0x33f1, 0x34f1, 0x36f1, 0x33f1, 0x54f9, 0x74f9, 0xf0f3, 0x0efd, 0x2ff5, 0x0ffd,
  0x4ef5, 0xeff4, 0x4ef5, 0x31fc, 0x72fb, 0xd2fa, 0x74f9, 0x73f1, 0x35e9, 0x54f1, 0x0fc1, 0x8a78,
  0x8860, 0x2000, 0x2008, 0xcda0, 0x54f1, 0x54f1, 0x34f9, 0x34f9, 0x34f1, 0x54f1, 0xefb8, 0xca78,
  0xa758, 0x0000, 0x0000, 0x0000, 0x0000, 0x0000, 0x0000, 0x0000, 0x0000, 0x0000, 0x0000, 0x0000,
  0x0000, 0x0000, 0x0000, 0x0000, 0x0000, 0x0000, 0x0000, 0x0000, 0x0000, 0x0000, 0x0000, 0x0000,
  0x2000, 0x0000, 0x0218, 0x33d9, 0x54f1, 0x6638, 0x0000, 0x0000, 0x0000, 0x0000, 0x0000, 0x0000,
  0x0000, 0x0008, 0x2000, 0x0000, 0x0110, 0x10c1, 0x34f9, 0x54f1, 0x54f1, 0x54f1, 0x14e9, 0x54f1,
  0xb4e9, 0x75f9, 0xf2fa, 0x0ff5, 0x2ffd, 0x30fd, 0x50fd, 0x2ff5, 0x30f5, 0x31fd, 0x30fd, 0xd1fc,
  0x33fa, 0x34f1, 0x53e9, 0x34f1, 0x34f1, 0x34f1, 0x54f1, 0x54f1, 0x34f1, 0x34f1, 0x54f1, 0x54f1,
  0x54f9, 0x74f1, 0xf1fb, 0xeffc, 0x10fd, 0xeffc, 0x2ff5, 0xf0fc, 0x2ffd, 0x31fb, 0x74f1, 0x33f1,
  0x34f1, 0x74f1, 0x35e9, 0x54f1, 0x53f1, 0x14f9, 0xf0c8, 0x2110, 0x2008, 0xaca0, 0x74f1, 0x54f1,
  0x34f9, 0x34f9, 0x54f1, 0x54f9, 0x34f1, 0x53f1, 0x2eb1, 0x0108, 0x0000, 0x0000, 0x0000, 0x0000,
  0x0000, 0x0000, 0x0000, 0x0000, 0x0000, 0x0000, 0x0000, 0x0000, 0x0000, 0x0000, 0x0000, 0x0000,
  0x0000, 0x0000, 0x0000, 0x0000, 0x0000, 0x0000, 0x0220, 0x4538, 0x4548, 0x33e9, 0x33f1, 0x6540,
  0x0000, 0x0000, 0x0000, 0x0000, 0x0000, 0x0000, 0x0000, 0x0000, 0x2108, 0x6430, 0x2430, 0x12d1,
  0x54f1, 0x74e9, 0x14f9, 0x34f1, 0x54f1, 0x33f1, 0x93e9, 0xb5f9, 0x12fb, 0x50f5, 0x50fd, 0x10fd,
  0x30fd, 0x10f5, 0xeff4, 0xaff4, 0x70f4, 0x11fc, 0xb3e9, 0x34f9, 0x36f1, 0x53e9, 0x33f1, 0x35f9,
  0x34f1, 0x74f1, 0x55f1, 0x14e9, 0x54f9, 0x54f1, 0x54f1, 0x54f1, 0x72f3, 0x2ff4, 0x90fc, 0xeffc,
  0x0ffd, 0x0ffd, 0x2ff5, 0xb0f3, 0x13f2, 0xf3f1, 0x75f9, 0x33f9, 0x14f9, 0x34f9, 0x35f1, 0x73f1,
  0x10c9, 0x0210, 0x2108, 0xada0, 0x53e9, 0x34f1, 0x54f1, 0x54e9, 0x54f1, 0x34f1, 0x35f9, 0x35f9,
  0x0fb9, 0x0100, 0x2000, 0x0000, 0x0000, 0x0000, 0x0000, 0x0000, 0x0000, 0x0000, 0x0000, 0x0000,
  0x0000, 0x0000, 0x0000, 0x0000, 0x0000, 0x0000, 0x0000, 0x0000, 0x0000, 0x0000, 0x0000, 0x0000,
  0x8868, 0x73e9, 0x34e9, 0x75f1, 0xf3f8, 0x6540, 0x2000, 0x0000, 0x0000, 0x0000, 0x0000, 0x2100,
  0x0000, 0x2000, 0x2430, 0x13e9, 0x34f9, 0x34f1, 0x34f1, 0x34f1, 0x54f1, 0x54f1, 0x34f1, 0x34f1,
  0x35f1, 0x74f1, 0x33f3, 0x11fd, 0x50fd, 0x2ffd, 0x30fd, 0xcfec, 0xeef4, 0xcff3, 0x54e9, 0x54e9,
  0x53f1, 0x53f1, 0x54f1, 0x54f1, 0x34f1, 0x34f1, 0x34f1, 0x34f1, 0x34f1, 0x54f1, 0x54f1, 0x34f1,
  0x34f1, 0x35f1, 0x73f9, 0x55f1, 0xb1fa, 0x0ef5, 0xcffc, 0x10fd, 0xf1fc, 0x0ff5, 0x0ff5, 0x6ffc,
  0xb2e9, 0x54f1, 0x54f1, 0x73f1, 0x54f1, 0x15f9, 0xf0d8, 0x2108, 0x0010, 0xaca8, 0x54f1, 0x54f1,
  0x54f1, 0x54f1, 0x54f1, 0x54f1, 0x54f1, 0x54f9, 0xefb8, 0x0000, 0x0000, 0x0000, 0x0000, 0x0000,
  0x0000, 0x0000, 0x0000, 0x0000, 0x0000, 0x0000, 0x0000, 0x0000, 0x0000, 0x0000, 0x0000, 0x0000,
  0x0000, 0x0000, 0x0000, 0x0000, 0x0000, 0x0000, 0x6860, 0x73f1, 0xf4f8, 0x54f1, 0x53f1, 0x6540,
  0x0008, 0x0008, 0x0000, 0x2000, 0x0000, 0x0000, 0x0008, 0x0000, 0x4438, 0x52d9, 0x32e1, 0x33f1,
  0x54f1, 0x54f1, 0x54f1, 0x54f1, 0x54f1, 0x53f1, 0x53f1, 0x73f1, 0x12fb, 0x11fd, 0x30fd, 0x0ffd,
  0xeefc, 0xcff4, 0xeff4, 0xeffb, 0x53f1, 0x33f1, 0x53f1, 0x54f1, 0x54f1, 0x54f1, 0x54f1, 0x34f1,
  0x34f1, 0x34f1, 0x34f1, 0x54f1, 0x54f1, 0x34f1, 0x54f9, 0x35f9, 0x52f1, 0x54f1, 0x72fa, 0x0ff5,
  0xd0fc, 0x0ef5, 0x0ffd, 0xcffc, 0xeffc, 0x8ff4, 0xd4f1, 0x54f9, 0x53f1, 0x54f1, 0x14f9, 0x55f9,
  0x10c9, 0x4310, 0x2318, 0xada0, 0x55f9, 0x34f1, 0x54f1, 0x54f1, 0x54f1, 0x54f1, 0x54f1, 0x54f9,
  0xefb8, 0x0000, 0x0000, 0x0000, 0x0000, 0x0000, 0x0000, 0x0000, 0x0000, 0x0000, 0x0000, 0x0000,
  0x0000, 0x0000, 0x0000, 0x0000, 0x0000, 0x0000, 0x0000, 0x0000, 0x0000, 0x0000, 0x0000, 0x0000,
  0x8868, 0x53f1, 0x35f9, 0x54f1, 0x53f1, 0x8638, 0x2000, 0x2000, 0x0000, 0x0000, 0x0000, 0x0008,
  0x0000, 0x2000, 0x2110, 0x4648, 0x6748, 0x10c9, 0x54f9, 0x54f1, 0x54f1, 0x54f1, 0x54f1, 0x54f1,
  0x54f1, 0x55f1, 0x13fb, 0x30fd, 0x30f5, 0x10f5, 0xeef4, 0x10f5, 0xeff4, 0xf1fb, 0x35f1, 0x54f1,
  0x34f1, 0x34f1, 0x54f1, 0x54f1, 0x54f1, 0x34f1, 0x34f1, 0x34f1, 0x34f1, 0x54f1, 0x54f1, 0x54f1,
  0x33f1, 0x34f1, 0x53f1, 0x35f9, 0xb3f1, 0x51ea, 0x92fa, 0xaff4, 0x4ff5, 0xf0fc, 0x10fd, 0x0ffd,
  0x11fc, 0xd0fb, 0xf3f9, 0x16f1, 0x54f1, 0x74e9, 0x13e9, 0xceb8, 0xcec0, 0x12e1, 0x35f1, 0x34f1,
  0x54f1, 0x54f1, 0x54f1, 0x54f1, 0x54f1, 0x54f9, 0xefb8, 0x0000, 0x0000, 0x0000, 0x0000, 0x0000,
  0x0000, 0x0000, 0x0000, 0x0000, 0x0000, 0x0000, 0x0000, 0x0000, 0x0000, 0x0000, 0x0000, 0x0000,
  0x0000, 0x0000, 0x0000, 0x0000, 0x0000, 0x0000, 0x6868, 0x33f1, 0x54f1, 0x34f9, 0x13f1, 0x4640,
  0x0008, 0x0000, 0x4000, 0x0000, 0x2000, 0x0000, 0x0008, 0x0000, 0x0008, 0x0000, 0x0108, 0x0fc9,
  0x54f9, 0x54f1, 0x54f1, 0x54f1, 0x54f1, 0x34f1, 0x34f1, 0x14e9, 0xf2f2, 0x10fd, 0x10fd, 0x10fd,
  0xcffc, 0xeffc, 0xeffc, 0xf0fb, 0x54e9, 0x54f1, 0x34f1, 0x34f1, 0x34f1, 0x54f1, 0x54f1, 0x34f1,
  0x34f1, 0x54f1, 0x54f1, 0x54f1, 0x54f1, 0x55f1, 0x34f1, 0x34f1, 0x54f1, 0x35f9, 0x34f1, 0x74f9,
  0x94f9, 0x11fc, 0xeffc, 0xcffc, 0x2df5, 0xeffc, 0x4df5, 0x4efd, 0x72f2, 0x15f9, 0x74f1, 0x53f1,
  0x34f1, 0x54f1, 0x74f1, 0x54f9, 0x35f9, 0x34f1, 0x54f1, 0x54f1, 0x54f1, 0x54f1, 0x54f1, 0x54f9,
  0xefb8, 0x0000, 0x0000, 0x0000, 0x0000, 0x0000, 0x0000, 0x0000, 0x0000, 0x0000, 0x0000, 0x0000,
  0x0000, 0x0000, 0x0000, 0x0000, 0x0000, 0x0000, 0x0000, 0x0000, 0x0000, 0x0000, 0x0000, 0x0000,
  0x6868, 0x54f1, 0x54e9, 0x34f1, 0x34f9, 0x8c88, 0x8760, 0x4438, 0x4000, 0x0000, 0x0000, 0x0000,
  0x0000, 0x0000, 0x4000, 0x0000, 0x0000, 0x0fc1, 0x34f1, 0x34f1, 0x54f1, 0x54f1, 0x54f1, 0x54f1,
  0x53f1, 0x34f1, 0x52f2, 0xd1fb, 0xd2fb, 0xf1fb, 0x92fb, 0x90f3, 0xb1fb, 0x32fb, 0x33f1, 0x54f1,
  0x34f1, 0x34f1, 0x34f1, 0x54f1, 0x54f1, 0x54f1, 0x54f1, 0x54f1, 0x54f1, 0x54f1, 0x54f1, 0x54f1,
  0x54f9, 0x54f9, 0x54f1, 0x14f1, 0x55f1, 0x74e9, 0x73f1, 0x32fb, 0xb1f3, 0x51fc, 0x10fd, 0xd0fc,
  0xb1fb, 0x92fb, 0xf2f1, 0x33f9, 0x14f9, 0x53f1, 0x54f1, 0x54f1, 0x54f1, 0x34f1, 0x54f9, 0x34f1,
  0x54f1, 0x54f1, 0x54f1, 0x54f1, 0x54f1, 0x54f9, 0xefb8, 0x0000, 0x0000, 0x0000, 0x0000, 0x0000,
  0x0000, 0x0000, 0x0000, 0x0000, 0x0000, 0x0000, 0x0000, 0x0000, 0x0000, 0x0000, 0x0000, 0x0000,
  0x0000, 0x0000, 0x0000, 0x0000, 0x0000, 0x0000, 0x8868, 0x33f1, 0x55f9, 0x54e9, 0x55f1, 0x53f1,
  0x33f1, 0x8b90, 0x2100, 0x0000, 0x0008, 0x0000, 0x2000, 0x0008, 0x0000, 0x0000, 0x0100, 0xf0c8,
  0x54f9, 0x54f1, 0x54f1, 0x54f1, 0x34f1, 0x34f1, 0x54f1, 0x15f1, 0x34f1, 0x94f1, 0x96f1, 0xd4f1,
  0x56f9, 0x55f1, 0x54e9, 0x74e9, 0x15f9, 0x54f1, 0x54f1, 0x54f1, 0x54f1, 0x54f1, 0x54f1, 0x54f1,
  0x54f1, 0x54f1, 0x54f1, 0x54f1, 0x54f1, 0x54f1, 0x54f9, 0x54f1, 0x95f1, 0x33f1, 0x34f1, 0x94e9,
  0x13f1, 0x33f9, 0x53f9, 0x31f3, 0xeffc, 0xaefc, 0xd4f1, 0x34e9, 0x54f1, 0x54f1, 0x34f1, 0x54f1,
  0x54f1, 0x34f1, 0x34f9, 0x33f9, 0x74e9, 0x34f1, 0x54f1, 0x54f1, 0x54f1, 0x54f1, 0x54f1, 0x54f9,
  0xefb8, 0x0000, 0x0000, 0x0000, 0x0000, 0x0000, 0x0000, 0x0000, 0x0000, 0x0000, 0x0000, 0x0000,
  0x0000, 0x0000, 0x0000, 0x0000, 0x0000, 0x0000, 0x0000, 0x0000, 0x0000, 0x0000, 0x0000, 0x0000,
  0x8868, 0x33f9, 0x34f1, 0x15f9, 0x33f1, 0x55f9, 0x53f1, 0xcc98, 0x4210, 0x0220, 0x2000, 0x0000,
  0x0000, 0x2008, 0x0000, 0x0008, 0x2100, 0x0fb9, 0x34f9, 0x35f1, 0x53f1, 0x34f1, 0x54f1, 0x73f1,
  0x14f9, 0x34f1, 0x54f1, 0x74f1, 0x94f9, 0x74e9, 0x33f9, 0x53f1, 0x14f1, 0x92e9, 0x33f9, 0x34f1,
  0xb4e9, 0x94f1, 0x94f9, 0xb3f1, 0xb3f1, 0x93f1, 0x93f1, 0x93f1, 0x93f1, 0x93f1, 0x93f1, 0x73f1,
  0x93f9, 0x92f1, 0xb5f9, 0x93f1, 0x54f9, 0x56f1, 0x53f9, 0xb2e9, 0x94f9, 0x51f3, 0xd1fc, 0x6ffc,
  0xf3f1, 0x93f9, 0x54f9, 0x54f1, 0x14f9, 0x54f1, 0x54f1, 0x54f1, 0x54f1, 0x54f1, 0x54f1, 0x54f1,
  0x34f1, 0x34f1, 0x34f1, 0x34f1, 0x34f1, 0x55f1, 0x0fb1, 0x0008, 0x0000, 0x0000, 0x0000, 0x0000,
  0x0000, 0x0000, 0x0000, 0x0000, 0x0000, 0x0000, 0x0000, 0x0000, 0x0000, 0x0000, 0x0000, 0x0000,
  0x0000, 0x0000, 0x0000, 0x0000, 0x0000, 0x0000, 0x8860, 0x34f1, 0x14f1, 0x74f1, 0x73f1, 0x15f1,
  0x54f1, 0x33e1, 0x10c1, 0xceb0, 0x2218, 0x0000, 0x0000, 0x0100, 0x2100, 0x0008, 0x0108, 0x11c9,
  0x54f1, 0x55f1, 0x54f9, 0x35f9, 0x55f1, 0x54f1, 0x34f1, 0x53f1, 0x53f1, 0x34f9, 0x54f9, 0x74f1,
  0x53e9, 0x34f1, 0x34f9, 0x54e9, 0x15f9, 0x94f1, 0xf1fb, 0x6ffc, 0x70fc, 0x6ffc, 0x50fc, 0x70fc,
  0x70f4, 0x70f4, 0x70f4, 0x70f4, 0x70f4, 0x8ff4, 0x71fc, 0x50fc, 0x70fc, 0xafec, 0x71f3, 0x14f9,
  0xb3f9, 0xd1f3, 0x4ffc, 0xaff4, 0xeffc, 0x0dfd, 0x70f4, 0x2ffc, 0x33fa, 0x54f1, 0x34f9, 0x54f1,
  0x54f1, 0x54f1, 0x54f1, 0x54f1, 0x54f1, 0x54f1, 0x54f1, 0x54f1, 0x34f1, 0x34f1, 0x34f1, 0x34f1,
  0xeeb0, 0x0008, 0x0000, 0x0000, 0x0000, 0x0000, 0x0000, 0x0000, 0x0000, 0x0000, 0x0000, 0x0000,
  0x0000, 0x0000, 0x0000, 0x0000, 0x0000, 0x0000, 0x0000, 0x0000, 0x0000, 0x0000, 0x0000, 0x0000,
  0x6868, 0x33f9, 0x54f1, 0x54f9, 0x53f9, 0x15f9, 0x54f1, 0x55f9, 0x54f9, 0x32d1, 0x2320, 0x0000,
  0x0000, 0x0000, 0x0100, 0x2000, 0x2210, 0xefc0, 0x34f1, 0x54f9, 0x34f9, 0x34e9, 0x54f1, 0x34f1,
  0x34f1, 0xf4f0, 0x53e9, 0x53f1, 0x34f1, 0x35f1, 0x55e9, 0x74f1, 0x54f1, 0x33e9, 0x33f9, 0x94f1,
  0x4ffc, 0x2efd, 0x10fd, 0x0efd, 0xeffc, 0x0ffd, 0x0ffd, 0x0ffd, 0x0ffd, 0x0ffd, 0x0ffd, 0x2efd,
  0xf0fc, 0x10fd, 0xeffc, 0x10fd, 0xd1f3, 0x34f9, 0xf3e9, 0x71f4, 0x2efd, 0x2ff5, 0xf1fc, 0xeffc,
  0x50fd, 0x0efd, 0x53f2, 0x34f1, 0x54f1, 0x54f1, 0x54f1, 0x54f1, 0x54f1, 0x54f1, 0x54f1, 0x54f1,
  0x54f1, 0x54f1, 0x34f1, 0x34f1, 0x54f9, 0x54f9, 0x2fb9, 0x0000, 0x0000, 0x0000, 0x0000, 0x0000,
  0x0000, 0x0000, 0x0000, 0x0000, 0x0000, 0x0000, 0x0000, 0x0000, 0x0000, 0x0000, 0x0000, 0x0000,
  0x0000, 0x0000, 0x0000, 0x0000, 0x0000, 0x0000, 0x2430, 0xa870, 0xc970, 0x14f1, 0x34f9, 0x74e9,
  0x54f9, 0xf0c0, 0xa968, 0x8858, 0x2110, 0x0000, 0x0000, 0x0000, 0x0008, 0x0000, 0x2100, 0x6758,
  0xaa70, 0xeeb0, 0x54f9, 0x54f9, 0x34f9, 0x54f1, 0xd1fa, 0x32fb, 0xb2fa, 0x53f9, 0x52e9, 0x54f1,
  0x55f9, 0x53f1, 0x15f1, 0xf3f9, 0x52fb, 0x72fb, 0xcff4, 0x10f5, 0x0ffd, 0x0efd, 0x10fd, 0x0ff5,
  0x0ffd, 0x0ffd, 0x0ffd, 0x0ffd, 0x0ffd, 0x2ff5, 0xeffc, 0x2ffd, 0xb0f3, 0xd2fa, 0x73f2, 0x35f1,
  0x91f1, 0x92fa, 0xf2fa, 0x11f3, 0x31f3, 0xf2f2, 0x11fb, 0xd2fa, 0x93f9, 0x35f1, 0x33f1, 0x54f1,
  0x54f1, 0x54f1, 0x54f1, 0x54f1, 0x54f1, 0x54f1, 0x54f1, 0x34f1, 0x34f1, 0x54f9, 0x54f9, 0x14f1,
  0x0fb9, 0x0000, 0x0000, 0x0000, 0x0000, 0x0000, 0x0000, 0x0000, 0x0000, 0x0000, 0x0000, 0x0000,
  0x0000, 0x0000, 0x0000, 0x0000, 0x0000, 0x0000, 0x0000, 0x0000, 0x0000, 0x0000, 0x0000, 0x0000,
  0x0008, 0x0000, 0x2218, 0x13e9, 0x34f1, 0x53e9, 0x55f1, 0xac90, 0x2000, 0x0000, 0x2000, 0x0100,
  0x0000, 0x2000, 0x0008, 0x0000, 0x4000, 0x0100, 0x0000, 0xa978, 0x14f9, 0x34f9, 0x33f9, 0x93f1,
  0x0ff4, 0x10fd, 0x92fb, 0x14f9, 0x33e9, 0x34f1, 0x34f9, 0x13f9, 0x35f1, 0x72fa, 0x0ff5, 0x0ffd,
  0x2ff5, 0xf0fc, 0x0ffd, 0xeffc, 0x10fd, 0x0ffd, 0x0ffd, 0x0ffd, 0x0ffd, 0x0ffd, 0x0ffd, 0x0ff5,
  0xf0fc, 0xeffc, 0x91ea, 0x14f1, 0x34f9, 0x55f1, 0x53f1, 0x34f1, 0x34f9, 0x34f1, 0x54f1, 0x54e9,
  0x33f9, 0x35f1, 0x34f9, 0x54f1, 0x34f9, 0x54f1, 0x54f1, 0x54f1, 0x54f1, 0x54f1, 0x54f1, 0x54f1,
  0x34f1, 0x34f1, 0x54f1, 0x34f1, 0x34f1, 0x74f1, 0x0fb9, 0x0008, 0x0000, 0x2000, 0x2000, 0x0000,
  0x0000, 0x0000, 0x0000, 0x0000, 0x0000, 0x0000, 0x0000, 0x0000, 0x0000, 0x0000, 0x0000, 0x0000,
  0x0000, 0x0000, 0x0000, 0x0000, 0x0000, 0x0000, 0x0000, 0x2000, 0x0118, 0xcea8, 0x10b9, 0x14f9,
  0x34f1, 0xab90, 0x0000, 0x0000, 0x0000, 0x0000, 0x4328, 0x6438, 0x2430, 0x0000, 0x0008, 0x0438,
  0x4438, 0xcd98, 0x15f9, 0x94e9, 0x12fa, 0x73f2, 0x6eec, 0xf0fc, 0x0ff4, 0x71f2, 0x53ea, 0x54f1,
  0x55e9, 0xb2f1, 0x32f2, 0xd1fa, 0xeffc, 0x0efd, 0x2ff5, 0xeffc, 0x2ff5, 0x2fed, 0x10fd, 0x0ffd,
  0x0ffd, 0x0ffd, 0x0ffd, 0x0ffd, 0x0ffd, 0x10fd, 0xf0fc, 0xeffc, 0x31f3, 0x54f2, 0x31f2, 0x12f2,
  0x13f2, 0x34fa, 0x51fa, 0xb3f9, 0x54f1, 0x34f9, 0x35f9, 0x74e9, 0x54f1, 0x53f1, 0x55f9, 0x54f1,
  0x54f1, 0x54f1, 0x54f1, 0x54f1, 0x54f1, 0x54f1, 0x34f1, 0x34f1, 0x54f1, 0x34f1, 0x13e9, 0xeeb8,
  0xcb90, 0x0000, 0x0000, 0x0000, 0x0008, 0x0000, 0x0000, 0x0000, 0x0000, 0x0000, 0x0000, 0x0000,
  0x0000, 0x0000, 0x0000, 0x0000, 0x0000, 0x0000, 0x0000, 0x0000, 0x0000, 0x0000, 0x0000, 0x0000,
  0x2000, 0x0008, 0x4000, 0x2000, 0x0210, 0x0fc1, 0x34f9, 0xec88, 0x2000, 0x0108, 0x2000, 0x2108,
  0xab88, 0x53f1, 0x0fb1, 0x0118, 0x0000, 0xf0c0, 0x55f1, 0x33f1, 0x34f9, 0x33f2, 0x10fd, 0xeffc,
  0x0ff5, 0x10fd, 0x2ffd, 0xcefc, 0xeffc, 0xf3f9, 0x32f1, 0x71f3, 0x2ff5, 0xcffc, 0x10fd, 0x0ffd,
  0x0ffd, 0x0ffd, 0x0ffd, 0x0ffd, 0x0ffd, 0x0ffd, 0x0ff5, 0x10f5, 0x10fd, 0x2fe5, 0x0ffd, 0x0ffd,
  0xeff4, 0xeffc, 0xeefc, 0x2ff5, 0xeffc, 0x0efd, 0xd0fc, 0xf0fc, 0x4ef5, 0x31f3, 0x54f1, 0x34f9,
  0x54f1, 0x54f1, 0x54f1, 0x34f1, 0x54f1, 0x54f1, 0x54f1, 0x54f1, 0x54f1, 0x54f1, 0x54f1, 0x34f9,
  0x34f1, 0x54f1, 0x33f1, 0x54f1, 0xaa78, 0x0108, 0x0000, 0x0000, 0x0000, 0x0000, 0x0000, 0x0000,
  0x0000, 0x0000, 0x0000, 0x0000, 0x0000, 0x0000, 0x0000, 0x0000, 0x0000, 0x0000, 0x0000, 0x0000,
  0x0000, 0x0000, 0x0000, 0x0000, 0x0000, 0x0000, 0x0000, 0x0000, 0x4000, 0x0000, 0x0108, 0x0c99,
  0x33e9, 0xaa88, 0x2008, 0x0000, 0x2210, 0x0318, 0xad98, 0x55f9, 0xf0c0, 0x0320, 0x0318, 0x6fc1,
  0xb4f1, 0x73f1, 0x73f1, 0x92f2, 0xeffc, 0x2ffd, 0x2ffd, 0xeffc, 0x10f5, 0x0ffd, 0xaff4, 0x32f2,
  0xb3f1, 0x71f3, 0xaffc, 0xcffc, 0x2ff5, 0xeefc, 0x0ffd, 0x0ffd, 0x0ffd, 0x0ffd, 0x0ffd, 0x2ffd,
  0x0efd, 0x2ffd, 0x10fd, 0x30f5, 0xeffc, 0xeffc, 0xeff4, 0x10fd, 0x10fd, 0x0ff5, 0x0ff5, 0xeffc,
  0x2ff5, 0xeff4, 0x0ffd, 0x11f3, 0x75f1, 0x34f9, 0x54f1, 0x54f1, 0x54f1, 0x54f1, 0x54f1, 0x54f1,
  0x54f1, 0x54f1, 0x54f1, 0x54f1, 0x54f1, 0x34f1, 0x34f1, 0x54f1, 0x33f1, 0x55f9, 0xca78, 0x0000,
  0x0000, 0x0000, 0x0000, 0x0000, 0x0000, 0x0000, 0x0000, 0x0000, 0x0000, 0x0000, 0x0000, 0x0000,
  0x0000, 0x0000, 0x0000, 0x0000, 0x0000, 0x0000, 0x0000, 0x0000, 0x0000, 0x0000, 0x0000, 0x0000,
  0x0000, 0x0000, 0x0000, 0x0000, 0x0000, 0x2438, 0x2428, 0x0118, 0x0008, 0x4320, 0xeeb8, 0x52c1,
  0x12d9, 0x52e9, 0x33e9, 0x51c1, 0x70c1, 0x91eb, 0x51f4, 0x8fec, 0xaeec, 0x90fc, 0xcffc, 0xcff4,
  0xeefc, 0x0ffd, 0xeffc, 0x0ff5, 0xf0fc, 0x90f4, 0x30fc, 0xf1ea, 0xd2f9, 0xf1f2, 0x10f5, 0x0efd,
  0x0ffd, 0x0ffd, 0x0ffd, 0x0ffd, 0x10fd, 0xcffc, 0xf0fc, 0x77fe, 0x3bff, 0xb7fe, 0x30ed, 0xf0fc,
  0x10fd, 0x10fd, 0xf0fc, 0x0ffd, 0x0ff5, 0x0efd, 0x8ffc, 0x51f2, 0xb4f9, 0x73f9, 0x53f1, 0x34f9,
  0x34f1, 0x54f1, 0x54f1, 0x54f1, 0x54f1, 0x54f1, 0x54f1, 0x54f1, 0x54f1, 0x54f1, 0x54f1, 0x54f1,
  0x54f1, 0x54f1, 0x33f1, 0x54f9, 0xaa78, 0x0000, 0x0000, 0x0000, 0x0000, 0x0000, 0x0000, 0x0000,
  0x0000, 0x0000, 0x0000, 0x0000, 0x0000, 0x0000, 0x0000, 0x0000, 0x0000, 0x0000, 0x0000, 0x0000,
  0x0000, 0x0000, 0x0000, 0x0000, 0x0000, 0x0000, 0x0000, 0x0000, 0x2000, 0x0000, 0x2000, 0x0000,
  0x0000, 0x2000, 0x2100, 0x4428, 0xf1d8, 0x34f9, 0x54f9, 0x73f1, 0x35f9, 0x54f1, 0x54f9, 0x30fc,
  0x2efd, 0x0efd, 0x0ffd, 0xf0fc, 0x0ffd, 0x10fd, 0x30fd, 0x0ff5, 0x10fd, 0x0efd, 0xeffc, 0x2ff5,
  0x10fd, 0x12eb, 0x34f1, 0x91f2, 0xf0fc, 0xeefc, 0x0ffd, 0x0ffd, 0x0ffd, 0x0ffd, 0x10fd, 0x0ffd,
  0x10f5, 0xfaf6, 0xdfff, 0xd9fe, 0x10fd, 0xf0fc, 0xeffc, 0x0ffd, 0xeffc, 0x10fd, 0x0ffd, 0x0ffd,
  0x91fc, 0x13f2, 0x35f9, 0x54f9, 0x53e9, 0x34f9, 0x34f1, 0x54f1, 0x54f1, 0x54f1, 0x54f1, 0x54f1,
  0x54f1, 0x54f1, 0x54f1, 0x54f1, 0x54f1, 0x54f1, 0x34f1, 0x54f1, 0x33f1, 0x54f9, 0xaa78, 0x0000,
  0x0000, 0x0000, 0x0000, 0x0000, 0x0000, 0x0000, 0x0000, 0x0000, 0x0000, 0x0000, 0x0000, 0x0000,
  0x0000, 0x0000, 0x0000, 0x0000, 0x0000, 0x0000, 0x0000, 0x0000, 0x0000, 0x0000, 0x0000, 0x0000,
  0x0000, 0x0000, 0x0000, 0x0000, 0x0000, 0x2000, 0x0008, 0x2540, 0xac88, 0xaca0, 0x53e1, 0x33f1,
  0x34f9, 0x55f9, 0x35f9, 0x52f1, 0x15f9, 0x50f4, 0x0efd, 0x0ff4, 0x13fb, 0x90f3, 0x0ffd, 0x0ffd,
  0x35f6, 0x97f6, 0xf5fd, 0x0efd, 0x10fd, 0x0ffd, 0xeffc, 0x30f4, 0x32fb, 0xf1fb, 0x10f5, 0x0ffd,
  0x0ffd, 0x0ffd, 0x0ffd, 0x0ffd, 0x0ffd, 0xeffc, 0xcefc, 0xb9fe, 0xbfff, 0x7bff, 0xd7f6, 0x56fe,
  0x11f5, 0x0ffd, 0x0ffd, 0x10fd, 0xeffc, 0x0ef5, 0xd0fc, 0xd0f3, 0x71f3, 0x53fa, 0x54f1, 0x34f9,
  0x54f1, 0x54f1, 0x54f1, 0x54f1, 0x54f1, 0x54f1, 0x54f1, 0x54f1, 0x54f1, 0x54f1, 0x54f1, 0x34f1,
  0x34f1, 0x54f1, 0x33f1, 0x55f9, 0xaa78, 0x0000, 0x0000, 0x0000, 0x0000, 0x0000, 0x0000, 0x0000,
  0x0000, 0x0000, 0x0000, 0x0000, 0x0000, 0x0000, 0x0000, 0x0000, 0x0000, 0x0000, 0x0000, 0x0000,
  0x0000, 0x0000, 0x0000, 0x0000, 0x0000, 0x0000, 0x0000, 0x0000, 0x0000, 0x0100, 0x0008, 0x0000,
  0x4000, 0xa960, 0x74e9, 0x33f1, 0x36f9, 0x55f9, 0x54f1, 0x54f1, 0x34f1, 0x74f1, 0x16f9, 0x50f4,
  0x10f5, 0x30eb, 0x14f9, 0x30f2, 0x10fd, 0x11fd, 0x3af7, 0xffff, 0xb9fe, 0xeefc, 0x11f5, 0xeffc,
  0xeffc, 0x2ff5, 0x0efd, 0x0ffd, 0x2ff5, 0x0ffd, 0x0ff5, 0x10fd, 0x0ffd, 0x0ffd, 0x0ffd, 0x10f5,
  0x4fed, 0x19f7, 0xfff7, 0xfeef, 0xdfff, 0x9cff, 0x52f5, 0xeffc, 0x2ff5, 0xf0f4, 0xf0fc, 0x2ff5,
  0xeffc, 0x0efd, 0x4efd, 0x32fb, 0x54f1, 0x34f1, 0x34f1, 0x54f1, 0x34f1, 0x34f1, 0x54f1, 0x54f1,
  0x54f1, 0x54f1, 0x54f1, 0x54f1, 0x54f1, 0x54f1, 0x54f1, 0x54f1, 0x33f1, 0x54f9, 0xaa78, 0x0000,
  0x0000, 0x0000, 0x0000, 0x0000, 0x0000, 0x0000, 0x0000, 0x0000, 0x0000, 0x0000, 0x0000, 0x0000,
  0x0000, 0x0000, 0x0000, 0x0000, 0x0000, 0x0000, 0x0000, 0x0000, 0x0000, 0x0000, 0x0000, 0x0000,
  0x0000, 0x0000, 0x0000, 0x0000, 0x0000, 0x0000, 0x0000, 0x8868, 0x55f9, 0x53f1, 0x53f1, 0x33f9,
  0x34f1, 0x34f9, 0x55f9, 0x33f1, 0x54f1, 0x30f4, 0x0ffd, 0xb1eb, 0x12f2, 0x92fa, 0x2ff4, 0x71f4,
  0xdbfe, 0xffff, 0xd9fe, 0x10fd, 0x2efd, 0x0ffd, 0x0ffd, 0x0ffd, 0x0ffd, 0x0ffd, 0x0ffd, 0x0ffd,
  0x0ff5, 0xf0fc, 0x0ffd, 0xeef4, 0x30fd, 0x92fd, 0x93ed, 0x3aff, 0xfeff, 0xffff, 0xdfff, 0xbdff,
  0xf4f5, 0x92fd, 0x10fd, 0xeffc, 0x0ffd, 0xf0f4, 0x0ffd, 0xeffc, 0x2ef5, 0x91fb, 0x33f2, 0xf3f9,
  0x54f1, 0x53f1, 0x14f1, 0x54f9, 0x34f1, 0x54f1, 0x35f1, 0x53f9, 0x34f1, 0x53f1, 0x55f1, 0x34f1,
  0x54f1, 0x35f9, 0x30c9, 0xf0c0, 0x6860, 0x0000, 0x0000, 0x0000, 0x0000, 0x0000, 0x0100, 0x2218,
  0x2640, 0x4538, 0x4440, 0x2438, 0x2218, 0x2000, 0x0000, 0x0000, 0x0000, 0x2000, 0x0000, 0x0000,
  0x0000, 0x0000, 0x0000, 0x0000, 0x0000, 0x0000, 0x0000, 0x0000, 0x0000, 0x0000, 0x0000, 0x0000,
  0x0000, 0x6868, 0x55f9, 0x54f1, 0x54e9, 0x34f1, 0x54f1, 0x53f1, 0x54f1, 0x54f1, 0x74f1, 0x4ff4,
  0x2ffd, 0xd0fc, 0xcef4, 0xd0fb, 0xb5f1, 0xf5f1, 0x1cfe, 0xffff, 0xd8f6, 0x30fd, 0xf0fc, 0xeffc,
  0x0ffd, 0x10fd, 0x10fd, 0x0ffd, 0x0ffd, 0x0ffd, 0x10fd, 0x0ff5, 0x0ff5, 0xeffc, 0x93fd, 0x3bff,
  0x7dff, 0xdfff, 0xffff, 0xfeff, 0xfeff, 0xffff, 0x7cff, 0x7cff, 0xf3f5, 0x0ef5, 0x0ffd, 0x50f5,
  0x0ff5, 0x10fd, 0x2eed, 0xcff4, 0xb0f4, 0x4efc, 0x94f1, 0x33f9, 0x34f1, 0x34f1, 0x54f1, 0x33f9,
  0x54f1, 0x54f1, 0x55f1, 0x34f9, 0x15f9, 0x34f1, 0x54f1, 0x34f9, 0x6748, 0x2318, 0x0108, 0x0000,
  0x2000, 0x0000, 0x0000, 0x0000, 0x0000, 0xa968, 0xf2e0, 0x53e1, 0x33e1, 0x13e1, 0x8958, 0x0000,
  0x0008, 0x0000, 0x0000, 0x4000, 0x0000, 0x0000, 0x0000, 0x0000, 0x0000, 0x0000, 0x0000, 0x0000,
  0x0000, 0x0000, 0x0000, 0x0000, 0x0000, 0x0000, 0x0000, 0x6868, 0x35f9, 0x34f9, 0x34f1, 0x35f1,
  0x55f1, 0x53f1, 0x55f9, 0x35f1, 0x55f1, 0x50f4, 0x30fd, 0x0efd, 0x2fed, 0x30f4, 0x54f1, 0xb5f1,
  0x1cfe, 0xffff, 0xd8fe, 0x2ffd, 0xd1fc, 0x0ffd, 0x0ffd, 0x0ffd, 0x0ffd, 0x0ffd, 0x0ffd, 0xeffc,
  0x0ffd, 0x0efd, 0x0ef5, 0x10fd, 0xb2f5, 0xbcf7, 0xfff7, 0xffff, 0xdfff, 0xffff, 0xffff, 0xdfff,
  0xdfff, 0xdfff, 0x14f6, 0xeefc, 0x10fd, 0xcffc, 0xeffc, 0xf0fc, 0x2ff5, 0x2ef5, 0x2ff5, 0x8ff4,
  0x95f1, 0x54f9, 0x34e9, 0x35f1, 0x55f1, 0x33f1, 0x53f9, 0x33f1, 0x53f9, 0x53f1, 0x35f1, 0x34f9,
  0x54f1, 0x54f9, 0x4438, 0x0000, 0x2000, 0x0000, 0x0000, 0x0000, 0x0000, 0x0000, 0x2000, 0xaa70,
  0x14f9, 0x54f1, 0x74e9, 0x53f1, 0x8968, 0x2100, 0x0008, 0x0000, 0x0000, 0x0000, 0x0000, 0x0000,
  0x0000, 0x0000, 0x0000, 0x0000, 0x0000, 0x0000, 0x0000, 0x0000, 0x0000, 0x0000, 0x0000, 0x0000,
  0x2000, 0x8868, 0x55f9, 0x34f1, 0x54f1, 0x54f9, 0x54f1, 0x53f1, 0x54f1, 0x34f1, 0x54f1, 0x4ff4,
  0xf0fc, 0x0ffd, 0xf0fc, 0xb0fc, 0xcffb, 0xf1fb, 0xfbfe, 0xdff7, 0xb9fe, 0x2ffd, 0xeefc, 0x0ff5,
  0x0ffd, 0x0ffd, 0x0ffd, 0x0ffd, 0x0ffd, 0x0ffd, 0x0ffd, 0xeffc, 0x14fe, 0x19ff, 0x1bff, 0xdeff,
  0xffff, 0xffff, 0xffff, 0xffff, 0xdfff, 0xfeff, 0xfeff, 0xdfff, 0xf4fd, 0xedfc, 0xb2fd, 0xb9fe,
  0xb8fe, 0x51fd, 0x10fd, 0x0ffd, 0xf0fc, 0x0ff5, 0xd0fb, 0xf0fb, 0xd1f3, 0xd0fb, 0xf1f3, 0xd1f3,
  0x12fb, 0x74e9, 0x34f1, 0x54f1, 0x54e9, 0x54f1, 0x54f1, 0x34f1, 0x4540, 0x0108, 0x0000, 0x0000,
  0x0000, 0x0000, 0x0000, 0x0000, 0x0000, 0x8970, 0x54f9, 0x34f9, 0x54f1, 0x34f9, 0x0fc9, 0xeda0,
  0x8978, 0x0108, 0x0000, 0x0000, 0x0000, 0x0000, 0x0000, 0x0000, 0x0000, 0x0000, 0x0000, 0x0000,
  0x0000, 0x0000, 0x0000, 0x0000, 0x0000, 0x0000, 0x0000, 0x6870, 0x55f9, 0x33f9, 0x33f1, 0x33f1,
  0x54f1, 0x34f1, 0x35f1, 0x53f1, 0x94f1, 0x50f4, 0x0ffd, 0x0ffd, 0xeefc, 0xeffc, 0x2ef5, 0x30f5,
  0x5af7, 0xdef7, 0xbafe, 0x30f5, 0x0efd, 0x10fd, 0x0ffd, 0x0ffd, 0x0ffd, 0x0ffd, 0x0ffd, 0xeffc,
  0x0ff5, 0x10f5, 0x98fe, 0xfff7, 0xfff7, 0xffff, 0xdfff, 0xffff, 0xffff, 0xffff, 0xffff, 0xfeff,
  0xfeff, 0xdfff, 0xf4fd, 0xeefc, 0x14fe, 0xdeff, 0x7cf7, 0x92f5, 0xf0fc, 0xeffc, 0xeffc, 0x10fd,
  0x0ffd, 0x10fd, 0x10fd, 0x0ffd, 0x10fd, 0x2ef5, 0x30fc, 0xd3e9, 0x34f1, 0x34f9, 0x14f9, 0x54f1,
  0x35f9, 0x34f1, 0x6430, 0x0100, 0x0000, 0x0000, 0x0000, 0x0000, 0x0000, 0x0008, 0x0110, 0x8978,
  0x34f9, 0x34f9, 0x15f9, 0x35f9, 0x34f9, 0x33f9, 0x0ec1, 0x0108, 0x2000, 0x0000, 0x0000, 0x0000,
  0x0000, 0x0000, 0x0000, 0x0000, 0x0000, 0x0000, 0x0000, 0x0000, 0x0000, 0x0000, 0x0000, 0x0000,
  0x0000, 0x8868, 0x54f1, 0x93f1, 0x34f2, 0x74fa, 0xd3f9, 0x54f1, 0xb4f1, 0x52fa, 0x52f2, 0x90f4,
  0x2efd, 0xf0ec, 0x30f5, 0x2ffd, 0xf3fd, 0x96fd, 0x5bff, 0xfeff, 0x1bff, 0xd4f5, 0xb3fd, 0x30fd,
  0xf0fc, 0x10fd, 0x10fd, 0x0ffd, 0xeffc, 0xf0fc, 0xd2fd, 0xd4fd, 0xd9fe, 0xfdf7, 0xdeff, 0xfeff,
  0xfeff, 0xffff, 0xdfff, 0xffff, 0xffff, 0xdfff, 0xffff, 0xdfff, 0xf4fd, 0xeffc, 0x93fd, 0xb9fe,
  0xb8f6, 0x14f6, 0xd4fd, 0x71f5, 0x0ff5, 0xeef4, 0x2efd, 0xd0fc, 0x0ffd, 0x0ff5, 0x0ffd, 0x10f5,
  0x8ffc, 0xd2ea, 0x72f2, 0xd3f1, 0x54f1, 0x54f1, 0x35f1, 0x34f1, 0x6438, 0x0000, 0x0000, 0x0000,
  0x2000, 0x0000, 0x0008, 0x6430, 0x8750, 0xcda0, 0x14f9, 0x74e9, 0x54f1, 0x73f1, 0x10c9, 0xcd98,
  0x8980, 0x2100, 0x2000, 0x0000, 0x0000, 0x0000, 0x0000, 0x0000, 0x0000, 0x0000, 0x0000, 0x0000,
  0x0000, 0x0000, 0x2000, 0x2000, 0x2000, 0x0000, 0x0000, 0xa968, 0x34f1, 0xd3f1, 0x90fc, 0x0ff5,
  0xb2fa, 0x53f1, 0x32f2, 0xb0fc, 0xcffc, 0x0ffd, 0x0ffd, 0xeffc, 0xeffc, 0x92f5, 0xffff, 0xbeff,
  0xdfff, 0xfff7, 0xdfff, 0xffff, 0xbcff, 0x72fd, 0xeffc, 0x0ffd, 0xf0fc, 0x0ffd, 0xeffc, 0x10fd,
  0x7bff, 0xbeff, 0xdff7, 0xffff, 0xfeff, 0xffff, 0xffff, 0xffff, 0xffff, 0xffff, 0xffff, 0xffff,
  0xffff, 0xdfff, 0xf3fd, 0x0ffd, 0x10fd, 0x0ff5, 0x51f5, 0x5bff, 0xfeff, 0x97fe, 0x0ff5, 0x0ffd,
  0x2ffd, 0x10fd, 0x10fd, 0x0ffd, 0x0ffd, 0x10f5, 0x2ff5, 0xf0fc, 0xd0fc, 0xb2f2, 0x55f1, 0x34f1,
  0x53f1, 0x34f1, 0x4538, 0x0000, 0x0000, 0x0000, 0x2000, 0x0108, 0x2110, 0x0fc1, 0x34f1, 0x54f1,
  0x54f9, 0x34f9, 0x54f1, 0x33f1, 0x8968, 0x2008, 0x0010, 0x2000, 0x2000, 0x0000, 0x0000, 0x0000,
  0x0000, 0x0000, 0x0000, 0x0000, 0x0000, 0x0000, 0x0000, 0x2000, 0x2000, 0x0118, 0x0210, 0x4108,
  0x0218, 0xc878, 0x92f1, 0x32f2, 0x50fc, 0x10f5, 0xf2f2, 0x54f9, 0x53fa, 0xcffc, 0xeffc, 0xeffc,
  0x0ffd, 0x0ff5, 0x30f5, 0xb3f5, 0xddff, 0xdeff, 0xffff, 0xfff7, 0xdfff, 0xffff, 0xbdf7, 0xb4fd,
  0x51f5, 0x0ff5, 0xeff4, 0x0ff5, 0x50f5, 0x72f5, 0x3cf7, 0xdfff, 0xffff, 0xdfff, 0xffff, 0xffff,
  0xffff, 0xffff, 0xffff, 0xffff, 0xffff, 0xffff, 0xdfff, 0xffff, 0xf3fd, 0xeefc, 0xeffc, 0x0ffd,
  0x50fd, 0x5bff, 0xdef7, 0x78fe, 0xf1fc, 0x51fd, 0xcffc, 0xf0fc, 0xf0fc, 0xeffc, 0xf0fc, 0xd0fc,
  0x2ef5, 0xcef4, 0x8ffc, 0x93fa, 0x14f9, 0x54f9, 0x53f1, 0x34f1, 0x4538, 0x0000, 0x0000, 0x0000,
  0x0000, 0x2418, 0x4420, 0xf0c8, 0x35f9, 0x34f9, 0x54f1, 0x74f1, 0x54f1, 0x54f1, 0x6a70, 0x0210,
  0x0218, 0x2000, 0x2000, 0x2000, 0x0000, 0x0000, 0x0000, 0x0000, 0x0000, 0x0000, 0x0000, 0x0000,
  0x0000, 0x0000, 0x2318, 0x10c9, 0x32e1, 0x71d1, 0x12d9, 0x92e2, 0x91fc, 0xb0f4, 0x10fd, 0xeefc,
  0xf1f2, 0x34f1, 0x33fa, 0xcff4, 0x2ffd, 0xf0fc, 0x30fd, 0xeffc, 0xeefc, 0x91fd, 0xfeff, 0xffff,
  0xffff, 0xfff7, 0xdfff, 0xdff7, 0xfff7, 0x7dff, 0x7dff, 0xf4fd, 0x0efd, 0xd3fd, 0x5cff, 0x9cff,
  0xdfff, 0xdfff, 0xffff, 0xffff, 0xfff7, 0xffff, 0xffff, 0xffff, 0xffff, 0xffff, 0xffff, 0xffff,
  0xdfff, 0xffff, 0xd3fd, 0xeffc, 0xeffc, 0x0ffd, 0x51f5, 0x3bff, 0xffff, 0xdeff, 0x9dff, 0x19ff,
  0x30fd, 0x2ff5, 0x2ff5, 0x0ff5, 0x0ff5, 0x10f5, 0x50f4, 0xf3e9, 0x94f9, 0x74f1, 0x94e9, 0x34f1,
  0x53f1, 0x34f9, 0x4538, 0x0000, 0x0000, 0x0000, 0x6438, 0x31d1, 0xf1e0, 0x54f9, 0x74e1, 0x34f9,
  0x54f1, 0x54f1, 0x34e9, 0x75f9, 0x33e1, 0x31e1, 0x0ca1, 0x0108, 0x0000, 0x2000, 0x0000, 0x0000,
  0x0000, 0x0000, 0x0000, 0x0000, 0x0000, 0x0000, 0x0008, 0x2000, 0x0320, 0x32e1, 0x34f9, 0x13f1,
  0x54f1, 0xd1fa, 0x0ffd, 0x2ffd, 0x10f5, 0xf0fc, 0xd2fa, 0x53f1, 0x33fa, 0xcff4, 0x0ff5, 0xf0fc,
  0x0efd, 0xf0fc, 0x10f5, 0xb3fd, 0xdeff, 0xfeff, 0xffff, 0xffff, 0xffff, 0xdff7, 0xffff, 0xffff,
  0xffff, 0x15f6, 0x0ff5, 0x15f6, 0xdeff, 0xfeff, 0xdff7, 0xdfff, 0xffff, 0xdfff, 0xdfff, 0xffff,
  0xffff, 0xffff, 0xffff, 0xffff, 0xffff, 0xffff, 0xffff, 0xdfff, 0xd3fd, 0x0ffd, 0x10f5, 0xeff4,
  0x71f5, 0x1bff, 0xdfff, 0xffff, 0xdfff, 0x9ef7, 0x31f5, 0x2efd, 0x10fd, 0x0ffd, 0xeffc, 0xf0fc,
  0x50fc, 0xb4e9, 0x34f1, 0x33f1, 0x54f1, 0x35f1, 0x54f1, 0x33f9, 0x4538, 0x0000, 0x0000, 0x0000,
  0x2548, 0x34f1, 0x34f9, 0x55f9, 0x54f1, 0x54f1, 0x33f1, 0x34f9, 0x54e9, 0x54f9, 0x34f1, 0x54f1,
  0x2fb9, 0x0208, 0x0000, 0x2000, 0x0000, 0x0000, 0x0000, 0x0000, 0x0000, 0x0000, 0x0000, 0x0000,
  0x6540, 0xcb98, 0xcda0, 0x32e9, 0x54f1, 0x34f9, 0x53f1, 0xd2f2, 0x2ded, 0xaff4, 0xd2f2, 0xd0fa,
  0xd2f9, 0x53e9, 0x33fa, 0xd0fc, 0x2ef5, 0x0ffd, 0x0efd, 0xb4fd, 0xd9fe, 0x1bff, 0xdfff, 0xfeff,
  0xffff, 0xffff, 0xffff, 0xffff, 0xffff, 0xdfff, 0xdeff, 0x5bff, 0xf9fe, 0xb7fe, 0x15f6, 0x36fe,
  0x9def, 0xfeff, 0xffff, 0xdfff, 0xffff, 0xffff, 0xffff, 0xffff, 0xffff, 0xffff, 0xffff, 0xffff,
  0xffff, 0xdfff, 0xd3fd, 0x0ffd, 0x92fd, 0xd9fe, 0x19ff, 0xbdff, 0xfdff, 0xfeff, 0xffff, 0xdfff,
  0xf9fe, 0xd7fe, 0x52fd, 0xeef4, 0x0ffd, 0xeffc, 0xcffc, 0xd1fb, 0x70fb, 0x12fa, 0x14f9, 0x55f1,
  0x54f1, 0x34f9, 0x4538, 0x0000, 0x0000, 0x0000, 0x4540, 0x54f1, 0x34f1, 0x34f1, 0x54f1, 0x54f1,
  0x34f9, 0x34f9, 0x34f1, 0x34f9, 0xac98, 0x8858, 0x6650, 0x0000, 0x0000, 0x0000, 0x0000, 0x0000,
  0x0000, 0x0000, 0x0000, 0x0000, 0x0000, 0x0000, 0x6a60, 0x34f9, 0x75f1, 0x34f9, 0x55f9, 0x55e9,
  0x14f9, 0xb2fa, 0xeefc, 0x71fc, 0x94f9, 0x34e9, 0x34f9, 0x54f1, 0x34fa, 0xb0fc, 0x0ef5, 0x2ffd,
  0x0ffd, 0x16f6, 0xfeff, 0xfeff, 0xfff7, 0xffff, 0xffff, 0xdfff, 0xfeff, 0xffff, 0xffff, 0xffff,
  0xffff, 0xffef, 0xffff, 0xf8fe, 0x30fd, 0x31fd, 0x7cf7, 0xfeff, 0xffff, 0xffff, 0xffff, 0xffff,
  0xffff, 0xffff, 0xffff, 0xffff, 0xffff, 0xffff, 0xffff, 0xdfff, 0xd4fd, 0xeefc, 0x14fe, 0xdfff,
  0xfff7, 0xffff, 0xdfff, 0xffff, 0xffff, 0xdeff, 0xffff, 0xdff7, 0x94fd, 0x0ffd, 0x0ff5, 0x2ff5,
  0xeff4, 0x0ffd, 0xf0fc, 0xd3f2, 0x54f1, 0x54f1, 0x54f1, 0x33f1, 0x4538, 0x0000, 0x0000, 0x0000,
  0x4540, 0x34f9, 0x34f9, 0x74f1, 0x54f9, 0x34f1, 0x54f9, 0x54e9, 0x14f9, 0x54f9, 0xa858, 0x2000,
  0x0008, 0x0008, 0x0000, 0x0000, 0x0000, 0x0000, 0x0000, 0x0000, 0x0000, 0x0108, 0x6540, 0x6650,
  0xac98, 0x33f1, 0x33f1, 0x34f9, 0x53f1, 0x52f2, 0x92f2, 0x92f3, 0x0ffd, 0xb0fc, 0xd1ea, 0x72fa,
  0xb4f9, 0x53f1, 0x33f2, 0xb1fc, 0x0ffd, 0x0ff5, 0x0ffd, 0x36fe, 0xffff, 0xffff, 0xffff, 0xffff,
  0xffff, 0xffff, 0xffff, 0xffff, 0xffff, 0xffff, 0xffff, 0xfff7, 0xffff, 0x3aff, 0xf4f5, 0xf4f5,
  0x9cff, 0xffff, 0xffff, 0xfeff, 0xffff, 0xffff, 0xffff, 0xffff, 0xffff, 0xffff, 0xffff, 0xffff,
  0xfff7, 0xffff, 0xd5fd, 0xeef4, 0xf5f5, 0xffff, 0xffff, 0xffff, 0xffff, 0xffff, 0xffff, 0xffff,
  0xffff, 0xdfff, 0xb4fd, 0xeefc, 0x0ff5, 0x2ff5, 0x0ffd, 0xeffc, 0xf0fc, 0x71f3, 0x72fa, 0x32f2,
  0x35f9, 0x53e9, 0xaa70, 0x8650, 0xa648, 0x6650, 0x8a78, 0x73f1, 0x34f9, 0x54e9, 0x34f9, 0x34f1,
  0x34f9, 0x55f1, 0x34f1, 0x54f1, 0xa860, 0x0000, 0x0000, 0x0000, 0x0000, 0x0000, 0x0000, 0x0000,
  0x0100, 0x2000, 0x0000, 0x2110, 0xeeb8, 0x54f1, 0x53e9, 0x73e9, 0x33f9, 0x35f1, 0x53f9, 0x10fc,
  0xeff4, 0xeffc, 0x0efd, 0x0ffd, 0xcffc, 0xeffc, 0xd2fa, 0x53e9, 0x32f2, 0xcffc, 0x2ffd, 0xeffc,
  0x0ffd, 0x36fe, 0xffff, 0xffff, 0xffff, 0xffff, 0xffff, 0xffff, 0xffff, 0xffff, 0xffff, 0xffff,
  0xffff, 0xffff, 0xffff, 0xdfff, 0xddff, 0x9dff, 0xffff, 0xfff7, 0xffff, 0xfeff, 0xffff, 0xffff,
  0xffff, 0xffff, 0xffff, 0xffff, 0xffff, 0xdfff, 0xfeff, 0xffff, 0xf6fd, 0xeffc, 0x16fe, 0xffff,
  0xffff, 0xffff, 0xffff, 0xffff, 0xffff, 0xffff, 0xdeff, 0xfeff, 0xf3fd, 0xedfc, 0x2efd, 0x10fd,
  0x10fd, 0xf0f4, 0x4ffd, 0xeffc, 0xd0fc, 0xd0fb, 0x74f1, 0x74f9, 0x14f1, 0x14f1, 0x33f1, 0x33e9,
  0x53e9, 0x54f9, 0x54f9, 0x74f1, 0x34f9, 0x34f1, 0x55f1, 0x15f9, 0x34f9, 0x54f1, 0x6868, 0x0000,
  0x0000, 0x0000, 0x0000, 0x0000, 0x0000, 0x0000, 0x0000, 0x2008, 0x2320, 0x4428, 0xf0c0, 0x55f1,
  0x35f9, 0x54f1, 0x52f9, 0x74e9, 0x54f1, 0x50ec, 0xf0fc, 0x2efd, 0x0ff5, 0x0ff5, 0x0ffd, 0xeffc,
  0xf1f2, 0x34f1, 0x13fa, 0xcffc, 0x2ffd, 0xf0fc, 0x0ff5, 0x36fe, 0xffff, 0xffff, 0xffff, 0xffff,
  0xffff, 0xffff, 0xffff, 0xffff, 0xffff, 0xffff, 0xffff, 0xffff, 0xdfff, 0xffff, 0xfff7, 0xfff7,
  0xffff, 0xffff, 0xffff, 0xffff, 0xffff, 0xffff, 0xffff, 0xffff, 0xffff, 0xffff, 0xffff, 0xdfff,
  0xffff, 0xdeff, 0x16fe, 0x30fd, 0x14fe, 0xdfff, 0xffff, 0xffff, 0xffff, 0xffff, 0xffff, 0xffff,
  0xffff, 0xbeff, 0xf5f5, 0x31f5, 0x10fd, 0x0efd, 0x0ffd, 0xeffc, 0x0ff5, 0x0ff5, 0x30fd, 0xf1f3,
  0x54f1, 0x73f9, 0x53f1, 0x35f9, 0x54f1, 0x35f9, 0x54f9, 0x54e9, 0x54f1, 0x34f9, 0x34f1, 0x53f1,
  0x53f1, 0x54f1, 0x32e1, 0x32d9, 0x6858, 0x0000, 0x0000, 0x0000, 0x0000, 0x0000, 0x0000, 0x0000,
  0x0000, 0x2438, 0xcfb8, 0xeec0, 0x33e9, 0x53f1, 0x53f1, 0x14f9, 0x34f1, 0x74f1, 0x54f9, 0x30fc,
  0xf0fc, 0x0efd, 0x10fd, 0xf0fc, 0x0ffd, 0xeffc, 0xf2f2, 0x34f9, 0x13fa, 0xd0fc, 0x2ffd, 0x0ffd,
  0x0ffd, 0x36fe, 0xffff, 0xffff, 0xffff, 0xffff, 0xffff, 0xffff, 0xffff, 0xffff, 0xffff, 0xffff,
  0xdfff, 0xffff, 0xffff, 0xffff, 0xffff, 0xffff, 0xffff, 0xffff, 0xffff, 0xffff, 0xffff, 0xffff,
  0xffff, 0xffff, 0xffff, 0xffff, 0xffff, 0xdfff, 0xffff, 0xffff, 0x5cff, 0x3bff, 0x7cff, 0xffff,
  0xffff, 0xffff, 0xffff, 0xffff, 0xffff, 0xffff, 0xffff, 0xffff, 0x5bff, 0x3bff, 0x56fe, 0xeffc,
  0x0ffd, 0xeffc, 0x0ffd, 0x10fd, 0xf0fc, 0x10f4, 0x54f1, 0x34f9, 0x54e9, 0x34f9, 0x34f1, 0x54f1,
  0x33f1, 0x53f1, 0x54f1, 0x34f1, 0x54f1, 0x34f9, 0x34f9, 0x12e1, 0x6860, 0x4538, 0x2218, 0x0000,
  0x0000, 0x0000, 0x0000, 0x0000, 0x0000, 0x0000, 0x2000, 0x6648, 0x34e1, 0x52f1, 0x54f1, 0x53f9,
  0x74f1, 0x34f1, 0x56f1, 0x33f1, 0x53f1, 0xf0f3, 0x2ff5, 0x0ffd, 0xf0fc, 0x0ffd, 0x2ef5, 0x2ffd,
  0x11f3, 0x75f1, 0x32f2, 0xeffc, 0x0ffd, 0x0ffd, 0x0ffd, 0x36fe, 0xffff, 0xffff, 0xffff, 0xffff,
  0xffff, 0xffff, 0xffff, 0xffff, 0xffff, 0xffff, 0xffff, 0xffff, 0xffff, 0xdfff, 0xdfff, 0xffff,
  0xffff, 0xffff, 0xffff, 0xffff, 0xffff, 0xffff, 0xffff, 0xffff, 0xffff, 0xffff, 0xffff, 0xffff,
  0xdfff, 0xffff, 0xfff7, 0xfff7, 0xfff7, 0xffff, 0xffff, 0xffff, 0xffff, 0xffff, 0xffff, 0xffff,
  0xdfff, 0xfff7, 0xffff, 0xfff7, 0xb8ee, 0xeffc, 0x0ffd, 0x10fd, 0xeffc, 0x10fd, 0x0efd, 0xb0fb,
  0x74f1, 0x35f1, 0x54f1, 0x74e9, 0x35f1, 0x54f9, 0x34f1, 0x34f9, 0x34f9, 0x54f1, 0x54f9, 0x14f9,
  0x55f1, 0x11d9, 0x2328, 0x2000, 0x0000, 0x0000, 0x0000, 0x0000, 0x0000, 0x0000, 0x0000, 0x0000,
  0x0000, 0x6650, 0x54e9, 0x53f1, 0x35f1, 0x34f9, 0xf3e9, 0x11f3, 0x12fb, 0x11f3, 0x31f3, 0xaff4,
  0x10fd, 0xf0fc, 0xeff4, 0x0ffd, 0xf0fc, 0xf0fc, 0xf0f3, 0x11f3, 0x71fb, 0xf0fc, 0xeffc, 0x2ffd,
  0xeffc, 0x16fe, 0xffff, 0xffff, 0xdfff, 0xdfff, 0xffff, 0xffff, 0xffff, 0xffff, 0xffff, 0xffff,
  0xffff, 0xffff, 0xffff, 0xffff, 0xffff, 0xffff, 0xffff, 0xffff, 0xffff, 0xffff, 0xffff, 0xffff,
  0xffff, 0xffff, 0xffff, 0xffff, 0xffff, 0xffff, 0xffff, 0xffff, 0xfeff, 0xffff, 0xdeff, 0xffff,
  0xffff, 0xffff, 0xffff, 0xffff, 0xffff, 0xffff, 0xffff, 0xffff, 0xfeff, 0xdfff, 0x78fe, 0xeefc,
  0x0ffd, 0x10fd, 0x0ff5, 0x0ffd, 0x0efd, 0x70fc, 0x32f3, 0x51eb, 0xf1fa, 0x30f3, 0x13fa, 0x34f1,
  0x54f1, 0x54f9, 0x34f1, 0x34f1, 0x33f1, 0x53f1, 0x74e9, 0x32e1, 0xab90, 0xaa78, 0x4428, 0x0000,
  0x0000, 0x0000, 0x0000, 0x0000, 0x0000, 0x0000, 0x0000, 0x6648, 0x34e9, 0x34f9, 0x34f1, 0x33f1,
  0xf1f2, 0xeffc, 0xeff4, 0xeff4, 0xeffc, 0x0ffd, 0x0ff5, 0x2efd, 0x2ff5, 0x2ffd, 0xf0fc, 0x2ef5,
  0x0ff5, 0xeef4, 0xd0fc, 0x0ff5, 0x0ffd, 0x0ffd, 0xeffc, 0x36fe, 0xffff, 0xffff, 0xdfff, 0xdfff,
  0xffff, 0xffff, 0xffff, 0xffff, 0xffff, 0xffff, 0xffff, 0xffff, 0xffff, 0xffff, 0xffff, 0xffff,
  0xffff, 0xffff, 0xffff, 0xffff, 0xffff, 0xffff, 0xffff, 0xffff, 0xffff, 0xffff, 0xffff, 0xffff,
  0xffff, 0xffff, 0xffff, 0xffff, 0xffff, 0xffff, 0xffff, 0xffff, 0xffff, 0xffff, 0xffff, 0xffff,
  0xffff, 0xffff, 0xffff, 0xffff, 0x98fe, 0x0ffd, 0x0ffd, 0xeffc, 0x0ffd, 0xeffc, 0x0ff5, 0xeffc,
  0xd1fc, 0x2ef5, 0xcffc, 0x0ef5, 0x31fb, 0x35f9, 0x52f1, 0x74f1, 0x53f1, 0x55f1, 0x73f1, 0x54f1,
  0x53f1, 0x34f9, 0x75e9, 0x34f9, 0x8860, 0x2000, 0x0100, 0x0000, 0x0000, 0x0100, 0x0000, 0x0000,
  0x0000, 0x4648, 0x34e9, 0x34f1, 0x54f1, 0x33f1, 0xf2f2, 0x0ffd, 0x10fd, 0x0ffd, 0xeffc, 0x0ffd,
  0xd0fc, 0x0ffd, 0xf1fc, 0xeff4, 0x50fd, 0x51fd, 0x51f5, 0x0ffd, 0xf0fc, 0x0ffd, 0x10fd, 0xeff4,
  0x2ff5, 0x34fe, 0x7bff, 0xbcff, 0xffff, 0xffff, 0xffff, 0xffff, 0xffff, 0xffff, 0xffff, 0xffff,
  0xffff, 0xffff, 0xffff, 0xffff, 0xffff, 0xffff, 0xffff, 0xffff, 0xffff, 0xffff, 0xffff, 0xffff,
  0xffff, 0xffff, 0xffff, 0xffff, 0xffff, 0xffff, 0xffff, 0xffff, 0xffff, 0xffff, 0xffff, 0xffff,
  0xffff, 0xffff, 0xffff, 0xffff, 0xffff, 0xffff, 0xffff, 0xffff, 0xfeff, 0xffff, 0xb8fe, 0x0ef5,
  0x0ffd, 0xeffc, 0xeff4, 0x10fd, 0x30f5, 0x2ffd, 0x10fd, 0x2ef5, 0x11fd, 0xf0f4, 0x52fb, 0xb2f1,
  0xd2f1, 0x16f9, 0x35f9, 0x35f1, 0x34f9, 0x54f9, 0x33e9, 0x34f1, 0x54f1, 0xf3f8, 0x8a80, 0x4220,
  0x0210, 0x2000, 0x0008, 0x0008, 0x0000, 0x0000, 0x0000, 0x4648, 0x34e9, 0x34f1, 0x54f1, 0x33f1,
  0xd2fa, 0xeffc, 0xf0fc, 0x0ffd, 0x0ff5, 0x0ff5, 0x2ff5, 0x2ff5, 0xf0fc, 0x72fd, 0x3bff, 0x7dff,
  0xf5fd, 0x0ffd, 0x0ffd, 0x0ffd, 0x10fd, 0x10fd, 0x0ffd, 0xf0fc, 0x31fd, 0xd5f5, 0xbeff, 0xffff,
  0xffff, 0xffff, 0xffff, 0xffff, 0xffff, 0xffff, 0xffff, 0xffff, 0xffff, 0xffff, 0xffff, 0xffff,
  0xffff, 0xffff, 0xffff, 0xffff, 0xffff, 0xffff, 0xffff, 0xffff, 0xffff, 0xffff, 0xffff, 0xffff,
  0xffff, 0xffff, 0xffff, 0xffff, 0xffff, 0xffff, 0xffff, 0xffff, 0xffff, 0xffff, 0xffff, 0xffff,
  0xffff, 0xffff, 0xfeff, 0xffff, 0x97f6, 0xeffc, 0x0ffd, 0x0ffd, 0x0ff5, 0x0ffd, 0x0ffd, 0x0ff5,
  0x0ffd, 0xedf4, 0x0ffd, 0x2ff5, 0xb0fc, 0xcff4, 0xf0f3, 0x54f1, 0x34f9, 0x54e9, 0x34f9, 0x34f9,
  0x54f1, 0x54f1, 0x54f1, 0x14f9, 0x33e1, 0x33d9, 0xceb0, 0x0108, 0x0000, 0x0000, 0x0000, 0x0000,
  0x0000, 0x4648, 0x34e9, 0x34f1, 0x54f1, 0x33f1, 0xf2f2, 0x0ffd, 0x10fd, 0x0ffd, 0xeffc, 0x0ffd,
  0x0ffd, 0xeffc, 0xeef4, 0x71f5, 0x9df7, 0xdeff, 0x36fe, 0xeff4, 0x10f5, 0x0ffd, 0xf0f4, 0x0ffd,
  0xeffc, 0x0ffd, 0x0ffd, 0xb3fd, 0xbeff, 0xdfff, 0xffff, 0xffff, 0xffff, 0xffff, 0xffff, 0xffff,
  0xffff, 0xffff, 0xffff, 0xffff, 0xffff, 0xffff, 0xffff, 0xffff, 0xffff, 0xffff, 0xffff, 0xffff,
  0xffff, 0xffff, 0xffff, 0xffff, 0xffff, 0xffff, 0xffff, 0xffff, 0xffff, 0xffff, 0xffff, 0xffff,
  0xffff, 0xffff, 0xffff, 0xffff, 0xffff, 0xffff, 0xffff, 0xffff, 0xfeff, 0xdfff, 0xb9fe, 0xf0f4,
  0x10f5, 0x0ffd, 0x2ff5, 0xeffc, 0x0ffd, 0x0ef5, 0x2ff5, 0x30f5, 0xeffc, 0x0ff5, 0x0ffd, 0xeff4,
  0xf0fb, 0x72e9, 0x73f9, 0x54f1, 0x34f9, 0x33f1, 0x34f1, 0x54f1, 0x34f1, 0x34f9, 0x54f1, 0x54f1,
  0xeec8, 0x2000, 0x2000, 0x0000, 0x0000, 0x0000, 0x0000, 0x6648, 0x34e9, 0x34f1, 0x54f1, 0x33f1,
  0xf2ea, 0xeffc, 0x0ff5, 0x0ffd, 0xeffc, 0xeffc, 0xeff4, 0xd4fd, 0x3aff, 0x5bff, 0xfff7, 0xdeff,
  0x36fe, 0xeefc, 0x0ff5, 0x0ffd, 0xeff4, 0x0ffd, 0x30fd, 0x2ff5, 0x0ef5, 0xb3f5, 0xffff, 0xffff,
  0xffff, 0xffff, 0xffff, 0xffff, 0xffff, 0xffff, 0xffff, 0xffff, 0xffff, 0xffff, 0xffff, 0xffff,
  0xffff, 0xffff, 0xffff, 0xffff, 0xffff, 0xffff, 0xffff, 0xffff, 0xffff, 0xffff, 0xffff, 0xffff,
  0xffff, 0xffff, 0xffff, 0xffff, 0xffff, 0xffff, 0xffff, 0xffff, 0xffff, 0xffff, 0xffff, 0xffff,
  0xffff, 0xffff, 0xffff, 0xffff, 0x9cff, 0x1aff, 0x97fe, 0x31fd, 0x2ffd, 0xeffc, 0x0ff5, 0x73fd,
  0xfafe, 0xfbfe, 0x51f5, 0x0ff5, 0x2ffd, 0x0ffd, 0xd0fc, 0x11f4, 0x91fb, 0xf3e9, 0x53f1, 0x54f9,
  0x55f9, 0x54f9, 0x54f1, 0x54f1, 0x34f1, 0x14f1, 0x13f9, 0x0fb1, 0xcda8, 0x0318, 0x0000, 0x0000,
  0x0000, 0x4648, 0x53e9, 0x53f1, 0x54f1, 0x33f1, 0xd2f2, 0xeffc, 0xeffc, 0x0ffd, 0x0ffd, 0x0ffd,
  0x10fd, 0x15fe, 0xdff7, 0xdfff, 0xffff, 0xdfff, 0x36fe, 0xeefc, 0x0ef5, 0x0ffd, 0xeff4, 0x0ffd,
  0x0ff5, 0x0ffd, 0xeffc, 0xb3fd, 0xdeff, 0xfff7, 0xffff, 0xffff, 0xffff, 0xffff, 0xffff, 0xffff,
  0xffff, 0xffff, 0xffff, 0xffff, 0xffff, 0xffff, 0xffff, 0xffff, 0xffff, 0xffff, 0xffff, 0xffff,
  0xffff, 0xffff, 0xffff, 0xffff, 0xffff, 0xffff, 0xffff, 0xffff, 0xffff, 0xffff, 0xffff, 0xffff,
  0xffff, 0xffff, 0xffff, 0xffff, 0xffff, 0xffff, 0xffff, 0xffff, 0xffff, 0xffff, 0xfeff, 0xfeff,
  0x3bff, 0x11f5, 0xeffc, 0x0ffd, 0x2ff5, 0xd3fd, 0xbdff, 0xdfff, 0xb2f5, 0x0ffd, 0xeffc, 0xeffc,
  0x2efd, 0x2ff5, 0xb0fc, 0x14f2, 0x34f9, 0x33f1, 0x54f1, 0x54f1, 0x54f1, 0x54f1, 0x54f1, 0x35f9,
  0x35f9, 0x54f1, 0x12e1, 0x2320, 0x0000, 0x0000, 0x0000, 0x4648, 0x53e9, 0x53f1, 0x34f1, 0x13f1,
  0xf2f2, 0x0ffd, 0xf0fc, 0x0ffd, 0x0ffd, 0x0efd, 0xeffc, 0x15fe, 0xffff, 0xfeff, 0xfeff, 0xdef7,
  0xb9f6, 0xf4fd, 0x14f6, 0xf5f5, 0x14f6, 0x10fd, 0x0ffd, 0xeffc, 0x0ffd, 0x72fd, 0xb8fe, 0xb9f6,
  0x9cff, 0xffff, 0xffff, 0xffff, 0xdfff, 0xffff, 0xffff, 0xffff, 0xffff, 0xffff, 0xffff, 0xffff,
  0xffff, 0xffff, 0xffff, 0xffff, 0xffff, 0xffff, 0xffff, 0xffff, 0xffff, 0xffff, 0xffff, 0xffff,
  0xffff, 0xffff, 0xffff, 0xffff, 0xffff, 0xffff, 0xffff, 0xffff, 0xffff, 0xffff, 0xffff, 0xffff,
  0xffff, 0xffff, 0xffff, 0xffff, 0xffff, 0xdfff, 0x3cff, 0x10fd, 0xeffc, 0x0ffd, 0xf0fc, 0xd4fd,
  0xbeff, 0xdfff, 0x93f5, 0x10fd, 0x10f5, 0xeffc, 0x0ff5, 0x30fd, 0xd0fc, 0xf3f9, 0x13f1, 0x34f1,
  0x54f1, 0x54f1, 0x34f1, 0x34f9, 0x54f1, 0x35f1, 0x54f9, 0x54f9, 0x32e1, 0x2220, 0x0000, 0x0000,
  0x0000, 0x4648, 0x53e9, 0x33f1, 0x55f1, 0x34f9, 0xd2fa, 0xeffc, 0xf0fc, 0x0ffd, 0x0ff5, 0x0ff5,
  0xf0fc, 0x15f6, 0xfef7, 0xdef7, 0xffff, 0xffff, 0xffff, 0xdeff, 0xffff, 0xdfff, 0xfdff, 0x73fd,
  0x0ffd, 0x0ff5, 0x0ffd, 0xeffc, 0x10fd, 0xf0f4, 0xf9fe, 0xfeff, 0xdfff, 0xffff, 0xffff, 0xffff,
  0xffff, 0xffff, 0xffff, 0xffff, 0xffff, 0xffff, 0xffff, 0xffff, 0xffff, 0xffff, 0xffff, 0xffff,
  0xffff, 0xffff, 0xffff, 0xffff, 0xffff, 0xffff, 0xffff, 0xffff, 0xffff, 0xffff, 0xffff, 0xffff,
  0xffff, 0xffff, 0xffff, 0xffff, 0xffff, 0xffff, 0xffff, 0xffff, 0xffff, 0xffff, 0xffff, 0xffff,
  0x5cff, 0x0ffd, 0x0ffd, 0x2ffd, 0x30f5, 0xb4fd, 0xbef7, 0xdfff, 0x72f5, 0xeff4, 0x2ffd, 0x10fd,
  0x0ff5, 0x0ff5, 0xaffc, 0xf3f9, 0x35f9, 0x35f1, 0x35f9, 0x34f1, 0x34f1, 0x33f1, 0x54f1, 0x34f1,
  0x54f1, 0x54f9, 0x32e1, 0x2218, 0x0000, 0x0000, 0x0000, 0x4648, 0x33e9, 0x34f1, 0x55f1, 0x34f9,
  0xd2f2, 0x0ffd, 0xf0fc, 0x0ffd, 0x0ff5, 0x0ffd, 0xf0fc, 0x15f6, 0x7cff, 0x9cff, 0xdfff, 0xdfff,
  0xffff, 0xffff, 0xffff, 0xffff, 0xddff, 0xd4f5, 0x92fd, 0x71f5, 0x72fd, 0x72fd, 0x51fd, 0x72fd,
  0x3aff, 0xfff7, 0xdfff, 0xfeff, 0xffff, 0xffff, 0xffff, 0xffff, 0xffff, 0xffff, 0xffff, 0xffff,
  0xffff, 0xffff, 0xffff, 0xffff, 0xffff, 0xffff, 0xffff, 0xffff, 0xffff, 0xffff, 0xffff, 0xffff,
  0xffff, 0xffff, 0xffff, 0xffff, 0xffff, 0xffff, 0xffff, 0xffff, 0xffff, 0xffff, 0xffff, 0xffff,
  0xffff, 0xffff, 0xffff, 0xffff, 0xffff, 0xffff, 0x3cff, 0x72fd, 0x72fd, 0x30fd, 0x2efd, 0xb4fd,
  0xdeff, 0xdeff, 0xf4fd, 0x71fd, 0x2ffd, 0xeffc, 0x0ff5, 0x0ffd, 0xcefc, 0xb2f2, 0xf4f1, 0xb3f1,
  0x35f9, 0x54f1, 0x54f9, 0x33f1, 0x54f1, 0x54f1, 0x54f1, 0x54f1, 0x32e1, 0x2218, 0x0000, 0x0000,
  0x0000, 0x4648, 0x53e9, 0x34f1, 0x54f1, 0x33f9, 0xd2f2, 0x0ffd, 0xeffc, 0x0efd, 0xeffc, 0xeffc,
  0x0efd, 0x0ff5, 0x51fd, 0xb4fd, 0x9dff, 0xfeff, 0xdfff, 0xffff, 0xffff, 0xdfff, 0xdfff, 0x9dff,
  0x9cff, 0x9dff, 0x9dff, 0xbdff, 0x9df7, 0x9dff, 0xdef7, 0xfff7, 0xdfff, 0xffff, 0xffff, 0xffff,
  0xffff, 0xffff, 0xffff, 0xffff, 0xffff, 0xffff, 0xffff, 0xffff, 0xffff, 0xffff, 0xffff, 0xffff,
  0xffff, 0xffff, 0xffff, 0xffff, 0xffff, 0xffff, 0xffff, 0xffff, 0xffff, 0xffff, 0xffff, 0xffff,
  0xffff, 0xffff, 0xffff, 0xffff, 0xffff, 0xffff, 0xffff, 0xffff, 0xffff, 0xffff, 0xffff, 0xffff,
  0xdff7, 0x9cff, 0x7cf7, 0xf4f5, 0x2ffd, 0xb3fd, 0xbeff, 0xffff, 0x9eff, 0x9eff, 0x77fe, 0x0ffd,
  0x10f5, 0xd1f4, 0x0ffd, 0x90fc, 0x50fc, 0xd2fa, 0x34f9, 0x53f1, 0x34f1, 0x33f1, 0x54f1, 0x54f1,
  0x54f1, 0x54f9, 0x32e1, 0x2218, 0x0000, 0x0000, 0x0000, 0x4648, 0x33e9, 0x33f1, 0x54f1, 0x33f9,
  0xb3fa, 0xcffc, 0xd0fc, 0x0ffd, 0x10fd, 0x10fd, 0x0ffd, 0x0ffd, 0xeefc, 0x71fd, 0x9dff, 0xffff,
  0xdfff, 0xffff, 0xfff7, 0xdfff, 0xffff, 0xffff, 0xffff, 0xdfff, 0xdfff, 0xffff, 0xffff, 0xffff,
  0xffff, 0xffff, 0xffff, 0xfff7, 0xffff, 0xffff, 0xffff, 0xffff, 0xffff, 0xffff, 0xffff, 0xffff,
  0xffff, 0xffff, 0xffff, 0xffff, 0xffff, 0xffff, 0xffff, 0xffff, 0xffff, 0xffff, 0xffff, 0xffff,
  0xffff, 0xffff, 0xffff, 0xffff, 0xffff, 0xffff, 0xffff, 0xffff, 0xffff, 0xffff, 0xffff, 0xffff,
  0xffff, 0xffff, 0xffff, 0xffff, 0xffff, 0xdfff, 0xdfff, 0xffff, 0xdeff, 0x16fe, 0xeefc, 0xf4fd,
  0xbeff, 0xffff, 0xfff7, 0xfff7, 0x57f6, 0xeff4, 0x2ff5, 0xf1fc, 0x10fd, 0x2ffd, 0x0efd, 0x72fb,
  0x34f9, 0x74f1, 0x34f1, 0x73f1, 0x54f1, 0x34f1, 0x54f9, 0x34f9, 0x12e1, 0x2220, 0x0000, 0x0000,
  0x0000, 0x6648, 0x33e9, 0x54f1, 0x55f1, 0x13f9, 0xf3f1, 0xf2f2, 0x31f3, 0xeffc, 0x0ff5, 0xeffc,
  0x0ffd, 0x10fd, 0x0ffd, 0x72f5, 0x9dff, 0xffff, 0xffff, 0xffff, 0xffff, 0xffff, 0xffff, 0xffff,
  0xffff, 0xffff, 0xffff, 0xffff, 0xffff, 0xffff, 0xffff, 0xffff, 0xffff, 0xffff, 0xffff, 0xffff,
  0xffff, 0xffff, 0xffff, 0xffff, 0xffff, 0xffff, 0xffff, 0xffff, 0xffff, 0xffff, 0xffff, 0xffff,
  0xffff, 0xffff, 0xffff, 0xffff, 0xffff, 0xffff, 0xffff, 0xffff, 0xffff, 0xffff, 0xffff, 0xffff,
  0xffff, 0xffff, 0xffff, 0xffff, 0xffff, 0xffff, 0xffff, 0xffff, 0xffff, 0xffff, 0xffff, 0xffff,
  0xffff, 0xfeff, 0xbeff, 0x15fe, 0xeefc, 0xd4f5, 0xbeff, 0xdfff, 0xffff, 0xffff, 0x5bff, 0x98fe,
  0x55fe, 0xeffc, 0xf0fc, 0x10fd, 0xd0fc, 0x51f3, 0x15f9, 0x54f9, 0x34f1, 0x73f1, 0x54f1, 0x54f1,
  0x54f1, 0x34f9, 0x32e1, 0x0220, 0x0000, 0x0000, 0x0000, 0x6648, 0x33e1, 0x73e1, 0x55f1, 0x34f9,
  0x54f1, 0x54f9, 0xd3f1, 0xcffc, 0x2ff5, 0x0ffd, 0x0ffd, 0xeffc, 0x0ffd, 0x72fd, 0x9dff, 0xfeff,
  0xffff, 0xffff, 0xffff, 0xffff, 0xffff, 0xffff, 0xffff, 0xffff, 0xffff, 0xffff, 0xffff, 0xffff,
  0xffff, 0xffff, 0xffff, 0xffff, 0xffff, 0xffff, 0xffff, 0xffff, 0xffff, 0xffff, 0xffff, 0xffff,
  0xffff, 0xffff, 0xffff, 0xffff, 0xffff, 0xffff, 0xffff, 0xffff, 0xffff, 0xffff, 0xffff, 0xffff,
  0xffff, 0xffff, 0xffff, 0xffff, 0xffff, 0xffff, 0xffff, 0xffff, 0xffff, 0xffff, 0xffff, 0xffff,
  0xffff, 0xffff, 0xffff, 0xffff, 0xffff, 0xffff, 0xffff, 0xffff, 0xdfff, 0x15fe, 0xeffc, 0xd3fd,
  0xdeff, 0xdfff, 0xffff, 0xffff, 0xffff, 0xdfff, 0xfafe, 0xeffc, 0x0ffd, 0x0df5, 0x0ff5, 0x70f3,
  0x14e9, 0x33f1, 0x53f1, 0x94f1, 0x54f1, 0x54f1, 0x54f1, 0x54f1, 0x32e1, 0x0218, 0x0000, 0x0000,
  0x0000, 0x4650, 0x14f1, 0x34f1, 0x34f9, 0x53f1, 0x34f1, 0x34f1, 0x93f1, 0xb0fc, 0x10fd, 0xeffc,
  0x0ffd, 0x0ffd, 0x0ffd, 0x72fd, 0x9dff, 0xffff, 0xffff, 0xffff, 0xffff, 0xffff, 0xffff, 0xffff,
  0xffff, 0xffff, 0xffff, 0xffff, 0xffff, 0xffff, 0xffff, 0xffff, 0xffff, 0xffff, 0xffff, 0xffff,
  0xffff, 0xffff, 0xffff, 0xffff, 0xffff, 0xffff, 0xffff, 0xffff, 0xffff, 0xffff, 0xffff, 0xffff,
  0xffff, 0xffff, 0xffff, 0xffff, 0xffff, 0xffff, 0xffff, 0xffff, 0xffff, 0xffff, 0xffff, 0xffff,
  0xffff, 0xffff, 0xffff, 0xffff, 0xffff, 0xffff, 0xffff, 0xffff, 0xffff, 0xffff, 0xffff, 0xffff,
  0xffff, 0xffff, 0xdfff, 0x15fe, 0xeffc, 0xd4fd, 0xdeff, 0xdfff, 0xffff, 0xffff, 0xffff, 0xffff,
  0x3bf7, 0xb4fd, 0xb4fd, 0x2efd, 0xeffc, 0xd1f3, 0x72f2, 0x32fa, 0x53f1, 0x55f9, 0x34f1, 0x54f1,
  0x54f1, 0x54f1, 0x32e1, 0x2218, 0x0000, 0x0000, 0x0000, 0x6640, 0x34e9, 0x54f1, 0x34f1, 0x53f1,
  0x55f1, 0x34f1, 0xb3f1, 0xb0fc, 0x10fd, 0xeffc, 0x0ffd, 0x0ffd, 0x0ffd, 0x72fd, 0x9dff, 0xffff,
  0xffff, 0xffff, 0xffff, 0xffff, 0xffff, 0xffff, 0xffff, 0xffff, 0xffff, 0xffff, 0xffff, 0xffff,
  0xffff, 0xffff, 0xffff, 0xffff, 0xffff, 0xffff, 0xffff, 0xffff, 0xffff, 0xffff, 0xffff, 0xffff,
  0xffff, 0xffff, 0xffff, 0xffff, 0xffff, 0xffff, 0xffff, 0xffff, 0xffff, 0xffff, 0xffff, 0xffff,
  0xffff, 0xffff, 0xffff, 0xffff, 0xffff, 0xffff, 0xffff, 0xffff, 0xffff, 0xffff, 0xffff, 0xffff,
  0xffff, 0xffff, 0xffff, 0xffff, 0xffff, 0xffff, 0xffff, 0xffff, 0xdfff, 0x15fe, 0x0ffd, 0xb4fd,
  0xdeff, 0xdfff, 0xffff, 0xffff, 0xffff, 0xdfff, 0xfff7, 0x9df7, 0x7cf7, 0x92f5, 0xf0fc, 0xb0fc,
  0xf0fc, 0x30fc, 0xb3f9, 0x35f9, 0x34f1, 0x34f1, 0x54f1, 0x54f1, 0x32e1, 0x2220, 0x0000, 0x0000,
  0x0000, 0x6648, 0x12f1, 0x12f9, 0x34f9, 0x54e9, 0x34f9, 0x34f9, 0xb3f1, 0xcff4, 0x2ff5, 0x2ff5,
  0x0ffd, 0x0ffd, 0x0ffd, 0x71fd, 0x9dff, 0xffff, 0xffff, 0xffff, 0xffff, 0xffff, 0xffff, 0xffff,
  0xffff, 0xffff, 0xffff, 0xffff, 0xffff, 0xffff, 0xffff, 0xffff, 0xffff, 0xffff, 0xffff, 0xffff,
  0xffff, 0xffff, 0xffff, 0xffff, 0xffff, 0xffff, 0xffff, 0xffff, 0xffff, 0xffff, 0xffff, 0xffff,
  0xffff, 0xffff, 0xffff, 0xffff, 0xffff, 0xffff, 0xffff, 0xffff, 0xffff, 0xffff, 0xffff, 0xffff,
  0xffff, 0xffff, 0xffff, 0xffff, 0xffff, 0xffff, 0xffff, 0xffff, 0xffff, 0xffff, 0xffff, 0xffff,
  0xffff, 0xffff, 0xbfff, 0x15fe, 0x0ffd, 0xd4fd, 0xdeff, 0xffff, 0xffff, 0xffff, 0xffff, 0xdfff,
  0xffff, 0xbeff, 0x9dff, 0x91fd, 0x0efd, 0x0ffd, 0x2ef5, 0x6ff4, 0xf2f1, 0x54f1, 0x73f1, 0x34f1,
  0x54f9, 0x54f9, 0x32e1, 0x0220, 0x0000, 0x0000, 0x0000, 0x2110, 0x4640, 0x6650, 0xf0c8, 0x54f1,
  0x54f1, 0x54f1, 0xb3f1, 0xaffc, 0x0ffd, 0xeffc, 0x0ffd, 0x0ffd, 0x0ffd, 0x71fd, 0x9dff, 0xffff,
  0xffff, 0xffff, 0xffff, 0xffff, 0xffff, 0xffff, 0xffff, 0xffff, 0xffff, 0xffff, 0xffff, 0xffff,
  0xffff, 0xffff, 0xffff, 0xffff, 0xffff, 0xffff, 0xffff, 0xffff, 0xffff, 0xffff, 0xffff, 0xffff,
  0xffff, 0xffff, 0xffff, 0xffff, 0xffff, 0xffff, 0xffff, 0xffff, 0xffff, 0xffff, 0xffff, 0xffff,
  0xffff, 0xffff, 0xffff, 0xffff, 0xffff, 0xffff, 0xffff, 0xffff, 0xffff, 0xffff, 0xffff, 0xffff,
  0xffff, 0xffff, 0xffff, 0xffff, 0xffff, 0xffff, 0xffff, 0xfeff, 0xbfff, 0x15fe, 0xeffc, 0xd4fd,
  0xdeff, 0xffff, 0xffff, 0xffff, 0xffff, 0xffff, 0xffff, 0xdfff, 0xbeff, 0x91f5, 0xeef4, 0xd1f3,
  0x53f2, 0x12f2, 0x74f1, 0x34f1, 0x34f1, 0x34f1, 0x54f9, 0x54f9, 0x32e1, 0x2220, 0x0000, 0x0000,
  0x0000, 0x0000, 0x2000, 0x2110, 0xeeb8, 0x54f1, 0x35f9, 0x34f9, 0xd3f1, 0xaff4, 0xeffc, 0x10f5,
  0x0ffd, 0xeefc, 0x0ffd, 0x72f5, 0x7cff, 0xffff, 0xfff7, 0xfeff, 0xfeff, 0xffff, 0xffff, 0xffff,
  0xffff, 0xffff, 0xffff, 0xffff, 0xffff, 0xffff, 0xffff, 0xffff, 0xffff, 0xffff, 0xffff, 0xffff,
  0xffff, 0xffff, 0xffff, 0xffff, 0xffff, 0xffff, 0xffff, 0xffff, 0xffff, 0xffff, 0xffff, 0xffff,
  0xffff, 0xffff, 0xffff, 0xffff, 0xffff, 0xffff, 0xffff, 0xffff, 0xffff, 0xffff, 0xffff, 0xffff,
  0xffff, 0xffff, 0xffff, 0xffff, 0xffff, 0xffff, 0xffff, 0xffff, 0xffff, 0xffff, 0xffff, 0xffff,
  0xffff, 0xfeff, 0xdff7, 0x15fe, 0x2ffd, 0xd4f5, 0xdef7, 0xffff, 0xffff, 0xffff, 0xffff, 0xffff,
  0xdfff, 0xfeff, 0xbdff, 0x92f5, 0x0efd, 0x51f3, 0x14f1, 0x34f1, 0x34f1, 0x14f9, 0x54f9, 0x54f9,
  0x54f1, 0x55f9, 0x32e1, 0x0320, 0x0000, 0x0000, 0x0000, 0x0000, 0x0008, 0x0218, 0xefb8, 0x35f9,
  0x54f9, 0x34f1, 0xb3e9, 0xb1fc, 0x0ffd, 0xd0fc, 0x10fd, 0x0ffd, 0x0ffd, 0x51f5, 0x56fe, 0x77f6,
  0x3bff, 0xdeff, 0xffff, 0xffff, 0xfef7, 0xfff7, 0xffff, 0xffff, 0xffff, 0xffff, 0xffff, 0xffff,
  0xffff, 0xffff, 0xffff, 0xffff, 0xffff, 0xffff, 0xffff, 0xffff, 0xffff, 0xffff, 0xffff, 0xffff,
  0xffff, 0xffff, 0xffff, 0xffff, 0xffff, 0xffff, 0xffff, 0xffff, 0xffff, 0xffff, 0xffff, 0xffff,
  0xffff, 0xffff, 0xffff, 0xffff, 0xffff, 0xffff, 0xffff, 0xffff, 0xffff, 0xffff, 0xffff, 0xffff,
  0xffff, 0xffff, 0xffff, 0xffff, 0xffff, 0xffff, 0xffff, 0xdeff, 0xdff7, 0xf5fd, 0x0ef5, 0xd4fd,
  0xdef7, 0xdfff, 0xffff, 0xffff, 0xffff, 0xffff, 0x7dff, 0x76fe, 0x56fe, 0x11fd, 0x0efd, 0x30fc,
  0x11fb, 0xd2fa, 0xb3f9, 0x35f9, 0xeeb0, 0xcb88, 0xac80, 0xab88, 0x8a88, 0x0118, 0x0000, 0x0000,
  0x0000, 0x0000, 0x2000, 0x2210, 0x0fb9, 0x34f1, 0x53f1, 0x54f1, 0xb2f1, 0xb0fc, 0x2ff5, 0x0ffd,
  0xf0fc, 0xeffc, 0x0ffd, 0x0ffd, 0x10fd, 0xf0fc, 0x77fe, 0xdef7, 0xffff, 0xdfff, 0xfeff, 0xdfff,
  0xffff, 0xffff, 0xffff, 0xffff, 0xffff, 0xffff, 0xffff, 0xffff, 0xffff, 0xffff, 0xffff, 0xffff,
  0xffff, 0xffff, 0xffff, 0xffff, 0xffff, 0xffff, 0xffff, 0xffff, 0xffff, 0xffff, 0xffff, 0xffff,
  0xffff, 0xffff, 0xffff, 0xffff, 0xffff, 0xffff, 0xffff, 0xffff, 0xffff, 0xffff, 0xffff, 0xffff,
  0xffff, 0xffff, 0xffff, 0xffff, 0xffff, 0xffff, 0xffff, 0xffff, 0xffff, 0xffff, 0xffff, 0xffff,
  0xffff, 0xffff, 0xdfff, 0x15fe, 0xeff4, 0xb3fd, 0xbdff, 0xdfff, 0xffff, 0xdfff, 0xfeff, 0xfff7,
  0x1bff, 0xeff4, 0x0ff5, 0xd0fc, 0xeffc, 0xf0fc, 0x0ff5, 0x50fc, 0xd3f9, 0x55f1, 0x8860, 0x0000,
  0x0100, 0x0100, 0x0108, 0x0000, 0x0000, 0x0000, 0x2000, 0x0000, 0x2000, 0x0218, 0xeb90, 0xf0c8,
  0x32d9, 0x34f1, 0xb2f1, 0x11fc, 0x50fc, 0xcffc, 0x2ffd, 0x0ffd, 0x0ffd, 0x0ffd, 0xeffc, 0x2ffd,
  0x75f6, 0x5af7, 0x5cff, 0xfef7, 0xfef7, 0xdfff, 0xffff, 0xffff, 0xffff, 0xffff, 0xffff, 0xffff,
  0xffff, 0xffff, 0xffff, 0xffff, 0xffff, 0xffff, 0xffff, 0xffff, 0xffff, 0xffff, 0xffff, 0xffff,
  0xffff, 0xffff, 0xffff, 0xffff, 0xffff, 0xffff, 0xffff, 0xffff, 0xffff, 0xffff, 0xffff, 0xffff,
  0xffff, 0xffff, 0xffff, 0xffff, 0xffff, 0xffff, 0xffff, 0xffff, 0xffff, 0xffff, 0xffff, 0xffff,
  0xffff, 0xffff, 0xffff, 0xffff, 0xffff, 0xffff, 0xffff, 0xffff, 0xbfff, 0x77fe, 0xb3f5, 0x56f6,
  0xdeff, 0xffff, 0xffff, 0xdfff, 0xffff, 0xfff7, 0x5bff, 0xeffc, 0x2ff5, 0x10fd, 0x2ff5, 0x10fd,
  0x4ff5, 0x90fc, 0xb2f1, 0x55f1, 0x8860, 0x2000, 0x2000, 0x2000, 0x2000, 0x2008, 0x0000, 0x0000,
  0x0000, 0x0000, 0x2008, 0x0000, 0x0100, 0x0100, 0xa968, 0x34f1, 0x15f9, 0x53f1, 0xb2f1, 0x51ec,
  0x0ef5, 0x0ffd, 0xeffc, 0x0ffd, 0x0ff5, 0x2ff5, 0x11fd, 0x11fd, 0xb4fd, 0xbdff, 0xffff, 0xdfff,
  0xffff, 0xffff, 0xffff, 0xffff, 0xffff, 0xffff, 0xffff, 0xffff, 0xffff, 0xffff, 0xffff, 0xffff,
  0xffff, 0xffff, 0xffff, 0xffff, 0xffff, 0xffff, 0xffff, 0xffff, 0xffff, 0xffff, 0xffff, 0xffff,
  0xffff, 0xffff, 0xffff, 0xffff, 0xffff, 0xffff, 0xffff, 0xffff, 0xffff, 0xffff, 0xffff, 0xffff,
  0xffff, 0xffff, 0xffff, 0xffff, 0xffff, 0xffff, 0xffff, 0xffff, 0xffff, 0xffff, 0xffff, 0xdfff,
  0xdfff, 0xfeff, 0xffff, 0xddff, 0xddff, 0xbdff, 0xffff, 0xffff, 0xffff, 0xdfff, 0xdeff, 0xdeff,
  0xfbfe, 0xf0f4, 0x0ff5, 0xcffc, 0x0ef5, 0x0ffd, 0x0ffd, 0x70fc, 0xf3f1, 0x95f9, 0x8768, 0x0000,
  0x0000, 0x0008, 0x2000, 0x0110, 0x0000, 0x0000, 0x0000, 0x0000, 0x0000, 0x0000, 0x2000, 0x0000,
  0x8860, 0x53f1, 0x54f1, 0x35f1, 0x54f1, 0xcffb, 0xcffc, 0xf0fc, 0xeff4, 0x0ffd, 0x0ffd, 0x0ffd,
  0x0ff5, 0xeffc, 0xb3f5, 0x9df7, 0xbdff, 0xffff, 0xdfff, 0xffff, 0xffff, 0xffff, 0xffff, 0xffff,
  0xffff, 0xffff, 0xffff, 0xffff, 0xffff, 0xffff, 0xffff, 0xffff, 0xffff, 0xffff, 0xffff, 0xffff,
  0xffff, 0xffff, 0xffff, 0xffff, 0xffff, 0xffff, 0xffff, 0xffff, 0xffff, 0xffff, 0xffff, 0xffff,
  0xffff, 0xffff, 0xffff, 0xffff, 0xffff, 0xffff, 0xffff, 0xffff, 0xffff, 0xffff, 0xffff, 0xffff,
  0xffff, 0xffff, 0xffff, 0xffff, 0xffff, 0xffff, 0xffff, 0xfeff, 0xffff, 0xfeff, 0xffff, 0xffff,
  0xdfff, 0xffff, 0xffff, 0xffff, 0xffff, 0xffff, 0xfbfe, 0x30f5, 0x0efd, 0xd0fc, 0x0ff5, 0x10fd,
  0xeefc, 0x30fc, 0xd4f1, 0x55f1, 0x6868, 0x0000, 0x0000, 0x0000, 0x2000, 0x0008, 0x0000, 0x0000,
  0x0000, 0x0000, 0x0000, 0x0000, 0x0000, 0x0000, 0x8868, 0x14f9, 0x74f1, 0x54e9, 0x33f9, 0x33f2,
  0x72f2, 0x91fb, 0x10f5, 0xeffc, 0x0ef5, 0x0ffd, 0xf0fc, 0xeffc, 0x4ff5, 0xb3fd, 0x93f5, 0x7cff,
  0xffff, 0xfff7, 0xffff, 0xfeff, 0xffff, 0xffff, 0xffff, 0xffff, 0xffff, 0xffff, 0xffff, 0xffff,
  0xffff, 0xffff, 0xffff, 0xffff, 0xffff, 0xffff, 0xffff, 0xffff, 0xffff, 0xffff, 0xffff, 0xffff,
  0xffff, 0xffff, 0xffff, 0xffff, 0xffff, 0xffff, 0xffff, 0xffff, 0xffff, 0xffff, 0xffff, 0xffff,
  0xffff, 0xffff, 0xffff, 0xffff, 0xffff, 0xffff, 0xffff, 0xffff, 0xffff, 0xffff, 0xffff, 0xffff,
  0xdfff, 0xffff, 0xffff, 0xdfff, 0xffff, 0xdfff, 0xffff, 0xffff, 0xdfff, 0xdef7, 0xffff, 0xfeff,
  0x3cf7, 0xeefc, 0xeffc, 0x0ffd, 0x10fd, 0xd2fb, 0x73f2, 0x53f2, 0x54f1, 0x73f1, 0x8968, 0x0000,
  0x0000, 0x0000, 0x0000, 0x0000, 0x0000, 0x0000, 0x0000, 0x0000, 0x0000, 0x0000, 0x0000, 0x0000,
  0x8860, 0x13f1, 0x53f1, 0x54f9, 0x13f9, 0x54f1, 0x14f9, 0xd1f2, 0x10f5, 0x0ffd, 0x2ff5, 0xf0fc,
  0x0ffd, 0xeffc, 0x2ef5, 0x0ff5, 0x10ed, 0x1bf7, 0xdfff, 0xfff7, 0xffff, 0xdeff, 0xfff7, 0xdfff,
  0xffff, 0xffff, 0xffff, 0xffff, 0xffff, 0xffff, 0xffff, 0xffff, 0xffff, 0xffff, 0xffff, 0xffff,
  0xffff, 0xffff, 0xffff, 0xffff, 0xffff, 0xffff, 0xffff, 0xffff, 0xffff, 0xffff, 0xffff, 0xffff,
  0xffff, 0xffff, 0xffff, 0xffff, 0xffff, 0xffff, 0xffff, 0xffff, 0xffff, 0xffff, 0xffff, 0xffff,
  0xffff, 0xffff, 0xffff, 0xffff, 0xffff, 0xfff7, 0xffff, 0xffff, 0xfef7, 0xffff, 0xfff7, 0xffff,
  0xdfff, 0xfff7, 0xdfff, 0xffff, 0xffff, 0xdfff, 0x1cf7, 0x0efd, 0x2ff5, 0xf0fc, 0xf0fc, 0x30fb,
  0x13f1, 0x53f1, 0x34f9, 0x73f1, 0x8968, 0x0000, 0x0000, 0x0000, 0x0000, 0x0000, 0x0000, 0x0000,
  0x0000, 0x0000, 0x0000, 0x0000, 0x0000, 0x0000, 0x4538, 0xcc90, 0xcca0, 0x33f1, 0x34f9, 0x54e9,
  0x35f1, 0x52ea, 0xb0f3, 0xd0f3, 0xf0f4, 0xd0fc, 0x0ffd, 0xf0fc, 0x0ffd, 0x0ffd, 0xf0fc, 0x56fe,
  0xb8fe, 0xd8f6, 0xd8fe, 0x1af7, 0xdef7, 0xffff, 0xdfff, 0xffff, 0xffff, 0xffff, 0xffff, 0xffff,
  0xffff, 0xffff, 0xffff, 0xffff, 0xffff, 0xffff, 0xffff, 0xffff, 0xffff, 0xffff, 0xffff, 0xffff,
  0xffff, 0xffff, 0xffff, 0xffff, 0xffff, 0xffff, 0xffff, 0xffff, 0xffff, 0xffff, 0xffff, 0xffff,
  0xffff, 0xffff, 0xffff, 0xffff, 0xffff, 0xffff, 0xffff, 0xffff, 0xffff, 0xffff, 0xffff, 0xffff,
  0xffff, 0xffff, 0xffff, 0xffff, 0xffff, 0xffff, 0xdfff, 0xffff, 0xdfff, 0xfeff, 0x5cf7, 0xbafe,
  0x36f6, 0xeefc, 0xeffc, 0xf1f3, 0xb1f3, 0xb1f2, 0x34f9, 0x34f1, 0x34f9, 0x53f9, 0x8868, 0x0000,
  0x0000, 0x0000, 0x0000, 0x0000, 0x0000, 0x0000, 0x0000, 0x0000, 0x0000, 0x0000, 0x0000, 0x0000,
  0x0000, 0x0108, 0x0228, 0x31d9, 0x34f9, 0x34f9, 0x33f1, 0x35f1, 0x54f9, 0x13f2, 0x71fc, 0x0efd,
  0x0ff5, 0xeefc, 0x0efd, 0x0ffd, 0xcffc, 0x30fd, 0x0ffd, 0x10fd, 0xf0fc, 0xb4f5, 0xbdff, 0xdfff,
  0xdff7, 0xdfff, 0xffff, 0xdfff, 0xdfff, 0xffff, 0xffff, 0xffff, 0xffff, 0xffff, 0xffff, 0xffff,
  0xffff, 0xffff, 0xffff, 0xffff, 0xffff, 0xffff, 0xffff, 0xffff, 0xffff, 0xffff, 0xffff, 0xffff,
  0xffff, 0xffff, 0xffff, 0xffff, 0xffff, 0xffff, 0xffff, 0xffff, 0xffff, 0xffff, 0xffff, 0xffff,
  0xffff, 0xffff, 0xffff, 0xffff, 0xffff, 0xffff, 0xffff, 0xffff, 0xffff, 0xffff, 0xdfff, 0xdeff,
  0xffff, 0xffff, 0xdfff, 0xfdff, 0x57fe, 0x0ffd, 0x4ff5, 0x2efd, 0xd0fc, 0x34f2, 0x53f1, 0x74f1,
  0x74f9, 0x54e9, 0x55f1, 0x74f9, 0x8760, 0x0000, 0x0000, 0x0000, 0x0000, 0x0000, 0x0000, 0x0000,
  0x0000, 0x0000, 0x0000, 0x0000, 0x0000, 0x0000, 0x0008, 0x0000, 0x2118, 0x72d1, 0x54f1, 0x33f1,
  0x55f9, 0x55f9, 0x32f1, 0x12ea, 0x31fc, 0xd0fc, 0xb0fc, 0x90fc, 0xb0fc, 0x0ff5, 0xeffc, 0x0ff5,
  0x0ff5, 0x2ffd, 0xeffc, 0xb3f5, 0xbcff, 0x9dff, 0xbdff, 0x7cff, 0xbdff, 0xffff, 0xffff, 0xffff,
  0xffff, 0xffff, 0xffff, 0xffff, 0xffff, 0xffff, 0xffff, 0xffff, 0xffff, 0xffff, 0xffff, 0xffff,
  0xffff, 0xffff, 0xffff, 0xffff, 0xffff, 0xffff, 0xffff, 0xffff, 0xffff, 0xffff, 0xffff, 0xffff,
  0xffff, 0xffff, 0xffff, 0xffff, 0xffff, 0xffff, 0xffff, 0xffff, 0xffff, 0xffff, 0xffff, 0xffff,
  0xfff7, 0x9dff, 0x7cff, 0xdeff, 0xfff7, 0xdfff, 0x9dff, 0x7dff, 0x9eff, 0x9cff, 0x36fe, 0xf0fc,
  0xeffc, 0xeef4, 0xaffc, 0xf3f9, 0x34f9, 0x34f1, 0x53f1, 0x33f1, 0x33d9, 0x12d9, 0x4760, 0x0000,
  0x0000, 0x0000, 0x0000, 0x0000, 0x0000, 0x0000, 0x0000, 0x0000, 0x0000, 0x0000, 0x0000, 0x0000,
  0x0000, 0x0000, 0x0118, 0x12e1, 0x34f9, 0x73f1, 0x34f1, 0x34f9, 0x33f9, 0x55f1, 0xd3f9, 0x13f2,
  0xf3f1, 0xd5f9, 0xd3fa, 0xaffc, 0x10fd, 0x10fd, 0x0ffd, 0x0ff5, 0x0efd, 0x0ffd, 0xb2f5, 0x52fd,
  0x92fd, 0x72fd, 0x77fe, 0xdeff, 0xffff, 0xffff, 0xffff, 0xffff, 0xffff, 0xffff, 0xffff, 0xffff,
  0xffff, 0xffff, 0xffff, 0xffff, 0xffff, 0xffff, 0xffff, 0xffff, 0xffff, 0xffff, 0xffff, 0xffff,
  0xffff, 0xffff, 0xffff, 0xffff, 0xffff, 0xffff, 0xffff, 0xffff, 0xffff, 0xffff, 0xffff, 0xffff,
  0xffff, 0xffff, 0xffff, 0xffff, 0xffff, 0xffff, 0x5bff, 0xb3fd, 0x91fd, 0x19ff, 0xffff, 0x1bff,
  0x93fd, 0x91fd, 0x91fd, 0x92fd, 0x51fd, 0x0ff5, 0x0ffd, 0x0ff5, 0xf0fc, 0xf3f9, 0x54f1, 0x53f1,
  0x55f1, 0xf2d8, 0x6650, 0x2430, 0x4210, 0x0000, 0x0000, 0x0000, 0x0000, 0x0000, 0x0000, 0x0000,
  0x0000, 0x0000, 0x0000, 0x0000, 0x0000, 0x0000, 0x0000, 0x0000, 0x2318, 0x12e1, 0x14f1, 0x53e9,
  0x34f9, 0x53e9, 0x93f1, 0x53f9, 0x54f1, 0x74e9, 0x53f1, 0x33f9, 0x73ea, 0x2eed, 0x0ffd, 0x10f5,
  0x2ff5, 0x10fd, 0xf0f4, 0x10fd, 0x2ff5, 0xf0fc, 0xeffc, 0xeffc, 0x16fe, 0xdfff, 0xdff7, 0xdfff,
  0xdeff, 0xfeff, 0xfff7, 0xffff, 0xdfff, 0xffff, 0xdfff, 0xffff, 0xffff, 0xffff, 0xffff, 0xffff,
  0xffff, 0xffff, 0xffff, 0xffff, 0xffff, 0xffff, 0xffff, 0xffff, 0xffff, 0xffff, 0xffff, 0xdfff,
  0xffff, 0xfff7, 0xffff, 0xfeff, 0xffff, 0xbfff, 0xfff7, 0xffff, 0xffff, 0xdfff, 0xffff, 0xdfff,
  0x5cf7, 0x0fed, 0x30f5, 0xd9fe, 0xbfff, 0xb9fe, 0xf1f4, 0x2efd, 0x2ff5, 0x0dfd, 0xd0fc, 0x2ef5,
  0x0ffd, 0x0efd, 0xeff4, 0x11f2, 0x34f9, 0x73f1, 0xf4f8, 0x31d1, 0x4428, 0x0000, 0x0008, 0x0000,
  0x0000, 0x0000, 0x0000, 0x0000, 0x0000, 0x0000, 0x0000, 0x0000, 0x0000, 0x0000, 0x0000, 0x0000,
  0x2000, 0x0000, 0x0110, 0xa868, 0xaa70, 0x31d9, 0x34f1, 0x34f9, 0x34f9, 0x34f9, 0x34f9, 0x34f9,
  0x54f9, 0x15f9, 0x94f9, 0xf2fa, 0x12fb, 0x8ff4, 0xf0fc, 0xf0fc, 0x0ffd, 0x2ffd, 0x0ff5, 0xf0fc,
  0x0ff5, 0x0ffd, 0x72fd, 0x36fe, 0x77fe, 0x9cff, 0xffff, 0xdafe, 0x56f6, 0x99f6, 0xffff, 0xffff,
  0xffff, 0xffff, 0xffff, 0xdfff, 0xffff, 0xffff, 0xffff, 0xffff, 0xffff, 0xffff, 0xffff, 0xffff,
  0xffff, 0xffff, 0xffff, 0xffff, 0xffff, 0xfff7, 0xffff, 0xffff, 0xffff, 0xdfff, 0xdfff, 0xbdff,
  0x55f6, 0x35fe, 0x36fe, 0x36fe, 0x36f6, 0x56f6, 0xf4f5, 0xeefc, 0xf0fc, 0xd3f5, 0x55f6, 0xf4f5,
  0x2ff5, 0x0efd, 0x71f3, 0x10f3, 0x12f3, 0x12fb, 0x13f3, 0x13f3, 0xf2fa, 0xb2e9, 0x34f9, 0xf0b8,
  0x8b78, 0x6768, 0x2110, 0x0000, 0x0000, 0x0000, 0x0000, 0x0000, 0x0000, 0x0000, 0x0000, 0x0000,
  0x0000, 0x0000, 0x0000, 0x0000, 0x0000, 0x0000, 0x4000, 0x0000, 0x0000, 0x2000, 0x0108, 0xedc0,
  0x54f1, 0x54f1, 0x34f1, 0x55f1, 0x55f1, 0x34f1, 0x53f1, 0x35f1, 0x33f9, 0x35f9, 0x93e9, 0x4ff4,
  0x0ffd, 0xeffc, 0x0ff5, 0xeff4, 0x10f5, 0xf0fc, 0x10fd, 0x10fd, 0x0ffd, 0xeff4, 0x52f5, 0x5bff,
  0xfff7, 0xf6fd, 0x0efd, 0xb5f5, 0xffff, 0xdeff, 0xffff, 0xffff, 0xffff, 0xffff, 0xffff, 0xffff,
  0xffff, 0xffff, 0xffff, 0xffff, 0xffff, 0xffff, 0xffff, 0xffff, 0xffff, 0xffff, 0xffff, 0xffff,
  0xffff, 0xdfff, 0xffff, 0xdfff, 0xffff, 0xbcff, 0x10fd, 0x0ffd, 0xd0fc, 0x10f5, 0xeffc, 0xeffc,
  0xeff4, 0x0ffd, 0x10fd, 0x2ff5, 0xcff4, 0xeffc, 0x2efd, 0x10f5, 0x12f2, 0x53f1, 0x53f1, 0x54f1,
  0x54f1, 0x53f1, 0x52f1, 0x14f1, 0x35f1, 0xab80, 0x2100, 0x0008, 0x0000, 0x0000, 0x2000, 0x0000,
  0x0000, 0x0000, 0x0000, 0x0000, 0x0000, 0x0000, 0x0000, 0x0000, 0x0000, 0x0000, 0x0000, 0x0000,
  0x0000, 0x0108, 0x0000, 0x0000, 0x0108, 0xeb80, 0x30c9, 0x51c9, 0x34f1, 0x34f1, 0x14f9, 0x54f9,
  0x33f1, 0x55f9, 0x73f1, 0x55f1, 0x74f1, 0x92fb, 0x50fc, 0xb1fc, 0x2ffd, 0xeffc, 0xeffc, 0xeefc,
  0xeffc, 0xd0fc, 0xeffc, 0x0ef5, 0x51f5, 0xd9fe, 0x3bff, 0xd4fd, 0x0efd, 0xd4fd, 0x3bff, 0x1bff,
  0xfdff, 0xffff, 0xffff, 0xffff, 0xffff, 0xffff, 0xffff, 0xffff, 0xffff, 0xffff, 0xffff, 0xffff,
  0xffff, 0xffff, 0xffff, 0xffff, 0xffff, 0xdfff, 0xffff, 0xffff, 0xffff, 0xbdff, 0x1aff, 0x9af6,
  0x11fd, 0x4fed, 0x10fd, 0x0ef5, 0x4ef5, 0x0ffd, 0xf0fc, 0xf1f3, 0x11f4, 0xaff4, 0xcffc, 0xcefc,
  0x10fc, 0xf1f3, 0xf3f1, 0x75f1, 0x35f1, 0x35f9, 0x34f1, 0x75f9, 0x75f1, 0xf1c0, 0xd0c0, 0x8970,
  0x2000, 0x0000, 0x0100, 0x2000, 0x0000, 0x0000, 0x0000, 0x0000, 0x0000, 0x0000, 0x0000, 0x0000,
  0x0000, 0x0000, 0x0000, 0x0000, 0x0000, 0x0000, 0x0000, 0x0000, 0x2000, 0x2008, 0x0000, 0x0210,
  0x0108, 0x8978, 0x33f9, 0x54f1, 0x53e9, 0x73e9, 0x35f9, 0x14f9, 0x54f1, 0x74f1, 0x13f1, 0x73f1,
  0x73f1, 0x11f3, 0xcffc, 0x0ffd, 0x31f5, 0x2ffd, 0x4ffd, 0x0ffd, 0x2efd, 0x2efd, 0xeffc, 0x30fd,
  0x30ed, 0x10fd, 0xeffc, 0x30fd, 0x2ff5, 0x52f5, 0x7bf7, 0xffff, 0xffff, 0xfef7, 0xffff, 0xffff,
  0xffff, 0xffff, 0xffff, 0xffff, 0xffff, 0xffff, 0xffff, 0xffff, 0xffff, 0xffff, 0xffff, 0xdfff,
  0xffff, 0xfff7, 0xfeff, 0x78fe, 0x31fd, 0x30f5, 0xeefc, 0x0eed, 0x0ffd, 0xeefc, 0xf0fc, 0x0ff5,
  0x4ffc, 0xb1f1, 0xb3f1, 0xb1fb, 0x0dfd, 0xf1f3, 0xb3f1, 0x73f9, 0x33f9, 0x74f1, 0x53e9, 0x34f9,
  0x34f1, 0x54f1, 0x13e1, 0x6530, 0x0000, 0x0008, 0x2000, 0x2100, 0x0000, 0x2000, 0x0000, 0x0000,
  0x0000, 0x0000, 0x0000, 0x0000, 0x0000, 0x0000, 0x0000, 0x0000, 0x0000, 0x0000, 0x0000, 0x0000,
  0x0000, 0x0000, 0x2008, 0x0000, 0x2000, 0x0008, 0x2000, 0xa858, 0x52e9, 0x33e9, 0x33e9, 0x12e1,
  0x33e9, 0x33e9, 0x53e9, 0x34f1, 0x33f9, 0x54f9, 0x54f1, 0x12eb, 0xeffc, 0xf0fc, 0xf1f4, 0xcffc,
  0xd0fc, 0xcffc, 0xf0fc, 0xd0fc, 0xaffc, 0xeffc, 0xeff4, 0x10fd, 0x0efd, 0xeffc, 0x10fd, 0x11fd,
  0x5aff, 0xdeff, 0xdfff, 0xfef7, 0xdfff, 0xdeff, 0xdeff, 0xdeff, 0xdeff, 0xdeff, 0xdeff, 0xdeff,
  0xdeff, 0xdeff, 0xdeff, 0xdeff, 0xdeff, 0xdeff, 0xbeff, 0xdfff, 0xbfff, 0x77fe, 0x0ffd, 0xeefc,
  0xcffc, 0xb0fc, 0xf0fc, 0xeffc, 0xb1fc, 0xcffc, 0x30f4, 0x74f1, 0x94e9, 0x91fb, 0xcff4, 0xb1f3,
  0x94f1, 0x34e9, 0x54e9, 0x95f1, 0x72f1, 0x33e1, 0x32e9, 0x12f1, 0x12d9, 0x2328, 0x2008, 0x2000,
  0x0000, 0x0000, 0x0000, 0x0000, 0x0100, 0x0000, 0x0000, 0x0000, 0x0000, 0x0000, 0x0000, 0x0000,
  0x0000, 0x0000, 0x0000, 0x0000, 0x0000, 0x0000, 0x0000, 0x0000, 0x0000, 0x0000, 0x0000, 0x0000,
  0x0008, 0x0118, 0x2220, 0x2328, 0x4328, 0x4328, 0x2228, 0x4228, 0x6758, 0x13e9, 0x55f9, 0x33f1,
  0x73e9, 0x93f1, 0xd3f9, 0xf3f9, 0xd3f1, 0xd3f1, 0xf3f9, 0xd3f1, 0xd3f1, 0xd3f1, 0xd3f9, 0xd3f9,
  0x93f9, 0xb0f3, 0x4df5, 0x0ef5, 0x2ff5, 0xeffc, 0x30fd, 0x71fd, 0x71fd, 0x71fd, 0x52fd, 0x71fd,
  0x71fd, 0x71fd, 0x71fd, 0x71fd, 0x71fd, 0x71fd, 0x71fd, 0x71fd, 0x71fd, 0x71fd, 0x71fd, 0x91fd,
  0x71f5, 0x71f5, 0x71fd, 0x50f5, 0x0ff5, 0xcef4, 0x13fa, 0xf3f1, 0xd3f9, 0xf2f1, 0x11f2, 0xf2f1,
  0xd3f1, 0x93f1, 0x73f1, 0x94f1, 0xb3f1, 0xb4f1, 0x32f9, 0x53e9, 0xc960, 0x8528, 0x4230, 0x6328,
  0x4320, 0x4318, 0x6218, 0x2108, 0x0000, 0x0000, 0x0000, 0x0000, 0x0000, 0x0000, 0x0000, 0x0000,
  0x0000, 0x0000, 0x0000, 0x0000, 0x0000, 0x0000, 0x0000, 0x0000, 0x0000, 0x0000, 0x0000, 0x0000,
  0x0000, 0x0000, 0x0000, 0x0000, 0x0000, 0x0000, 0x2000, 0x0000, 0x0000, 0x0000, 0x0000, 0x0000,
  0x0000, 0x0000, 0x4538, 0x32e1, 0x54f1, 0x54f1, 0x35f9, 0x34f9, 0x34f9, 0x34f1, 0x54f1, 0x54f1,
  0x54f1, 0x54f1, 0x54f1, 0x34f1, 0x34f1, 0x54f1, 0x34f9, 0x52fb, 0xeffc, 0xf0fc, 0x0ff5, 0xcffc,
  0xeffc, 0x0ffd, 0x0ff5, 0x0ffd, 0x0ffd, 0xeffc, 0xeffc, 0xeffc, 0xeffc, 0xeffc, 0xeffc, 0xeffc,
  0xeffc, 0xeffc, 0xeffc, 0xeffc, 0xeffc, 0xeffc, 0xeffc, 0x0ffd, 0x0ffd, 0xeffc, 0xeffc, 0x50f4,
  0x93f1, 0x53e9, 0x34f1, 0x35f1, 0x35f1, 0x73f1, 0x94f1, 0x95f9, 0x95f9, 0x95f9, 0x33e9, 0x33e9,
  0x33f1, 0x73e9, 0xa648, 0x6108, 0x6000, 0x0008, 0x0000, 0x0100, 0x0008, 0x0000, 0x0000, 0x0000,
  0x0000, 0x0000, 0x0000, 0x0000, 0x0000, 0x0000, 0x0000, 0x0000, 0x0000, 0x0000, 0x0000, 0x0000,
  0x0000, 0x0000, 0x0000, 0x0000, 0x0000, 0x0000, 0x0000, 0x0000, 0x0000, 0x0000, 0x0000, 0x0000,
  0x0000, 0x0000, 0x0000, 0x0000, 0x0000, 0x0000, 0x0000, 0x0000, 0x2538, 0x32e9, 0x14f1, 0x54f1,
  0x34f1, 0x34f1, 0x54f1, 0x54f1, 0x54f1, 0x54f1, 0x54f1, 0x54f1, 0x54f1, 0x54f1, 0x53f1, 0x53f1,
  0x14f9, 0x33f2, 0x11fb, 0xf2fa, 0x12f3, 0x12fb, 0x12fb, 0x12f3, 0x12f3, 0x32f3, 0x12fb, 0x12f3,
  0x12f3, 0x12f3, 0x12f3, 0x12f3, 0x12f3, 0x11f3, 0x11f3, 0x11f3, 0x11f3, 0x11f3, 0x11f3, 0x12f3,
  0x12f3, 0x12f3, 0x11f3, 0x11f3, 0x32fb, 0xf1ea, 0x53f1, 0x74f1, 0x33f1, 0x13f1, 0x54f1, 0x53f1,
  0x94f1, 0x94f1, 0x95f1, 0xb5f1, 0x94f1, 0x73e9, 0x34e9, 0x33e9, 0xa540, 0x6218, 0x8210, 0x2000,
  0x2000, 0x2000, 0x0000, 0x0000, 0x0000, 0x0000, 0x0000, 0x0000, 0x0000, 0x0000, 0x0000, 0x0000,
  0x0000, 0x0000, 0x0000, 0x0000, 0x0000, 0x0000, 0x0000, 0x0000, 0x0000, 0x0000, 0x0000, 0x0000,
  0x0000, 0x0000, 0x0000, 0x0000, 0x0000, 0x0000, 0x0000, 0x0000, 0x0000, 0x0000, 0x0000, 0x0000,
  0x2000, 0x0000, 0x4638, 0x53e9, 0x15f9, 0x55f1, 0x34f1, 0x34f9, 0x34f9, 0x34f9, 0x34f1, 0x34f1,
  0x35f1, 0x35f1, 0x35f1, 0x35f1, 0x35f1, 0x74f1, 0x35f1, 0x53f1, 0x73e9, 0x13f1, 0x33f1, 0x34f1,
  0x34f1, 0x34f1, 0x34f1, 0x34f1, 0x34f9, 0x34f1, 0x34f1, 0x34f1, 0x34f1, 0x34f1, 0x34f1, 0x34f1,
  0x34f1, 0x34f1, 0x34f1, 0x34f1, 0x34f1, 0x54f1, 0x34f1, 0x34f1, 0x34f1, 0x34f1, 0x34f1, 0x74e9,
  0x36f9, 0x56f9, 0x34f1, 0x34f1, 0x74f1, 0x13e9, 0x74f1, 0xb5f1, 0xb5f1, 0xb5f1, 0xb4f9, 0x94f1,
  0x35f1, 0x34f1, 0xc640, 0x4208, 0x4108, 0x0000, 0x0000, 0x0000, 0x0000, 0x0000, 0x0000, 0x0000,
  0x0000, 0x0000, 0x0000, 0x0000, 0x0000, 0x0000, 0x0000, 0x0000, 0x0000, 0x0000, 0x0000, 0x0000,
  0x0000, 0x0000, 0x0000, 0x0000, 0x0000, 0x0000, 0x0000, 0x0000, 0x0000, 0x0000, 0x0000, 0x0000,
  0x0000, 0x0000, 0x0000, 0x0000, 0x0000, 0x0000, 0x0000, 0x0008, 0x2538, 0x0eb1, 0xefc8, 0x10c1,
  0x10c9, 0xf0c0, 0xf0c0, 0xf0c0, 0x10c9, 0x10c9, 0x10c1, 0x10c1, 0xefc0, 0xf0c0, 0x10c9, 0xf0c8,
  0xd1c8, 0xf0c8, 0xf0c0, 0xf0c8, 0xf0c8, 0xf0c0, 0x10c1, 0x10c1, 0x10c1, 0x0fc1, 0x0fc1, 0xf0c0,
  0xf0c0, 0xf0c0, 0xf0c0, 0xf0c0, 0xf0c0, 0xf0c0, 0xf0c0, 0xf0c0, 0xf0c0, 0xf0c0, 0xf0c0, 0xf0c8,
  0xf0c8, 0xf0c8, 0xefc8, 0x10c9, 0xefc0, 0xefc8, 0xefc8, 0xf0c8, 0x0fc1, 0x10c1, 0xefc0, 0xf0c0,
  0xefc0, 0x10c1, 0x50c1, 0x71c9, 0x51c9, 0x51c9, 0x31c9, 0x0fb9, 0xa438, 0x6108, 0x8008, 0x4108,
  0x2108, 0x2000, 0x2000, 0x2000, 0x2000, 0x0000, 0x0000, 0x0000, 0x0000, 0x0000, 0x0000, 0x0000,
  0x0000, 0x0000, 0x0000, 0x0000, 0x0000, 0x0000, 0x0000, 0x0000, 0x0000, 0x0000, 0x0000, 0x0000,
  0x0000, 0x0000, 0x0000, 0x0000, 0x0000, 0x0000, 0x0000, 0x0000, 0x0000, 0x0000, 0x0000, 0x0000,
  0x0000, 0x0000, 0x2008, 0x2218, 0x2218, 0x4218, 0x2218, 0x2218, 0x2218, 0x2218, 0x2218, 0x2218,
  0x2218, 0x0218, 0x0218, 0x0218, 0x0218, 0x2218, 0x2218, 0x2218, 0x2218, 0x2218, 0x2218, 0x0218,
  0x2218, 0x2218, 0x2218, 0x0218, 0x2218, 0x2218, 0x2218, 0x2218, 0x2218, 0x2218, 0x2218, 0x2218,
  0x2218, 0x2218, 0x2218, 0x2218, 0x2218, 0x2218, 0x2218, 0x0218, 0x0218, 0x0218, 0x0218, 0x0318,
  0x2218, 0x0318, 0x2218, 0x2218, 0x2118, 0x2218, 0x2218, 0x2218, 0x4218, 0x6320, 0xa420, 0xa320,
  0xc318, 0x8428, 0x4210, 0x6208, 0x8210, 0x8208, 0x6208, 0x6208, 0x6108, 0x4108, 0x6108, 0x4108,
  0x0000, 0x0000, 0x0000, 0x0000, 0x0000, 0x0000, 0x0000, 0x0000, 0x0000, 0x0000, 0x0000, 0x0000
};

#define FLAMEUNIFIED9_WIDTH 102
#define FLAMEUNIFIED9_HEIGHT 142

// Example usage:
// tft.drawRGBBitmap(x, y, FlameUnified9, FLAMEUNIFIED9_WIDTH, FLAMEUNIFIED9_HEIGHT);

#endif
