// Generated by   : Image to RGB565 Converter
// Generated from : https://palsayantan.github.io/Image-to-RGB565/
// Image Size     : 115x160 pixels
// Byte Order     : LSB

#ifndef _FLAMEUNIFIED2_H_
#define _FLAMEUNIFIED2_H_

const uint16_t FlameUnified2[18400] = {
  0x0000, 0x0000, 0x0000, 0x0000, 0x0000, 0x0000, 0x0000, 0x0000, 0x0000, 0x0000, 0x0000, 0x0000,
  0x0000, 0x0000, 0x0000, 0x0000, 0x0000, 0x0000, 0x0000, 0x0000, 0x0000, 0x0000, 0x0000, 0x0000,
  0x0000, 0x0000, 0x0000, 0x0000, 0x0000, 0x0000, 0x0000, 0x0000, 0x0000, 0x0000, 0x0000, 0x0000,
  0x0000, 0x0000, 0x0000, 0x0000, 0x0000, 0x0000, 0x0000, 0x0000, 0x0000, 0x0000, 0x0000, 0x0000,
  0x0000, 0x0000, 0x0000, 0x0000, 0x0000, 0x0000, 0x0000, 0x0000, 0x0000, 0x0000, 0x0000, 0x0000,
  0x0000, 0x0000, 0x0000, 0x0000, 0x0000, 0x0000, 0x0000, 0x0000, 0x0000, 0x0000, 0x0000, 0x0000,
  0x0000, 0x0000, 0x0000, 0x0000, 0x0000, 0x0000, 0x0000, 0x0000, 0x0000, 0x0000, 0x0000, 0x0000,
  0x0000, 0x0000, 0x0000, 0x0000, 0x0000, 0x0000, 0x0000, 0x0000, 0x0000, 0x0000, 0x0000, 0x0000,
  0x0000, 0x0000, 0x0000, 0x0000, 0x0000, 0x0000, 0x0000, 0x0000, 0x0000, 0x0000, 0x0000, 0x0000,
  0x0000, 0x0000, 0x0000, 0x0000, 0x0000, 0x0000, 0x0000, 0x0000, 0x0000, 0x0000, 0x0000, 0x0000,
  0x0000, 0x0000, 0x0000, 0x0000, 0x0000, 0x0000, 0x0000, 0x0000, 0x0000, 0x0000, 0x0000, 0x0000,
  0x0000, 0x0000, 0x0000, 0x0000, 0x0000, 0x0000, 0x0000, 0x0000, 0x0000, 0x0000, 0x0000, 0x0000,
  0x0000, 0x0000, 0x0000, 0x0000, 0x0000, 0x0000, 0x0000, 0x0000, 0x0000, 0x0000, 0x0000, 0x0000,
  0x0000, 0x0000, 0x0000, 0x0000, 0x0000, 0x0000, 0x0000, 0x0000, 0x0000, 0x2000, 0x0000, 0x0000,
  0x0000, 0x0000, 0x0000, 0x0000, 0x0000, 0x0000, 0x0000, 0x0000, 0x0000, 0x0000, 0x0000, 0x0000,
  0x0000, 0x0000, 0x0000, 0x0000, 0x0000, 0x0000, 0x0000, 0x0000, 0x0000, 0x0000, 0x0000, 0x0000,
  0x0000, 0x0000, 0x0000, 0x0000, 0x0000, 0x0000, 0x0000, 0x0000, 0x0000, 0x0000, 0x0000, 0x0000,
  0x0000, 0x0000, 0x0000, 0x0000, 0x0000, 0x0000, 0x0000, 0x0000, 0x0000, 0x0000, 0x0000, 0x0000,
  0x0000, 0x0000, 0x0000, 0x0000, 0x0000, 0x0000, 0x0000, 0x0000, 0x0000, 0x0000, 0x0000, 0x0000,
  0x0000, 0x0000, 0x0000, 0x0000, 0x0000, 0x0000, 0x0000, 0x0000, 0x0000, 0x0000, 0x0000, 0x0000,
  0x0000, 0x0000, 0x0000, 0x0000, 0x0000, 0x0000, 0x0000, 0x0000, 0x0000, 0x0000, 0x0000, 0x0000,
  0x0000, 0x0000, 0x0000, 0x0000, 0x0000, 0x0000, 0x0000, 0x0000, 0x0000, 0x0000, 0x0000, 0x0000,
  0x0000, 0x0000, 0x0000, 0x0000, 0x0000, 0x0000, 0x0000, 0x0000, 0x0000, 0x0000, 0x0000, 0x0000,
  0x0000, 0x0000, 0x0000, 0x0000, 0x2000, 0x0000, 0x0000, 0x0000, 0x0000, 0x0000, 0x0000, 0x0000,
  0x0000, 0x0000, 0x0000, 0x0000, 0x0000, 0x0000, 0x0000, 0x0000, 0x0000, 0x0000, 0x0000, 0x0000,
  0x0000, 0x0000, 0x0000, 0x0000, 0x0000, 0x0000, 0x0000, 0x0000, 0x0000, 0x0000, 0x0000, 0x0000,
  0x0000, 0x0000, 0x0000, 0x0000, 0x0000, 0x0000, 0x0000, 0x0000, 0x0000, 0x0000, 0x0000, 0x0000,
  0x0000, 0x0000, 0x0000, 0x0000, 0x0000, 0x0000, 0x0000, 0x0000, 0x0000, 0x0000, 0x0000, 0x0000,
  0x0000, 0x0000, 0x0000, 0x0000, 0x0000, 0x0000, 0x0000, 0x0000, 0x0000, 0x0000, 0x0000, 0x0000,
  0x0000, 0x0000, 0x0000, 0x0000, 0x0000, 0x0000, 0x0000, 0x0000, 0x0000, 0x0000, 0x0000, 0x0000,
  0x0000, 0x0000, 0x0000, 0x0000, 0x0000, 0x0000, 0x0000, 0x0000, 0x0000, 0x0000, 0x0000, 0x0000,
  0x0000, 0x0000, 0x0000, 0x0000, 0x0000, 0x0000, 0x0000, 0x0000, 0x0000, 0x0000, 0x0000, 0x0000,
  0x0000, 0x0000, 0x0000, 0x0000, 0x0000, 0x0000, 0x0000, 0x0000, 0x0000, 0x2000, 0x0000, 0x0008,
  0x0000, 0x4000, 0x0000, 0x0000, 0x0000, 0x0000, 0x0000, 0x0000, 0x0000, 0x0000, 0x0000, 0x0000,
  0x0000, 0x0000, 0x0000, 0x0000, 0x0000, 0x0000, 0x0000, 0x0000, 0x0000, 0x0000, 0x0000, 0x0000,
  0x0000, 0x0000, 0x0000, 0x0000, 0x0000, 0x0000, 0x0000, 0x0000, 0x0000, 0x0000, 0x0000, 0x0000,
  0x0000, 0x0000, 0x0000, 0x0000, 0x0000, 0x0000, 0x0000, 0x0000, 0x0000, 0x0000, 0x0000, 0x0000,
  0x0000, 0x0000, 0x0000, 0x0000, 0x0000, 0x0000, 0x0000, 0x0000, 0x0000, 0x0000, 0x0000, 0x0000,
  0x0000, 0x0000, 0x0000, 0x0000, 0x0000, 0x0000, 0x0000, 0x0000, 0x0000, 0x0000, 0x0000, 0x0000,
  0x0000, 0x0000, 0x0000, 0x0000, 0x0000, 0x0000, 0x0000, 0x0000, 0x0000, 0x0000, 0x0000, 0x0000,
  0x0000, 0x0000, 0x0000, 0x0000, 0x0000, 0x0000, 0x0000, 0x0000, 0x0000, 0x0000, 0x0000, 0x0000,
  0x0000, 0x0000, 0x0000, 0x0000, 0x0000, 0x0000, 0x0000, 0x0000, 0x0000, 0x0000, 0x0000, 0x0000,
  0x0000, 0x0000, 0x0000, 0x0000, 0x0000, 0x0008, 0x0008, 0x0008, 0x0000, 0x0000, 0x0000, 0x0000,
  0x0000, 0x0000, 0x0000, 0x0000, 0x0000, 0x0000, 0x0000, 0x0000, 0x0000, 0x0000, 0x0000, 0x0000,
  0x0000, 0x0000, 0x0000, 0x0000, 0x0000, 0x0000, 0x0000, 0x0000, 0x0000, 0x0000, 0x0000, 0x0000,
  0x0000, 0x0000, 0x0000, 0x0000, 0x0000, 0x0000, 0x0000, 0x0000, 0x0000, 0x0000, 0x0000, 0x0000,
  0x0000, 0x0000, 0x0000, 0x0000, 0x0000, 0x0000, 0x0000, 0x0000, 0x0000, 0x0000, 0x0000, 0x0000,
  0x0000, 0x0000, 0x0000, 0x0000, 0x0000, 0x0000, 0x0000, 0x0000, 0x0000, 0x0000, 0x0000, 0x0000,
  0x0000, 0x0000, 0x0000, 0x0000, 0x0000, 0x0000, 0x0000, 0x0000, 0x0000, 0x0000, 0x0000, 0x0000,
  0x0000, 0x0000, 0x0000, 0x0000, 0x0000, 0x0000, 0x0000, 0x0000, 0x0000, 0x0000, 0x0000, 0x0000,
  0x0000, 0x0000, 0x0000, 0x0000, 0x0000, 0x0000, 0x0000, 0x0000, 0x0000, 0x0000, 0x0000, 0x0000,
  0x0000, 0x0000, 0x0000, 0x0000, 0x0000, 0x0000, 0x0000, 0x0000, 0x0000, 0x0000, 0x0008, 0x0000,
  0x4000, 0x0108, 0x4538, 0x4530, 0x2210, 0x0008, 0x0000, 0x0000, 0x0000, 0x0000, 0x0000, 0x0000,
  0x0000, 0x0000, 0x0000, 0x0000, 0x0000, 0x0000, 0x0000, 0x0000, 0x0000, 0x0000, 0x0000, 0x0000,
  0x0000, 0x0000, 0x0000, 0x0000, 0x0000, 0x0000, 0x0000, 0x0000, 0x0000, 0x0000, 0x0000, 0x0000,
  0x0000, 0x0000, 0x0000, 0x0000, 0x0000, 0x0000, 0x0000, 0x0000, 0x0000, 0x0000, 0x0000, 0x0000,
  0x0000, 0x0000, 0x0000, 0x0000, 0x0000, 0x0000, 0x0000, 0x0000, 0x0000, 0x0000, 0x0000, 0x0000,
  0x0000, 0x0000, 0x0000, 0x0000, 0x0000, 0x0000, 0x0000, 0x0000, 0x0000, 0x0000, 0x0000, 0x0000,
  0x0000, 0x0000, 0x0000, 0x0000, 0x0000, 0x0000, 0x0000, 0x0000, 0x0000, 0x0000, 0x0000, 0x0000,
  0x0000, 0x0000, 0x0000, 0x0000, 0x0000, 0x0000, 0x0000, 0x0000, 0x0000, 0x0000, 0x0000, 0x0000,
  0x0000, 0x0000, 0x0000, 0x0000, 0x0000, 0x0000, 0x0000, 0x0000, 0x0000, 0x0000, 0x0000, 0x0000,
  0x0000, 0x0000, 0x0000, 0x0000, 0x0000, 0x0000, 0x0008, 0x2000, 0x0320, 0x0ec1, 0xf0d0, 0x4540,
  0x0008, 0x0008, 0x0000, 0x0000, 0x0000, 0x0000, 0x0000, 0x0000, 0x0000, 0x0000, 0x0000, 0x0000,
  0x0000, 0x0000, 0x0000, 0x0000, 0x0000, 0x0000, 0x0000, 0x0000, 0x0000, 0x0000, 0x0000, 0x0000,
  0x0000, 0x0000, 0x0000, 0x0000, 0x0000, 0x0000, 0x0000, 0x0000, 0x0000, 0x0000, 0x0000, 0x0000,
  0x0000, 0x0000, 0x0000, 0x0000, 0x0000, 0x0000, 0x0000, 0x0000, 0x0000, 0x0000, 0x0000, 0x0000,
  0x0000, 0x0000, 0x0000, 0x0000, 0x0000, 0x0000, 0x0000, 0x0000, 0x0000, 0x0000, 0x0000, 0x0000,
  0x0000, 0x0000, 0x0000, 0x0000, 0x0000, 0x0000, 0x0000, 0x0000, 0x0000, 0x0000, 0x0000, 0x0000,
  0x0000, 0x0000, 0x0000, 0x0000, 0x0000, 0x0000, 0x0000, 0x0000, 0x0000, 0x0000, 0x0000, 0x0000,
  0x0000, 0x0000, 0x0000, 0x0000, 0x0000, 0x0000, 0x0000, 0x0000, 0x0000, 0x0000, 0x0000, 0x0000,
  0x0000, 0x0000, 0x0000, 0x0000, 0x0000, 0x0000, 0x0000, 0x0000, 0x0000, 0x0000, 0x0000, 0x0000,
  0x0000, 0x2110, 0x2328, 0x2640, 0x51d1, 0x32e1, 0x8960, 0x2428, 0x2118, 0x2000, 0x0100, 0x0000,
  0x0100, 0x0000, 0x0000, 0x0000, 0x0000, 0x0000, 0x0000, 0x0000, 0x0000, 0x0000, 0x0000, 0x0000,
  0x0000, 0x0000, 0x0000, 0x0000, 0x0000, 0x0000, 0x0000, 0x0000, 0x0000, 0x0000, 0x0000, 0x0000,
  0x0000, 0x0000, 0x0000, 0x0000, 0x0000, 0x0000, 0x0000, 0x0000, 0x0000, 0x0000, 0x0000, 0x0000,
  0x0000, 0x0000, 0x0000, 0x0000, 0x0000, 0x0000, 0x0000, 0x0000, 0x0000, 0x0000, 0x0000, 0x0000,
  0x0000, 0x0000, 0x0000, 0x0000, 0x0000, 0x0000, 0x0000, 0x0000, 0x0000, 0x0000, 0x0000, 0x0000,
  0x0000, 0x0000, 0x0000, 0x0000, 0x0000, 0x0000, 0x0000, 0x0000, 0x0000, 0x0000, 0x0000, 0x0000,
  0x0000, 0x0000, 0x0000, 0x0000, 0x0000, 0x0000, 0x0000, 0x0000, 0x0000, 0x0000, 0x0000, 0x0000,
  0x0000, 0x0000, 0x0000, 0x0000, 0x0000, 0x0000, 0x0000, 0x0000, 0x0000, 0x0000, 0x0000, 0x0000,
  0x0000, 0x0000, 0x0000, 0x0000, 0x0000, 0x0000, 0x0000, 0x0008, 0x8648, 0x0eb9, 0x10c1, 0x34f1,
  0x35f1, 0x12d1, 0xf0c8, 0xa870, 0x2000, 0x0000, 0x0008, 0x0000, 0x0000, 0x0000, 0x0000, 0x0000,
  0x0000, 0x0000, 0x0000, 0x0000, 0x0000, 0x0000, 0x0000, 0x0000, 0x0000, 0x0000, 0x0000, 0x0000,
  0x0000, 0x0000, 0x0000, 0x0000, 0x0000, 0x0000, 0x0000, 0x0000, 0x0000, 0x0000, 0x0000, 0x0000,
  0x0000, 0x0000, 0x0000, 0x0000, 0x0000, 0x0000, 0x0000, 0x0000, 0x0000, 0x0000, 0x0000, 0x0000,
  0x0000, 0x0000, 0x0000, 0x0000, 0x0000, 0x0000, 0x0000, 0x0000, 0x0000, 0x0000, 0x0000, 0x0000,
  0x0000, 0x0000, 0x0000, 0x0000, 0x0000, 0x0000, 0x0000, 0x0000, 0x0000, 0x0000, 0x0000, 0x0000,
  0x0000, 0x0000, 0x0000, 0x0000, 0x0000, 0x0000, 0x0000, 0x0000, 0x0000, 0x0000, 0x0000, 0x0000,
  0x0000, 0x0000, 0x0000, 0x0000, 0x0000, 0x0000, 0x0000, 0x0000, 0x0000, 0x0000, 0x0000, 0x0000,
  0x0000, 0x0000, 0x0000, 0x0000, 0x0000, 0x0000, 0x0000, 0x0000, 0x0000, 0x0000, 0x0000, 0x2000,
  0x0000, 0x0008, 0x0108, 0xa858, 0x72e9, 0x74f9, 0x34f1, 0x34f1, 0x34f9, 0x35f1, 0xab80, 0x2000,
  0x0000, 0x0000, 0x0008, 0x0000, 0x0000, 0x0000, 0x0000, 0x0000, 0x0000, 0x0000, 0x0000, 0x0000,
  0x0000, 0x0000, 0x0000, 0x0000, 0x0000, 0x0000, 0x0000, 0x0000, 0x0000, 0x0000, 0x0000, 0x0000,
  0x0000, 0x0000, 0x0000, 0x0000, 0x0000, 0x0000, 0x0000, 0x0000, 0x0000, 0x0000, 0x0000, 0x0000,
  0x0000, 0x0000, 0x0000, 0x0000, 0x0000, 0x0000, 0x0000, 0x0000, 0x0000, 0x0000, 0x0000, 0x0000,
  0x0000, 0x0000, 0x0000, 0x0000, 0x0000, 0x0000, 0x0000, 0x0000, 0x0000, 0x0000, 0x0000, 0x0000,
  0x0000, 0x0000, 0x0000, 0x0000, 0x0000, 0x0000, 0x0000, 0x0000, 0x0000, 0x0000, 0x0000, 0x0000,
  0x0000, 0x0000, 0x0000, 0x0000, 0x0000, 0x0000, 0x0000, 0x0000, 0x0000, 0x0000, 0x0000, 0x0000,
  0x0000, 0x0000, 0x0000, 0x0000, 0x0000, 0x0000, 0x0000, 0x0000, 0x0000, 0x0000, 0x0000, 0x0000,
  0x0000, 0x0000, 0x0000, 0x0000, 0x0000, 0x0000, 0x2000, 0x0000, 0x6548, 0xab88, 0xefb8, 0x13f9,
  0x55f1, 0x54f1, 0x74f1, 0x53f1, 0x35f9, 0x11c9, 0xcc90, 0x6968, 0x0210, 0x0000, 0x0000, 0x0000,
  0x0000, 0x0000, 0x0000, 0x0000, 0x0000, 0x0000, 0x0000, 0x0000, 0x0000, 0x0000, 0x0000, 0x0000,
  0x0000, 0x0000, 0x0000, 0x0000, 0x0000, 0x0000, 0x0000, 0x0000, 0x0000, 0x0000, 0x0000, 0x0000,
  0x0000, 0x0000, 0x0000, 0x0000, 0x0000, 0x0000, 0x0000, 0x0000, 0x0000, 0x0000, 0x0000, 0x0000,
  0x0000, 0x0000, 0x0000, 0x0000, 0x0000, 0x0000, 0x0000, 0x0000, 0x0000, 0x0000, 0x0000, 0x0000,
  0x0000, 0x0000, 0x0000, 0x0000, 0x0000, 0x0000, 0x0000, 0x0000, 0x0000, 0x0000, 0x0000, 0x0000,
  0x0000, 0x0000, 0x0000, 0x0000, 0x0000, 0x0000, 0x0000, 0x0000, 0x0000, 0x0000, 0x0000, 0x0000,
  0x0000, 0x0000, 0x0000, 0x0000, 0x0000, 0x0000, 0x0000, 0x0000, 0x0000, 0x0000, 0x0000, 0x0000,
  0x0000, 0x0000, 0x0000, 0x0000, 0x0000, 0x0000, 0x0000, 0x0000, 0x0000, 0x0000, 0x0000, 0x0000,
  0x0008, 0x2000, 0x0108, 0xa978, 0x54f1, 0x75f1, 0x35f9, 0x35f1, 0x55f9, 0x54f1, 0x53f1, 0x34f9,
  0x54f9, 0x53f1, 0xcea8, 0x4218, 0x4000, 0x0000, 0x0000, 0x0000, 0x0000, 0x0000, 0x0000, 0x0000,
  0x0000, 0x0000, 0x0000, 0x0000, 0x0000, 0x0000, 0x0000, 0x0000, 0x0000, 0x0000, 0x0000, 0x0000,
  0x0000, 0x0000, 0x0000, 0x0000, 0x0000, 0x0000, 0x0000, 0x0000, 0x0000, 0x0000, 0x0000, 0x0000,
  0x0000, 0x0000, 0x0000, 0x0000, 0x0000, 0x0000, 0x0000, 0x0000, 0x0000, 0x0000, 0x0000, 0x0000,
  0x0000, 0x0000, 0x0000, 0x0000, 0x0000, 0x0000, 0x0000, 0x0000, 0x0000, 0x0000, 0x0000, 0x0000,
  0x0000, 0x0000, 0x0000, 0x0000, 0x0000, 0x0000, 0x0000, 0x0000, 0x0000, 0x0000, 0x0000, 0x0000,
  0x0000, 0x0000, 0x0000, 0x0000, 0x0000, 0x0000, 0x0000, 0x0000, 0x0000, 0x0000, 0x0000, 0x0000,
  0x0000, 0x0000, 0x0000, 0x0000, 0x0000, 0x0000, 0x0000, 0x0000, 0x0000, 0x0000, 0x0000, 0x0000,
  0x0000, 0x0000, 0x0000, 0x0000, 0x0000, 0x0000, 0x0000, 0x0008, 0x2000, 0x0108, 0xaa80, 0x34f9,
  0x74f1, 0x54f9, 0x33f1, 0x34f9, 0x55f1, 0x54f1, 0x34f1, 0x74f1, 0x54f1, 0xaeb0, 0x2218, 0x0008,
  0x0000, 0x0000, 0x0000, 0x0000, 0x0000, 0x0000, 0x0000, 0x0000, 0x0000, 0x0000, 0x0000, 0x0000,
  0x0000, 0x0000, 0x0000, 0x0000, 0x0000, 0x0000, 0x0000, 0x0000, 0x0000, 0x0000, 0x0000, 0x0000,
  0x0000, 0x0000, 0x0000, 0x0000, 0x0000, 0x0000, 0x0000, 0x0000, 0x0000, 0x0000, 0x0000, 0x0000,
  0x0000, 0x0000, 0x0000, 0x0000, 0x0000, 0x0000, 0x0000, 0x0000, 0x0000, 0x0000, 0x0000, 0x0000,
  0x0000, 0x0000, 0x0000, 0x0000, 0x0000, 0x0000, 0x0000, 0x0000, 0x0000, 0x0000, 0x0000, 0x0000,
  0x0000, 0x0000, 0x0000, 0x0000, 0x0000, 0x0000, 0x0000, 0x0000, 0x0000, 0x0000, 0x0000, 0x0000,
  0x0000, 0x0000, 0x0100, 0x0008, 0x0108, 0x0008, 0x0008, 0x0000, 0x2000, 0x0000, 0x0000, 0x0000,
  0x0000, 0x0000, 0x0000, 0x0000, 0x0000, 0x0000, 0x0000, 0x0000, 0x0000, 0x0000, 0x0000, 0x0000,
  0x0000, 0x0000, 0x0008, 0x2000, 0x0108, 0xa980, 0x34f9, 0x54f9, 0x73f1, 0x34f1, 0x14f9, 0x34f1,
  0x35f1, 0x35f1, 0x74f9, 0x34f9, 0xcda8, 0x4218, 0x0000, 0x0000, 0x0000, 0x0000, 0x0000, 0x0000,
  0x0000, 0x0000, 0x0000, 0x0000, 0x0000, 0x0000, 0x0000, 0x0000, 0x0000, 0x0000, 0x0000, 0x0000,
  0x0000, 0x0000, 0x0000, 0x0000, 0x0000, 0x0000, 0x0000, 0x0000, 0x0000, 0x0000, 0x0000, 0x0000,
  0x0000, 0x0000, 0x0000, 0x0000, 0x0000, 0x0000, 0x0000, 0x0000, 0x0000, 0x0000, 0x0000, 0x0000,
  0x0000, 0x0000, 0x0000, 0x0000, 0x0000, 0x0000, 0x0000, 0x0000, 0x0000, 0x0000, 0x0000, 0x0000,
  0x0000, 0x0000, 0x0000, 0x0000, 0x0000, 0x0000, 0x0000, 0x0000, 0x0000, 0x0000, 0x0000, 0x0000,
  0x0000, 0x0000, 0x0000, 0x0000, 0x2000, 0x0000, 0x0000, 0x2000, 0x0000, 0x2000, 0x2000, 0x4000,
  0x2000, 0x0000, 0x2000, 0x0000, 0x0000, 0x0000, 0x0000, 0x0000, 0x0000, 0x0000, 0x0000, 0x0000,
  0x0000, 0x0000, 0x0000, 0x0000, 0x0000, 0x0000, 0x0000, 0x0000, 0x0000, 0x0008, 0x2000, 0x0108,
  0xaa78, 0x54f1, 0x34f1, 0x54f1, 0x34f9, 0x55fa, 0x75f2, 0x94f9, 0x14f1, 0x34f1, 0x34f1, 0xcea8,
  0x2220, 0x0000, 0x0000, 0x0000, 0x0000, 0x0000, 0x0000, 0x0000, 0x0000, 0x0000, 0x0000, 0x0000,
  0x0000, 0x0000, 0x0000, 0x0000, 0x0000, 0x0000, 0x0000, 0x0000, 0x0000, 0x0000, 0x0000, 0x0000,
  0x0000, 0x0000, 0x0000, 0x0000, 0x0008, 0x0008, 0x0000, 0x2000, 0x0000, 0x0000, 0x0000, 0x0000,
  0x0000, 0x0000, 0x0000, 0x0000, 0x0000, 0x0000, 0x0000, 0x0000, 0x0000, 0x0000, 0x0000, 0x0000,
  0x0000, 0x0000, 0x0000, 0x0000, 0x0000, 0x0000, 0x0000, 0x0000, 0x0000, 0x0000, 0x0000, 0x0000,
  0x0000, 0x0000, 0x0000, 0x0000, 0x0000, 0x0000, 0x0000, 0x0000, 0x0000, 0x0000, 0x0000, 0x0000,
  0x0000, 0x0000, 0x0000, 0x0000, 0x0000, 0x0000, 0x0000, 0x2000, 0x0000, 0x2100, 0x0000, 0x0000,
  0x0000, 0x0000, 0x0000, 0x0000, 0x0000, 0x0000, 0x0000, 0x0000, 0x0000, 0x0000, 0x0000, 0x0000,
  0x0000, 0x0000, 0x0000, 0x0000, 0x0000, 0x0000, 0x0108, 0xaa78, 0x54f1, 0x54f1, 0x55f1, 0x16f2,
  0x9ef6, 0x3ef7, 0x77fb, 0x74e9, 0x74f1, 0x75f1, 0xefa8, 0x2220, 0x0000, 0x0008, 0x0000, 0x0000,
  0x0000, 0x0000, 0x0000, 0x0000, 0x0000, 0x0000, 0x0000, 0x0000, 0x0000, 0x0000, 0x0000, 0x0000,
  0x0000, 0x0000, 0x0000, 0x0000, 0x0000, 0x0000, 0x0000, 0x0000, 0x2000, 0x0000, 0x0000, 0x0000,
  0x0000, 0x0000, 0x0000, 0x0000, 0x0000, 0x0000, 0x0000, 0x0000, 0x0000, 0x0000, 0x0000, 0x0000,
  0x0000, 0x0000, 0x0000, 0x0000, 0x0000, 0x0000, 0x0000, 0x0000, 0x0000, 0x0000, 0x0000, 0x0000,
  0x0000, 0x0000, 0x0000, 0x0000, 0x0000, 0x0000, 0x0000, 0x0000, 0x0000, 0x0000, 0x0000, 0x0000,
  0x0000, 0x0000, 0x0000, 0x0000, 0x0000, 0x0000, 0x0000, 0x0000, 0x0000, 0x0000, 0x0008, 0x0008,
  0x0008, 0x2218, 0x2318, 0x2210, 0x0000, 0x0000, 0x2000, 0x0000, 0x0000, 0x0000, 0x0000, 0x0000,
  0x0000, 0x0000, 0x0000, 0x0000, 0x0000, 0x0000, 0x0000, 0x0000, 0x0000, 0x0000, 0x0000, 0x0000,
  0x0000, 0x0108, 0x8868, 0x31d9, 0x30d1, 0x52d9, 0xf3e1, 0x3cf6, 0xbefe, 0x17fb, 0x54f1, 0x52e9,
  0x10d9, 0xcc98, 0x4218, 0x0000, 0x0000, 0x0000, 0x0000, 0x0000, 0x0000, 0x0000, 0x0000, 0x0000,
  0x0000, 0x0000, 0x0000, 0x0000, 0x0000, 0x0000, 0x0000, 0x0000, 0x0000, 0x0000, 0x0000, 0x0000,
  0x0000, 0x0000, 0x0000, 0x0000, 0x0000, 0x4000, 0x2000, 0x2000, 0x2000, 0x0000, 0x0000, 0x0000,
  0x0000, 0x0000, 0x0000, 0x0000, 0x0000, 0x0000, 0x0000, 0x0000, 0x0000, 0x0000, 0x0000, 0x0000,
  0x0000, 0x0000, 0x0000, 0x0000, 0x0000, 0x0000, 0x0000, 0x0000, 0x0000, 0x0000, 0x0000, 0x0000,
  0x0000, 0x0000, 0x0000, 0x0000, 0x0000, 0x0000, 0x0000, 0x0000, 0x0000, 0x0000, 0x0000, 0x0000,
  0x0000, 0x0000, 0x0000, 0x0000, 0x0000, 0x2000, 0x0000, 0x0338, 0x0c99, 0xcea8, 0xca80, 0x2110,
  0x2000, 0x0000, 0x0000, 0x0000, 0x0000, 0x0000, 0x0000, 0x0000, 0x0000, 0x0000, 0x0000, 0x0000,
  0x0000, 0x0000, 0x0000, 0x0000, 0x0000, 0x0000, 0x0000, 0x0000, 0x0100, 0x2328, 0x8648, 0x8648,
  0x6648, 0xa860, 0x14d3, 0x38f3, 0xd6f1, 0x55f1, 0x0ea9, 0x6648, 0x4438, 0x2110, 0x0000, 0x0000,
  0x0000, 0x0000, 0x0000, 0x0000, 0x0000, 0x0000, 0x0000, 0x0000, 0x0000, 0x0000, 0x0000, 0x0000,
  0x0000, 0x0000, 0x0000, 0x0000, 0x0000, 0x0000, 0x0000, 0x0000, 0x0000, 0x0000, 0x0000, 0x0000,
  0x0000, 0x0210, 0x0108, 0x2000, 0x0000, 0x0000, 0x0000, 0x0000, 0x0000, 0x0000, 0x0000, 0x0000,
  0x0000, 0x0000, 0x0000, 0x0000, 0x0000, 0x0000, 0x0000, 0x0000, 0x0000, 0x0000, 0x0000, 0x0000,
  0x0000, 0x0000, 0x0000, 0x0000, 0x0000, 0x0000, 0x0000, 0x0000, 0x0000, 0x0000, 0x0000, 0x0000,
  0x0000, 0x0000, 0x0000, 0x0000, 0x0000, 0x0000, 0x0000, 0x0000, 0x0000, 0x2000, 0x0000, 0x2000,
  0x2100, 0x6538, 0x6a80, 0x73e1, 0x34f9, 0xeec0, 0x2218, 0x2000, 0x0100, 0x0000, 0x0000, 0x0000,
  0x0000, 0x0000, 0x0000, 0x0000, 0x0000, 0x0000, 0x0000, 0x0000, 0x0000, 0x0000, 0x0000, 0x0000,
  0x0000, 0x0000, 0x0000, 0x0000, 0x0008, 0x0008, 0x2100, 0x2000, 0x4220, 0x31c9, 0x35f9, 0x53f9,
  0x54f9, 0xaa80, 0x0000, 0x0000, 0x2000, 0x2000, 0x0000, 0x0000, 0x0000, 0x0000, 0x0000, 0x0000,
  0x0000, 0x0000, 0x0000, 0x0000, 0x0000, 0x0000, 0x0000, 0x0000, 0x0000, 0x0000, 0x0000, 0x0000,
  0x0000, 0x0000, 0x0000, 0x0000, 0x2000, 0x2008, 0x2000, 0x2320, 0xcb80, 0x8858, 0x2108, 0x0000,
  0x0000, 0x0000, 0x0000, 0x0000, 0x0000, 0x0000, 0x0000, 0x0000, 0x0000, 0x0000, 0x0000, 0x0000,
  0x0000, 0x0000, 0x0000, 0x0000, 0x0000, 0x0000, 0x0000, 0x0000, 0x0000, 0x0000, 0x0000, 0x0000,
  0x0000, 0x0000, 0x0000, 0x0000, 0x0000, 0x0000, 0x0000, 0x0000, 0x0000, 0x0000, 0x0000, 0x0000,
  0x0000, 0x0000, 0x0000, 0x0000, 0x2000, 0x0000, 0x0000, 0x0320, 0x0ec9, 0x13f1, 0x55f1, 0x34f1,
  0x10c1, 0x2318, 0x0000, 0x0000, 0x0000, 0x0000, 0x0000, 0x0000, 0x0000, 0x0000, 0x0000, 0x0000,
  0x0000, 0x0000, 0x0000, 0x0000, 0x0000, 0x0000, 0x0000, 0x0000, 0x0000, 0x0000, 0x2000, 0x2000,
  0x0000, 0x2100, 0x0008, 0x2118, 0xf2d8, 0x54e9, 0xcb90, 0x8a70, 0x2538, 0x0008, 0x0108, 0x2000,
  0x2000, 0x2000, 0x0000, 0x0000, 0x0000, 0x0000, 0x0000, 0x0000, 0x0000, 0x0000, 0x0000, 0x0000,
  0x0000, 0x0000, 0x0000, 0x0000, 0x0000, 0x0000, 0x0000, 0x0000, 0x0000, 0x0000, 0x0000, 0x0000,
  0x0000, 0x2000, 0x2640, 0x32f1, 0xcda0, 0x2218, 0x2008, 0x0000, 0x2000, 0x0000, 0x0000, 0x0000,
  0x0000, 0x0000, 0x0000, 0x0000, 0x0000, 0x0000, 0x0000, 0x0000, 0x0000, 0x0000, 0x0000, 0x0000,
  0x0000, 0x0000, 0x0000, 0x0000, 0x0000, 0x0000, 0x0000, 0x0000, 0x0000, 0x0000, 0x0000, 0x0000,
  0x0000, 0x0000, 0x0000, 0x0000, 0x2000, 0x0008, 0x2000, 0x2000, 0x0000, 0x0000, 0x2000, 0x0000,
  0x2000, 0x2100, 0x6320, 0xadda, 0x75fb, 0xbaf4, 0xf6f2, 0x32d9, 0xcb88, 0x2550, 0x2108, 0x0108,
  0x2000, 0x0008, 0x4000, 0x0000, 0x0000, 0x0000, 0x0000, 0x0000, 0x0000, 0x0000, 0x0000, 0x0000,
  0x0000, 0x0000, 0x0000, 0x0000, 0x0000, 0x0000, 0x0000, 0x2000, 0x2000, 0x0000, 0x2218, 0x31c9,
  0x13e1, 0x6648, 0x0108, 0x0000, 0x0000, 0x0000, 0x0000, 0x0000, 0x0000, 0x0000, 0x0000, 0x0000,
  0x0000, 0x0000, 0x0000, 0x0000, 0x0000, 0x0000, 0x0000, 0x0000, 0x0000, 0x0000, 0x0000, 0x0000,
  0x0000, 0x0000, 0x0000, 0x0000, 0x0008, 0x0100, 0x2000, 0x4330, 0xc980, 0xeda8, 0x33f1, 0x11d1,
  0xac90, 0xc650, 0x2000, 0x0100, 0x0000, 0x0000, 0x0000, 0x0000, 0x0000, 0x0000, 0x0000, 0x0000,
  0x0000, 0x0000, 0x0000, 0x0000, 0x0000, 0x0000, 0x0000, 0x0000, 0x0000, 0x0000, 0x0000, 0x0000,
  0x0000, 0x0000, 0x0000, 0x0000, 0x0000, 0x0000, 0x0000, 0x0000, 0x0000, 0x0000, 0x0000, 0x0000,
  0x0000, 0x2000, 0x0000, 0x0000, 0x0000, 0x0000, 0x0108, 0x0100, 0x2318, 0xc440, 0xeed3, 0xb4fd,
  0x7dff, 0xd9fb, 0x54f9, 0x53f9, 0x8b98, 0x2200, 0x2000, 0x2100, 0x0000, 0x2000, 0x0000, 0x0000,
  0x0000, 0x0000, 0x0000, 0x0000, 0x0000, 0x0000, 0x0000, 0x0000, 0x0000, 0x0000, 0x0000, 0x0000,
  0x0000, 0x0000, 0x2000, 0x0000, 0x0008, 0x2220, 0xcb88, 0xeda0, 0x6430, 0x0008, 0x0000, 0x0000,
  0x0000, 0x0000, 0x0000, 0x0000, 0x0000, 0x0000, 0x0000, 0x0000, 0x0000, 0x0000, 0x0000, 0x0000,
  0x0000, 0x0000, 0x0000, 0x0000, 0x0000, 0x0000, 0x0000, 0x0000, 0x0000, 0x0000, 0x0000, 0x2100,
  0x2000, 0x2100, 0xa850, 0x52e9, 0x55f9, 0xb5f9, 0x74f1, 0x94f9, 0x0d99, 0x0108, 0x0000, 0x0008,
  0x0000, 0x0000, 0x0000, 0x0000, 0x0000, 0x0000, 0x0000, 0x0000, 0x0000, 0x0000, 0x0000, 0x0000,
  0x0000, 0x0000, 0x0000, 0x0000, 0x0000, 0x0000, 0x0000, 0x0000, 0x0000, 0x0000, 0x0000, 0x0000,
  0x0000, 0x0000, 0x0000, 0x0000, 0x0000, 0x0000, 0x0000, 0x0000, 0x2000, 0x0000, 0x0000, 0x0000,
  0x0000, 0x0000, 0x0108, 0x8858, 0x2fc1, 0xf1e1, 0xf6f3, 0x7ef7, 0x19fc, 0x55e9, 0x55f9, 0xeb90,
  0x0008, 0x2008, 0x0108, 0x0000, 0x0000, 0x0000, 0x0000, 0x0000, 0x0000, 0x0000, 0x0000, 0x0000,
  0x0000, 0x0000, 0x0000, 0x0000, 0x0000, 0x0000, 0x0000, 0x0000, 0x0000, 0x0000, 0x0000, 0x2000,
  0x2000, 0x2110, 0x2110, 0x0008, 0x0000, 0x0000, 0x0000, 0x0000, 0x0000, 0x0000, 0x0000, 0x0000,
  0x0000, 0x0000, 0x0000, 0x0000, 0x0000, 0x0000, 0x0000, 0x0000, 0x0000, 0x0000, 0x0000, 0x0000,
  0x0000, 0x0000, 0x0000, 0x0000, 0x0000, 0x0000, 0x2100, 0x2008, 0x0008, 0x4659, 0x4feb, 0x14f4,
  0x1af5, 0xb7f4, 0x92fb, 0x0a9a, 0x2008, 0x0000, 0x2000, 0x0000, 0x0000, 0x0000, 0x0000, 0x0000,
  0x0000, 0x0000, 0x0000, 0x0000, 0x0000, 0x0000, 0x0000, 0x0000, 0x0000, 0x0000, 0x0000, 0x0000,
  0x0000, 0x0000, 0x0000, 0x0000, 0x0000, 0x0000, 0x0000, 0x0000, 0x0000, 0x0000, 0x0000, 0x0000,
  0x0000, 0x0000, 0x0000, 0x0000, 0x0000, 0x2000, 0x2100, 0x0008, 0x2110, 0x8758, 0x0ea9, 0x33f1,
  0x54e9, 0x19fb, 0xbeff, 0xbcfd, 0xb8fb, 0xd3f2, 0x0eaa, 0x6858, 0x2328, 0x2000, 0x0000, 0x0100,
  0x2000, 0x0000, 0x0000, 0x0000, 0x0000, 0x0000, 0x0000, 0x0000, 0x0000, 0x0000, 0x0000, 0x0000,
  0x0000, 0x0000, 0x0000, 0x0000, 0x0000, 0x0000, 0x0000, 0x0008, 0x0000, 0x0000, 0x0000, 0x0000,
  0x2000, 0x0000, 0x0000, 0x0000, 0x0000, 0x0000, 0x0000, 0x0000, 0x0000, 0x0000, 0x0000, 0x0000,
  0x0000, 0x0000, 0x0000, 0x0000, 0x0000, 0x0000, 0x0000, 0x0000, 0x0000, 0x0000, 0x0000, 0x2000,
  0x0000, 0x0008, 0x2000, 0x0008, 0xe759, 0xaff4, 0xd3fd, 0x9eff, 0xd9f6, 0x51fd, 0x499b, 0x2008,
  0x0000, 0x2000, 0x0000, 0x0000, 0x0000, 0x0000, 0x0000, 0x0000, 0x0000, 0x0000, 0x0000, 0x0000,
  0x0000, 0x0000, 0x0000, 0x0000, 0x0000, 0x0000, 0x0000, 0x0000, 0x0000, 0x0000, 0x0000, 0x0000,
  0x0000, 0x0000, 0x0000, 0x0000, 0x0000, 0x0000, 0x0000, 0x0000, 0x0000, 0x0000, 0x0008, 0x2000,
  0x0108, 0x0108, 0x0000, 0x4530, 0x32d1, 0x74e9, 0x53e9, 0x33f1, 0x57fb, 0x9dff, 0xbfff, 0xfbfe,
  0x51f5, 0x90fb, 0x11d1, 0x2648, 0x2000, 0x0108, 0x0200, 0x2008, 0x0000, 0x0000, 0x0000, 0x0000,
  0x0000, 0x0000, 0x0000, 0x0000, 0x0000, 0x0000, 0x0000, 0x0000, 0x0000, 0x0000, 0x0000, 0x2000,
  0x2000, 0x0000, 0x0000, 0x2000, 0x2000, 0x0000, 0x2000, 0x2000, 0x0000, 0x0000, 0x0000, 0x0000,
  0x0000, 0x0000, 0x0000, 0x0000, 0x0000, 0x0000, 0x0000, 0x0000, 0x0000, 0x0000, 0x0000, 0x0000,
  0x0000, 0x0000, 0x0000, 0x0000, 0x0000, 0x0000, 0x0000, 0x0000, 0x0000, 0x4430, 0xcea0, 0x13cb,
  0xb9fe, 0x7bff, 0xdfff, 0x9dff, 0x3bff, 0x919c, 0x0000, 0x2000, 0x0100, 0x0000, 0x0000, 0x0000,
  0x0000, 0x0000, 0x0000, 0x0000, 0x0000, 0x0000, 0x0000, 0x0000, 0x0000, 0x0000, 0x0000, 0x0000,
  0x0000, 0x0000, 0x0000, 0x0000, 0x0000, 0x0000, 0x0000, 0x0000, 0x0000, 0x0000, 0x0000, 0x0000,
  0x0000, 0x0000, 0x0000, 0x0000, 0x0000, 0x0008, 0x2100, 0x4540, 0xeda0, 0xeda8, 0xcdb0, 0x53f9,
  0x58fb, 0x9cfd, 0x7efd, 0x5df6, 0xffff, 0xfef7, 0x3af7, 0x2ffd, 0x8df4, 0x91eb, 0xefb1, 0x0d91,
  0xed98, 0x6548, 0x0000, 0x0000, 0x0000, 0x0000, 0x0000, 0x0000, 0x0000, 0x0000, 0x0000, 0x0000,
  0x0000, 0x0000, 0x0000, 0x0000, 0x0000, 0x0000, 0x0000, 0x0000, 0x0000, 0x0000, 0x2000, 0x0000,
  0x0000, 0x2000, 0x0000, 0x0000, 0x0000, 0x0000, 0x0000, 0x0000, 0x0000, 0x0000, 0x0000, 0x0000,
  0x0000, 0x0000, 0x0000, 0x0000, 0x0000, 0x0000, 0x0000, 0x0000, 0x0000, 0x0000, 0x0000, 0x0000,
  0x2000, 0x0000, 0x0000, 0x0008, 0x8638, 0x51d1, 0xb7fb, 0xbeff, 0xffef, 0xdfff, 0xdff7, 0xfff7,
  0x349d, 0x4018, 0x2010, 0x2000, 0x2000, 0x0000, 0x0000, 0x0000, 0x0000, 0x0000, 0x0000, 0x0000,
  0x0000, 0x0000, 0x0000, 0x0000, 0x0000, 0x0000, 0x0000, 0x0000, 0x0000, 0x0000, 0x0000, 0x0000,
  0x0000, 0x0000, 0x0000, 0x0000, 0x0000, 0x0000, 0x0000, 0x0000, 0x0000, 0x0000, 0x0000, 0x0000,
  0x0000, 0x2108, 0x8870, 0x13e1, 0x55f1, 0xb5f9, 0xd6f2, 0x7bfd, 0xbeff, 0xfeff, 0xdff7, 0xdfff,
  0xdeff, 0x7cf7, 0xb4fd, 0xb2f5, 0x53f5, 0x93f2, 0x35f9, 0x55f9, 0x8870, 0x2000, 0x0000, 0x0000,
  0x0000, 0x0000, 0x0000, 0x0000, 0x0000, 0x0000, 0x0000, 0x0000, 0x0000, 0x0000, 0x0000, 0x0000,
  0x0000, 0x0000, 0x0000, 0x0000, 0x0000, 0x0000, 0x0000, 0x0000, 0x0000, 0x0000, 0x0000, 0x0000,
  0x0000, 0x0000, 0x0000, 0x0000, 0x0000, 0x0000, 0x0000, 0x0000, 0x0000, 0x0000, 0x0000, 0x0000,
  0x0000, 0x0000, 0x0000, 0x0000, 0x0000, 0x0000, 0x0008, 0x2000, 0x0000, 0x0000, 0x0008, 0x0439,
  0x4ee3, 0x16fd, 0x9fff, 0xffff, 0xffff, 0xdfff, 0xdeff, 0x37e6, 0x2aab, 0x4862, 0x4008, 0x0000,
  0x0000, 0x0008, 0x0000, 0x0000, 0x0000, 0x0000, 0x0000, 0x0000, 0x0000, 0x0000, 0x0000, 0x0000,
  0x0000, 0x0000, 0x0000, 0x0000, 0x0000, 0x0000, 0x0000, 0x0000, 0x0000, 0x0000, 0x0000, 0x0000,
  0x0000, 0x0000, 0x0000, 0x0000, 0x0000, 0x0008, 0x2100, 0x0100, 0x2000, 0x8860, 0x53e9, 0x34f1,
  0x56f2, 0x7cfe, 0x9eff, 0xdeff, 0xdfff, 0xdfff, 0xfef7, 0xfeff, 0xfef7, 0x5dff, 0x9df7, 0xbbfe,
  0x36f3, 0x54f1, 0x55f1, 0x8968, 0x2000, 0x0108, 0x0000, 0x0000, 0x0000, 0x0000, 0x0000, 0x0000,
  0x0000, 0x0000, 0x0000, 0x0000, 0x0000, 0x0000, 0x0000, 0x0000, 0x0000, 0x0000, 0x0000, 0x0000,
  0x0000, 0x0000, 0x0000, 0x0000, 0x0000, 0x0000, 0x0000, 0x0000, 0x0000, 0x0000, 0x0000, 0x0000,
  0x0000, 0x0000, 0x0000, 0x0000, 0x0000, 0x0000, 0x0000, 0x0000, 0x0000, 0x0008, 0x0000, 0x0008,
  0x2000, 0x2220, 0x6110, 0xa218, 0x8210, 0x8120, 0xc551, 0xade4, 0xf5fd, 0xdeff, 0xfeff, 0xffff,
  0xffff, 0xffff, 0xdafe, 0xeefc, 0x0a9b, 0x2008, 0x0000, 0x2000, 0x0008, 0x0000, 0x0000, 0x0100,
  0x0000, 0x0000, 0x0000, 0x0000, 0x0000, 0x0000, 0x0000, 0x0000, 0x0000, 0x0000, 0x0000, 0x0000,
  0x0000, 0x0000, 0x0000, 0x0000, 0x0000, 0x0000, 0x0000, 0x0000, 0x0000, 0x0000, 0x0000, 0x0000,
  0x0000, 0x0000, 0x0100, 0x0000, 0x8868, 0x53e9, 0x35f9, 0xb5f1, 0x59fc, 0x99fd, 0x77fe, 0x9dff,
  0xffff, 0xdff7, 0xffff, 0xdfff, 0xfeff, 0xfef7, 0x9eff, 0xdbfd, 0x99fb, 0x55f9, 0x6a78, 0x0000,
  0x2000, 0x0000, 0x0000, 0x0000, 0x0000, 0x0000, 0x0000, 0x0000, 0x0000, 0x0000, 0x0000, 0x0000,
  0x0000, 0x0000, 0x0000, 0x0000, 0x0000, 0x0000, 0x0000, 0x0000, 0x0000, 0x0000, 0x0000, 0x0000,
  0x0000, 0x0000, 0x0000, 0x0000, 0x0000, 0x0000, 0x0000, 0x0000, 0x0000, 0x0000, 0x0000, 0x0000,
  0x0000, 0x0000, 0x0000, 0x0100, 0x2100, 0x2000, 0x0000, 0x2218, 0xec90, 0xadb1, 0x4bb3, 0xccb3,
  0xabbb, 0x0cbc, 0xeef4, 0xd4fd, 0xbeff, 0xffff, 0xffff, 0xffff, 0xffff, 0xd9fe, 0xedfc, 0x09a3,
  0x2108, 0x0000, 0x2100, 0x0000, 0x0000, 0x0008, 0x0000, 0x2000, 0x2000, 0x2000, 0x0000, 0x0000,
  0x0000, 0x0000, 0x0000, 0x0000, 0x0000, 0x0000, 0x0000, 0x0000, 0x0000, 0x0000, 0x0000, 0x0000,
  0x0000, 0x0000, 0x0000, 0x0000, 0x0000, 0x0000, 0x2000, 0x0000, 0x0000, 0x0100, 0x0008, 0x6658,
  0x31d9, 0x32f9, 0x54e9, 0x74e9, 0x32f3, 0x52fd, 0x1aff, 0xfef7, 0xfff7, 0xffff, 0xffff, 0x9fff,
  0xbfff, 0x7fff, 0x9fff, 0x9cf5, 0xd2d1, 0x6868, 0x0008, 0x0000, 0x0000, 0x0000, 0x0000, 0x0000,
  0x0000, 0x0000, 0x0000, 0x0000, 0x0000, 0x0000, 0x0000, 0x0000, 0x0000, 0x0000, 0x0000, 0x0000,
  0x0000, 0x0000, 0x0000, 0x0000, 0x0000, 0x0000, 0x0000, 0x0000, 0x0000, 0x0000, 0x0000, 0x0000,
  0x0000, 0x0000, 0x0000, 0x0000, 0x0000, 0x0000, 0x0000, 0x0000, 0x0000, 0x0008, 0x0000, 0x0008,
  0x0000, 0x8008, 0x6328, 0x51c1, 0x52fa, 0x6ffc, 0xeffc, 0x0ffd, 0x30f5, 0x2ffd, 0x35fe, 0xdeff,
  0xddf7, 0xdef7, 0xffff, 0xffff, 0xf9fe, 0x2ff5, 0x2a93, 0x6210, 0x4008, 0x6108, 0x4008, 0x4000,
  0x4010, 0x6008, 0x0208, 0x0218, 0x2110, 0x2000, 0x0000, 0x0000, 0x0000, 0x0000, 0x0000, 0x0000,
  0x0000, 0x0000, 0x0000, 0x0000, 0x0000, 0x0000, 0x0000, 0x0000, 0x0000, 0x0000, 0x0000, 0x0000,
  0x0000, 0x0000, 0x0000, 0x0000, 0x0000, 0x2000, 0x2218, 0x4430, 0x6330, 0x6850, 0x72e1, 0x11fb,
  0xeefc, 0x71fd, 0x56fe, 0xbef7, 0xdeff, 0xddfe, 0xf7f2, 0x96f2, 0x94e2, 0xeb71, 0x0631, 0x4438,
  0x0110, 0x2000, 0x2100, 0x0000, 0x0000, 0x0000, 0x0000, 0x0000, 0x0000, 0x0000, 0x0000, 0x0000,
  0x0000, 0x0000, 0x0000, 0x0000, 0x0000, 0x0000, 0x0000, 0x0000, 0x0000, 0x0000, 0x0000, 0x0000,
  0x0000, 0x0000, 0x0000, 0x0000, 0x0000, 0x0000, 0x0000, 0x0000, 0x0000, 0x0000, 0x0000, 0x0000,
  0x0000, 0x0000, 0x0000, 0x2000, 0x2000, 0x4228, 0xcca0, 0x70c9, 0xaec3, 0xecc3, 0x11f4, 0x4ffc,
  0x0ffd, 0x11f5, 0x1aff, 0x3cff, 0x1bff, 0x5cff, 0xffff, 0xffff, 0xffff, 0xffff, 0xffff, 0x9cff,
  0xfafe, 0xdbe6, 0x79d6, 0xf1cc, 0xedcb, 0xeccb, 0x0cc4, 0xecc3, 0xedc3, 0x30c2, 0xeeb0, 0x4650,
  0x0000, 0x0000, 0x0000, 0x0000, 0x2000, 0x0000, 0x0000, 0x0000, 0x0000, 0x0000, 0x0000, 0x0000,
  0x0000, 0x0000, 0x0000, 0x0000, 0x0000, 0x0000, 0x0000, 0x0000, 0x0000, 0x0000, 0x0000, 0x0000,
  0x2000, 0x2000, 0x0000, 0x2000, 0x2420, 0xcca0, 0x50da, 0x11ec, 0xf1f3, 0xf6fc, 0xdff7, 0xddfe,
  0x1bfd, 0xb5f1, 0x32d9, 0xeb90, 0x4430, 0x2000, 0x2008, 0x2000, 0x2000, 0x0000, 0x0000, 0x0000,
  0x0000, 0x0000, 0x0000, 0x0000, 0x0000, 0x0000, 0x0000, 0x0000, 0x0000, 0x0000, 0x0000, 0x0000,
  0x0000, 0x0000, 0x0000, 0x0000, 0x0000, 0x0000, 0x0000, 0x0000, 0x0000, 0x0000, 0x0000, 0x0000,
  0x0000, 0x0000, 0x0000, 0x0000, 0x0000, 0x0000, 0x0000, 0x0000, 0x0000, 0x0000, 0x2000, 0x2000,
  0x4428, 0x50b9, 0x53f2, 0xb1fc, 0x0ef5, 0x90f5, 0x6ffd, 0x71fd, 0xb3f5, 0xdeff, 0xdfff, 0xdfff,
  0xfeff, 0xffff, 0xffff, 0xdeff, 0xffff, 0xffff, 0xffff, 0xffff, 0xfff7, 0xdeff, 0xb6fe, 0x73fd,
  0x51fd, 0x91f5, 0x50fd, 0x10fd, 0xb2fa, 0x54f1, 0x8a70, 0x0100, 0x0000, 0x0000, 0x0000, 0x0000,
  0x0000, 0x0000, 0x0000, 0x0000, 0x0000, 0x0000, 0x0000, 0x0000, 0x0000, 0x0000, 0x0000, 0x0000,
  0x0000, 0x0000, 0x0000, 0x0000, 0x2000, 0x0000, 0x2100, 0x2000, 0x2000, 0x2000, 0x0000, 0x2100,
  0x4218, 0xcb80, 0x92e1, 0x93f9, 0x97eb, 0x7eff, 0x59fc, 0xf5f1, 0x53e9, 0xed98, 0x2318, 0x0108,
  0x2000, 0x0000, 0x0000, 0x0100, 0x2000, 0x0000, 0x0000, 0x0000, 0x0000, 0x0000, 0x0000, 0x0000,
  0x0000, 0x0000, 0x0000, 0x0000, 0x0000, 0x0000, 0x0000, 0x0000, 0x0000, 0x0000, 0x0000, 0x0000,
  0x0000, 0x0000, 0x0000, 0x0000, 0x0000, 0x0000, 0x0000, 0x0000, 0x0000, 0x0000, 0x0000, 0x0000,
  0x0000, 0x0000, 0x0000, 0x0000, 0x0000, 0x0008, 0x0100, 0xc328, 0x4dbb, 0x50f4, 0xcffc, 0x30fd,
  0xf8f6, 0xfafe, 0xfafe, 0x1bff, 0xfeff, 0xdfff, 0xfff7, 0xfeff, 0xffff, 0xffff, 0xdeff, 0xffff,
  0xdff7, 0xdfff, 0xffff, 0xffff, 0xdeff, 0x9bf7, 0x1bff, 0x1aff, 0x19f7, 0xf4fd, 0xeff4, 0xd2fa,
  0x13f1, 0x6970, 0x0008, 0x0000, 0x2000, 0x0000, 0x0000, 0x0000, 0x0000, 0x0000, 0x0000, 0x0000,
  0x0000, 0x0000, 0x0000, 0x0000, 0x0000, 0x0000, 0x0000, 0x0000, 0x0000, 0x0000, 0x0000, 0x0000,
  0x0000, 0x0000, 0x0000, 0x0000, 0x0000, 0x2000, 0x0000, 0x4000, 0x2328, 0x8868, 0x13e1, 0x57f3,
  0x5dff, 0xf9fb, 0x11d9, 0xc968, 0x6530, 0x0008, 0x2000, 0x0000, 0x0000, 0x0000, 0x0000, 0x0000,
  0x0000, 0x0000, 0x0000, 0x0000, 0x0000, 0x0000, 0x0000, 0x0000, 0x0000, 0x0000, 0x0000, 0x0000,
  0x0000, 0x0000, 0x0000, 0x0000, 0x0000, 0x0000, 0x0000, 0x0000, 0x0000, 0x0000, 0x0000, 0x0000,
  0x0000, 0x0000, 0x0000, 0x0000, 0x0000, 0x0000, 0x0000, 0x0000, 0x0000, 0x0000, 0x0000, 0x2000,
  0x0000, 0x0100, 0xc228, 0x8bbb, 0xcff4, 0x90ec, 0x14fd, 0x5cf7, 0xdfff, 0xffff, 0xfef7, 0xfeff,
  0xffff, 0xdfff, 0xffff, 0xffff, 0xffff, 0xffff, 0xffff, 0xfff7, 0xfeff, 0xffff, 0xfeff, 0xfeff,
  0xdfff, 0xfeff, 0xfef7, 0xdeff, 0x76f6, 0xeff4, 0xd0e2, 0xf0d0, 0x6860, 0x2108, 0x2000, 0x0000,
  0x0000, 0x0000, 0x0000, 0x0000, 0x0000, 0x0000, 0x0000, 0x0000, 0x0000, 0x0000, 0x0000, 0x0000,
  0x0000, 0x0000, 0x0000, 0x0000, 0x0000, 0x0000, 0x0000, 0x0000, 0x0000, 0x0000, 0x0000, 0x0000,
  0x2000, 0x0008, 0x0000, 0x0008, 0x4320, 0x10c9, 0x57fb, 0x5fff, 0x1afc, 0x50b9, 0x2218, 0x0108,
  0x2000, 0x2000, 0x0000, 0x0000, 0x0000, 0x0000, 0x0000, 0x0000, 0x0000, 0x0000, 0x0000, 0x0000,
  0x0000, 0x0000, 0x0000, 0x0000, 0x0000, 0x0000, 0x0000, 0x0000, 0x0000, 0x0000, 0x0000, 0x0000,
  0x2000, 0x0000, 0x0000, 0x0000, 0x0000, 0x2000, 0x2000, 0x2000, 0x2000, 0x0000, 0x0000, 0x0000,
  0x0000, 0x0000, 0x0000, 0x0000, 0x0000, 0x0000, 0x0000, 0x0000, 0x2000, 0x6328, 0xcec1, 0xb3f9,
  0xb3f9, 0xd4f2, 0xddfe, 0xdfff, 0xdfff, 0xdef7, 0xdff7, 0xffff, 0xffff, 0xffff, 0xffff, 0xdfff,
  0xffff, 0xffff, 0xfff7, 0xfeff, 0xffff, 0xfff7, 0xffff, 0xfff7, 0xffff, 0xdeff, 0xbeff, 0x56fe,
  0xf0fc, 0xe879, 0x4530, 0x0210, 0x0000, 0x0000, 0x0000, 0x0000, 0x0000, 0x0000, 0x0000, 0x0000,
  0x0000, 0x0000, 0x0000, 0x0000, 0x0000, 0x0000, 0x0000, 0x0000, 0x0000, 0x0000, 0x0000, 0x0000,
  0x0000, 0x0000, 0x0000, 0x0000, 0x0000, 0x0000, 0x0000, 0x2000, 0x0000, 0x0000, 0x0000, 0x2218,
  0x0fd1, 0x77eb, 0x3ff7, 0xd9fb, 0x2fc1, 0x0118, 0x2108, 0x2000, 0x0000, 0x0000, 0x0000, 0x0000,
  0x0000, 0x0000, 0x0000, 0x0000, 0x0000, 0x0000, 0x0000, 0x0000, 0x0000, 0x0000, 0x0000, 0x0000,
  0x0000, 0x0000, 0x0000, 0x0000, 0x0000, 0x0000, 0x2000, 0x2000, 0x0000, 0x0000, 0x0000, 0x0000,
  0x0000, 0x0000, 0x0000, 0x2000, 0x2000, 0x0000, 0x0000, 0x0000, 0x0000, 0x0000, 0x0000, 0x0000,
  0x0100, 0x0000, 0x0000, 0x2000, 0x4320, 0xcea0, 0xd2d8, 0x32d9, 0x51ca, 0x5ae6, 0x5ce7, 0x3cef,
  0x5def, 0xbdff, 0xbdff, 0x7cff, 0x9dff, 0xffff, 0xdfff, 0xdfff, 0xbeff, 0xffff, 0xdeff, 0x7dff,
  0x9dff, 0x9dff, 0x7cef, 0x1def, 0x1def, 0x3cef, 0xd5ed, 0xb0dc, 0x0542, 0x4000, 0x0000, 0x0008,
  0x2000, 0x2000, 0x0000, 0x0000, 0x0000, 0x0000, 0x0000, 0x0000, 0x0000, 0x0000, 0x0000, 0x0000,
  0x0000, 0x0000, 0x0000, 0x0000, 0x0000, 0x0000, 0x0000, 0x0000, 0x0000, 0x0000, 0x0000, 0x0000,
  0x0000, 0x0000, 0x2100, 0x2000, 0x4000, 0x2000, 0x2210, 0xa980, 0x2e92, 0x7394, 0x909a, 0xa978,
  0x2110, 0x0000, 0x0000, 0x0000, 0x0000, 0x0000, 0x0000, 0x0000, 0x0000, 0x0000, 0x0000, 0x0000,
  0x0000, 0x0000, 0x0000, 0x0000, 0x0000, 0x0000, 0x0000, 0x0000, 0x0000, 0x0000, 0x0000, 0x0000,
  0x0000, 0x2000, 0x0000, 0x0000, 0x2000, 0x0000, 0x0100, 0x0000, 0x0008, 0x0000, 0x0000, 0x0000,
  0x0000, 0x0000, 0x0000, 0x0000, 0x0000, 0x0000, 0x0000, 0x0000, 0x0000, 0x0000, 0x2000, 0x0008,
  0x4328, 0x4438, 0x2330, 0x6438, 0x8631, 0xa731, 0x8531, 0x4852, 0x91f5, 0xb1f5, 0x92fd, 0x77fe,
  0xdeff, 0xdfff, 0xffff, 0xffff, 0xffff, 0xfafe, 0x93f5, 0x91f5, 0x92f5, 0x8c9b, 0x8739, 0x8631,
  0xa631, 0x2431, 0xe230, 0x6010, 0x0008, 0x0008, 0x0000, 0x0000, 0x0000, 0x0000, 0x0000, 0x0000,
  0x0000, 0x0000, 0x0000, 0x0000, 0x0000, 0x0000, 0x0000, 0x0000, 0x0000, 0x0000, 0x0000, 0x0000,
  0x0000, 0x0000, 0x0000, 0x0000, 0x0000, 0x0000, 0x0000, 0x0000, 0x0000, 0x0000, 0x0000, 0x0000,
  0x0000, 0x0100, 0x0108, 0x2110, 0x6108, 0x4108, 0x0110, 0x2000, 0x0000, 0x2000, 0x0000, 0x0000,
  0x0000, 0x0000, 0x0000, 0x0000, 0x0000, 0x0000, 0x0000, 0x0000, 0x0000, 0x0000, 0x0000, 0x0000,
  0x0000, 0x0000, 0x0000, 0x0000, 0x0000, 0x0000, 0x0000, 0x0000, 0x0000, 0x0008, 0x2000, 0x2000,
  0x0008, 0x0008, 0x2000, 0x2000, 0x0000, 0x0000, 0x2000, 0x0000, 0x0000, 0x0000, 0x0000, 0x0000,
  0x0000, 0x0000, 0x0000, 0x0000, 0x0000, 0x0100, 0x0000, 0x2000, 0x2000, 0x0000, 0x0108, 0x0100,
  0x0100, 0x0008, 0xe228, 0xccbb, 0x4ccc, 0xd0fc, 0xf5fd, 0xddff, 0xffff, 0xffff, 0xffff, 0xffff,
  0xb8f6, 0x10fd, 0xade4, 0xecc3, 0x0662, 0x2108, 0x0000, 0x0000, 0x2100, 0x0000, 0x0008, 0x0000,
  0x0000, 0x0000, 0x0000, 0x0000, 0x0000, 0x0000, 0x0000, 0x0000, 0x0000, 0x0000, 0x0000, 0x0000,
  0x0000, 0x0000, 0x0000, 0x0000, 0x0000, 0x0000, 0x0000, 0x0000, 0x0000, 0x0000, 0x0000, 0x0000,
  0x0000, 0x0000, 0x0000, 0x0000, 0x0000, 0x2000, 0x0000, 0x0000, 0x0108, 0x0008, 0x0000, 0x0000,
  0x2000, 0x0008, 0x2000, 0x0000, 0x0000, 0x0000, 0x0000, 0x0000, 0x0000, 0x0000, 0x0000, 0x0000,
  0x0000, 0x0000, 0x0000, 0x0000, 0x0000, 0x0000, 0x0000, 0x0000, 0x0000, 0x0000, 0x0000, 0x0000,
  0x0000, 0x0000, 0x0000, 0x0000, 0x2008, 0x0000, 0x0110, 0x0110, 0x0108, 0x2208, 0x0110, 0x2210,
  0x2000, 0x4000, 0x0000, 0x0000, 0x0000, 0x0000, 0x0000, 0x0000, 0x0000, 0x0000, 0x0000, 0x0000,
  0x2100, 0x0100, 0x0100, 0x0000, 0x4000, 0x0000, 0x2000, 0x2000, 0x0000, 0x2110, 0xc330, 0x2662,
  0x4fe4, 0xf5fd, 0xddff, 0xdfff, 0xffff, 0xffff, 0xffff, 0xd9fe, 0xeff4, 0x6aab, 0x0339, 0x6118,
  0x2000, 0x0000, 0x0000, 0x0100, 0x0000, 0x2100, 0x0000, 0x0000, 0x0000, 0x0000, 0x0000, 0x0000,
  0x0000, 0x0000, 0x0000, 0x0000, 0x0000, 0x0000, 0x0000, 0x0000, 0x0000, 0x0000, 0x0000, 0x0000,
  0x0000, 0x0000, 0x0000, 0x0000, 0x0000, 0x0000, 0x0000, 0x0000, 0x0000, 0x0000, 0x0000, 0x0000,
  0x0000, 0x0008, 0x2000, 0x0000, 0x0008, 0x0000, 0x0000, 0x0000, 0x2008, 0x0000, 0x0008, 0x0000,
  0x0000, 0x0000, 0x0000, 0x0000, 0x0000, 0x0000, 0x0000, 0x0000, 0x0000, 0x0000, 0x0000, 0x0000,
  0x0000, 0x0000, 0x0000, 0x0000, 0x0000, 0x0000, 0x0000, 0x0000, 0x0000, 0x0000, 0x0000, 0x4000,
  0x2108, 0x6540, 0xeca0, 0xeeb8, 0x30c1, 0xefb8, 0x0d99, 0x4538, 0x2100, 0x0000, 0x0000, 0x0000,
  0x0000, 0x0000, 0x0000, 0x0000, 0x0000, 0x0000, 0x0000, 0x2000, 0x0000, 0x2000, 0x0000, 0x2100,
  0x0000, 0x0000, 0x0000, 0x2000, 0x2000, 0x2100, 0x4331, 0xcccb, 0x52ed, 0x7bf7, 0x9eff, 0xffff,
  0xffff, 0xdfff, 0xb9f6, 0xeffc, 0x4993, 0x4108, 0x0108, 0x0000, 0x2000, 0x2000, 0x0100, 0x0008,
  0x0100, 0x0000, 0x0000, 0x0000, 0x0008, 0x0008, 0x0000, 0x0000, 0x0000, 0x0000, 0x0000, 0x0000,
  0x0000, 0x0000, 0x0000, 0x0000, 0x0000, 0x0000, 0x0000, 0x0000, 0x0000, 0x0000, 0x0000, 0x0000,
  0x0000, 0x0000, 0x0000, 0x0000, 0x0000, 0x0000, 0x0000, 0x0000, 0x0000, 0x0000, 0x0000, 0x0000,
  0x0000, 0x0000, 0x0000, 0x0000, 0x0000, 0x0000, 0x0000, 0x0000, 0x0000, 0x0000, 0x2000, 0x0000,
  0x0000, 0x2000, 0x2000, 0x0008, 0x0000, 0x0000, 0x0000, 0x0100, 0x0000, 0x0000, 0x0000, 0x0000,
  0x0000, 0x0000, 0x0000, 0x0000, 0x2000, 0x2100, 0x0000, 0x2008, 0x6648, 0x31d1, 0x74f9, 0xf3f8,
  0x34f9, 0x31d9, 0x6640, 0x0000, 0x0000, 0x0000, 0x0000, 0x0000, 0x0000, 0x0000, 0x0000, 0x0000,
  0x0000, 0x0000, 0x0000, 0x0000, 0x0000, 0x0000, 0x0000, 0x0000, 0x0000, 0x0000, 0x0000, 0x0000,
  0x0008, 0x0000, 0x4108, 0x265a, 0xcff4, 0xd4fd, 0xbeff, 0xdeff, 0xffff, 0xfaf6, 0xedf4, 0x099b,
  0x4008, 0x0000, 0x0000, 0x0000, 0x0000, 0x0000, 0x0000, 0x0000, 0x0000, 0x0000, 0x0000, 0x0000,
  0x0000, 0x0000, 0x0000, 0x0000, 0x0000, 0x0000, 0x0000, 0x0000, 0x0000, 0x0000, 0x0000, 0x0000,
  0x0000, 0x0000, 0x0000, 0x0000, 0x0000, 0x0000, 0x0000, 0x0000, 0x0000, 0x0000, 0x0000, 0x0000,
  0x0000, 0x0000, 0x0000, 0x0000, 0x0000, 0x0000, 0x0000, 0x0000, 0x0000, 0x0000, 0x0000, 0x0000,
  0x0000, 0x0000, 0x0000, 0x0000, 0x0008, 0x2000, 0x0000, 0x0000, 0x0000, 0x0000, 0x0000, 0x2000,
  0x2000, 0x0000, 0x2000, 0x0000, 0x0000, 0x0000, 0x0000, 0x0000, 0x0000, 0x0000, 0x0000, 0x0000,
  0x0100, 0x0000, 0x2000, 0x6750, 0x13e1, 0x56f1, 0x15f1, 0x75f1, 0x52d9, 0x4638, 0x0000, 0x0000,
  0x0000, 0x0000, 0x0000, 0x0000, 0x0000, 0x0000, 0x0000, 0x0000, 0x0000, 0x0000, 0x0000, 0x0000,
  0x0000, 0x0000, 0x0000, 0x0000, 0x0000, 0x0000, 0x0000, 0x0000, 0x0000, 0x2000, 0xe551, 0xaeec,
  0xd4fd, 0xdeff, 0xffff, 0xdfff, 0xb8f6, 0x0efd, 0x2a9b, 0x4100, 0x0000, 0x0000, 0x0000, 0x0000,
  0x0000, 0x0000, 0x0000, 0x0000, 0x0000, 0x0000, 0x0000, 0x0000, 0x0000, 0x0000, 0x0000, 0x0000,
  0x0000, 0x0000, 0x0000, 0x0000, 0x0000, 0x0000, 0x0000, 0x0000, 0x0000, 0x0000, 0x0000, 0x0000,
  0x0000, 0x0000, 0x0000, 0x0000, 0x0000, 0x0000, 0x0000, 0x0000, 0x0000, 0x0000, 0x0000, 0x0000,
  0x0000, 0x0000, 0x0000, 0x0000, 0x0000, 0x0000, 0x0000, 0x0000, 0x0000, 0x0000, 0x0000, 0x0000,
  0x2000, 0x2000, 0x0000, 0x0000, 0x0000, 0x0000, 0x2000, 0x2000, 0x0000, 0x0000, 0x0000, 0x0000,
  0x0000, 0x0000, 0x0000, 0x0000, 0x0000, 0x0000, 0x0000, 0x0100, 0x0000, 0x0000, 0x6750, 0x11e1,
  0x73e9, 0x34f1, 0x54f1, 0x32e1, 0x4640, 0x0000, 0x0000, 0x0000, 0x0000, 0x0000, 0x0000, 0x0000,
  0x0000, 0x0000, 0x0000, 0x0000, 0x0000, 0x0000, 0x0000, 0x0000, 0x0000, 0x0000, 0x0000, 0x0000,
  0x0000, 0x0000, 0x0000, 0x0000, 0x0000, 0xc559, 0xceec, 0xf3fd, 0xddff, 0xffff, 0xfeff, 0xd8fe,
  0x0ff5, 0x0a9b, 0x2108, 0x0000, 0x0000, 0x0000, 0x0000, 0x0000, 0x0000, 0x0000, 0x0000, 0x0000,
  0x0000, 0x0000, 0x0000, 0x0000, 0x0000, 0x0000, 0x0000, 0x0000, 0x0000, 0x0000, 0x0000, 0x0000,
  0x0000, 0x0000, 0x0000, 0x0000, 0x0000, 0x0000, 0x0000, 0x0000, 0x0000, 0x0000, 0x0000, 0x0000,
  0x0000, 0x0000, 0x0000, 0x0000, 0x0000, 0x0000, 0x0000, 0x0000, 0x0000, 0x0000, 0x0000, 0x0000,
  0x0000, 0x0000, 0x0000, 0x0000, 0x0000, 0x0000, 0x0000, 0x2000, 0x2000, 0x0108, 0x0008, 0x2000,
  0x0000, 0x0108, 0x0000, 0x0008, 0x0100, 0x0000, 0x0000, 0x0000, 0x0000, 0x0000, 0x0000, 0x0000,
  0x0000, 0x0000, 0x0000, 0x0000, 0x2000, 0x8750, 0x32e1, 0x74e9, 0x55f9, 0x54f9, 0x11d9, 0x4540,
  0x2000, 0x0000, 0x0000, 0x0000, 0x0000, 0x0000, 0x0000, 0x0000, 0x0000, 0x0000, 0x0000, 0x0000,
  0x0000, 0x0000, 0x0000, 0x0000, 0x0000, 0x0000, 0x0000, 0x0000, 0x0000, 0x0000, 0x0000, 0x0000,
  0xc559, 0xefec, 0x91f5, 0xd9fe, 0xfafe, 0xf9fe, 0xd5dd, 0x8bab, 0x2772, 0x2008, 0x0000, 0x0000,
  0x0000, 0x0000, 0x0000, 0x0000, 0x0000, 0x0000, 0x0000, 0x0000, 0x0000, 0x0000, 0x0000, 0x0000,
  0x0000, 0x0000, 0x0000, 0x0000, 0x0000, 0x0000, 0x0000, 0x0000, 0x0000, 0x0000, 0x0000, 0x0000,
  0x0000, 0x0000, 0x0000, 0x0000, 0x0000, 0x0000, 0x0000, 0x0000, 0x0000, 0x0000, 0x0000, 0x0000,
  0x0000, 0x0000, 0x0000, 0x0000, 0x0000, 0x0000, 0x0000, 0x0000, 0x0000, 0x0000, 0x0000, 0x0000,
  0x0000, 0x2000, 0x2000, 0x0000, 0x2320, 0xa978, 0xec90, 0x8b98, 0xa868, 0x2108, 0x2000, 0x2000,
  0x0000, 0x0000, 0x0000, 0x0000, 0x0000, 0x0000, 0x0000, 0x0000, 0x0000, 0x0000, 0x2000, 0x0000,
  0x4328, 0xaa80, 0xeb80, 0xec88, 0xcb90, 0xaa78, 0x4320, 0x4000, 0x2000, 0x0000, 0x0000, 0x0000,
  0x0000, 0x0000, 0x0000, 0x0000, 0x0000, 0x0000, 0x0000, 0x0000, 0x0000, 0x0000, 0x0000, 0x0000,
  0x0000, 0x0000, 0x0000, 0x0000, 0x0000, 0x2000, 0x2000, 0xa559, 0xcff4, 0xeffc, 0x32fd, 0x2ff5,
  0x10fd, 0x6ca3, 0x6110, 0x6008, 0x0000, 0x0000, 0x0000, 0x0000, 0x0000, 0x0000, 0x0000, 0x0000,
  0x0000, 0x0000, 0x0000, 0x0000, 0x0000, 0x0000, 0x0000, 0x0000, 0x0000, 0x0000, 0x0000, 0x0000,
  0x0000, 0x0000, 0x0000, 0x0000, 0x0000, 0x0000, 0x0000, 0x0000, 0x0000, 0x0000, 0x0000, 0x0000,
  0x0000, 0x0000, 0x0000, 0x0000, 0x0000, 0x0000, 0x0000, 0x0000, 0x0000, 0x0000, 0x0000, 0x0000,
  0x0000, 0x0000, 0x0000, 0x0000, 0x0000, 0x0000, 0x0000, 0x0000, 0x0000, 0x0008, 0x0118, 0x6750,
  0x11d1, 0x55f9, 0x14f9, 0x0fc1, 0x2430, 0x2110, 0x0000, 0x0000, 0x0000, 0x0000, 0x0000, 0x0000,
  0x0000, 0x0000, 0x0000, 0x0000, 0x0000, 0x2000, 0x0008, 0x0008, 0x0010, 0x0000, 0x2000, 0x0008,
  0x0108, 0x0000, 0x0000, 0x2000, 0x0000, 0x0000, 0x0000, 0x0000, 0x0000, 0x0000, 0x0000, 0x0000,
  0x0000, 0x0000, 0x0000, 0x0000, 0x0000, 0x0000, 0x0000, 0x0000, 0x0000, 0x0000, 0x0000, 0x0100,
  0x0000, 0x2000, 0xc659, 0xeeec, 0xeefc, 0xf0fc, 0xeefc, 0xeefc, 0x4b9b, 0x0000, 0x4100, 0x0000,
  0x0000, 0x0000, 0x0000, 0x0000, 0x0000, 0x0000, 0x0000, 0x0000, 0x0000, 0x0000, 0x0000, 0x0000,
  0x0000, 0x0000, 0x0000, 0x0000, 0x0000, 0x0000, 0x0000, 0x0000, 0x0000, 0x0000, 0x0000, 0x0000,
  0x0000, 0x0000, 0x0000, 0x0000, 0x0000, 0x0000, 0x0000, 0x0000, 0x0000, 0x0000, 0x0000, 0x0000,
  0x0000, 0x0000, 0x0000, 0x0000, 0x0000, 0x0000, 0x0000, 0x0000, 0x0000, 0x0000, 0x0000, 0x0000,
  0x0000, 0x2000, 0x2000, 0x2000, 0x0118, 0xa868, 0xeda0, 0x13e9, 0x34f1, 0x55f1, 0x32d9, 0xac90,
  0x6860, 0x2108, 0x0000, 0x0000, 0x0000, 0x0000, 0x0000, 0x0000, 0x0000, 0x0000, 0x0000, 0x0000,
  0x0000, 0x0008, 0x2000, 0x0000, 0x0000, 0x2000, 0x0000, 0x2000, 0x0000, 0x0000, 0x0000, 0x0000,
  0x0000, 0x0000, 0x0000, 0x0000, 0x0000, 0x0000, 0x0000, 0x0000, 0x0000, 0x0000, 0x0000, 0x0000,
  0x0000, 0x0000, 0x0000, 0x0000, 0x0000, 0x0000, 0x0100, 0x0000, 0x2000, 0xc559, 0xefe4, 0x2ff5,
  0xf0fc, 0xeffc, 0x50f5, 0x4a93, 0x0008, 0x0008, 0x2000, 0x0000, 0x0000, 0x0000, 0x0000, 0x0000,
  0x0000, 0x0000, 0x0000, 0x0000, 0x0000, 0x0000, 0x0000, 0x0000, 0x0000, 0x0000, 0x0000, 0x0000,
  0x0000, 0x0000, 0x0000, 0x0000, 0x0000, 0x0000, 0x0000, 0x0000, 0x0000, 0x0000, 0x0000, 0x0000,
  0x0000, 0x0000, 0x0000, 0x0000, 0x0000, 0x0000, 0x0000, 0x0000, 0x0000, 0x0000, 0x0000, 0x0000,
  0x0000, 0x0000, 0x0000, 0x0000, 0x0000, 0x0000, 0x0000, 0x0000, 0x0000, 0x0000, 0x2108, 0x2430,
  0x32d9, 0x54f9, 0xb4f1, 0xb3f1, 0x15f9, 0x54f1, 0x55f1, 0xaeb8, 0x2110, 0x0000, 0x0000, 0x0000,
  0x0000, 0x0000, 0x0000, 0x0000, 0x0000, 0x0000, 0x0000, 0x0000, 0x0000, 0x0000, 0x0000, 0x0000,
  0x0000, 0x0000, 0x0000, 0x0000, 0x0000, 0x0000, 0x0000, 0x0000, 0x0000, 0x0000, 0x0000, 0x0000,
  0x0000, 0x0000, 0x0000, 0x0000, 0x0000, 0x0000, 0x0000, 0x0000, 0x0000, 0x0000, 0x0000, 0x0000,
  0x0000, 0x0100, 0x0000, 0x0000, 0x2339, 0x2a9b, 0x49a3, 0x49a3, 0x29ab, 0x6aab, 0x0562, 0x0008,
  0x0000, 0x0000, 0x0000, 0x0000, 0x0000, 0x0000, 0x0000, 0x0000, 0x0000, 0x0000, 0x0000, 0x0000,
  0x0000, 0x0000, 0x0000, 0x0000, 0x0000, 0x0000, 0x0000, 0x0000, 0x0000, 0x0000, 0x0000, 0x0000,
  0x0000, 0x0000, 0x0000, 0x0000, 0x0000, 0x0000, 0x0000, 0x0000, 0x0000, 0x0000, 0x0000, 0x0000,
  0x0000, 0x0000, 0x0000, 0x0000, 0x0000, 0x0000, 0x0000, 0x0000, 0x0000, 0x0000, 0x0000, 0x0000,
  0x0000, 0x0000, 0x0000, 0x0000, 0x4320, 0xca88, 0xeda8, 0x34f1, 0x56f2, 0xdaec, 0x99fc, 0x35f9,
  0x53f9, 0x54f1, 0xcfb0, 0x4210, 0x0000, 0x0000, 0x0000, 0x0000, 0x0000, 0x0000, 0x0000, 0x0000,
  0x0000, 0x0000, 0x0000, 0x0000, 0x0000, 0x0000, 0x0000, 0x0000, 0x0000, 0x0000, 0x0000, 0x0000,
  0x0000, 0x0000, 0x0000, 0x0000, 0x0000, 0x0000, 0x0000, 0x0000, 0x0000, 0x0000, 0x0000, 0x0000,
  0x0000, 0x0000, 0x0000, 0x0000, 0x0000, 0x0000, 0x0000, 0x0000, 0x0008, 0x0000, 0x0000, 0x4008,
  0xa118, 0x8118, 0xc118, 0xa118, 0x8118, 0x4010, 0x0000, 0x0100, 0x0000, 0x0000, 0x0000, 0x0000,
  0x0000, 0x0000, 0x0000, 0x0000, 0x0000, 0x0000, 0x0000, 0x0000, 0x0000, 0x0000, 0x0000, 0x0000,
  0x0000, 0x0000, 0x0000, 0x0000, 0x0000, 0x0000, 0x0000, 0x0000, 0x0000, 0x0000, 0x0000, 0x0000,
  0x0000, 0x0000, 0x0000, 0x0000, 0x0000, 0x0000, 0x0000, 0x0000, 0x0000, 0x0000, 0x0000, 0x0000,
  0x0000, 0x0000, 0x0000, 0x0000, 0x0000, 0x0000, 0x0000, 0x0000, 0x0000, 0x0000, 0x0000, 0x2538,
  0x11e1, 0x33f9, 0x15f9, 0xf7fa, 0xfdfe, 0x7bfe, 0xb5f1, 0x54f1, 0x54f1, 0xefb0, 0x0110, 0x0000,
  0x0000, 0x0000, 0x0000, 0x0000, 0x0000, 0x0000, 0x0000, 0x0000, 0x0000, 0x0000, 0x0000, 0x0000,
  0x0000, 0x0000, 0x0000, 0x0000, 0x0000, 0x0000, 0x0000, 0x0000, 0x0000, 0x0000, 0x0000, 0x0000,
  0x0000, 0x0000, 0x0000, 0x0000, 0x0000, 0x0000, 0x0000, 0x0000, 0x0000, 0x0000, 0x0000, 0x0000,
  0x0000, 0x0000, 0x0000, 0x0000, 0x0000, 0x0000, 0x0000, 0x0000, 0x0100, 0x0100, 0x0100, 0x0108,
  0x0108, 0x0100, 0x0000, 0x0000, 0x0000, 0x0000, 0x0000, 0x0000, 0x0000, 0x0000, 0x0000, 0x0000,
  0x0000, 0x0000, 0x0000, 0x0000, 0x0000, 0x0000, 0x0000, 0x0000, 0x0000, 0x0000, 0x0000, 0x0000,
  0x0000, 0x0000, 0x0000, 0x0000, 0x0000, 0x0000, 0x0000, 0x0000, 0x0000, 0x0000, 0x0000, 0x0000,
  0x0000, 0x0000, 0x0000, 0x0000, 0x0000, 0x0000, 0x0000, 0x0000, 0x0000, 0x0000, 0x0000, 0x0000,
  0x0000, 0x0000, 0x0000, 0x0000, 0x0000, 0x0000, 0x6538, 0x52d9, 0x54e9, 0x75f1, 0x94f2, 0x74f5,
  0x33f5, 0x94f1, 0x54e9, 0x75f1, 0xefb8, 0x0118, 0x0000, 0x0000, 0x0000, 0x0000, 0x0000, 0x0000,
  0x0000, 0x0000, 0x0000, 0x0000, 0x0000, 0x0000, 0x0000, 0x0000, 0x0000, 0x0000, 0x0000, 0x0000,
  0x0000, 0x0000, 0x0000, 0x0000, 0x0000, 0x0000, 0x0000, 0x0000, 0x0000, 0x0000, 0x0000, 0x0000,
  0x0000, 0x0000, 0x0000, 0x0000, 0x0000, 0x0000, 0x0000, 0x0000, 0x0000, 0x0000, 0x0000, 0x0000,
  0x0000, 0x0000, 0x0000, 0x0008, 0x0000, 0x0000, 0x0000, 0x0000, 0x0000, 0x0000, 0x0000, 0x0000,
  0x0000, 0x0000, 0x0000, 0x0000, 0x0000, 0x0000, 0x0000, 0x0000, 0x0000, 0x0000, 0x0000, 0x0000,
  0x0000, 0x0000, 0x0000, 0x0000, 0x0000, 0x0000, 0x0000, 0x0000, 0x0000, 0x0000, 0x0000, 0x0000,
  0x0000, 0x0000, 0x0000, 0x0000, 0x0000, 0x0000, 0x0000, 0x0000, 0x0000, 0x0000, 0x0000, 0x0000,
  0x0000, 0x0000, 0x0000, 0x0000, 0x0000, 0x0000, 0x0000, 0x0000, 0x0000, 0x0000, 0x0000, 0x0000,
  0x2000, 0x2438, 0x31e1, 0x54f9, 0x55f1, 0x53f2, 0xb1f4, 0x90f4, 0x73f9, 0x34f1, 0x35f9, 0xefb0,
  0x4110, 0x0000, 0x0000, 0x0000, 0x0000, 0x0000, 0x0000, 0x0000, 0x0000, 0x0000, 0x0000, 0x0000,
  0x0000, 0x0000, 0x0000, 0x0000, 0x0000, 0x0000, 0x0000, 0x0000, 0x0000, 0x0000, 0x0000, 0x0000,
  0x0000, 0x0000, 0x0000, 0x0000, 0x0000, 0x0000, 0x0000, 0x0000, 0x0000, 0x0000, 0x0000, 0x0000,
  0x0000, 0x0000, 0x0000, 0x0000, 0x0000, 0x0000, 0x0000, 0x0000, 0x0000, 0x2000, 0x2000, 0x2000,
  0x2000, 0x2000, 0x0000, 0x2000, 0x0000, 0x0000, 0x0000, 0x0000, 0x0000, 0x0000, 0x0000, 0x0000,
  0x0000, 0x0000, 0x0000, 0x0000, 0x0000, 0x0000, 0x0000, 0x0000, 0x0000, 0x0000, 0x0000, 0x0000,
  0x0000, 0x0000, 0x0000, 0x0000, 0x0000, 0x0000, 0x0000, 0x0000, 0x0000, 0x0000, 0x0000, 0x0000,
  0x0000, 0x0000, 0x0000, 0x0000, 0x0000, 0x0000, 0x0000, 0x0000, 0x0000, 0x0000, 0x0000, 0x0000,
  0x0000, 0x0000, 0x0000, 0x0000, 0x0000, 0x0000, 0x0000, 0x0000, 0x4430, 0x31e9, 0x54f1, 0x35f1,
  0xb5fa, 0xf8fd, 0x76f5, 0x75f9, 0x74f1, 0x34f9, 0xefb0, 0x2110, 0x0000, 0x0000, 0x0000, 0x0000,
  0x0000, 0x0000, 0x0000, 0x0000, 0x0000, 0x0000, 0x0000, 0x0000, 0x0000, 0x0000, 0x0000, 0x0000,
  0x0000, 0x0000, 0x0000, 0x0000, 0x0000, 0x0000, 0x0000, 0x0000, 0x0000, 0x0000, 0x0000, 0x0000,
  0x0000, 0x0000, 0x0000, 0x0000, 0x0000, 0x0000, 0x0000, 0x0000, 0x0000, 0x0000, 0x0000, 0x0000,
  0x0000, 0x0000, 0x0000, 0x0000, 0x2000, 0x0000, 0x0000, 0x0000, 0x2000, 0x0000, 0x0000, 0x0000,
  0x0000, 0x0000, 0x0000, 0x0000, 0x0000, 0x0000, 0x0000, 0x0000, 0x0000, 0x0000, 0x0000, 0x0000,
  0x0000, 0x0000, 0x0000, 0x0000, 0x0000, 0x0000, 0x0000, 0x0000, 0x0000, 0x0000, 0x0000, 0x0000,
  0x0000, 0x0000, 0x0000, 0x0000, 0x0000, 0x0000, 0x0000, 0x0000, 0x0000, 0x0000, 0x0000, 0x0000,
  0x0000, 0x0000, 0x0000, 0x0000, 0x0000, 0x0000, 0x0000, 0x0000, 0x0000, 0x0000, 0x0000, 0x0000,
  0x0000, 0x0000, 0x0000, 0x6530, 0x11e1, 0x54e9, 0x54f1, 0xd6f2, 0xfdfe, 0x9cee, 0xb4f1, 0x55f9,
  0x13f9, 0xedb0, 0x2118, 0x0000, 0x0000, 0x0000, 0x0000, 0x0000, 0x0000, 0x0000, 0x0000, 0x0000,
  0x0000, 0x0000, 0x0000, 0x0000, 0x0000, 0x0000, 0x0000, 0x0000, 0x0000, 0x0000, 0x0000, 0x0000,
  0x0000, 0x0000, 0x0000, 0x0000, 0x0000, 0x0000, 0x0000, 0x0000, 0x0000, 0x0000, 0x0000, 0x0000,
  0x0000, 0x0000, 0x0000, 0x0000, 0x0000, 0x0000, 0x0000, 0x0000, 0x0000, 0x0000, 0x0000, 0x0000,
  0x0000, 0x0000, 0x0000, 0x0000, 0x0000, 0x0000, 0x0000, 0x0000, 0x0000, 0x0000, 0x0000, 0x0000,
  0x0000, 0x0000, 0x0000, 0x0000, 0x0000, 0x0000, 0x0000, 0x0000, 0x0000, 0x0000, 0x0000, 0x0000,
  0x0000, 0x0000, 0x0000, 0x0000, 0x0000, 0x0000, 0x0000, 0x0000, 0x0000, 0x0000, 0x0000, 0x0000,
  0x0000, 0x0000, 0x0000, 0x0000, 0x0000, 0x0000, 0x0000, 0x0000, 0x0000, 0x0000, 0x0000, 0x0000,
  0x0000, 0x0000, 0x0000, 0x0000, 0x0000, 0x0000, 0x0000, 0x0000, 0x0000, 0x2000, 0x2110, 0x8750,
  0x6a68, 0x32e1, 0xf5f9, 0x57f3, 0x78eb, 0x34f9, 0xf0d0, 0x8978, 0x8540, 0x4100, 0x0000, 0x0000,
  0x0000, 0x0000, 0x0000, 0x0000, 0x0000, 0x0000, 0x0000, 0x0000, 0x0000, 0x0000, 0x0000, 0x0000,
  0x0000, 0x0000, 0x0000, 0x0000, 0x0000, 0x0000, 0x0000, 0x0000, 0x0000, 0x0000, 0x0000, 0x0000,
  0x0000, 0x0000, 0x0000, 0x0000, 0x0000, 0x0000, 0x0000, 0x0000, 0x2000, 0x0000, 0x0000, 0x0000,
  0x0000, 0x0000, 0x0000, 0x0000, 0x0000, 0x0000, 0x0000, 0x0000, 0x0000, 0x0000, 0x0000, 0x0000,
  0x0000, 0x0000, 0x0000, 0x0000, 0x0000, 0x0000, 0x0000, 0x0000, 0x0000, 0x0000, 0x0000, 0x0000,
  0x0000, 0x0000, 0x0000, 0x0000, 0x0000, 0x0000, 0x0000, 0x0000, 0x0000, 0x0000, 0x0000, 0x0000,
  0x0000, 0x0000, 0x0000, 0x0000, 0x0000, 0x0000, 0x0000, 0x0000, 0x0000, 0x0000, 0x0000, 0x0000,
  0x0000, 0x0000, 0x0000, 0x0000, 0x0000, 0x0000, 0x0000, 0x0000, 0x0000, 0x0000, 0x0000, 0x0000,
  0x0000, 0x0000, 0x0000, 0x0000, 0x0008, 0x0008, 0x2000, 0x2328, 0x10d9, 0x54f1, 0x33f1, 0x54e9,
  0x55f1, 0xeeb8, 0x2320, 0x0000, 0x2008, 0x0000, 0x0000, 0x0000, 0x0000, 0x0000, 0x0000, 0x0000,
  0x0000, 0x0000, 0x0000, 0x0000, 0x0000, 0x0000, 0x0000, 0x0000, 0x0000, 0x0000, 0x0000, 0x0000,
  0x0000, 0x0000, 0x0000, 0x0000, 0x0000, 0x0000, 0x0000, 0x0000, 0x0000, 0x0000, 0x0000, 0x0000,
  0x0000, 0x0000, 0x4108, 0x4108, 0x2000, 0x0000, 0x0000, 0x0000, 0x0000, 0x0000, 0x0000, 0x0000,
  0x0000, 0x0000, 0x0000, 0x0000, 0x0000, 0x0000, 0x0000, 0x0000, 0x0000, 0x0000, 0x0000, 0x0000,
  0x0000, 0x0000, 0x0000, 0x0000, 0x0000, 0x0000, 0x0000, 0x0000, 0x0000, 0x0000, 0x0000, 0x0000,
  0x0000, 0x0000, 0x0000, 0x0000, 0x0000, 0x0000, 0x0000, 0x0000, 0x0000, 0x0000, 0x0000, 0x0000,
  0x0000, 0x0000, 0x0000, 0x0000, 0x0000, 0x0000, 0x0000, 0x0000, 0x0000, 0x0000, 0x0000, 0x0000,
  0x0000, 0x0000, 0x0000, 0x0000, 0x0000, 0x0000, 0x0000, 0x0000, 0x0000, 0x0000, 0x0000, 0x2000,
  0x2000, 0x2000, 0x2110, 0x6758, 0xac88, 0x33e9, 0xf1d8, 0xaa68, 0x6650, 0x4108, 0x2000, 0x0108,
  0x0000, 0x0000, 0x0000, 0x0000, 0x0000, 0x0000, 0x0000, 0x0000, 0x0000, 0x0000, 0x0000, 0x0000,
  0x0000, 0x0000, 0x0000, 0x0000, 0x0000, 0x0000, 0x0000, 0x0000, 0x0000, 0x0000, 0x0000, 0x0000,
  0x2000, 0x4108, 0x2000, 0x0000, 0x0000, 0x0000, 0x0000, 0x0000, 0x2000, 0x6108, 0x6108, 0x2000,
  0x0000, 0x0000, 0x0000, 0x0000, 0x0000, 0x0000, 0x0000, 0x0000, 0x0000, 0x0000, 0x0000, 0x0000,
  0x0000, 0x0000, 0x0000, 0x0000, 0x0000, 0x0000, 0x0000, 0x0000, 0x0000, 0x0000, 0x0000, 0x0000,
  0x0000, 0x0000, 0x0000, 0x0000, 0x0000, 0x0000, 0x0000, 0x0000, 0x0000, 0x0000, 0x0000, 0x0000,
  0x0000, 0x0000, 0x0000, 0x0000, 0x0000, 0x0000, 0x0000, 0x0000, 0x0000, 0x0000, 0x0000, 0x0000,
  0x0000, 0x0000, 0x0000, 0x0000, 0x0000, 0x0000, 0x0000, 0x0000, 0x0000, 0x0000, 0x0000, 0x0000,
  0x0000, 0x0000, 0x0000, 0x0000, 0x0000, 0x0000, 0x0000, 0x0000, 0x2000, 0x2000, 0x0000, 0x6540,
  0x30c1, 0xceb8, 0x0110, 0x2000, 0x0008, 0x0108, 0x0008, 0x0000, 0x0000, 0x0000, 0x0000, 0x0000,
  0x0000, 0x0000, 0x0000, 0x0000, 0x0000, 0x0000, 0x0000, 0x0000, 0x0000, 0x0000, 0x0000, 0x0000,
  0x0000, 0x0000, 0x0000, 0x0000, 0x0000, 0x0000, 0x2000, 0x4108, 0x6108, 0x6108, 0x2000, 0x0000,
  0x0000, 0x0000, 0x0000, 0x4108, 0x6108, 0x6108, 0x2000, 0x0000, 0x0000, 0x0000, 0x0000, 0x0000,
  0x0000, 0x0000, 0x0000, 0x0000, 0x0000, 0x0000, 0x0000, 0x0000, 0x0000, 0x0000, 0x0000, 0x0000,
  0x0000, 0x0000, 0x0000, 0x0000, 0x0000, 0x0000, 0x0000, 0x0000, 0x0000, 0x0000, 0x0000, 0x0000,
  0x0000, 0x0000, 0x0000, 0x0000, 0x0000, 0x0000, 0x0000, 0x0000, 0x0000, 0x0000, 0x0000, 0x0000,
  0x0000, 0x0000, 0x0000, 0x0000, 0x0000, 0x0000, 0x0000, 0x0000, 0x0000, 0x0000, 0x0000, 0x0000,
  0x0000, 0x0000, 0x0000, 0x0000, 0x0000, 0x0000, 0x0000, 0x0000, 0x0000, 0x0000, 0x0000, 0x0000,
  0x2000, 0x2000, 0x0100, 0x0108, 0x0000, 0x0000, 0x4218, 0x6648, 0x6648, 0x0000, 0x0000, 0x0100,
  0x0000, 0x4000, 0x0000, 0x0000, 0x0000, 0x0000, 0x0000, 0x0000, 0x0000, 0x0000, 0x0000, 0x0000,
  0x0000, 0x0000, 0x0000, 0x0000, 0x0000, 0x0000, 0x0000, 0x0000, 0x0000, 0x0000, 0x0000, 0x0000,
  0x0000, 0x2000, 0x6108, 0x8210, 0x6108, 0x4108, 0x2000, 0x0000, 0x0000, 0x0000, 0x4108, 0x8210,
  0x6108, 0x2000, 0x0000, 0x0000, 0x0000, 0x0000, 0x0000, 0x0000, 0x0000, 0x0000, 0x0000, 0x0000,
  0x0000, 0x0000, 0x0000, 0x0000, 0x0000, 0x0000, 0x0000, 0x0000, 0x0000, 0x0000, 0x0000, 0x0000,
  0x0000, 0x0000, 0x0000, 0x0000, 0x0000, 0x0000, 0x0000, 0x0000, 0x0000, 0x0000, 0x0000, 0x0000,
  0x0000, 0x0000, 0x0000, 0x0000, 0x0000, 0x0000, 0x0000, 0x0000, 0x0000, 0x0000, 0x0000, 0x0000,
  0x0000, 0x0000, 0x0000, 0x0000, 0x0000, 0x0000, 0x0000, 0x0000, 0x0000, 0x0000, 0x0000, 0x0000,
  0x0000, 0x0000, 0x0000, 0x0000, 0x0000, 0x0000, 0x0000, 0x0000, 0x0008, 0x2000, 0x0000, 0x2000,
  0x2000, 0x2100, 0x0008, 0x2000, 0x4108, 0x2000, 0x2000, 0x0008, 0x2100, 0x0000, 0x0000, 0x0000,
  0x0000, 0x0000, 0x0000, 0x0000, 0x0000, 0x0000, 0x0000, 0x0000, 0x0000, 0x0000, 0x0000, 0x0000,
  0x0000, 0x0000, 0x0000, 0x0000, 0x0000, 0x0000, 0x0000, 0x0000, 0x2000, 0x6108, 0x8210, 0x8210,
  0x6108, 0x6108, 0x2000, 0x0000, 0x0000, 0x4108, 0x6108, 0x6108, 0x2000, 0x0000, 0x0000, 0x0000,
  0x0000, 0x0000, 0x0000, 0x0000, 0x0000, 0x0000, 0x0000, 0x0000, 0x0000, 0x0000, 0x0000, 0x0000,
  0x0000, 0x0000, 0x0000, 0x0000, 0x0000, 0x0000, 0x0000, 0x0000, 0x0000, 0x0000, 0x0000, 0x0000,
  0x0000, 0x0000, 0x0000, 0x0000, 0x0000, 0x0000, 0x0000, 0x0000, 0x0000, 0x0000, 0x0000, 0x0000,
  0x0000, 0x0000, 0x0000, 0x2000, 0x0000, 0x0000, 0x0000, 0x2000, 0x0100, 0x0108, 0x0000, 0x2000,
  0x2000, 0x0000, 0x0000, 0x0000, 0x0000, 0x0000, 0x0000, 0x0000, 0x0000, 0x0000, 0x0000, 0x0000,
  0x0000, 0x0000, 0x0000, 0x0000, 0x0000, 0x0000, 0x0000, 0x0000, 0x0000, 0x0000, 0x0000, 0x0000,
  0x0000, 0x0000, 0x0000, 0x0000, 0x0000, 0x0000, 0x0000, 0x0000, 0x0000, 0x0000, 0x0000, 0x0000,
  0x2000, 0x2000, 0x0000, 0x0000, 0x0000, 0x0000, 0x2000, 0x0000, 0x0000, 0x0008, 0x0008, 0x2000,
  0x0000, 0x0000, 0x0000, 0x0000, 0x2000, 0x4108, 0x6108, 0x6108, 0x6110, 0x8210, 0x4108, 0x0000,
  0x4000, 0x6108, 0x8210, 0x4108, 0x0000, 0x0000, 0x0000, 0x0000, 0x0000, 0x0000, 0x0000, 0x0000,
  0x0000, 0x0000, 0x0000, 0x0000, 0x0000, 0x0000, 0x0000, 0x0000, 0x0000, 0x0000, 0x0000, 0x0000,
  0x0000, 0x0000, 0x0000, 0x0000, 0x0000, 0x0000, 0x0000, 0x0000, 0x0000, 0x0000, 0x0000, 0x0000,
  0x0000, 0x0000, 0x0000, 0x0000, 0x0000, 0x0000, 0x0000, 0x0000, 0x0000, 0x0000, 0x0000, 0x0000,
  0x0000, 0x0000, 0x0008, 0x0000, 0x4000, 0x2000, 0x0108, 0x0000, 0x0000, 0x0000, 0x0000, 0x0000,
  0x0000, 0x0000, 0x0000, 0x0000, 0x0000, 0x0000, 0x0000, 0x0000, 0x0000, 0x0000, 0x0000, 0x0000,
  0x0000, 0x0000, 0x0000, 0x0000, 0x0000, 0x0000, 0x0000, 0x0000, 0x0000, 0x0000, 0x0000, 0x0000,
  0x0000, 0x0000, 0x0000, 0x0000, 0x0000, 0x0000, 0x0100, 0x0000, 0x0000, 0x0100, 0x2100, 0x2000,
  0x0000, 0x0000, 0x0000, 0x0000, 0x2000, 0x0000, 0x2000, 0x0000, 0x0000, 0x0000, 0x0000, 0x0000,
  0x2000, 0x6108, 0x8210, 0x6108, 0x8210, 0x6108, 0x2000, 0x2000, 0x6108, 0x6108, 0x4108, 0x2000,
  0x2000, 0x2000, 0x2000, 0x0000, 0x0000, 0x0000, 0x0000, 0x0000, 0x0000, 0x0000, 0x0000, 0x0000,
  0x0000, 0x0000, 0x0000, 0x0000, 0x0000, 0x0000, 0x0000, 0x0000, 0x0000, 0x0000, 0x0000, 0x0000,
  0x0000, 0x0000, 0x0000, 0x0000, 0x0000, 0x0000, 0x0000, 0x0000, 0x0000, 0x0000, 0x0000, 0x0000,
  0x0000, 0x0000, 0x0000, 0x0000, 0x0000, 0x0000, 0x0000, 0x2000, 0x0000, 0x0000, 0x0000, 0x2000,
  0x2000, 0x2100, 0x0000, 0x0000, 0x0000, 0x0000, 0x0000, 0x0000, 0x0000, 0x0000, 0x0000, 0x0000,
  0x0000, 0x0000, 0x0000, 0x0000, 0x0000, 0x0000, 0x0000, 0x0000, 0x0000, 0x0000, 0x0000, 0x0000,
  0x0000, 0x0000, 0x0000, 0x0000, 0x0000, 0x0000, 0x0000, 0x0000, 0x0000, 0x0000, 0x0000, 0x0000,
  0x2000, 0x2008, 0x0008, 0x0000, 0x4110, 0x0110, 0x0110, 0x0210, 0x0210, 0x2108, 0x0110, 0x2208,
  0x2100, 0x0008, 0x0000, 0x0000, 0x2000, 0x2000, 0x0000, 0x0000, 0x2000, 0x6108, 0x8210, 0x6108,
  0x6108, 0x6108, 0x4108, 0x6108, 0x6108, 0x6108, 0x6108, 0x6108, 0x6108, 0x6108, 0x6108, 0x6108,
  0x4108, 0x2000, 0x0000, 0x0000, 0x0000, 0x0000, 0x0000, 0x0000, 0x0000, 0x0000, 0x0000, 0x0000,
  0x0000, 0x0000, 0x0000, 0x0000, 0x0000, 0x0000, 0x0000, 0x0000, 0x0000, 0x0000, 0x0000, 0x0000,
  0x0000, 0x0000, 0x0000, 0x0000, 0x0000, 0x0000, 0x0000, 0x0000, 0x0000, 0x0000, 0x0000, 0x0000,
  0x2000, 0x2000, 0x2000, 0x0108, 0x0100, 0x2100, 0x0010, 0x0000, 0x0000, 0x0000, 0x2000, 0x0000,
  0x0000, 0x0000, 0x0000, 0x0000, 0x0000, 0x0000, 0x0000, 0x0000, 0x0000, 0x0000, 0x0000, 0x0000,
  0x0000, 0x0000, 0x0000, 0x0000, 0x0000, 0x0000, 0x0000, 0x0000, 0x0000, 0x0000, 0x0000, 0x0000,
  0x0000, 0x0000, 0x0000, 0x0000, 0x0000, 0x0000, 0x0000, 0x2000, 0x0008, 0x2000, 0x0208, 0xea78,
  0xcda0, 0xcda0, 0xcda0, 0x0da1, 0xcea8, 0xada8, 0xac90, 0x4428, 0x2000, 0x0000, 0x0000, 0x0000,
  0x0000, 0x2000, 0x2000, 0x0000, 0x2000, 0x6108, 0x6108, 0x6108, 0x8210, 0x6108, 0x6210, 0x6108,
  0x6108, 0x8210, 0x8210, 0x6108, 0x6108, 0x8210, 0x6108, 0x6108, 0x4108, 0x0000, 0x0000, 0x0000,
  0x0000, 0x0000, 0x0000, 0x0000, 0x0000, 0x0000, 0x0000, 0x0000, 0x0000, 0x0000, 0x0000, 0x0000,
  0x0000, 0x0000, 0x0000, 0x0000, 0x0000, 0x0000, 0x0000, 0x0000, 0x0000, 0x0000, 0x0000, 0x0000,
  0x0000, 0x0000, 0x0000, 0x0000, 0x0000, 0x0000, 0x0000, 0x0000, 0x2000, 0x0108, 0x8750, 0xec90,
  0x2a92, 0xe992, 0x2a8a, 0xcb90, 0x8760, 0x2110, 0x0000, 0x0000, 0x0000, 0x0000, 0x0000, 0x0000,
  0x0000, 0x0000, 0x0000, 0x0000, 0x0000, 0x0000, 0x0000, 0x0000, 0x0000, 0x0000, 0x0000, 0x0000,
  0x0000, 0x0000, 0x0000, 0x0000, 0x0000, 0x0000, 0x0000, 0x0000, 0x0000, 0x0000, 0x0000, 0x0000,
  0x0000, 0x0000, 0x0000, 0x0008, 0x2108, 0x0318, 0x2fb9, 0x33f9, 0x55f9, 0x34f1, 0x94e1, 0x34e9,
  0x54e9, 0x31d9, 0x4540, 0x2000, 0x0000, 0x2000, 0x0000, 0x0000, 0x4108, 0x6108, 0x4108, 0x2000,
  0x0000, 0x4108, 0x8210, 0x6108, 0x6108, 0x8210, 0x8210, 0x6108, 0x6108, 0x6108, 0x8210, 0x8210,
  0x8210, 0x6108, 0x2000, 0x0000, 0x0000, 0x0000, 0x0000, 0x0000, 0x0000, 0x0000, 0x0000, 0x0000,
  0x0000, 0x0000, 0x0000, 0x0000, 0x0000, 0x0000, 0x0000, 0x0000, 0x0000, 0x0000, 0x0000, 0x0000,
  0x0000, 0x0000, 0x0000, 0x0000, 0x0000, 0x0000, 0x0000, 0x0000, 0x0000, 0x0000, 0x0000, 0x0000,
  0x0000, 0x0000, 0x0000, 0x2108, 0x0328, 0x2d99, 0xb3f1, 0xb1fb, 0xf0fc, 0x93f3, 0x53f1, 0x8c98,
  0x0110, 0x0000, 0x0000, 0x0000, 0x0000, 0x0000, 0x0000, 0x0000, 0x0000, 0x0000, 0x0000, 0x0000,
  0x0000, 0x0000, 0x0000, 0x0000, 0x0000, 0x0000, 0x0000, 0x0000, 0x0000, 0x0000, 0x0000, 0x0000,
  0x0000, 0x0000, 0x0000, 0x0000, 0x0000, 0x0000, 0x0000, 0x0000, 0x0000, 0x2000, 0x4210, 0x2218,
  0x0430, 0x10c9, 0x33f9, 0x33f1, 0x34f1, 0x54f9, 0x33f1, 0x31d9, 0x0fc9, 0x4538, 0x2000, 0x2000,
  0x0000, 0x2000, 0x4108, 0x6108, 0x8210, 0x8210, 0x4108, 0x0000, 0x2000, 0x6108, 0x6108, 0x6108,
  0x6108, 0x4108, 0x4108, 0x0000, 0x2000, 0x4108, 0x4108, 0x6108, 0x4108, 0x0000, 0x0000, 0x0000,
  0x0000, 0x0000, 0x0000, 0x0000, 0x0000, 0x0000, 0x0000, 0x0000, 0x0000, 0x0000, 0x0000, 0x0000,
  0x0000, 0x0000, 0x0000, 0x0000, 0x0000, 0x0000, 0x0000, 0x0000, 0x0000, 0x0000, 0x0000, 0x0000,
  0x0000, 0x0000, 0x0000, 0x0000, 0x0000, 0x0000, 0x0000, 0x2000, 0x0000, 0x0110, 0x8648, 0x6870,
  0x0fca, 0xd2fa, 0x51f3, 0x91fb, 0x92f2, 0x54f1, 0xad90, 0x2110, 0x0000, 0x0000, 0x0000, 0x0000,
  0x0000, 0x0000, 0x0000, 0x0000, 0x0000, 0x0000, 0x0000, 0x0000, 0x0000, 0x0000, 0x0000, 0x0000,
  0x0000, 0x0000, 0x0000, 0x0000, 0x0000, 0x0000, 0x0000, 0x0000, 0x0000, 0x0000, 0x0000, 0x0000,
  0x0000, 0x0000, 0x0000, 0x0000, 0x0110, 0x6970, 0x0fd1, 0x30c9, 0x53e9, 0x54f1, 0x54f1, 0x54f9,
  0x33f1, 0xcc90, 0x2430, 0x2430, 0x2108, 0x0000, 0x0000, 0x0000, 0x4108, 0x8210, 0x8210, 0x6108,
  0x6108, 0x4000, 0x2000, 0x0000, 0x2000, 0x6108, 0x8208, 0x6210, 0x6210, 0x6108, 0x2000, 0x0000,
  0x0000, 0x0000, 0x0000, 0x0000, 0x0000, 0x0000, 0x0000, 0x0000, 0x0000, 0x0000, 0x0000, 0x0000,
  0x0000, 0x0000, 0x0000, 0x0000, 0x0000, 0x0000, 0x0000, 0x0000, 0x0000, 0x0000, 0x0000, 0x0000,
  0x0000, 0x0000, 0x0000, 0x0000, 0x0000, 0x0000, 0x0000, 0x0000, 0x0000, 0x0000, 0x0000, 0x0000,
  0x0000, 0x2000, 0x0008, 0x2000, 0x2318, 0x10c1, 0x53f1, 0xd1fb, 0xd0fc, 0xd2f2, 0x74f9, 0x53f9,
  0x54f1, 0xcc90, 0x2218, 0x0008, 0x2000, 0x2000, 0x0000, 0x2000, 0x0000, 0x0000, 0x0000, 0x0000,
  0x0000, 0x0000, 0x0000, 0x0000, 0x0000, 0x0000, 0x0000, 0x0000, 0x0000, 0x0000, 0x2000, 0x0000,
  0x0000, 0x0000, 0x0000, 0x2000, 0x0000, 0x0000, 0x0000, 0x0000, 0x0000, 0x0000, 0x0000, 0x0108,
  0x8b88, 0x34f1, 0x74f1, 0x14f1, 0x34f9, 0x34f9, 0x53f1, 0x34f9, 0xaa78, 0x2000, 0x0000, 0x0000,
  0x0008, 0x0000, 0x2000, 0x6208, 0x6208, 0x8210, 0x6108, 0x2000, 0x2000, 0x0000, 0x2000, 0x0000,
  0x2000, 0x4210, 0x6210, 0x6210, 0xa210, 0x6100, 0x2008, 0x0008, 0x0000, 0x0000, 0x0000, 0x0000,
  0x0000, 0x0000, 0x0000, 0x0000, 0x0000, 0x0000, 0x0100, 0x0000, 0x0000, 0x0000, 0x0000, 0x0000,
  0x0000, 0x0000, 0x0000, 0x0000, 0x0000, 0x0000, 0x0000, 0x0000, 0x0000, 0x0000, 0x0000, 0x0000,
  0x0000, 0x0000, 0x0000, 0x0000, 0x0000, 0x0000, 0x0000, 0x0000, 0x0000, 0x0008, 0x4430, 0x8a70,
  0x52e1, 0x73f9, 0xb4f4, 0xf5fd, 0xb8fc, 0xf9f3, 0xf7fa, 0x34f1, 0x0fb9, 0xa968, 0x6650, 0x0108,
  0x2000, 0x0000, 0x0000, 0x0000, 0x0000, 0x0000, 0x0000, 0x0000, 0x0000, 0x0000, 0x0000, 0x0000,
  0x0000, 0x0000, 0x0000, 0x0000, 0x0000, 0x0000, 0x0000, 0x0000, 0x0000, 0x0000, 0x0000, 0x0000,
  0x0000, 0x0000, 0x0000, 0x0000, 0x2320, 0x8870, 0x8968, 0xcfb0, 0x34f9, 0x34f9, 0x34f9, 0x55f1,
  0x54f1, 0x54f1, 0x35f9, 0xaa80, 0x0000, 0x0000, 0x0000, 0x0000, 0x0000, 0x2100, 0x6208, 0x6208,
  0x6108, 0x2000, 0x0000, 0x0000, 0x2000, 0x2000, 0x2000, 0x2000, 0x4008, 0x6100, 0x6110, 0x8210,
  0x6108, 0x4108, 0x2008, 0x0000, 0x0000, 0x0000, 0x0000, 0x0008, 0x2218, 0x8868, 0x8960, 0x6530,
  0x2108, 0x0000, 0x0000, 0x0000, 0x0000, 0x0000, 0x0000, 0x0000, 0x0000, 0x0000, 0x0000, 0x0000,
  0x0000, 0x0000, 0x0000, 0x0000, 0x0000, 0x0000, 0x0000, 0x0000, 0x0000, 0x0000, 0x0000, 0x0000,
  0x0000, 0x0000, 0x0000, 0x0000, 0x0000, 0x8978, 0x13e9, 0x54f9, 0x74f1, 0xbbf5, 0xbdff, 0xbef7,
  0xbdef, 0xfbfc, 0x14f1, 0x73f1, 0x72e1, 0x0ea9, 0x0110, 0x0000, 0x0000, 0x0000, 0x0000, 0x0000,
  0x0000, 0x0000, 0x0000, 0x0000, 0x0000, 0x0000, 0x0000, 0x0000, 0x0000, 0x0000, 0x0000, 0x0000,
  0x0000, 0x0000, 0x0000, 0x0000, 0x0000, 0x0000, 0x0000, 0x0000, 0x0000, 0x2000, 0x0100, 0x6748,
  0x31e9, 0x53e9, 0x54f1, 0x34f9, 0x54f1, 0x54f1, 0x74e9, 0x54f1, 0x34f1, 0x35f9, 0x8a80, 0x0000,
  0x0000, 0x0000, 0x2000, 0x0000, 0x4108, 0x8210, 0x8210, 0x6108, 0x2000, 0x2000, 0x0000, 0x2000,
  0x0000, 0x2000, 0x2008, 0x2000, 0x4000, 0x6110, 0x6218, 0x6210, 0x4108, 0x2000, 0x2000, 0x0000,
  0x2000, 0x0000, 0x0000, 0x2428, 0x31e1, 0x33e9, 0x8b88, 0x0110, 0x0000, 0x4000, 0x0000, 0x0000,
  0x0000, 0x0000, 0x0000, 0x0000, 0x0000, 0x0000, 0x0000, 0x0000, 0x0000, 0x0000, 0x0000, 0x0000,
  0x0000, 0x0000, 0x0000, 0x0000, 0x0000, 0x0000, 0x0000, 0x0000, 0x0000, 0x0000, 0x0000, 0x2000,
  0xcb78, 0x36f9, 0x55f1, 0x75f9, 0xddf5, 0xdfff, 0x3eff, 0xfdfe, 0x9afc, 0x55f9, 0x54f1, 0x55f9,
  0x2fb1, 0x0100, 0x4000, 0x2000, 0x0000, 0x0000, 0x0000, 0x0000, 0x0000, 0x0000, 0x0000, 0x0000,
  0x0000, 0x0000, 0x0000, 0x0000, 0x0000, 0x0000, 0x0000, 0x0000, 0x2000, 0x4000, 0x0000, 0x0108,
  0x0108, 0x2108, 0x0008, 0x0010, 0x0008, 0x0108, 0x6750, 0x32f1, 0x53f1, 0x55f1, 0x55e9, 0x54f1,
  0x53f1, 0x34f1, 0x53f1, 0x53f1, 0x33f1, 0x8980, 0x0000, 0x0000, 0x0000, 0x0000, 0x2000, 0x4108,
  0x6108, 0x8210, 0x8210, 0x2000, 0x0000, 0x0008, 0x4000, 0x0108, 0x0108, 0x0110, 0x2210, 0x2110,
  0x4210, 0x4108, 0x4108, 0x0000, 0x0000, 0x0008, 0x0000, 0x2000, 0x0000, 0x0000, 0x4428, 0x31e1,
  0x33e9, 0x8b88, 0x0110, 0x0000, 0x4000, 0x0000, 0x0000, 0x0000, 0x0000, 0x0000, 0x0000, 0x0000,
  0x0000, 0x0000, 0x0000, 0x0000, 0x0000, 0x0000, 0x0000, 0x0000, 0x0000, 0x0000, 0x0000, 0x0000,
  0x0000, 0x0000, 0x0000, 0x0000, 0x0000, 0x0000, 0x0000, 0xaa78, 0x35f1, 0x54f1, 0x74f9, 0xdbf5,
  0xbff7, 0x7af4, 0xf5f1, 0x93f1, 0x35f1, 0x55f9, 0x15f9, 0xefb8, 0x0100, 0x2000, 0x0000, 0x0000,
  0x0000, 0x0000, 0x0000, 0x0000, 0x0000, 0x0000, 0x0000, 0x0000, 0x0000, 0x0000, 0x0000, 0x0000,
  0x0000, 0x0000, 0x0000, 0x0000, 0x0000, 0x4328, 0xaa80, 0xab90, 0xab90, 0xcc88, 0xab90, 0xab90,
  0xac90, 0xceb0, 0x34f9, 0x54f1, 0x54f1, 0x55f1, 0x34f9, 0x54f1, 0x54f9, 0x30c9, 0xaa78, 0x6968,
  0x4438, 0x2000, 0x0000, 0x0000, 0x0000, 0x2000, 0x2100, 0x6108, 0x6108, 0x8210, 0x4108, 0x2000,
  0x0000, 0x2100, 0x6760, 0xeb88, 0x2c91, 0x2c91, 0x0c89, 0xa750, 0x0100, 0x2000, 0x0000, 0x0000,
  0x0000, 0x0000, 0x0000, 0x0000, 0x0008, 0x2218, 0xa868, 0xa968, 0x6538, 0x2108, 0x0000, 0x0000,
  0x0000, 0x0000, 0x0000, 0x0000, 0x0000, 0x0000, 0x0000, 0x0000, 0x0000, 0x0000, 0x0000, 0x0000,
  0x0000, 0x0000, 0x0000, 0x0000, 0x0000, 0x0000, 0x0000, 0x0000, 0x0000, 0x0000, 0x0000, 0x0000,
  0x0000, 0x0000, 0x8a78, 0x73f9, 0xf3f1, 0x54f2, 0x1afe, 0xdeff, 0xdaf4, 0x97fa, 0x34f2, 0x35f9,
  0x34f9, 0x34f9, 0xeeb0, 0x2100, 0x0000, 0x0000, 0x0000, 0x0000, 0x0000, 0x0000, 0x0000, 0x0000,
  0x0000, 0x0000, 0x0000, 0x0000, 0x0000, 0x0000, 0x0000, 0x0000, 0x0000, 0x0000, 0x0000, 0x0008,
  0x6648, 0x31e1, 0x54f1, 0x54f1, 0x55f9, 0x54f1, 0x54f1, 0x54f1, 0x34f1, 0x55f1, 0x54f1, 0x34f1,
  0x34f1, 0x34f1, 0x74e9, 0x34f1, 0xeea8, 0x4218, 0x0100, 0x2000, 0x2000, 0x0100, 0x2000, 0x0000,
  0x0000, 0x2000, 0x8210, 0x6108, 0x8210, 0x6108, 0x4008, 0x2108, 0x0208, 0xedb0, 0xb4f1, 0xb5f1,
  0x95f1, 0xb4f1, 0x0d99, 0x0210, 0x0000, 0x0000, 0x0000, 0x0000, 0x0000, 0x0000, 0x0000, 0x0000,
  0x0000, 0x0000, 0x0000, 0x0000, 0x0000, 0x0000, 0x0000, 0x0000, 0x0000, 0x0000, 0x0000, 0x0000,
  0x0000, 0x0000, 0x0000, 0x0000, 0x0000, 0x0000, 0x0000, 0x0000, 0x0000, 0x0000, 0x0000, 0x0000,
  0x0000, 0x0000, 0x0000, 0x0000, 0x0000, 0x0000, 0x0000, 0x0000, 0x0000, 0xab80, 0xb4f1, 0xd0f3,
  0x71fc, 0xb8f6, 0xddf7, 0x3dff, 0xdef6, 0xb9ec, 0x35f9, 0x53f1, 0x54f9, 0x0fa9, 0x2110, 0x2000,
  0x0000, 0x0000, 0x0000, 0x0000, 0x0000, 0x0000, 0x0000, 0x0000, 0x0000, 0x2000, 0x2000, 0x0000,
  0x0000, 0x2000, 0x0000, 0x0000, 0x0000, 0x0008, 0x0000, 0x6748, 0x12e1, 0x55f1, 0x14f1, 0x55f9,
  0x54f1, 0x53f1, 0x53f9, 0x34f9, 0x34f1, 0x53f1, 0x53f9, 0x35f9, 0x53f9, 0x33e9, 0x75f1, 0xeea8,
  0x2218, 0x0100, 0x2110, 0x4108, 0x4108, 0x4108, 0x4008, 0x2000, 0x2000, 0x4108, 0x6108, 0x6108,
  0x6108, 0x8208, 0x6208, 0x6208, 0x0fb9, 0xb6f9, 0xb6f1, 0x95f1, 0x54f9, 0xed98, 0x0108, 0x0000,
  0x0000, 0x0000, 0x0000, 0x0000, 0x0000, 0x0000, 0x0000, 0x0000, 0x0000, 0x0000, 0x0000, 0x0000,
  0x0000, 0x0000, 0x0000, 0x0000, 0x0000, 0x0000, 0x0000, 0x0000, 0x0000, 0x0000, 0x0000, 0x0000,
  0x0000, 0x0000, 0x0000, 0x0000, 0x0000, 0x0000, 0x0000, 0x0000, 0x0000, 0x0000, 0x0000, 0x0000,
  0x0000, 0x0000, 0x2000, 0x0008, 0x6978, 0x92e9, 0x4ff4, 0x11ed, 0xdafe, 0x9fff, 0xbfff, 0xbff7,
  0xd9fc, 0x54f9, 0x54e9, 0x33e9, 0xeda8, 0x0118, 0x2000, 0x2000, 0x0000, 0x2000, 0x2000, 0x0000,
  0x0000, 0x0000, 0x0000, 0x0000, 0x0000, 0x0000, 0x0008, 0x0008, 0x0000, 0x2000, 0x0000, 0x2000,
  0x2000, 0x0000, 0x8750, 0x51d9, 0x53e9, 0x53f9, 0x54f1, 0x54f1, 0x34f1, 0x34f9, 0x34f9, 0x55f1,
  0x55f1, 0x54f1, 0x55e9, 0x73f1, 0x14f9, 0x55f1, 0xcdb0, 0x4228, 0x4100, 0x6208, 0x8108, 0x8208,
  0x6210, 0x6110, 0x6110, 0x2008, 0x0000, 0x4108, 0x8210, 0x8210, 0x6110, 0x6110, 0xa108, 0x6eb1,
  0xb5f1, 0x94f1, 0x74f9, 0x75f9, 0x2d91, 0x0108, 0x2000, 0x0000, 0x0000, 0x0000, 0x0000, 0x0000,
  0x0000, 0x0000, 0x0000, 0x0000, 0x0000, 0x0000, 0x0000, 0x0000, 0x0000, 0x0000, 0x0000, 0x0000,
  0x0000, 0x0000, 0x0000, 0x0000, 0x0000, 0x0000, 0x0000, 0x0000, 0x0000, 0x0000, 0x0000, 0x0000,
  0x0000, 0x0000, 0x0000, 0x0000, 0x0000, 0x0000, 0x0000, 0x0000, 0x0000, 0x2000, 0x2000, 0x2218,
  0x6438, 0x2339, 0x0431, 0x10ba, 0x97fa, 0x95f2, 0xb6fa, 0x54fa, 0x33f9, 0xaea8, 0x4648, 0x6428,
  0x0000, 0x2000, 0x0000, 0x0000, 0x0000, 0x0000, 0x0000, 0x0000, 0x0000, 0x0000, 0x0000, 0x0000,
  0x2000, 0x2000, 0x0000, 0x0000, 0x2000, 0x0008, 0x0008, 0x2108, 0x2000, 0x6650, 0x52e9, 0x54f9,
  0x54f1, 0x54f1, 0x54f1, 0x55f1, 0x54f1, 0x52f1, 0x73f1, 0x54e9, 0x33f1, 0x54e9, 0x73f1, 0x15f9,
  0x55f1, 0xeda8, 0x6320, 0x8210, 0x6218, 0x8110, 0x8210, 0x6208, 0x8208, 0x8210, 0x6108, 0x4108,
  0x4108, 0x6108, 0x8210, 0x6210, 0x4210, 0x8310, 0x4fb1, 0x96f9, 0x55f9, 0x34f1, 0x34f9, 0xcd98,
  0x0108, 0x0000, 0x0000, 0x0000, 0x2000, 0x0000, 0x0000, 0x0000, 0x0000, 0x0000, 0x0000, 0x0000,
  0x0000, 0x0000, 0x0000, 0x0000, 0x0000, 0x0000, 0x0000, 0x0000, 0x0000, 0x0000, 0x0000, 0x0000,
  0x0000, 0x0000, 0x0000, 0x0000, 0x0000, 0x0000, 0x0000, 0x0000, 0x0000, 0x0000, 0x0000, 0x0000,
  0x0000, 0x0000, 0x0000, 0x0000, 0x0000, 0x0000, 0x0000, 0x2000, 0x0000, 0x2210, 0xcc90, 0x32e1,
  0x33e1, 0x35f9, 0x32e9, 0x31e1, 0xca80, 0x2210, 0x2100, 0x0000, 0x0000, 0x0000, 0x0000, 0x2000,
  0x0000, 0x0000, 0x0000, 0x0000, 0x0000, 0x0000, 0x0000, 0x0000, 0x0000, 0x0008, 0x0000, 0x4428,
  0x6748, 0x6750, 0x8750, 0x6650, 0x8a80, 0x33e9, 0x55f9, 0x34f1, 0x33f9, 0x53f1, 0x52f2, 0xb2f2,
  0x72f2, 0x72fa, 0x72f2, 0xf3f1, 0x54e9, 0x73f1, 0x34f1, 0x54f1, 0x30c1, 0xe968, 0xe958, 0x8538,
  0x4008, 0x4108, 0x6208, 0x8108, 0x6108, 0x8210, 0x6108, 0x4108, 0x2000, 0x2000, 0x4108, 0x4108,
  0x6210, 0xca78, 0x0ea9, 0xeda8, 0xcda8, 0xeda8, 0xa968, 0x2110, 0x2000, 0x0000, 0x0000, 0x0000,
  0x0000, 0x0000, 0x0000, 0x0000, 0x0000, 0x0000, 0x0000, 0x0000, 0x0000, 0x0000, 0x0000, 0x0000,
  0x0000, 0x0000, 0x0000, 0x0000, 0x0000, 0x0000, 0x0000, 0x0000, 0x0000, 0x0000, 0x0000, 0x0000,
  0x0000, 0x0000, 0x0000, 0x0000, 0x0000, 0x0000, 0x0000, 0x0000, 0x0000, 0x0000, 0x0000, 0x0000,
  0x0000, 0x0100, 0x2000, 0x0100, 0x0110, 0x4538, 0x8860, 0x0fb1, 0x15f1, 0xcfb8, 0x6758, 0x4438,
  0x0010, 0x0008, 0x0000, 0x2000, 0x0000, 0x0000, 0x0008, 0x0000, 0x0000, 0x0000, 0x0000, 0x2000,
  0x2000, 0x0000, 0x0000, 0x0000, 0x2000, 0x0108, 0xaa88, 0x31e1, 0x33e1, 0x33e1, 0x32e1, 0x33e9,
  0x55f1, 0x34f1, 0x33f1, 0x15f9, 0xb5f9, 0xd1fb, 0xf0f4, 0x91f4, 0xaffc, 0xcef4, 0xf2f2, 0x73e9,
  0x54f1, 0x53f1, 0x53f1, 0x94f1, 0x93e9, 0x93e1, 0xcb78, 0x2108, 0x2000, 0x2100, 0x2008, 0x8210,
  0x6108, 0x6108, 0x6108, 0x2000, 0x0000, 0x0000, 0x2000, 0x2000, 0x2210, 0x2210, 0x2110, 0x2118,
  0x4218, 0x2108, 0x0000, 0x0000, 0x0000, 0x0000, 0x0000, 0x0000, 0x0000, 0x0000, 0x0000, 0x0000,
  0x0000, 0x0000, 0x0000, 0x0000, 0x0000, 0x0000, 0x0000, 0x0000, 0x0000, 0x0000, 0x0000, 0x0000,
  0x0000, 0x0000, 0x0000, 0x0000, 0x0000, 0x0000, 0x0000, 0x0000, 0x0000, 0x0000, 0x0000, 0x0000,
  0x0000, 0x0000, 0x0000, 0x0000, 0x0000, 0x0000, 0x2000, 0x0000, 0x2000, 0x0000, 0x0100, 0x0000,
  0x0000, 0x0008, 0xcc98, 0x14f9, 0xec80, 0x2100, 0x2008, 0x2000, 0x2000, 0x2000, 0x0000, 0x0000,
  0x0000, 0x2000, 0x0000, 0x0000, 0x0000, 0x2000, 0x0000, 0x0108, 0x0110, 0x0008, 0x0000, 0x2000,
  0x2208, 0xcb90, 0x52f1, 0x34f9, 0x74f1, 0x54f9, 0x34f9, 0x35f1, 0x55f9, 0x93e9, 0x54f1, 0xd4f1,
  0x0ff4, 0x2ef5, 0xf0f4, 0x2ffd, 0x0eed, 0xf2fa, 0x73e9, 0x34f1, 0x33f1, 0x73f1, 0xb5f1, 0xb5f1,
  0xd5f1, 0xcb80, 0x0008, 0x0000, 0x0000, 0x0000, 0x4108, 0x6108, 0x8210, 0x8210, 0x2108, 0x0000,
  0x0000, 0x2100, 0x0008, 0x0108, 0x0108, 0x2000, 0x0000, 0x0000, 0x0008, 0x0000, 0x0000, 0x0000,
  0x0000, 0x0000, 0x0000, 0x0000, 0x0000, 0x0000, 0x0000, 0x0000, 0x0000, 0x0000, 0x0000, 0x0000,
  0x0000, 0x0000, 0x0000, 0x0000, 0x0000, 0x0000, 0x0000, 0x0000, 0x0000, 0x0000, 0x0000, 0x0000,
  0x0000, 0x0000, 0x0000, 0x0000, 0x0000, 0x0000, 0x0000, 0x0000, 0x0000, 0x0000, 0x0000, 0x0000,
  0x0000, 0x2000, 0x0008, 0x0000, 0x0000, 0x4100, 0x2100, 0x0100, 0x2000, 0x4540, 0x8a68, 0x2440,
  0x2008, 0x0100, 0x0008, 0x0000, 0x0000, 0x0000, 0x0008, 0x0000, 0x0000, 0x0000, 0x0000, 0x0000,
  0x2000, 0x0000, 0x0320, 0xc968, 0xcc98, 0xcc98, 0xaca0, 0xcd90, 0xf1c0, 0x35f1, 0x35f9, 0x54f1,
  0x54f9, 0x14f9, 0x54e9, 0x72f1, 0x72f2, 0xcff3, 0xb1fb, 0xcffc, 0x0ff5, 0xd1fc, 0xeffc, 0xcff4,
  0xf2fa, 0x73e9, 0x54e9, 0x35f9, 0x54f9, 0xb4f1, 0xb4f1, 0xb4f1, 0xaa78, 0x0000, 0x2000, 0x0000,
  0x0008, 0x0000, 0x4108, 0x6110, 0x6108, 0x4108, 0x2000, 0x0000, 0x0000, 0x2000, 0x2000, 0x2000,
  0x0000, 0x0000, 0x2100, 0x0000, 0x2100, 0x0000, 0x0000, 0x0000, 0x0000, 0x0000, 0x0000, 0x0000,
  0x0000, 0x0000, 0x0000, 0x0000, 0x0000, 0x0000, 0x0000, 0x0000, 0x0000, 0x0000, 0x0000, 0x0000,
  0x0000, 0x0000, 0x0000, 0x0000, 0x0000, 0x0000, 0x0000, 0x0000, 0x0000, 0x0000, 0x0000, 0x0000,
  0x0000, 0x0000, 0x0000, 0x0000, 0x0000, 0x0000, 0x0000, 0x0000, 0x0000, 0x0000, 0x0000, 0x0000,
  0x0000, 0x0000, 0x0000, 0x0000, 0x0000, 0x0000, 0x0000, 0x0000, 0x0000, 0x0000, 0x0000, 0x0000,
  0x0000, 0x0000, 0x0000, 0x0000, 0x0008, 0x0000, 0x2100, 0x2000, 0x0000, 0x2210, 0x0fc9, 0x54f1,
  0x54f1, 0x55f9, 0x55f9, 0x54f1, 0x34f1, 0x34f1, 0x54f1, 0x33f9, 0x72f1, 0x54f1, 0x53f1, 0x90f3,
  0x0df5, 0x10f5, 0xeffc, 0x10fd, 0x30f5, 0x11fd, 0x0ff5, 0x11f3, 0x74f1, 0x93e9, 0x34f1, 0x34f1,
  0xb5f1, 0xf6e9, 0x94f9, 0x0a89, 0x0008, 0x0008, 0x2000, 0x0000, 0x2000, 0x6110, 0xa208, 0x4208,
  0x4108, 0x0008, 0x0100, 0x2000, 0x2000, 0x2000, 0x0000, 0x0000, 0x0000, 0x0000, 0x0000, 0x2000,
  0x0000, 0x0000, 0x2000, 0x0000, 0x0000, 0x0000, 0x0000, 0x0000, 0x0000, 0x0000, 0x0000, 0x0000,
  0x0000, 0x0000, 0x0000, 0x0000, 0x0000, 0x0000, 0x0000, 0x0000, 0x0000, 0x0000, 0x0000, 0x0000,
  0x0000, 0x0000, 0x0000, 0x0000, 0x0000, 0x0000, 0x0000, 0x0000, 0x0000, 0x0000, 0x0000, 0x0000,
  0x0000, 0x0000, 0x0000, 0x0000, 0x0000, 0x0000, 0x0000, 0x0000, 0x0000, 0x0000, 0x0000, 0x0000,
  0x0000, 0x0000, 0x0000, 0x0000, 0x0000, 0x0000, 0x0000, 0x0000, 0x0000, 0x0000, 0x0000, 0x0000,
  0x0000, 0x0000, 0x2318, 0x2428, 0x6638, 0x10c9, 0x54f1, 0x34f1, 0x34f1, 0x54f1, 0x54f1, 0x54f1,
  0x54f1, 0x74e9, 0x33f1, 0x94f1, 0xb4f1, 0xb3f9, 0x92fb, 0xf0fc, 0xf0f4, 0x0ff5, 0x2ffd, 0x2ffd,
  0x91fc, 0x90fc, 0xf3f2, 0xb5f1, 0xf4e9, 0x74f1, 0x54f1, 0x94e9, 0xb5f1, 0x74f9, 0x2c91, 0x8528,
  0x6320, 0x4320, 0x4428, 0x6428, 0x4108, 0x8210, 0x8208, 0x8000, 0x2000, 0x0000, 0x0000, 0x0000,
  0x0000, 0x0000, 0x0000, 0x0000, 0x0000, 0x0000, 0x0000, 0x2000, 0x2000, 0x2000, 0x0000, 0x0000,
  0x0000, 0x0000, 0x0000, 0x0000, 0x0000, 0x0000, 0x0000, 0x0000, 0x0000, 0x0000, 0x0000, 0x0000,
  0x0000, 0x0000, 0x0000, 0x0000, 0x0000, 0x0000, 0x0000, 0x0000, 0x0000, 0x0000, 0x0000, 0x0000,
  0x0000, 0x0000, 0x0000, 0x0000, 0x0000, 0x0000, 0x0000, 0x0000, 0x0000, 0x0000, 0x0000, 0x0000,
  0x0000, 0x0000, 0x0000, 0x0000, 0x0000, 0x0000, 0x0000, 0x0000, 0x0000, 0x0000, 0x0000, 0x0000,
  0x0000, 0x0000, 0x0000, 0x0000, 0x0000, 0x0000, 0x0000, 0x0000, 0x2108, 0x8a70, 0xcfc0, 0xf0b8,
  0x13e9, 0x54f1, 0x34f1, 0x54f1, 0x54f1, 0x54f1, 0x34f1, 0x54f1, 0x34f1, 0x34f9, 0x13f2, 0xf0f3,
  0x2ffc, 0xb0ec, 0xeffc, 0xeff4, 0x0ff5, 0x30fd, 0x71f4, 0xd4f2, 0xb3f2, 0x34f2, 0x94f9, 0xd5f1,
  0x74f1, 0x54f1, 0x74f1, 0x95f1, 0xb5f9, 0x92d9, 0x50c1, 0x2fb9, 0x2fb9, 0x2fb9, 0xed98, 0x6320,
  0x6318, 0x4210, 0x0108, 0x0000, 0x0000, 0x0000, 0x0000, 0x0000, 0x0000, 0x0000, 0x0000, 0x0000,
  0x0000, 0x0000, 0x2000, 0x2000, 0x0000, 0x0000, 0x0000, 0x0000, 0x0000, 0x0000, 0x0000, 0x0000,
  0x0000, 0x0000, 0x0000, 0x0000, 0x0000, 0x0000, 0x0000, 0x0000, 0x0000, 0x0000, 0x0000, 0x0000,
  0x0000, 0x0000, 0x0000, 0x0000, 0x0000, 0x0000, 0x0000, 0x0000, 0x0000, 0x0000, 0x0000, 0x0000,
  0x0000, 0x0000, 0x0000, 0x0000, 0x0000, 0x0000, 0x0000, 0x0000, 0x0000, 0x0000, 0x0000, 0x0000,
  0x0000, 0x0000, 0x0000, 0x0000, 0x0000, 0x0000, 0x0000, 0x0000, 0x0000, 0x0000, 0x0000, 0x0000,
  0x0000, 0x0000, 0x0000, 0x2110, 0xcda0, 0x34f9, 0x54f9, 0x54f9, 0x54f1, 0x54f1, 0x54f9, 0x54f9,
  0x34f1, 0x34f1, 0x33f1, 0x33f1, 0x33f9, 0x72f2, 0xcffc, 0x0efd, 0x10ed, 0xf0fc, 0xcff4, 0xeff4,
  0x10fd, 0x12f4, 0xd5f1, 0x95f1, 0xb5f9, 0x94f9, 0xb5f1, 0x54f1, 0x54f1, 0x54f1, 0x74f1, 0xb5f1,
  0xb4f9, 0xb5f9, 0x95f9, 0x95f9, 0x94f9, 0x71c9, 0xc320, 0x8108, 0x4100, 0x2000, 0x2000, 0x0000,
  0x0000, 0x0000, 0x0000, 0x0000, 0x0000, 0x2000, 0x2000, 0x0000, 0x0000, 0x0000, 0x0000, 0x0108,
  0x2000, 0x0000, 0x0000, 0x0000, 0x0000, 0x0000, 0x0000, 0x0000, 0x0000, 0x0000, 0x0000, 0x0000,
  0x0000, 0x0000, 0x0000, 0x0000, 0x0000, 0x0000, 0x0000, 0x0000, 0x0000, 0x0000, 0x0000, 0x0000,
  0x0000, 0x0000, 0x0000, 0x0000, 0x0000, 0x0000, 0x0000, 0x0000, 0x0000, 0x0000, 0x0000, 0x0000,
  0x0000, 0x0000, 0x0000, 0x0000, 0x0000, 0x0000, 0x0000, 0x0000, 0x0000, 0x0000, 0x0000, 0x0000,
  0x0000, 0x0000, 0x0000, 0x0000, 0x0000, 0x0000, 0x0000, 0x0000, 0x0000, 0x0000, 0x2110, 0xad98,
  0x33f1, 0x54f1, 0x54e9, 0x54f1, 0x34f1, 0x54f1, 0x54f1, 0x54f1, 0x54f1, 0x55f9, 0x53ea, 0x50ea,
  0x12f3, 0xb1f3, 0xd0f3, 0xf1ec, 0x10fd, 0xeff4, 0xeff4, 0x0ff5, 0x31f4, 0xb5f9, 0x95f9, 0xb5f9,
  0xb5f1, 0xb4f1, 0x74e9, 0x53e9, 0x53e9, 0x74f1, 0xb5e9, 0xb4f1, 0xd5f1, 0xb5f1, 0xb5f1, 0xb5f1,
  0x30c9, 0xa320, 0x6108, 0x4428, 0x4648, 0x6648, 0x6650, 0x4748, 0x4750, 0x4748, 0x4748, 0x4648,
  0x4748, 0x4648, 0x6648, 0x4658, 0x4650, 0x4750, 0x2658, 0x0328, 0x0000, 0x0000, 0x0000, 0x0000,
  0x0000, 0x0000, 0x0000, 0x0000, 0x0000, 0x0000, 0x0000, 0x0000, 0x0000, 0x0000, 0x0000, 0x0000,
  0x0000, 0x0000, 0x0000, 0x0000, 0x0000, 0x0000, 0x0000, 0x0000, 0x0000, 0x0000, 0x0000, 0x0000,
  0x0000, 0x0000, 0x0000, 0x0000, 0x0000, 0x0000, 0x0000, 0x0000, 0x0000, 0x0000, 0x0000, 0x0000,
  0x0000, 0x0000, 0x0000, 0x0000, 0x0000, 0x0000, 0x0000, 0x0000, 0x0000, 0x0000, 0x0000, 0x0000,
  0x0000, 0x0000, 0x0000, 0x0008, 0x0000, 0x4108, 0xcda0, 0x54f9, 0x54f1, 0x34f1, 0x54f1, 0x34f1,
  0x54f1, 0x54f1, 0x54f1, 0x54f1, 0xf3f1, 0xb0ec, 0xeffc, 0x11f4, 0xf3e1, 0xb3e9, 0xf3fb, 0x6ffd,
  0x4ffd, 0x0ffd, 0x0ffd, 0x31f4, 0xb5f1, 0x94f9, 0xb4f1, 0xb6f1, 0xb3f1, 0xb5f1, 0x74e9, 0x53e9,
  0x34e1, 0x54f1, 0x74f9, 0x74f9, 0x95f9, 0x95f9, 0xb5f9, 0x72c9, 0x6218, 0x0108, 0x8b88, 0x13f1,
  0x33f9, 0x13f1, 0x34f1, 0x54f1, 0x54f1, 0x34f1, 0x34f1, 0x34f1, 0x53f1, 0x73e9, 0x53f9, 0x53e9,
  0x53e9, 0x52f1, 0xac90, 0x0000, 0x0000, 0x0000, 0x0000, 0x0000, 0x0000, 0x0000, 0x0000, 0x0000,
  0x0000, 0x0000, 0x0000, 0x0000, 0x0000, 0x0000, 0x0000, 0x0000, 0x0000, 0x0000, 0x0000, 0x0000,
  0x0000, 0x0000, 0x0000, 0x0000, 0x0000, 0x0000, 0x0000, 0x0000, 0x0000, 0x0000, 0x0000, 0x0000,
  0x0000, 0x0000, 0x0000, 0x0000, 0x0000, 0x0000, 0x0000, 0x0000, 0x0000, 0x0000, 0x0000, 0x0000,
  0x0000, 0x0000, 0x0000, 0x2000, 0x0000, 0x0008, 0x2110, 0x2108, 0x2108, 0x0108, 0x6008, 0x4108,
  0x6218, 0xcda0, 0x73e9, 0x54f1, 0x34f9, 0x54f9, 0x54f1, 0x54f9, 0x54f1, 0x34f1, 0x34f1, 0xb3f1,
  0x50f4, 0xaffc, 0xd0f3, 0x14f2, 0xd5f9, 0x72fb, 0x50f5, 0x30fd, 0xeffc, 0xeffc, 0x31f4, 0x14f2,
  0xd4f9, 0xd4f9, 0xd6f1, 0xf3f9, 0xb5f9, 0x74f1, 0x74f1, 0x34e9, 0x54f9, 0x53f1, 0x53e9, 0x74f1,
  0x74f1, 0x94f1, 0x4fb1, 0x2220, 0x2110, 0xcc88, 0x34e9, 0x54f9, 0x54f1, 0x53f1, 0x54f1, 0x54f1,
  0x54f1, 0x54f1, 0x54f1, 0x54f9, 0x54f1, 0x34f9, 0x34f1, 0x54f9, 0x74f1, 0x8c88, 0x2110, 0x0108,
  0x0108, 0x2108, 0x0108, 0x0108, 0x0108, 0x2108, 0x0108, 0x2110, 0x0000, 0x0000, 0x0000, 0x0000,
  0x0000, 0x0000, 0x0000, 0x0000, 0x0000, 0x0000, 0x0000, 0x0000, 0x0000, 0x0000, 0x0000, 0x0000,
  0x0000, 0x0000, 0x0000, 0x0000, 0x0000, 0x0000, 0x0000, 0x0000, 0x0000, 0x0000, 0x0000, 0x0000,
  0x0000, 0x0000, 0x0000, 0x0000, 0x0000, 0x0000, 0x0000, 0x0000, 0x2000, 0x2000, 0x2000, 0x0000,
  0x6758, 0xac88, 0xab80, 0xca80, 0xab80, 0x6981, 0x8892, 0xa892, 0xb0d1, 0x53e9, 0x35f1, 0x54f9,
  0x34f9, 0x54f9, 0x54f9, 0x34f1, 0x54f1, 0x54f1, 0x73f1, 0x92f2, 0x31f3, 0x91eb, 0x93f3, 0xb1fb,
  0x70fc, 0x10f5, 0x0ff5, 0xeef4, 0xeff4, 0x50f4, 0x91f3, 0x51f3, 0x70eb, 0x93f3, 0x71f3, 0xf3f9,
  0xb4f1, 0x95f1, 0x54f1, 0x74f1, 0x94f1, 0x74f1, 0x54f1, 0x54f1, 0x33f1, 0x72d1, 0xab90, 0xab80,
  0x30b9, 0x34f1, 0x34f9, 0x53f1, 0x34f1, 0x34f1, 0x54f9, 0x54f1, 0x54f1, 0x34f1, 0x55f1, 0x34f1,
  0x54f1, 0x54f1, 0x33f9, 0x53f1, 0xf0b8, 0xab88, 0xab88, 0xab88, 0xab88, 0xaa88, 0xaa88, 0xaa88,
  0xaa88, 0xab88, 0xca80, 0x2320, 0x0000, 0x0000, 0x2000, 0x0000, 0x0000, 0x0000, 0x0000, 0x0000,
  0x0000, 0x0000, 0x0000, 0x0000, 0x0000, 0x0000, 0x0000, 0x0000, 0x0000, 0x0000, 0x0000, 0x0000,
  0x0000, 0x0000, 0x0000, 0x0000, 0x0000, 0x0000, 0x0000, 0x0000, 0x0000, 0x0000, 0x0000, 0x0000,
  0x0000, 0x0000, 0x0000, 0x0000, 0x0000, 0x0000, 0x0100, 0xec98, 0x34f1, 0x34e9, 0x34f1, 0x35f1,
  0x72f2, 0xeffc, 0xaff4, 0x93fa, 0x73e9, 0x35f9, 0x33f9, 0x34f1, 0x34f1, 0x54f1, 0x34f1, 0x54f1,
  0x54f1, 0x34f1, 0x74f1, 0x73f9, 0xf2f2, 0xf1f4, 0x30f5, 0x2ef5, 0xeff4, 0xcfec, 0xcfec, 0xefec,
  0xeeec, 0xcdf4, 0xeef4, 0xefec, 0x0ff5, 0xd0f4, 0x53f2, 0xb5f1, 0xb5f9, 0xb4f1, 0xb5f1, 0xb5f9,
  0x95f9, 0x74f1, 0x54f1, 0x53f1, 0x56f1, 0x14f1, 0x13f1, 0x14f1, 0x55f1, 0x53e9, 0x53f1, 0x54f1,
  0x55f9, 0x55f9, 0x54f1, 0x54f1, 0x55f9, 0x55f9, 0x34f1, 0x54f1, 0x74f1, 0x34f1, 0x34f9, 0x54f1,
  0x33e9, 0x54f1, 0x34f1, 0x34e9, 0x54f1, 0x34f1, 0x34f1, 0x33e9, 0x54f1, 0x73e9, 0x6648, 0x0000,
  0x0008, 0x0008, 0x0000, 0x0000, 0x0000, 0x0000, 0x0000, 0x0008, 0x0000, 0x0000, 0x0000, 0x0000,
  0x0000, 0x0000, 0x0000, 0x0000, 0x0000, 0x0000, 0x0000, 0x0000, 0x0000, 0x0000, 0x0000, 0x0000,
  0x0000, 0x0000, 0x0000, 0x0000, 0x0000, 0x0000, 0x0000, 0x0000, 0x2000, 0x0000, 0x0008, 0x0000,
  0x0008, 0x2000, 0xec98, 0x34f9, 0x34f9, 0x33f9, 0x13f1, 0x34fa, 0xd0f4, 0xcefc, 0xb1fa, 0x51f1,
  0x34f9, 0x73f1, 0x34f1, 0x54f1, 0x54f1, 0x34f1, 0x34f1, 0x34f1, 0x32e9, 0xd4e9, 0xb7f9, 0xf4f2,
  0xf0fc, 0x10fd, 0xd0fc, 0xb0fc, 0xcffc, 0xeff4, 0x0ef5, 0x0fed, 0xefec, 0xd0f4, 0xb0fc, 0xcffc,
  0xaffc, 0x34fa, 0x96f1, 0xb4f1, 0xd4f1, 0xb5f1, 0xb5f9, 0x95f9, 0x54f1, 0x33e9, 0x53e9, 0x34f9,
  0x53e9, 0x73e9, 0x33f1, 0x55f9, 0x34f1, 0x54f1, 0x54f1, 0x55f9, 0x35f9, 0x34f1, 0x54f1, 0x34f9,
  0x14f9, 0x34f9, 0x54f1, 0x54f1, 0x54f1, 0x34f9, 0x34f1, 0x53f9, 0x54f9, 0x54f9, 0x54f9, 0x54f9,
  0x54f9, 0x54f9, 0x74f1, 0x53f1, 0x52e9, 0x6758, 0x4108, 0x2110, 0x0210, 0x0210, 0x0108, 0x0000,
  0x0000, 0x0000, 0x0000, 0x0000, 0x0000, 0x0000, 0x0000, 0x0000, 0x0000, 0x0000, 0x0000, 0x0000,
  0x0000, 0x0000, 0x0000, 0x0000, 0x0000, 0x0000, 0x0000, 0x0000, 0x0000, 0x0000, 0x0000, 0x0000,
  0x0000, 0x0008, 0x0008, 0x0008, 0x0000, 0x2000, 0x0000, 0x2000, 0x4000, 0xec90, 0x55f9, 0x75f1,
  0x94f1, 0x53e9, 0x73f9, 0xf3e9, 0xf4f9, 0x94f1, 0x54f9, 0x14f9, 0x55e9, 0x54f1, 0x54f1, 0x54f1,
  0x54f1, 0x34f1, 0x34f1, 0x94f1, 0x10f4, 0xaffc, 0xcff4, 0x30f5, 0x11ed, 0xeff4, 0xeffc, 0xeffc,
  0xeffc, 0x10fd, 0x11fd, 0x11f5, 0x31fd, 0x0ffd, 0x0ff5, 0xaef4, 0x33f2, 0x95f1, 0xb5f1, 0xd5f1,
  0xb5f1, 0x95f9, 0x75f9, 0x54f1, 0x34f1, 0x54f1, 0x93e9, 0x73f1, 0x94f1, 0x74f1, 0x54e9, 0x54e9,
  0x54f1, 0x54f1, 0x74f1, 0x73f1, 0x73e9, 0x73f1, 0x34f9, 0x14f9, 0x75f9, 0x54e9, 0x34f1, 0x34f9,
  0x55f9, 0x54e9, 0x34f9, 0x34f9, 0x34f9, 0x34f9, 0x34f9, 0x34f9, 0x35f9, 0x54f9, 0x35f9, 0x35f9,
  0xf1e0, 0x10c1, 0xf0c8, 0x10d9, 0x0fd1, 0x0a79, 0x0100, 0x2000, 0x2000, 0x2000, 0x0000, 0x0000,
  0x0000, 0x0000, 0x0000, 0x0000, 0x0000, 0x0000, 0x0000, 0x0000, 0x0000, 0x0000, 0x0000, 0x0000,
  0x0000, 0x0000, 0x0000, 0x0000, 0x0000, 0x0000, 0x0000, 0x2000, 0x2000, 0x2000, 0x0000, 0x2000,
  0x0000, 0x0108, 0x0008, 0x0000, 0xcc98, 0x34f1, 0x34f1, 0x54f1, 0x35f1, 0x55f9, 0x34f1, 0x34f9,
  0x54f1, 0x56f1, 0x15f9, 0x55f1, 0x54f1, 0x54f1, 0x54f1, 0x54f1, 0x54f1, 0x34f1, 0xb3f9, 0x90fc,
  0x6ffd, 0x31fd, 0x10fd, 0x0ff5, 0x0ef5, 0x0ff5, 0x30f5, 0x30f5, 0x50fd, 0x30fd, 0x30f5, 0x50fd,
  0x30fd, 0x11f5, 0xafec, 0xf2f1, 0x73e9, 0xb4f1, 0xb4f1, 0x95f1, 0x74f1, 0x54f1, 0x54f1, 0x34f1,
  0x54f1, 0x55f1, 0x14f1, 0x14f1, 0x34f9, 0x14f9, 0x34f9, 0x54f9, 0x54f1, 0x15f9, 0x15f9, 0x35f9,
  0x34f9, 0x54f9, 0x54f1, 0x94e9, 0x74e9, 0x34f9, 0x14f9, 0x34f9, 0x54f1, 0x54f1, 0x54f1, 0x54f1,
  0x74f1, 0x54f1, 0x54f1, 0x54f1, 0x54f1, 0x54e9, 0x55f1, 0x34f9, 0x74f1, 0x55f1, 0x34f1, 0x53f1,
  0x2d91, 0x0108, 0x0000, 0x0008, 0x0000, 0x0000, 0x0000, 0x0000, 0x0000, 0x0000, 0x0000, 0x0000,
  0x0000, 0x0000, 0x0000, 0x0000, 0x0000, 0x0000, 0x0000, 0x0000, 0x0000, 0x0000, 0x0000, 0x0000,
  0x0000, 0x0000, 0x0000, 0x0000, 0x2000, 0x0108, 0x8548, 0x6650, 0x6748, 0x8748, 0x6648, 0xefb8,
  0x55f9, 0x34f9, 0x53f1, 0x35f9, 0x74f9, 0x72f2, 0x72f2, 0xb4f1, 0x74f1, 0x53f1, 0x54f9, 0x34f1,
  0x54f1, 0x54f1, 0x54f1, 0x54f1, 0x34f1, 0xb3f9, 0xb2f3, 0x30f4, 0x71fc, 0x10fd, 0x6ff5, 0x31f5,
  0x30fd, 0x50fd, 0x50f5, 0x30fd, 0x30fd, 0x30fd, 0x30fd, 0x50fd, 0x50fd, 0xf0f4, 0xd2f1, 0x34f1,
  0x54f1, 0x54f1, 0x74f1, 0x74f1, 0x54f1, 0x54f1, 0x54f1, 0x34f9, 0x54f1, 0x54f1, 0x54f1, 0x54f1,
  0x54f1, 0x54f1, 0x34f1, 0x54f1, 0xb3f1, 0x53fa, 0x93fa, 0xf3f1, 0x54f1, 0x34f9, 0x54f1, 0x54f1,
  0x34f9, 0x54f1, 0x74f1, 0x34f9, 0x34f1, 0x54f1, 0x54f1, 0x54f1, 0x53f1, 0x54f1, 0x34f9, 0x54f9,
  0x34f1, 0x55f1, 0x53f1, 0x53f9, 0x34f9, 0x55f1, 0x54f9, 0x0eb1, 0x6750, 0x8648, 0x2318, 0x0100,
  0x0000, 0x0000, 0x0000, 0x0000, 0x0000, 0x0000, 0x0000, 0x0000, 0x0000, 0x0000, 0x0000, 0x0000,
  0x0000, 0x0000, 0x0000, 0x0000, 0x0000, 0x0000, 0x0000, 0x0000, 0x0000, 0x0000, 0x0000, 0x0000,
  0x2218, 0x10c1, 0x31e1, 0x32d9, 0x32d9, 0x51d1, 0x34e9, 0x35f9, 0x34f9, 0x35f9, 0x55f9, 0x53fa,
  0xb0f4, 0xd0ec, 0xb2f2, 0x33f1, 0x15f9, 0x53f1, 0x54f1, 0x53f1, 0x53e9, 0x54f1, 0x33f1, 0x34f1,
  0x54f1, 0x95f1, 0xf3f1, 0xd3f2, 0x10fd, 0x70fd, 0x30fd, 0x30fd, 0x30fd, 0x30fd, 0x30fd, 0x10fd,
  0x10fd, 0x30fd, 0x30fd, 0x50f5, 0xf0fc, 0xf3f1, 0x32f1, 0x33f1, 0x54f1, 0x54f1, 0x54f1, 0x53f1,
  0x53f1, 0x55f1, 0x53f1, 0x33f9, 0x35f9, 0x33f1, 0x54f1, 0x54f9, 0x34f9, 0x35f1, 0x55f1, 0x53f2,
  0x90fc, 0xd0ec, 0x11fb, 0x74f1, 0x34f9, 0x54f1, 0x34f1, 0x34f1, 0x34f1, 0x54f1, 0x34f1, 0x34f1,
  0x54f9, 0x34f9, 0x34f9, 0x55f1, 0x54f9, 0x34f9, 0x35f9, 0x35f9, 0x74f9, 0x53f1, 0x74f1, 0x54f1,
  0x54f1, 0x74f1, 0x33f1, 0x32e1, 0x10d1, 0x6648, 0x0100, 0x2000, 0x0008, 0x2000, 0x0000, 0x0000,
  0x0000, 0x0000, 0x0000, 0x0000, 0x0000, 0x0000, 0x0000, 0x0000, 0x0000, 0x0000, 0x0000, 0x0000,
  0x0000, 0x0000, 0x0000, 0x0000, 0x0000, 0x0000, 0x0000, 0x4218, 0x12d9, 0x54f1, 0x54f1, 0x34f9,
  0x54f1, 0x54f1, 0x55f9, 0x53e9, 0x54f1, 0x52e9, 0x53fa, 0xaffc, 0xd0fc, 0xb2fa, 0x54f1, 0x36f9,
  0x34f9, 0x54f1, 0x54f1, 0x54f1, 0x54f1, 0x53f1, 0x54f1, 0x53f1, 0x33f1, 0x73e9, 0x93f2, 0x0ffd,
  0x30fd, 0x70fd, 0x30fd, 0x30fd, 0x10fd, 0xeff4, 0xeff4, 0xeff4, 0x0ff5, 0x30fd, 0x4ffd, 0xd0fc,
  0x14ea, 0x34f1, 0x15f1, 0x53f1, 0x52f1, 0x34f1, 0x34f1, 0x34f1, 0x36f1, 0x33f1, 0x52f1, 0x55f1,
  0x73f1, 0x74e9, 0x53f1, 0x33f1, 0x72e9, 0x53f1, 0x71fa, 0xaffc, 0x30f5, 0x51fb, 0x75f1, 0x54f9,
  0x54f1, 0x54f1, 0x54f9, 0x34f9, 0x34f9, 0x54f1, 0x55f9, 0x14f9, 0x34f1, 0x53f1, 0x74f1, 0x34f9,
  0x54f1, 0x54e9, 0x35f9, 0x53f1, 0x33f1, 0x34f1, 0x14f1, 0x13f9, 0x53f1, 0x14f9, 0x55f9, 0x32d9,
  0x6750, 0x0000, 0x2100, 0x0008, 0x0008, 0x0108, 0x2000, 0x2000, 0x0000, 0x0000, 0x0000, 0x0000,
  0x0000, 0x0000, 0x0000, 0x0000, 0x0000, 0x0000, 0x0000, 0x0000, 0x0000, 0x0000, 0x0000, 0x0000,
  0x0000, 0x0000, 0x4218, 0x12d9, 0x54f1, 0x54f1, 0x34f9, 0x34f9, 0x54f1, 0x54f1, 0xb3f1, 0xf2f2,
  0x11fb, 0xb1fb, 0x0ffd, 0x0ffd, 0xd0fb, 0x52eb, 0x12fb, 0x93f1, 0x34e9, 0x34f1, 0x54f1, 0x34f1,
  0x34f1, 0x54e9, 0x35f1, 0x34f1, 0x74e9, 0xf4f1, 0x13fb, 0x53f3, 0x52f4, 0x0ff5, 0x0ff5, 0xeff4,
  0xcef4, 0xcef4, 0xeff4, 0x10f5, 0x31fd, 0x4ffd, 0x30f5, 0xb1eb, 0x31eb, 0xd2f2, 0x75f9, 0x15f9,
  0x35f1, 0x54f1, 0x53f1, 0x55f1, 0x73f9, 0x74f9, 0x54f1, 0x35f9, 0x54f9, 0x34f9, 0x74f1, 0xd2fa,
  0x32fb, 0x32fb, 0x13fb, 0x32fb, 0x52fa, 0x54f1, 0x54f1, 0x55f1, 0x55f1, 0x54f1, 0x54f1, 0x54f1,
  0x54f1, 0x34f9, 0x74f1, 0xb3f2, 0x71fb, 0x12f3, 0x53f1, 0x53f1, 0x92e9, 0x74f1, 0x53e9, 0x74f9,
  0x75f9, 0x54f9, 0x34f1, 0x54f9, 0x33f1, 0x54f9, 0x33e9, 0xeea8, 0xaa80, 0x8a78, 0x2110, 0x2000,
  0x0000, 0x0000, 0x2000, 0x0000, 0x0000, 0x0000, 0x0000, 0x0000, 0x0000, 0x0000, 0x0000, 0x0000,
  0x0000, 0x0000, 0x0000, 0x0000, 0x0000, 0x0000, 0x0000, 0x0000, 0x0000, 0x4218, 0x12d9, 0x54f1,
  0x54f1, 0x74f1, 0x35f9, 0x53f1, 0x33f1, 0x13fa, 0x51fc, 0xf1fc, 0xeffc, 0x2ef5, 0x0ffd, 0xeefc,
  0x50f5, 0xb0fc, 0x33f2, 0x53f9, 0x33f1, 0x34f9, 0x14f9, 0x54f1, 0x52f1, 0x55f1, 0x34f1, 0x52e9,
  0x13f1, 0x33f1, 0x53f1, 0x50fb, 0xeff4, 0xeff4, 0xeff4, 0xeff4, 0xeff4, 0x0ff5, 0x30fd, 0x30fd,
  0x10fd, 0x31f5, 0x0efd, 0xcefc, 0xeff3, 0xb3f1, 0x53f1, 0x54f1, 0x55f1, 0x54f1, 0x34f1, 0x53f9,
  0x34f1, 0x33e9, 0x35f9, 0x54f9, 0x34f1, 0xb4e9, 0xd0f3, 0x2ef5, 0x11fc, 0x94e9, 0x53f1, 0x74f1,
  0x35f1, 0x34f1, 0x35f9, 0x54f1, 0x34f9, 0x34f9, 0x34f9, 0x54f1, 0x14f9, 0xb4f1, 0xf1f3, 0x0ffd,
  0x50fc, 0x93f1, 0x34f9, 0x35f9, 0x36f9, 0x14f1, 0x34f9, 0x34f1, 0x54e9, 0x74e9, 0x54f9, 0x33f1,
  0x34f9, 0x34f9, 0x54f1, 0x33f1, 0xf1d0, 0x4320, 0x2008, 0x2008, 0x0000, 0x0000, 0x2000, 0x0000,
  0x0000, 0x0000, 0x0000, 0x0000, 0x0000, 0x0000, 0x0000, 0x0000, 0x0000, 0x0000, 0x0000, 0x0000,
  0x0000, 0x0000, 0x0000, 0x0000, 0x4218, 0x12d9, 0x54f1, 0x54f1, 0x54f1, 0x35f9, 0x73f1, 0x54f1,
  0x13f2, 0x8ff4, 0x0efd, 0x30fd, 0xf0f4, 0xf0fc, 0xeefc, 0x30f5, 0xaffc, 0x72f2, 0xb3f1, 0xb3e9,
  0x54f9, 0x34f1, 0xb4f1, 0xb3f1, 0xd3f1, 0x54f1, 0x54f1, 0x74f1, 0xd3f1, 0xf2f1, 0xb1f3, 0xeff4,
  0xeff4, 0xeff4, 0xeff4, 0x0ff5, 0x30fd, 0x30fd, 0x30fd, 0x0ffd, 0x11f5, 0xeffc, 0xcffc, 0x11f4,
  0x33ea, 0xf2e9, 0xb3e9, 0x53f1, 0x53f1, 0x54f1, 0x54f9, 0x36f9, 0xf2f1, 0xb4f1, 0xd2f1, 0xb3e9,
  0x33ea, 0x11fc, 0x10fd, 0x31fc, 0xf3f1, 0xd2f9, 0xd3f1, 0xb3f1, 0xd3f1, 0xd3f1, 0xd3f1, 0xd3f1,
  0xd3f1, 0xd3f1, 0xd3f1, 0xb2f9, 0x32f2, 0x11f4, 0x0ffd, 0x70fc, 0x31f2, 0xd2f1, 0xd3f1, 0xf4f1,
  0xd3e9, 0x53f9, 0x14f1, 0x54f1, 0x54f1, 0x34f9, 0x53f1, 0x54f1, 0x54f1, 0x54f1, 0x34f9, 0x32d9,
  0x6640, 0x2328, 0x2218, 0x0000, 0x0000, 0x0000, 0x0000, 0x0000, 0x0000, 0x0000, 0x0000, 0x0000,
  0x0000, 0x0000, 0x0000, 0x0000, 0x0000, 0x0000, 0x0000, 0x0000, 0x0000, 0x0000, 0x0000, 0x4218,
  0x12d9, 0x54f1, 0x54f1, 0x54f1, 0x14f9, 0x53f1, 0x34f1, 0x13f2, 0x8ff4, 0x0efd, 0x30f5, 0xeffc,
  0x10fd, 0x2ef5, 0xf0fc, 0xeffc, 0x50f4, 0x31f4, 0x31eb, 0x73e9, 0x54e9, 0xf2ea, 0x30fc, 0xaffb,
  0xb3f1, 0x54f1, 0x33f2, 0xd1f3, 0xf0fb, 0xb0f4, 0xeff4, 0xeff4, 0xeff4, 0x0ff5, 0x30fd, 0x30fd,
  0x30fd, 0x10fd, 0x2ffd, 0x0fed, 0x0ff5, 0x0ff5, 0xf0f4, 0x51f4, 0x11fc, 0xb3fa, 0x54f1, 0x34f9,
  0x35f9, 0x54f1, 0xf3e9, 0x10f4, 0x30f4, 0x50fc, 0x11f4, 0x4ff4, 0xcffc, 0x2ffd, 0xeff4, 0x31fc,
  0x50fc, 0x30fc, 0x2ffc, 0x30fc, 0x30fc, 0x50f4, 0x30fc, 0x30fc, 0x30fc, 0x31f4, 0x30fc, 0x30fc,
  0xb0fc, 0x0ffd, 0xf0fc, 0x30fc, 0x30fc, 0x30fc, 0x4ff4, 0x10f4, 0x52f2, 0x54f1, 0x55f1, 0x54f1,
  0x34f9, 0x74e9, 0x54e9, 0x55f1, 0x54f1, 0x34f9, 0x33e9, 0x10c1, 0xeec0, 0x6870, 0x2008, 0x2000,
  0x0000, 0x0000, 0x0000, 0x0000, 0x0000, 0x0000, 0x0000, 0x0000, 0x0000, 0x0000, 0x0000, 0x0000,
  0x0000, 0x0000, 0x0000, 0x0000, 0x0000, 0x0000, 0x4220, 0x32e1, 0x54f9, 0x54f1, 0x55f1, 0x33f1,
  0x53f9, 0x36f9, 0xf4f9, 0x50fc, 0x0ffd, 0x2ffd, 0xcffc, 0xf1fc, 0x2df5, 0xcffc, 0xf0fc, 0x2ff5,
  0x30f5, 0xd0fb, 0x33f9, 0x15f9, 0x50f3, 0xeff4, 0xaff4, 0xd3f1, 0x33f1, 0x72ea, 0xd0f4, 0xcffc,
  0x0ff5, 0xeffc, 0x0ffd, 0x30fd, 0x50fd, 0x50fd, 0x30fd, 0x30fd, 0x30fd, 0x11f5, 0x0ff5, 0xeffc,
  0xedfc, 0xeffc, 0x2ef5, 0x0efd, 0x12fb, 0x55f1, 0x15f9, 0x35f1, 0x54e9, 0x13f2, 0xcffc, 0x0ef5,
  0x0ffd, 0xf0fc, 0x0ffd, 0xeffc, 0x10fd, 0x0ffd, 0xeffc, 0x0ffd, 0xf0fc, 0x0ffd, 0x0ffd, 0x0ffd,
  0x0ffd, 0x0efd, 0x0ffd, 0x0ffd, 0x0ff5, 0x30fd, 0x2efd, 0x0ffd, 0x0ffd, 0x10f5, 0x0ffd, 0xf0fc,
  0xd0fc, 0x0efd, 0xf0fc, 0x91fa, 0x34f1, 0x54f9, 0x34f9, 0x34f9, 0x54f9, 0x34f1, 0x35f9, 0x54f1,
  0x34f9, 0x34f9, 0x55f9, 0x74e9, 0xcd90, 0x0108, 0x0000, 0x0100, 0x0000, 0x0000, 0x0000, 0x0000,
  0x0000, 0x0000, 0x0000, 0x0000, 0x0000, 0x0000, 0x0000, 0x0008, 0x0000, 0x0000, 0x2000, 0x2218,
  0x4428, 0x6850, 0x31e1, 0x53f9, 0x55f1, 0x34f9, 0x33f9, 0x54f9, 0x34f9, 0xf3f9, 0x50fc, 0xf0fc,
  0xeffc, 0x0ffd, 0x0ffd, 0x0ffd, 0x0ffd, 0xeffc, 0x0ff5, 0xf0f4, 0xf2fb, 0x93ea, 0x73ea, 0xf2fb,
  0x10f5, 0xb0f4, 0x92e2, 0xf3e9, 0x30f3, 0x8ef4, 0xf0fc, 0xf0fc, 0xeff4, 0xeff4, 0x0ffd, 0x30fd,
  0x30fd, 0x30fd, 0x30fd, 0x0ffd, 0x0ffd, 0xeef4, 0xeef4, 0xeffc, 0x0ffd, 0x0ffd, 0xcefc, 0x8ff3,
  0x32ea, 0x13f2, 0x31f2, 0x13f2, 0x2feb, 0x90fc, 0x10fd, 0x2ff5, 0x10f5, 0x30fd, 0x0ffd, 0x0ffd,
  0x0ffd, 0x0ffd, 0x0ffd, 0x0ffd, 0x0ffd, 0x0ffd, 0xeffc, 0xeffc, 0x0ffd, 0x0ffd, 0x0ffd, 0x0ffd,
  0xeffc, 0xeffc, 0x0ffd, 0x0ff5, 0x0ffd, 0x2ff5, 0x2ff5, 0x2efd, 0x0ffd, 0x10f5, 0x74f2, 0x53f1,
  0x35f9, 0x53f1, 0x54f1, 0x54f9, 0x33f1, 0x54f1, 0x54f1, 0x54f1, 0x54f9, 0x54f1, 0x34f1, 0xcb88,
  0x0108, 0x0000, 0x0000, 0x0000, 0x0000, 0x0000, 0x0000, 0x0000, 0x0000, 0x0000, 0x0000, 0x0000,
  0x0000, 0x0000, 0x0000, 0x2000, 0x0000, 0x2210, 0xac88, 0x52e1, 0x14e9, 0x55f1, 0x53f1, 0x34f9,
  0x34f1, 0x54f1, 0x54e9, 0x33f1, 0x12f2, 0x50fc, 0x0ff5, 0xeffc, 0x0ffd, 0x0ffd, 0x0ffd, 0xeff4,
  0xeffc, 0x0ffd, 0x30fd, 0x10fd, 0x10fd, 0x10fd, 0x10fd, 0x50fd, 0x10fd, 0xd0fc, 0x90f4, 0xaff4,
  0xeff4, 0x30f5, 0x0df5, 0xeff4, 0xeff4, 0x0ffd, 0x10fd, 0x10fd, 0x10fd, 0x10f5, 0xeff4, 0x0ffd,
  0x0ffd, 0x0ffd, 0x0ffd, 0xeffc, 0x0ff5, 0x0efd, 0xeffc, 0xb1fc, 0xd1fc, 0xd0fc, 0xb0f4, 0x90fc,
  0xf0fc, 0x0efd, 0x0ffd, 0xf0fc, 0x10fd, 0x0ffd, 0x0ffd, 0x0ffd, 0x0ffd, 0x0ffd, 0x0ffd, 0x0ffd,
  0x0ffd, 0x10fd, 0x0ffd, 0x0ffd, 0x0ffd, 0x0ffd, 0x0ffd, 0x0ffd, 0x0ffd, 0x30fd, 0x0ffd, 0x0ffd,
  0x0ffd, 0xeffc, 0xeffc, 0xeffc, 0x0ff5, 0x73fa, 0x34f9, 0x53f1, 0x54f1, 0x35f1, 0x35f1, 0x55f1,
  0x54f1, 0x54f1, 0x34f1, 0x54f9, 0x54f1, 0x34f9, 0xcb88, 0x0108, 0x0000, 0x0000, 0x0000, 0x0000,
  0x0000, 0x0000, 0x0000, 0x0000, 0x0000, 0x0000, 0x0000, 0x0000, 0x0000, 0x0000, 0x2000, 0x0108,
  0x2210, 0xcca0, 0x33f9, 0x15f9, 0x55e9, 0x54f1, 0x54f9, 0x73f1, 0x53f1, 0x74f1, 0x54f1, 0x33f2,
  0x50fc, 0x0efd, 0xeffc, 0x0ffd, 0x0ffd, 0xeff4, 0xeff4, 0x0ffd, 0x0ffd, 0x30fd, 0x50fd, 0x50f5,
  0x50f5, 0x50fd, 0x30fd, 0x10fd, 0x4ffd, 0x0ff5, 0xeff4, 0xf0f4, 0xeff4, 0x0ffd, 0x0ffd, 0xeff4,
  0xeff4, 0xeff4, 0x0ff5, 0xeff4, 0xeff4, 0x0ff5, 0x0ff5, 0x0ff5, 0x0ffd, 0x0ffd, 0xeffc, 0xf0fc,
  0xd0fc, 0xeffc, 0x0ffd, 0x0ffd, 0x0ffd, 0x0ffd, 0x0ffd, 0x0efd, 0x0efd, 0x30fd, 0xf0fc, 0xeffc,
  0x0ffd, 0x0ffd, 0x0ffd, 0x0ffd, 0x0ffd, 0x0ffd, 0x0ffd, 0x0ffd, 0x10fd, 0x0ffd, 0x0ffd, 0x0ffd,
  0x0ffd, 0x0ffd, 0xeff4, 0x0ffd, 0x0ffd, 0xeffc, 0xeffc, 0x10fd, 0x10fd, 0x10fd, 0x0ff5, 0x0ff5,
  0x92fa, 0x54f1, 0x55f1, 0x34f9, 0x34f9, 0x34f9, 0x54f9, 0x54f1, 0x34f1, 0x54f9, 0x54f9, 0x54f1,
  0x34f9, 0xcb88, 0x0108, 0x0000, 0x0000, 0x0000, 0x0000, 0x0000, 0x0000, 0x0000, 0x0000, 0x0000,
  0x0000, 0x0000, 0x0000, 0x0000, 0x0008, 0x6540, 0x8a90, 0x8c90, 0xf0c0, 0x33f9, 0x54f9, 0x54f1,
  0x53f1, 0x53f1, 0x34f1, 0x54f1, 0x93fa, 0x72fb, 0xb1fb, 0xb0fc, 0x10fd, 0xeffc, 0x0ffd, 0xeffc,
  0xeff4, 0xeff4, 0x2ffd, 0x30fd, 0x31fd, 0x30fd, 0x10fd, 0xeffc, 0x30fd, 0x31fd, 0x30f5, 0x50fd,
  0x11fd, 0xeff4, 0x0ef5, 0x0df5, 0x0ff5, 0x0ffd, 0xeffc, 0xeff4, 0xeffc, 0xeffc, 0xeffc, 0xeffc,
  0x0ffd, 0x0ff5, 0x0ff5, 0x0ff5, 0x0ffd, 0x0ffd, 0x2efd, 0x0ff5, 0x2ff5, 0x2ef5, 0x0ff5, 0x10fd,
  0x0ffd, 0x0ffd, 0x2ffd, 0x0ffd, 0x10fd, 0xf0fc, 0x0ffd, 0x2ffd, 0x0ffd, 0x0ffd, 0x0ffd, 0x0ffd,
  0x0ffd, 0x0ffd, 0xeffc, 0x0ffd, 0x0ffd, 0x0ff5, 0x0ffd, 0x0ffd, 0xeffc, 0x0ff5, 0x2ffd, 0x2ffd,
  0x2ffd, 0x0ff5, 0x0ff5, 0x0ffd, 0x0ffd, 0x0ffd, 0x0ffd, 0xd0fb, 0x51f3, 0xf2f2, 0xb3f1, 0x53f1,
  0x73e9, 0x73f1, 0x53f1, 0x54f1, 0x54f9, 0x34f1, 0x54f1, 0x34f9, 0xcb88, 0x0108, 0x0000, 0x0000,
  0x0000, 0x0000, 0x0000, 0x0000, 0x0000, 0x0000, 0x0000, 0x0000, 0x0000, 0x0000, 0x0000, 0x0000,
  0xa860, 0x52e9, 0x34f1, 0x75f1, 0x73f1, 0x53e1, 0x34f9, 0x75f9, 0x55f1, 0x35f1, 0x54f1, 0x91fb,
  0xeffc, 0xeefc, 0x0ef5, 0x0efd, 0xeff4, 0x0ffd, 0xeff4, 0xeff4, 0xeff4, 0x30fd, 0x30fd, 0x31fd,
  0x0ff5, 0xeeec, 0xeeec, 0x0ff5, 0x51fd, 0x51f5, 0x10fd, 0xd1fc, 0xeff4, 0xf0fc, 0xf0fc, 0x10f5,
  0x0ffd, 0xeffc, 0xeffc, 0xeffc, 0x0ffd, 0x0ffd, 0x0ffd, 0x0ffd, 0x0ffd, 0x0ffd, 0x0ffd, 0x0ffd,
  0x0ffd, 0xeefc, 0xd0fc, 0xf1fc, 0xf0fc, 0xf0fc, 0x11fd, 0xeefc, 0x10fd, 0x10fd, 0xf0fc, 0xf0fc,
  0x30fd, 0x0ff5, 0x2ffd, 0x0ffd, 0x0ffd, 0x0ffd, 0x0ffd, 0x0ffd, 0x0ffd, 0x0ffd, 0x0ffd, 0x0ffd,
  0x0ffd, 0x0ffd, 0x0ffd, 0xeffc, 0xf0fc, 0xeffc, 0xeffc, 0x0ffd, 0x2ff5, 0x0ffd, 0xeffc, 0xeef4,
  0xeefc, 0xf0fc, 0x30fd, 0x0ffd, 0x31fc, 0xb3f1, 0x14f9, 0x35f9, 0x35f9, 0x34f1, 0x54f1, 0x53f1,
  0x34f1, 0x54f1, 0x34f9, 0xcb88, 0x0108, 0x0000, 0x0000, 0x0000, 0x0000, 0x0000, 0x0000, 0x0000,
  0x0000, 0x0000, 0x0000, 0x0000, 0x0000, 0x0000, 0x0008, 0x8868, 0x74f9, 0x55f1, 0x34f1, 0x53f9,
  0x14f9, 0x35f9, 0x54e9, 0x34f9, 0x94f1, 0xb3e9, 0xd0f3, 0x2ffd, 0x0ffd, 0xf0fc, 0xf0fc, 0x0ff5,
  0xeff4, 0xeff4, 0xeffc, 0xcff4, 0x30fd, 0x30fd, 0x30fd, 0x10f5, 0x31f5, 0x51f5, 0x30f5, 0x30fd,
  0x2ffd, 0x10ed, 0x0fed, 0x2ff5, 0xcffc, 0xaffc, 0x0dfd, 0x10fd, 0xeffc, 0xeffc, 0x0ffd, 0x0ffd,
  0x0ffd, 0x0ffd, 0x0ffd, 0x0ffd, 0x0ffd, 0x0ffd, 0xeffc, 0xeffc, 0x0ffd, 0x10fd, 0x10fd, 0x0ffd,
  0x2ffd, 0x0ffd, 0x2ffd, 0xeffc, 0xeffc, 0x0ff5, 0x0ffd, 0x30fd, 0xeffc, 0x0ffd, 0x0ffd, 0x0ffd,
  0x0ffd, 0x0ffd, 0x0ffd, 0x0ffd, 0x0ffd, 0x0ffd, 0x0ffd, 0x0ffd, 0x0ffd, 0x0ffd, 0x31fd, 0x51f5,
  0x11fd, 0x11f5, 0x31f5, 0x31f5, 0xf0fc, 0xeffc, 0x2ff5, 0x2ff5, 0xf0fc, 0x10fd, 0xf0fc, 0x30f4,
  0x11f2, 0x92f9, 0x54f9, 0x14f9, 0x34f9, 0x74f9, 0x73f1, 0x34f1, 0x54f1, 0x34f1, 0xcb88, 0x0108,
  0x0000, 0x0000, 0x0000, 0x0000, 0x0000, 0x0000, 0x0000, 0x0000, 0x0000, 0x0000, 0x0000, 0x0000,
  0x0000, 0x0000, 0x8860, 0x53f9, 0x34f1, 0x35f9, 0x74e9, 0x35f9, 0x54f9, 0x73f1, 0x72f2, 0xd1fb,
  0x91fb, 0xaff4, 0x2fed, 0x0ff5, 0xeff4, 0x0ef5, 0x0ff5, 0x0ff5, 0xeff4, 0xeff4, 0xcff4, 0x30fd,
  0x30fd, 0x50fd, 0x0ff5, 0x10fd, 0x30fd, 0x30fd, 0x2ffd, 0x30fd, 0x58f6, 0xf9f6, 0x56fe, 0x30fd,
  0x10fd, 0x0ef5, 0x0ff5, 0x0ff5, 0x0ffd, 0xeffc, 0xeffc, 0x0ffd, 0xeffc, 0x10fd, 0x0ffd, 0xf0fc,
  0xf0fc, 0x0ffd, 0xeffc, 0xeffc, 0x0ffd, 0x0ffd, 0x0ffd, 0x0ffd, 0xeffc, 0xf0fc, 0x0ffd, 0x0ffd,
  0x2ffd, 0x0ffd, 0x0ffd, 0xeffc, 0x10fd, 0x0ffd, 0x0ffd, 0x0ffd, 0x0ffd, 0x0ffd, 0x0ffd, 0x0ffd,
  0x0ffd, 0x0ffd, 0x2ffd, 0x0ffd, 0x10fd, 0xb3fd, 0xf8fe, 0xf8fe, 0xf9fe, 0xf9fe, 0x76fe, 0x51fd,
  0xeffc, 0xf0fc, 0x0ffd, 0x0ffd, 0xeffc, 0xf0fc, 0xeffc, 0x30f4, 0xf1f3, 0xf3f2, 0x94f1, 0x54f1,
  0x54f1, 0x34f9, 0x54f1, 0x54f1, 0x34f9, 0xcb88, 0x2108, 0x0000, 0x0000, 0x0000, 0x0000, 0x0000,
  0x0000, 0x0000, 0x0000, 0x0000, 0x0000, 0x2000, 0x0100, 0x0000, 0x0000, 0xa960, 0x54f9, 0x34f1,
  0x34f1, 0x55e9, 0x54f9, 0x33f9, 0x54f1, 0xd2f2, 0xd0f4, 0xeffc, 0x0ffd, 0xf0f4, 0xeffc, 0xeffc,
  0x0ff5, 0xeff4, 0xeff4, 0xeff4, 0xcff4, 0xeff4, 0x30fd, 0x30fd, 0x50fd, 0x30fd, 0x30fd, 0x30fd,
  0x30f5, 0xeff4, 0x31fd, 0x3bff, 0xfeff, 0x1cff, 0x50fd, 0x10fd, 0x10f5, 0xeff4, 0xeffc, 0x0ffd,
  0xeffc, 0xeffc, 0x10fd, 0x0ff5, 0xeffc, 0x0ffd, 0xeffc, 0x10f5, 0x2ffd, 0x0ffd, 0x0ffd, 0x0ffd,
  0x0ffd, 0x0ffd, 0x0ffd, 0x0ffd, 0x0ffd, 0x0ffd, 0x0ffd, 0x0ffd, 0x0ffd, 0x0ffd, 0x0ffd, 0x0ffd,
  0x0ffd, 0x0ffd, 0x0ffd, 0x0ffd, 0x0ffd, 0x0ffd, 0x0ff5, 0xf0fc, 0xeffc, 0x2ef5, 0x0ffd, 0x10fd,
  0x55f6, 0xffff, 0xffff, 0xffff, 0xffff, 0x5bff, 0x30fd, 0x0ffd, 0x10fd, 0xeefc, 0x2ffd, 0x10f5,
  0xf0fc, 0x0ffd, 0x0ffd, 0x4ffd, 0x91f3, 0x54f1, 0x34f1, 0x54f1, 0x35f9, 0x55f9, 0x54f1, 0x54f9,
  0xcb90, 0x2108, 0x0100, 0x0000, 0x0100, 0x0000, 0x0000, 0x4000, 0x0000, 0x0000, 0x0000, 0x0000,
  0x0000, 0x0100, 0x2000, 0x0000, 0xa858, 0x74f1, 0x35f9, 0x34f1, 0x54e9, 0x55f9, 0x54f1, 0x54f1,
  0x53f2, 0xd1f3, 0xd0fb, 0x8ffc, 0xeffc, 0xeffc, 0xeff4, 0x0ff5, 0xeff4, 0xcff4, 0xeff4, 0xeff4,
  0xeff4, 0xeff4, 0x10f5, 0x30f5, 0x50f5, 0x30fd, 0x10fd, 0x72f5, 0xb4f5, 0x15fe, 0x9cf7, 0xfeff,
  0x1bff, 0x50fd, 0xf0fc, 0xeff4, 0xeffc, 0xeffc, 0xeffc, 0xeff4, 0xf0fc, 0x0ffd, 0x0ffd, 0x0ffd,
  0x0ffd, 0x10fd, 0x30fd, 0x0efd, 0x0ffd, 0x10fd, 0x0ffd, 0x0ffd, 0x0ffd, 0x0ffd, 0x0ffd, 0x0ffd,
  0x0ffd, 0x0ffd, 0x0ffd, 0x0ffd, 0x0ffd, 0x0ffd, 0x0ffd, 0x0ffd, 0x0ffd, 0x0ffd, 0x0ffd, 0x0ffd,
  0x0ffd, 0x0ffd, 0x11fd, 0xf0fc, 0x2ffd, 0x0ffd, 0x0ffd, 0x55f6, 0xffff, 0xffff, 0xffff, 0xffff,
  0x5bff, 0x30fd, 0x0ffd, 0x10fd, 0xeffc, 0x0ffd, 0x2ffd, 0x2efd, 0xcffc, 0x30fc, 0x4ffc, 0x11f3,
  0x53f1, 0x54f1, 0x54f1, 0x15f9, 0x54f9, 0x54e9, 0x54f1, 0xceb0, 0x4750, 0x6748, 0x2220, 0x2000,
  0x2000, 0x2008, 0x0000, 0x0000, 0x0000, 0x0000, 0x0000, 0x0000, 0x0000, 0x0008, 0x0010, 0x8868,
  0x53e9, 0x15f1, 0x54f1, 0x74f1, 0x34f1, 0x34e9, 0x94f1, 0xb3f1, 0xf4f1, 0xd3e9, 0xb0f3, 0x0ff5,
  0x0ef5, 0xeff4, 0xf0fc, 0x50fd, 0x30fd, 0x10fd, 0x10fd, 0x0ff5, 0xeff4, 0x0ff5, 0x50fd, 0x50fd,
  0x30fd, 0x51fd, 0x97f6, 0x9dff, 0x9dff, 0xfff7, 0xfef7, 0x1aff, 0x70f5, 0x10fd, 0x0ff5, 0x30fd,
  0x30fd, 0x2ff5, 0x10f5, 0xf0f4, 0xeffc, 0xeffc, 0x0ff5, 0xf0f4, 0xf0fc, 0xf0fc, 0xeffc, 0x30fd,
  0x10fd, 0x0ffd, 0x0ffd, 0x0ffd, 0x0ffd, 0x0ffd, 0x0ffd, 0x0ffd, 0x0ffd, 0x0ffd, 0x0ffd, 0x0ffd,
  0x0ffd, 0x0ffd, 0x0ffd, 0x0ffd, 0x0ffd, 0x0ffd, 0x0ffd, 0x0ffd, 0xeefc, 0x10fd, 0xd0fc, 0xeffc,
  0xeffc, 0xf0fc, 0x57f6, 0xffff, 0xdfff, 0xffff, 0xffff, 0x5bff, 0x30fd, 0x0ffd, 0x0ffd, 0x10fd,
  0xd1fc, 0x10fd, 0x0ff5, 0x31fc, 0x14f2, 0xb3f1, 0x74f1, 0x36f9, 0x54f9, 0x72f1, 0x52f9, 0x74f1,
  0x54f1, 0x35f9, 0x33f1, 0x32e9, 0x72e1, 0x6760, 0x0008, 0x0008, 0x0008, 0x0000, 0x0000, 0x0000,
  0x0000, 0x0000, 0x0000, 0x2000, 0x0000, 0x0100, 0x8968, 0x73f1, 0x55f9, 0x54f1, 0x53f9, 0x54f1,
  0x35e9, 0xd5f9, 0x95f9, 0x75f9, 0x55f1, 0x71f3, 0xf0f4, 0xefec, 0x10fd, 0x2ffd, 0x50fd, 0x50fd,
  0x30fd, 0x30fd, 0x30fd, 0x30fd, 0xeff4, 0x10fd, 0x30fd, 0x30fd, 0x31fd, 0xb8f6, 0xfff7, 0xdfff,
  0xffff, 0xdeff, 0xd9fe, 0x10f5, 0xcffc, 0x10fd, 0xaffc, 0xeffc, 0xeffc, 0x0ffd, 0x10fd, 0xeff4,
  0x0ffd, 0x2ffd, 0x0ffd, 0x0ffd, 0xeffc, 0x2ff5, 0x0efd, 0x0ffd, 0x0ffd, 0x0ffd, 0x0ffd, 0x0ffd,
  0x0ffd, 0x0ffd, 0x0ffd, 0x0ffd, 0x0ffd, 0x0ffd, 0x0ffd, 0x0ffd, 0x0ffd, 0x0ffd, 0x0ffd, 0x0ffd,
  0x0ffd, 0x0ffd, 0x0ffd, 0x0efd, 0x30fd, 0x10fd, 0x0ffd, 0x0efd, 0x4ffd, 0x74f6, 0xffff, 0xdfff,
  0xffff, 0xffff, 0x5bff, 0x30fd, 0x0ffd, 0x0ffd, 0x2ff5, 0xeffc, 0x10fd, 0x4efd, 0x30f4, 0xd3f9,
  0x32f9, 0x34f9, 0x15f9, 0x35f1, 0x35f1, 0x56f9, 0x33e9, 0x33f9, 0x34f1, 0x34f1, 0x34f9, 0x54e9,
  0x6868, 0x0100, 0x0100, 0x2000, 0x2000, 0x2000, 0x0000, 0x0000, 0x0000, 0x0000, 0x0000, 0x6438,
  0xaa68, 0xcda8, 0x53f1, 0x54f1, 0x54f1, 0x33f1, 0x74f1, 0x55f1, 0xb4f1, 0xb5f9, 0xb5f1, 0xb5f1,
  0xd0fb, 0x0efd, 0x0ffd, 0x51fd, 0x10fd, 0x30f5, 0x50fd, 0x30fd, 0x30fd, 0x50fd, 0x30fd, 0x0ff5,
  0x30f5, 0x30f5, 0x50fd, 0x11fd, 0x98fe, 0xdfff, 0xffff, 0xfeff, 0xdfff, 0x5cff, 0x56f6, 0x36fe,
  0x56fe, 0x57fe, 0x14fe, 0x50f5, 0xeffc, 0x0ffd, 0x10fd, 0x10fd, 0x0ffd, 0x0ffd, 0x10fd, 0xf4fd,
  0x57f6, 0xd3fd, 0x10fd, 0x0ffd, 0x0ffd, 0x0ffd, 0x0ffd, 0x0ffd, 0x0ffd, 0x0ffd, 0x0ffd, 0x0ffd,
  0x0ffd, 0x0ffd, 0x0ffd, 0x0ffd, 0x0ffd, 0x0ffd, 0x0ffd, 0x0ffd, 0x0ffd, 0x0ffd, 0x0ffd, 0x30fd,
  0x0ffd, 0x51fd, 0x15f6, 0x56f6, 0xfaf6, 0xffff, 0xdfff, 0xffff, 0xffff, 0x5bff, 0x10fd, 0x0ffd,
  0x10fd, 0x2ffd, 0xeffc, 0xd1fb, 0x70fb, 0xf1fa, 0x94f1, 0x74f1, 0x54f1, 0x54f1, 0x53f1, 0x54f1,
  0x33f1, 0x55f9, 0x54f1, 0x55f1, 0x55f9, 0x54f1, 0x34e1, 0xeea8, 0x8970, 0x8758, 0x0110, 0x2000,
  0x0000, 0x0000, 0x0000, 0x0000, 0x2000, 0x0000, 0xaa78, 0x53e9, 0x34f1, 0x54f9, 0x33f1, 0x54f9,
  0x34f1, 0x73f1, 0x55f1, 0x94f1, 0xb4f1, 0xb5f1, 0x96f1, 0xd0fb, 0x4ffd, 0x30fd, 0x31fd, 0x10fd,
  0x30f5, 0x30f5, 0x30fd, 0x30fd, 0x30fd, 0x30fd, 0x50fd, 0x10fd, 0xefec, 0x30f5, 0xf0fc, 0x97f6,
  0xfeff, 0xffff, 0xdeff, 0xdfff, 0xdfff, 0xbeff, 0xbeff, 0xdef7, 0xfeff, 0x5bff, 0xd3f5, 0x0ffd,
  0x0ffd, 0x0ffd, 0x10fd, 0x0ffd, 0x0ffd, 0x30f5, 0x3bff, 0xdff7, 0xd9fe, 0x51f5, 0xeffc, 0xeffc,
  0x0ffd, 0x0ffd, 0x0ffd, 0x0ffd, 0x0ffd, 0x0ffd, 0x0ffd, 0x0ffd, 0x0ffd, 0x0ffd, 0x0ffd, 0x0ffd,
  0x0ffd, 0x0ffd, 0x0ffd, 0x0ffd, 0x0ffd, 0x0ffd, 0xeffc, 0x0ffd, 0xb3f5, 0x5cff, 0xbeff, 0xdfff,
  0xffff, 0xdfff, 0xffff, 0xffff, 0x5bff, 0x30fd, 0x0ffd, 0xf0fc, 0x0efd, 0xd0fc, 0x94f2, 0x74f1,
  0x54f9, 0x34f1, 0x54f9, 0x34f1, 0x54f1, 0x54f1, 0x35f1, 0x54f9, 0x55f1, 0x53f9, 0x54f1, 0x34f1,
  0x54f1, 0x14f1, 0x53f1, 0x33f1, 0x0fc1, 0x2328, 0x2000, 0x0000, 0x0000, 0x0000, 0x0000, 0x0000,
  0x0000, 0xaa78, 0x34f1, 0x54f1, 0x34f1, 0x54f1, 0x54f1, 0x34f9, 0x14f9, 0xd2e9, 0xb3e9, 0xb4f1,
  0xf3f9, 0x14f2, 0xf2f3, 0x30fd, 0x30fd, 0x50fd, 0x30fd, 0x50e5, 0xaefc, 0xeffc, 0x0ff5, 0x30fd,
  0x31fd, 0x50fd, 0x10fd, 0xeff4, 0x0ff5, 0xf0f4, 0x56f6, 0xdeff, 0xfff7, 0xdef7, 0xfff7, 0xfef7,
  0xfef7, 0xffff, 0xffff, 0xfff7, 0x5cff, 0xd3fd, 0x10fd, 0x0ffd, 0xeefc, 0x0ffd, 0x30fd, 0x10fd,
  0x50f5, 0x5bff, 0xdfff, 0xfaf6, 0x51fd, 0xeffc, 0x0ffd, 0x0ffd, 0xeffc, 0xeffc, 0xf0fc, 0xeffc,
  0xeffc, 0x0ffd, 0x0ffd, 0x0ffd, 0x0ffd, 0x0ffd, 0x0ffd, 0x0ffd, 0x0ffd, 0x0ffd, 0x0ffd, 0x0ffd,
  0xeffc, 0xeffc, 0x2ef5, 0x93f5, 0x5bff, 0xdeff, 0xbff7, 0xfeff, 0xffff, 0xffff, 0xffff, 0x9bef,
  0xf1fc, 0x0ffd, 0xf0fc, 0x0ffd, 0x0ffd, 0xb2f2, 0x92f1, 0x92f1, 0x54f1, 0x54f1, 0x52f1, 0x94f1,
  0x73f1, 0x54f1, 0x73f9, 0x74e9, 0x35f9, 0x55f9, 0x55f1, 0x73f9, 0x54f1, 0x55f1, 0x34f1, 0x50c1,
  0x2430, 0x2208, 0x2210, 0x0000, 0x0000, 0x0000, 0x0000, 0x0000, 0x8a78, 0x54f1, 0x74e9, 0x14f1,
  0x34f1, 0x34f1, 0x34f1, 0x93f1, 0xcff3, 0x11f4, 0x30f4, 0x50f4, 0x72f4, 0x11f5, 0x50f5, 0xb3f5,
  0xf8f6, 0xfbee, 0x16f6, 0xf0fc, 0xeff4, 0xeff4, 0xf0fc, 0x11fd, 0x50f5, 0x10f5, 0x0ff5, 0x0ff5,
  0x10f5, 0x77f6, 0xffff, 0xdfff, 0xbfff, 0xdfff, 0xdfff, 0xdfff, 0xdfff, 0xfef7, 0xdff7, 0xdfff,
  0x7cff, 0x3cff, 0x78fe, 0x30fd, 0x10fd, 0x35f6, 0x1aff, 0x19ff, 0xdeff, 0xdff7, 0xfafe, 0x51fd,
  0x10fd, 0x10fd, 0x10fd, 0x10fd, 0x10fd, 0x10fd, 0x10fd, 0x10fd, 0x10fd, 0x10fd, 0x10fd, 0x10fd,
  0x10fd, 0x10fd, 0x10fd, 0x10fd, 0xf0fc, 0xf0fc, 0x10fd, 0xf0fc, 0xf0f4, 0x2ffd, 0xf0fc, 0x72fd,
  0xb2f5, 0x77fe, 0xffff, 0xfff7, 0xffff, 0xfff7, 0xbaef, 0x11fd, 0x0ffd, 0x0ffd, 0x0ffd, 0x0ffd,
  0x31f4, 0x11fc, 0x71fb, 0xd4f9, 0x55f1, 0x52fa, 0x30f4, 0xf0fb, 0x34fa, 0x35f9, 0x52f9, 0x34f9,
  0x33f1, 0x15f9, 0x34f9, 0x55f1, 0x35f9, 0x34f1, 0x33f9, 0x0fc9, 0x2eb9, 0x8978, 0x2110, 0x0000,
  0x0000, 0x0000, 0x0000, 0x8a78, 0x54f1, 0x74e9, 0x14f1, 0x54f1, 0x54f1, 0x54e9, 0xd3f1, 0xcffc,
  0x0ff5, 0x0ef5, 0x0ef5, 0x30fd, 0x2ffd, 0xeefc, 0x94fd, 0x5cff, 0xbfff, 0xd9f6, 0x10ed, 0xeee4,
  0xeeec, 0xefec, 0x31fd, 0x6ff5, 0x51fd, 0x0ffd, 0xcdf4, 0xeff4, 0x36ee, 0xbef7, 0xfef7, 0xdff7,
  0xbfff, 0xdfff, 0xdfff, 0xffff, 0xffff, 0xdfff, 0xffff, 0xfff7, 0xfff7, 0xdaf6, 0x10fd, 0xcefc,
  0x98fe, 0xfff7, 0xffff, 0xffff, 0xdfff, 0xf9fe, 0x50fd, 0x0ff5, 0x0ff5, 0x0ffd, 0x2efd, 0x0efd,
  0x0efd, 0x0efd, 0x0efd, 0x0efd, 0x0efd, 0x0efd, 0x0efd, 0x0ffd, 0x0ffd, 0x0ffd, 0x0ffd, 0xeffc,
  0x0ffd, 0x0ff5, 0x2ff5, 0x10f5, 0x2ffd, 0x0ffd, 0x0efd, 0x0ef5, 0x76fe, 0xffff, 0xfff7, 0xffff,
  0xffff, 0x7bf7, 0xf1fc, 0xeff4, 0x30f5, 0x11fd, 0xf0fc, 0x10fd, 0x4efd, 0x10fc, 0xb4f1, 0x34f1,
  0xb3fa, 0x2ffd, 0xeefc, 0x91f2, 0x37f1, 0x12f9, 0x75f9, 0x93f1, 0x54f9, 0x33f1, 0x54f1, 0x13f9,
  0x33f9, 0x14f1, 0x75f1, 0x54f1, 0xada0, 0x0110, 0x0000, 0x0000, 0x0000, 0x0000, 0x8a78, 0x54f1,
  0x74e9, 0x14f1, 0x54f1, 0x53f1, 0x55f1, 0xb3f1, 0xaffc, 0xcffc, 0xd0fc, 0xcff4, 0xf0f4, 0x50f5,
  0x4ffd, 0xb3f5, 0x7bf7, 0xffff, 0x3aff, 0x93f5, 0x92f5, 0x2ff5, 0x0fed, 0x31fd, 0x30fd, 0x30fd,
  0xeff4, 0xeff4, 0x30fd, 0x15fe, 0x1aff, 0x5bf7, 0xdfff, 0xffff, 0xdeff, 0xfff7, 0xfff7, 0xffff,
  0xfeff, 0xfeff, 0xfeff, 0xfeff, 0x1aff, 0xf4fd, 0xd3fd, 0xd9fe, 0xdfff, 0xdfff, 0xffff, 0xfeff,
  0x3aff, 0xf5fd, 0xb4fd, 0xb3fd, 0xb3fd, 0xb3fd, 0xb3fd, 0xb3fd, 0xb3fd, 0xb3fd, 0xb3fd, 0xb3fd,
  0xb3fd, 0xb3fd, 0xb3fd, 0xb3fd, 0xb3fd, 0xb3fd, 0xb3fd, 0xb3fd, 0xd3fd, 0xb3fd, 0xeffc, 0xeefc,
  0x0ff5, 0x10f5, 0x10fd, 0xd5fd, 0x3bff, 0x3bff, 0x3bff, 0x1aff, 0xd8f6, 0x31fd, 0x2ff5, 0x0ff5,
  0x0ffd, 0x0ffd, 0x90f4, 0x30fc, 0xd1f3, 0xb2f2, 0x52f2, 0x11f3, 0x0ffc, 0xf0fb, 0xf2f2, 0x32f2,
  0x34f2, 0x56f1, 0x54f1, 0x34f1, 0x33f1, 0x55f1, 0x55f1, 0x54f1, 0x34f1, 0x75f1, 0x34f1, 0xada0,
  0x2110, 0x0000, 0x0000, 0x0000, 0x0000, 0x8a78, 0x54f1, 0x74e9, 0x14f1, 0x54f9, 0x33f1, 0x35f1,
  0xb3e9, 0xaef4, 0x0ef5, 0x0ef5, 0xcff4, 0xeff4, 0xeff4, 0x0ffd, 0x93f5, 0x5cff, 0xffff, 0xdeff,
  0x3cf7, 0x1bf7, 0x93f5, 0x0ff5, 0x31fd, 0x50f5, 0x30fd, 0xf0fc, 0x10f5, 0xf0fc, 0x30f5, 0x51f5,
  0x94fd, 0x3dff, 0xfff7, 0xfeff, 0xdfff, 0xffff, 0xffff, 0xffff, 0xfff7, 0xffff, 0xffff, 0xdeff,
  0x5dff, 0x7cff, 0xbeff, 0xffff, 0xffff, 0xfff7, 0xffff, 0xdeff, 0x9dff, 0x7dff, 0x9dff, 0x9dff,
  0x9dff, 0x9dff, 0x9dff, 0x9dff, 0x9dff, 0x9dff, 0x9dff, 0x9dff, 0x9dff, 0x9dff, 0x9dff, 0x9dff,
  0x9dff, 0x9dff, 0x9dff, 0x9dff, 0x5cff, 0x72fd, 0xeefc, 0x2ff5, 0x0ff5, 0xeffc, 0x2ffd, 0x72fd,
  0x71fd, 0x71fd, 0x71f5, 0x91ed, 0xcffc, 0x0ffd, 0xf1fc, 0x0ffd, 0x30fd, 0xf2f2, 0xb3f9, 0x93f2,
  0x31f4, 0x90fc, 0xb0f3, 0xd4f9, 0x14f2, 0xb1f3, 0x8ffc, 0x11fc, 0xb3f9, 0x33f9, 0x54f1, 0x54f9,
  0x14f1, 0x54f1, 0x74f1, 0x34f9, 0x53f1, 0x53f1, 0xcda0, 0x0210, 0x0000, 0x0000, 0x0000, 0x0000,
  0x8a78, 0x54f1, 0x74e9, 0x14f1, 0x54f1, 0x33f1, 0x34e9, 0xb3f1, 0xaff4, 0x10fd, 0x10fd, 0xf0f4,
  0x10f5, 0xcff4, 0xeffc, 0x93fd, 0x5cff, 0xfdf7, 0xdfff, 0xdfff, 0x9eff, 0xd4f5, 0x0ffd, 0x30fd,
  0x2ffd, 0x0ffd, 0xcff4, 0x10f5, 0xeffc, 0x0ffd, 0x0ffd, 0x71fd, 0x5cff, 0xfdef, 0xfdff, 0xdfff,
  0xfeff, 0xffff, 0xffff, 0xfeff, 0xffff, 0xffff, 0xffff, 0xdfff, 0xfef7, 0xdff7, 0xdfff, 0xdfff,
  0xffff, 0xffff, 0xdfff, 0xffff, 0xffff, 0xffff, 0xffff, 0xffff, 0xffff, 0xffff, 0xffff, 0xffff,
  0xffff, 0xffff, 0xffff, 0xffff, 0xffff, 0xffff, 0xffff, 0xffff, 0xffff, 0xffff, 0xfff7, 0xdeff,
  0x93f5, 0xeef4, 0x10fd, 0xeffc, 0xeffc, 0x0ef5, 0xf0fc, 0xeffc, 0x10fd, 0x10fd, 0x30f5, 0xeff4,
  0x10fd, 0x10fd, 0x0efd, 0xd0fc, 0x92ea, 0x34f9, 0x33fa, 0x90fc, 0x0ffd, 0x91fb, 0x34f9, 0x94f1,
  0xd1fb, 0x0ffd, 0x90f4, 0xf3f1, 0x54f1, 0x54f1, 0x34f9, 0x35f9, 0x54f9, 0x74f9, 0x14f9, 0x54f9,
  0x53f1, 0xada0, 0x0110, 0x0000, 0x0000, 0x0000, 0x0000, 0x8a78, 0x54f1, 0x74e9, 0x14f1, 0x54f1,
  0x54f1, 0x54e9, 0x13f2, 0xcff4, 0x50fd, 0x50fd, 0x50fd, 0x4ffd, 0xeff4, 0xeff4, 0x52ed, 0x3cff,
  0xffff, 0xfff7, 0xdeff, 0xdeff, 0xdafe, 0x77f6, 0x16fe, 0x72f5, 0x2ff5, 0xeff4, 0x2ffd, 0xeefc,
  0x0ff5, 0xeff4, 0x0ff5, 0x38fe, 0x57ee, 0xdaf6, 0xbfff, 0xfef7, 0xdfff, 0xffff, 0xfff7, 0xffff,
  0xfeff, 0xfeff, 0xdfff, 0xdff7, 0xdfff, 0xfeff, 0xffff, 0xdfff, 0xfef7, 0xfeff, 0xfeff, 0xffff,
  0xffff, 0xffff, 0xffff, 0xffff, 0xffff, 0xffff, 0xffff, 0xffff, 0xffff, 0xffff, 0xffff, 0xffff,
  0xffff, 0xffff, 0xffff, 0xffff, 0xffff, 0xffff, 0xdfff, 0x98fe, 0x55f6, 0xd3f5, 0x2ff5, 0x0ff5,
  0x30fd, 0x30fd, 0x0ffd, 0x0ffd, 0xeffc, 0x0ffd, 0xeffc, 0x0ffd, 0x2ffd, 0x0dfd, 0xf1fc, 0xb6fc,
  0x78fc, 0x96f4, 0x0fed, 0xeffc, 0x13fc, 0xf1fa, 0x51f3, 0x70fc, 0xf0fc, 0xeef4, 0x52fb, 0xf2fa,
  0x72f2, 0x53e9, 0x55f1, 0x34f1, 0x53e9, 0x34f1, 0x55f1, 0x34f1, 0xcda0, 0x4108, 0x0000, 0x0000,
  0x0000, 0x0000, 0xaa78, 0x54f9, 0x74f1, 0x34f1, 0x33f1, 0x54f1, 0x94f1, 0x14f2, 0xd0fc, 0x50fd,
  0x50fd, 0x10fd, 0x30fd, 0x31fd, 0x30fd, 0x71f5, 0x1bf7, 0xffff, 0xffff, 0xfef7, 0xffff, 0xffff,
  0xffef, 0x9cff, 0x73fd, 0xf0f4, 0x10f5, 0xcffc, 0xeffc, 0xeff4, 0xf0fc, 0x0ffd, 0xeefc, 0x0ffd,
  0xd4f5, 0xbeff, 0xffff, 0xfff7, 0xffff, 0xffff, 0xffff, 0xffff, 0xffff, 0xffff, 0xffff, 0xffff,
  0xffff, 0xffff, 0xffff, 0xffff, 0xffff, 0xffff, 0xffff, 0xffff, 0xffff, 0xffff, 0xffff, 0xffff,
  0xffff, 0xffff, 0xffff, 0xffff, 0xffff, 0xffff, 0xffff, 0xffff, 0xffff, 0xffff, 0xffff, 0xffff,
  0xffff, 0xffff, 0xffff, 0xffff, 0x3bff, 0x51f5, 0x0ffd, 0x0ffd, 0x0ffd, 0x0ffd, 0xeffc, 0x0ffd,
  0x0ffd, 0x0ffd, 0x0ffd, 0x10fd, 0xf0fc, 0x2efd, 0xfbfe, 0xffff, 0x1aff, 0x51fd, 0x2ff5, 0x0dfd,
  0x0efd, 0x0ffd, 0x0efd, 0x11f5, 0xeffc, 0x10fd, 0x10fd, 0x91f3, 0x53f9, 0x54f1, 0x54f9, 0x54f9,
  0x74f1, 0x34f1, 0x53f1, 0xada0, 0x0108, 0x0000, 0x0000, 0x0000, 0x0000, 0xaa78, 0x34f1, 0x54f1,
  0x34f1, 0x54f1, 0x74f1, 0xb5f1, 0x14fa, 0xd0fc, 0x30fd, 0x30fd, 0x30fd, 0x30fd, 0x11f5, 0x30fd,
  0x92f5, 0x3cff, 0xbeff, 0xdfff, 0xffff, 0xffff, 0xffff, 0xfff7, 0x9cff, 0x94f5, 0x10f5, 0x51f5,
  0x31fd, 0x71f5, 0x2ff5, 0x0efd, 0x0ffd, 0xeffc, 0x10fd, 0xd4fd, 0x9eff, 0xffff, 0xffff, 0xffff,
  0xffff, 0xffff, 0xffff, 0xffff, 0xffff, 0xffff, 0xffff, 0xffff, 0xffff, 0xffff, 0xffff, 0xffff,
  0xffff, 0xffff, 0xffff, 0xffff, 0xffff, 0xffff, 0xffff, 0xffff, 0xffff, 0xffff, 0xffff, 0xffff,
  0xffff, 0xffff, 0xffff, 0xffff, 0xffff, 0xffff, 0xffff, 0xffff, 0xffff, 0xffff, 0xffff, 0x3bff,
  0x51f5, 0x0ffd, 0x0ffd, 0x0ffd, 0x0ffd, 0x0ffd, 0x0ffd, 0x0ffd, 0x0ffd, 0x0ffd, 0xeffc, 0xf0fc,
  0x2efd, 0xfbfe, 0xfff7, 0x3bff, 0x92fd, 0x51fd, 0x10fd, 0xf0fc, 0x10fd, 0x0efd, 0x0ff5, 0x10f5,
  0x2ff5, 0x10fd, 0xb1fb, 0xd3f1, 0xb3f1, 0x34f9, 0x34f9, 0x54f1, 0x34f1, 0x53f1, 0xcda0, 0x2110,
  0x0000, 0x0000, 0x0000, 0x0000, 0xaa78, 0x33f1, 0x54f1, 0x34f1, 0x54f1, 0x94f1, 0xb5f1, 0x14f2,
  0xb0f4, 0x0ff5, 0xeff4, 0x0ffd, 0x30fd, 0x11fd, 0x30fd, 0xb2fd, 0x3cff, 0xbef7, 0xbff7, 0xffff,
  0xffff, 0xffff, 0xfff7, 0xdeff, 0xfafe, 0xd9fe, 0xfafe, 0xdaf6, 0xf9fe, 0xb4fd, 0xf0fc, 0x0ff5,
  0x0ffd, 0x30f5, 0xd4f5, 0xbeff, 0xffff, 0xffff, 0xffff, 0xffff, 0xffff, 0xffff, 0xffff, 0xffff,
  0xffff, 0xffff, 0xffff, 0xffff, 0xffff, 0xffff, 0xffff, 0xffff, 0xffff, 0xffff, 0xffff, 0xffff,
  0xffff, 0xffff, 0xffff, 0xffff, 0xffff, 0xffff, 0xffff, 0xffff, 0xffff, 0xffff, 0xffff, 0xffff,
  0xffff, 0xffff, 0xffff, 0xffff, 0xffff, 0xffff, 0x3bff, 0x51f5, 0x0ffd, 0x0ffd, 0x0ffd, 0x0ffd,
  0x0ffd, 0x0ffd, 0x0ffd, 0x0ffd, 0x0ffd, 0x0ffd, 0xeffc, 0x2efd, 0xfbfe, 0xfff7, 0xbdff, 0x19ff,
  0xfaf6, 0x35fe, 0x30fd, 0x30f5, 0x2ff5, 0x0ffd, 0xeffc, 0xeffc, 0xf0fc, 0x90fc, 0xf0fb, 0xd0f3,
  0x33fa, 0x34f9, 0x54f1, 0x35f1, 0x53f1, 0xcda0, 0x2110, 0x0000, 0x0000, 0x0000, 0x0000, 0xaa78,
  0x33f1, 0x74e9, 0x34f1, 0x74f1, 0xb5f1, 0xb5f1, 0xf4f1, 0xaff4, 0xeff4, 0xcff4, 0xcff4, 0x10fd,
  0x31fd, 0x30fd, 0xb3fd, 0x5cff, 0xbfff, 0xbff7, 0xffff, 0xffff, 0xdeff, 0xdef7, 0xdef7, 0xdfff,
  0xfff7, 0xffff, 0xfff7, 0xddff, 0x15fe, 0xeff4, 0xeefc, 0xeffc, 0x10fd, 0xd4f5, 0x9eff, 0xffff,
  0xffff, 0xffff, 0xffff, 0xffff, 0xffff, 0xffff, 0xffff, 0xffff, 0xffff, 0xffff, 0xffff, 0xffff,
  0xffff, 0xffff, 0xffff, 0xffff, 0xffff, 0xffff, 0xffff, 0xffff, 0xffff, 0xffff, 0xffff, 0xffff,
  0xffff, 0xffff, 0xffff, 0xffff, 0xffff, 0xffff, 0xffff, 0xffff, 0xffff, 0xffff, 0xffff, 0xffff,
  0xffff, 0x3bff, 0x51f5, 0x0ffd, 0x0ffd, 0x0ffd, 0x0ffd, 0x0ffd, 0x0ffd, 0x0ffd, 0x0ffd, 0x0ffd,
  0x0ffd, 0xeffc, 0x0efd, 0xfbfe, 0xffff, 0xffff, 0xffff, 0xffef, 0xd7fe, 0x0efd, 0x0efd, 0x10fd,
  0xf0fc, 0x0ffd, 0x10fd, 0xf0fc, 0x0ffd, 0x0efd, 0x0ff5, 0xb2f2, 0x34f9, 0x54f1, 0x35f1, 0x53f1,
  0xcda0, 0x0108, 0x0000, 0x0000, 0x0000, 0x0000, 0xaa78, 0x33f1, 0x53e9, 0x34f1, 0x74f1, 0xb5f1,
  0xb5f1, 0x14f2, 0x8ff4, 0xeff4, 0xcff4, 0xcef4, 0xeff4, 0xf0f4, 0x30fd, 0xb3fd, 0x5cff, 0xbfff,
  0xbff7, 0xdfff, 0xdfff, 0xbef7, 0xffff, 0xdfff, 0xdfff, 0xdfff, 0xbfff, 0xdfff, 0xbdff, 0x56fe,
  0x92f5, 0x91fd, 0x72fd, 0x93f5, 0x36f6, 0x9dff, 0xdeff, 0xfff7, 0xffff, 0xffff, 0xffff, 0xffff,
  0xffff, 0xffff, 0xffff, 0xffff, 0xffff, 0xffff, 0xffff, 0xffff, 0xffff, 0xffff, 0xffff, 0xffff,
  0xffff, 0xffff, 0xffff, 0xffff, 0xffff, 0xffff, 0xffff, 0xffff, 0xffff, 0xffff, 0xffff, 0xffff,
  0xffff, 0xffff, 0xffff, 0xffff, 0xffff, 0xffff, 0xffff, 0xffff, 0x3bff, 0x51f5, 0x0ffd, 0x0ffd,
  0x0ffd, 0x0ffd, 0x0ffd, 0x0ffd, 0x0ffd, 0x0ffd, 0x0ffd, 0x0ff5, 0xeffc, 0x0efd, 0xfbfe, 0xfeff,
  0xffff, 0xffff, 0xdfff, 0xdafe, 0x73fd, 0x52fd, 0x10fd, 0xaffc, 0xeefc, 0x2dfd, 0x2efd, 0xcffc,
  0x51fc, 0x91fc, 0xb2f2, 0x34f9, 0x54f1, 0x15f1, 0x54f1, 0xcea0, 0x2110, 0x0000, 0x0000, 0x0000,
  0x0000, 0xaa78, 0x53f1, 0x74e9, 0x34f1, 0x74f1, 0xb5f9, 0xb5f1, 0x14f2, 0xaff4, 0xeff4, 0xeff4,
  0xcef4, 0xcff4, 0xcfec, 0x30fd, 0xb3fd, 0x5cff, 0xbfff, 0xdeff, 0xdfff, 0xdff7, 0xdff7, 0xffff,
  0xffff, 0xdfff, 0xffff, 0xfff7, 0xffff, 0xffff, 0xdeff, 0x9dff, 0xbdff, 0xbdff, 0xbdff, 0xbcff,
  0xffff, 0xffff, 0xffff, 0xffff, 0xffff, 0xffff, 0xffff, 0xffff, 0xffff, 0xffff, 0xffff, 0xffff,
  0xffff, 0xffff, 0xffff, 0xffff, 0xffff, 0xffff, 0xffff, 0xffff, 0xffff, 0xffff, 0xffff, 0xffff,
  0xffff, 0xffff, 0xffff, 0xffff, 0xffff, 0xffff, 0xffff, 0xffff, 0xffff, 0xffff, 0xffff, 0xffff,
  0xffff, 0xffff, 0xffff, 0x3bff, 0x51f5, 0x0ffd, 0x0ffd, 0x0ffd, 0x0ffd, 0x0ffd, 0x0ffd, 0x0ffd,
  0x0ffd, 0x0ffd, 0x0ff5, 0x0ffd, 0xeffc, 0x1bff, 0xfeff, 0xfff7, 0xdef7, 0xfff7, 0xdeff, 0x9eff,
  0x7bff, 0x13f6, 0x2ff5, 0x30f5, 0x30f5, 0x10f5, 0x92f3, 0xb5f9, 0xb3f1, 0x34f1, 0x54f9, 0x54f1,
  0x15f1, 0x53f1, 0xcea0, 0x2110, 0x0000, 0x0000, 0x0000, 0x0000, 0xaa78, 0x54f1, 0x73e9, 0x34f1,
  0x74f1, 0x95f1, 0x94f1, 0x14f2, 0xd0f4, 0xeff4, 0xeff4, 0xcff4, 0xeff4, 0xf0f4, 0x30fd, 0xb3fd,
  0x3cff, 0xdfff, 0xdeff, 0xdfff, 0xffff, 0xdfff, 0xdfff, 0xdeff, 0xffff, 0xffff, 0xffff, 0xdfff,
  0xdfff, 0xffff, 0xffff, 0xffff, 0xfff7, 0xffff, 0xffff, 0xffff, 0xffff, 0xffff, 0xffff, 0xffff,
  0xffff, 0xffff, 0xffff, 0xffff, 0xffff, 0xffff, 0xffff, 0xffff, 0xffff, 0xffff, 0xffff, 0xffff,
  0xffff, 0xffff, 0xffff, 0xffff, 0xffff, 0xffff, 0xffff, 0xffff, 0xffff, 0xffff, 0xffff, 0xffff,
  0xffff, 0xffff, 0xffff, 0xffff, 0xffff, 0xffff, 0xffff, 0xffff, 0xffff, 0xffff, 0x3bff, 0x51f5,
  0x0ffd, 0x0ffd, 0x0ffd, 0x0ffd, 0x0ffd, 0x0ffd, 0x0ffd, 0xeffc, 0x0ffd, 0x0ff5, 0xeffc, 0x10f5,
  0x1bf7, 0xfeff, 0xfff7, 0xffff, 0xffff, 0xfff7, 0xfff7, 0xbdff, 0xf3f5, 0xf0fc, 0x2ffd, 0xcffc,
  0xf0fc, 0x91fb, 0x34f9, 0x34f1, 0x54f1, 0x54f9, 0x54f1, 0x34f9, 0x33f1, 0xcea0, 0x0110, 0x0000,
  0x0000, 0x0000, 0x0000, 0xca80, 0x96f9, 0xb2e1, 0x53e9, 0x54e9, 0x94f1, 0xb5f9, 0x33f2, 0x11f5,
  0x0ffd, 0xf0f4, 0xf0f4, 0x0ef5, 0x10fd, 0x31fd, 0x72fd, 0x36fe, 0x97f6, 0xfaf6, 0xdfff, 0xdeff,
  0xfff7, 0xffff, 0xffff, 0xffff, 0xffff, 0xffff, 0xffff, 0xffff, 0xffff, 0xffff, 0xffff, 0xffff,
  0xffff, 0xffff, 0xffff, 0xffff, 0xffff, 0xffff, 0xffff, 0xffff, 0xffff, 0xffff, 0xffff, 0xffff,
  0xffff, 0xffff, 0xffff, 0xffff, 0xffff, 0xffff, 0xffff, 0xffff, 0xffff, 0xffff, 0xffff, 0xffff,
  0xffff, 0xffff, 0xffff, 0xffff, 0xffff, 0xffff, 0xffff, 0xffff, 0xffff, 0xffff, 0xffff, 0xffff,
  0xffff, 0xffff, 0xffff, 0xfeff, 0xffff, 0x3bff, 0x51fd, 0xeffc, 0x10fd, 0x0ffd, 0x10f5, 0x10fd,
  0x0ff5, 0x10f5, 0xeffc, 0x4ff5, 0x92f5, 0x14fe, 0x57f6, 0x7cf7, 0xdfff, 0xffff, 0xffff, 0xffff,
  0xfff7, 0xffff, 0xdeff, 0x99fe, 0x56fe, 0x55ee, 0x10fd, 0x0ffd, 0x71f3, 0x54f9, 0x34f9, 0x54f1,
  0x34f9, 0x74e9, 0x74f1, 0x33f1, 0xeea0, 0x0210, 0x0000, 0x0000, 0x0008, 0x2000, 0xcb80, 0x76f9,
  0xb4f1, 0x53f1, 0x54e9, 0x74f1, 0x95f9, 0x33f2, 0x11f5, 0x2ffd, 0x2ff5, 0x30fd, 0x2ffd, 0x30f5,
  0x51fd, 0x50fd, 0x30f5, 0x0ef5, 0xd4f5, 0xbeff, 0xffff, 0xdfff, 0xbfff, 0xffff, 0xffff, 0xffff,
  0xffff, 0xffff, 0xffff, 0xffff, 0xffff, 0xffff, 0xffff, 0xffff, 0xffff, 0xffff, 0xffff, 0xffff,
  0xffff, 0xffff, 0xffff, 0xffff, 0xffff, 0xffff, 0xffff, 0xffff, 0xffff, 0xffff, 0xffff, 0xffff,
  0xffff, 0xffff, 0xffff, 0xffff, 0xffff, 0xffff, 0xffff, 0xffff, 0xffff, 0xffff, 0xffff, 0xffff,
  0xffff, 0xffff, 0xffff, 0xffff, 0xffff, 0xffff, 0xffff, 0xffff, 0xffff, 0xffff, 0xfeff, 0xffff,
  0x3bff, 0x31fd, 0xf0fc, 0xf0fc, 0xeffc, 0x10fd, 0x0ffd, 0x0efd, 0x0ffd, 0xeffc, 0x10fd, 0x16fe,
  0x9df7, 0xbeff, 0xfeff, 0xfeff, 0xdfff, 0xdfff, 0xffff, 0xffff, 0xffff, 0xfff7, 0xbfff, 0xdfff,
  0x7bf7, 0x72fd, 0x10fd, 0x91fb, 0x55f9, 0x34f9, 0x54f9, 0x54f1, 0x14f1, 0x34f1, 0x34f1, 0xcea0,
  0x0210, 0x0000, 0x0000, 0x0000, 0x0000, 0xea78, 0xb5e9, 0xf4f1, 0x75f9, 0x95f1, 0x54f1, 0x54f9,
  0xf3f1, 0xf1fc, 0x50fd, 0x50fd, 0x31fd, 0x51fd, 0x51f5, 0x50f5, 0x2ff5, 0xeffc, 0xeffc, 0x13fe,
  0xdef7, 0xffff, 0xffff, 0xffff, 0xffff, 0xdfff, 0xffff, 0xffff, 0xffff, 0xffff, 0xffff, 0xffff,
  0xffff, 0xffff, 0xffff, 0xffff, 0xffff, 0xffff, 0xffff, 0xffff, 0xffff, 0xffff, 0xffff, 0xffff,
  0xffff, 0xffff, 0xffff, 0xffff, 0xffff, 0xffff, 0xffff, 0xffff, 0xffff, 0xffff, 0xffff, 0xffff,
  0xffff, 0xffff, 0xffff, 0xffff, 0xffff, 0xffff, 0xffff, 0xffff, 0xffff, 0xffff, 0xffff, 0xffff,
  0xffff, 0xffff, 0xffff, 0xffff, 0xffff, 0xdeff, 0xffff, 0x3bff, 0x51f5, 0x30fd, 0x10f5, 0x0ff5,
  0xeffc, 0x10fd, 0x0ffd, 0x10fd, 0x2ffd, 0x50f5, 0x36fe, 0xbeff, 0xbfff, 0xdeff, 0xfeff, 0xffff,
  0xffff, 0xffff, 0xffff, 0xffff, 0xfff7, 0xbeff, 0xdeff, 0x9bff, 0x71f5, 0x0ef5, 0x50f3, 0x34f1,
  0x54f1, 0x73f1, 0x54f1, 0x15f9, 0x54f1, 0x73f9, 0xed98, 0x2210, 0x0000, 0x0000, 0x2100, 0x0000,
  0x4430, 0xc958, 0x4d99, 0x95e9, 0xb5e9, 0x73e9, 0x53e9, 0xf4f1, 0xd1f4, 0xf1fc, 0x11fd, 0x10fd,
  0x31fd, 0x30fd, 0x0ffd, 0xeffc, 0xcffc, 0xd0fc, 0xf4fd, 0xbeff, 0xdfff, 0xffff, 0xffff, 0xfff7,
  0xffff, 0xffff, 0xffff, 0xffff, 0xffff, 0xffff, 0xffff, 0xffff, 0xffff, 0xffff, 0xffff, 0xffff,
  0xffff, 0xffff, 0xffff, 0xffff, 0xffff, 0xffff, 0xffff, 0xffff, 0xffff, 0xffff, 0xffff, 0xffff,
  0xffff, 0xffff, 0xffff, 0xffff, 0xffff, 0xffff, 0xffff, 0xffff, 0xffff, 0xffff, 0xffff, 0xffff,
  0xffff, 0xffff, 0xffff, 0xffff, 0xffff, 0xffff, 0xffff, 0xffff, 0xffff, 0xffff, 0xffff, 0xffff,
  0xffff, 0xffff, 0x3bff, 0x50f5, 0x0ffd, 0x2ff5, 0x2ff5, 0x31f5, 0x57fe, 0xdafe, 0xdafe, 0xd9f6,
  0xf9fe, 0x9bff, 0xfef7, 0xdfff, 0xffff, 0xffff, 0xffff, 0xfeff, 0xfeff, 0xffff, 0xffff, 0xbef7,
  0x99fe, 0xf5fd, 0xb5fd, 0xf0fc, 0x4ffd, 0x92fb, 0x35f9, 0x34f9, 0x54f9, 0x54f9, 0x32d9, 0x6860,
  0x2550, 0x0438, 0x0108, 0x0000, 0x0000, 0x0000, 0x0000, 0x2000, 0x6208, 0x0971, 0xb5f9, 0x95f9,
  0xb4f1, 0x53f1, 0xf2e9, 0xcfec, 0x4ff5, 0x6ef5, 0x2ff5, 0x10fd, 0x0ffd, 0xeff4, 0xf0f4, 0x0ffd,
  0xeffc, 0xd3f5, 0xdeff, 0xffff, 0xffff, 0xdfff, 0xffff, 0xffff, 0xffff, 0xffff, 0xffff, 0xffff,
  0xffff, 0xffff, 0xffff, 0xffff, 0xffff, 0xffff, 0xffff, 0xffff, 0xffff, 0xffff, 0xffff, 0xffff,
  0xffff, 0xffff, 0xffff, 0xffff, 0xffff, 0xffff, 0xffff, 0xffff, 0xffff, 0xffff, 0xffff, 0xffff,
  0xffff, 0xffff, 0xffff, 0xffff, 0xffff, 0xffff, 0xffff, 0xffff, 0xffff, 0xffff, 0xffff, 0xffff,
  0xffff, 0xffff, 0xffff, 0xffff, 0xffff, 0xffff, 0xffff, 0xffff, 0xffff, 0x3bff, 0x51fd, 0xcffc,
  0xf0fc, 0xedfc, 0x50fd, 0x1aff, 0xfff7, 0xffff, 0xdfff, 0xdfff, 0xfff7, 0xffff, 0xdfff, 0xffff,
  0xffff, 0xffff, 0xfeff, 0xdfff, 0xffff, 0xdfff, 0xbdff, 0xf4fd, 0xeffc, 0x0ffd, 0xeefc, 0x2ff5,
  0x70f3, 0x54f1, 0x54f1, 0x35f9, 0x34f9, 0x30c9, 0x4218, 0x2000, 0x0008, 0x0000, 0x0000, 0x0000,
  0x0000, 0x0000, 0x0000, 0x2100, 0xc758, 0x70c1, 0x71c9, 0x73e1, 0x74f1, 0xb4f1, 0xd0eb, 0x0ff4,
  0x10f4, 0x30f4, 0x10ec, 0xaff4, 0x0ff5, 0xeff4, 0xeefc, 0xcffc, 0xd3f5, 0xf9fe, 0x3aff, 0xbdf7,
  0xdfff, 0xffff, 0xffff, 0xffff, 0xffff, 0xffff, 0xffff, 0xffff, 0xffff, 0xffff, 0xffff, 0xffff,
  0xffff, 0xffff, 0xffff, 0xffff, 0xffff, 0xffff, 0xffff, 0xffff, 0xffff, 0xffff, 0xffff, 0xffff,
  0xffff, 0xffff, 0xffff, 0xffff, 0xffff, 0xffff, 0xffff, 0xffff, 0xffff, 0xffff, 0xffff, 0xffff,
  0xffff, 0xffff, 0xffff, 0xffff, 0xffff, 0xffff, 0xffff, 0xffff, 0xffff, 0xffff, 0xffff, 0xffff,
  0xffff, 0xdfff, 0xfeff, 0xdfff, 0x5cf7, 0xf4fd, 0x72fd, 0xb3fd, 0xd3f5, 0xd4fd, 0x3bff, 0xfff7,
  0xffff, 0xfeff, 0xdfff, 0xdfff, 0xffff, 0xdfff, 0xffff, 0xffff, 0xffff, 0xfff7, 0xffff, 0xffff,
  0xdfff, 0xbdff, 0x74f5, 0x6ff4, 0x2fec, 0x10fc, 0x50f4, 0x12fb, 0x75f1, 0x54f1, 0x35f9, 0x34f9,
  0x10d1, 0x2210, 0x2000, 0x0008, 0x0000, 0x0000, 0x0000, 0x0000, 0x0000, 0x0000, 0x0000, 0x2110,
  0x8430, 0xc740, 0x6fa1, 0xd5e9, 0x95f9, 0xf4f1, 0xf3e9, 0xd2e9, 0xd3f1, 0xf3f1, 0xd0f3, 0xeffc,
  0xeffc, 0x2ef5, 0xf0fc, 0x0ffd, 0x52fd, 0x91fd, 0xfaf6, 0xfef7, 0xfff7, 0xffff, 0xffff, 0xffff,
  0xffff, 0xffff, 0xffff, 0xffff, 0xffff, 0xffff, 0xffff, 0xfff7, 0xffff, 0xdfff, 0xffff, 0xffff,
  0xffff, 0xffff, 0xffff, 0xffff, 0xffff, 0xffff, 0xffff, 0xffff, 0xffff, 0xffff, 0xffff, 0xffff,
  0xffff, 0xffff, 0xffff, 0xffff, 0xffff, 0xffff, 0xffff, 0xffff, 0xffff, 0xffff, 0xffff, 0xffff,
  0xffff, 0xffff, 0xffff, 0xffff, 0xffff, 0xffff, 0xffff, 0xffff, 0xffff, 0xffff, 0xffff, 0xdeff,
  0x7cff, 0x5cff, 0x7cff, 0x9dff, 0x7dff, 0xdeff, 0xffff, 0xffff, 0xffff, 0xffff, 0xffff, 0xdfff,
  0xffff, 0xfeff, 0xfeff, 0xdfff, 0xfff7, 0xdfff, 0xdfff, 0xfeff, 0x9eff, 0xb6f3, 0x13f2, 0xd4f1,
  0xb3f9, 0xd3f1, 0x93f1, 0x55f9, 0x34f1, 0x54f9, 0x35f9, 0x10d1, 0x2318, 0x0000, 0x0000, 0x0000,
  0x0000, 0x0000, 0x0000, 0x0000, 0x0000, 0x0000, 0x0000, 0x2000, 0x6320, 0x2da1, 0xb4f9, 0x95f9,
  0x75f9, 0x54f1, 0x33f1, 0x54f1, 0x54f1, 0xb1f3, 0x10fd, 0x0ffd, 0x4ded, 0xeefc, 0x2ffd, 0x10fd,
  0x0ff5, 0x99fe, 0xffff, 0xdfff, 0xdfff, 0xffff, 0xffff, 0xffff, 0xffff, 0xffff, 0xffff, 0xffff,
  0xdfff, 0xffff, 0xffff, 0xffff, 0xffff, 0xffff, 0xffff, 0xffff, 0xffff, 0xffff, 0xffff, 0xffff,
  0xffff, 0xffff, 0xffff, 0xffff, 0xffff, 0xffff, 0xffff, 0xffff, 0xffff, 0xffff, 0xffff, 0xffff,
  0xffff, 0xffff, 0xffff, 0xffff, 0xffff, 0xffff, 0xffff, 0xffff, 0xffff, 0xffff, 0xffff, 0xffff,
  0xffff, 0xffff, 0xffff, 0xffff, 0xffff, 0xffff, 0xffff, 0xffff, 0xffff, 0xffff, 0xffff, 0xffff,
  0xffff, 0xffff, 0xffff, 0xffff, 0xffff, 0xffff, 0xffff, 0xffff, 0xfeff, 0xfeff, 0xffff, 0xffff,
  0xffff, 0xfff7, 0xfff7, 0x7ff7, 0x77fb, 0x33f9, 0x55f9, 0x54f9, 0x54f1, 0x34f9, 0x14f9, 0x54f9,
  0x54f1, 0x54f9, 0x2fc1, 0x2318, 0x0000, 0x2000, 0x0000, 0x0000, 0x0000, 0x0000, 0x0000, 0x0000,
  0x0000, 0x2000, 0x0000, 0x4210, 0xc870, 0x2c99, 0x0ea1, 0xb3e9, 0x74f9, 0x74f1, 0x34f1, 0x34f1,
  0x90f3, 0x0dfd, 0xeff4, 0x10f5, 0xd2fc, 0xeff4, 0xf1f4, 0x11fd, 0xf5fd, 0xb8fe, 0xb9fe, 0xbdff,
  0xffff, 0xffff, 0xffff, 0xffff, 0xffff, 0xffff, 0xffff, 0xdfff, 0xdfff, 0xffff, 0xffff, 0xffff,
  0xffff, 0xffff, 0xffff, 0xffff, 0xffff, 0xffff, 0xffff, 0xffff, 0xffff, 0xffff, 0xffff, 0xffff,
  0xffff, 0xffff, 0xffff, 0xffff, 0xffff, 0xffff, 0xffff, 0xffff, 0xffff, 0xffff, 0xffff, 0xffff,
  0xffff, 0xffff, 0xffff, 0xffff, 0xffff, 0xffff, 0xffff, 0xffff, 0xffff, 0xffff, 0xffff, 0xffff,
  0xffff, 0xffff, 0xffff, 0xffff, 0xffff, 0xffff, 0xffff, 0xffff, 0xffff, 0xffff, 0xffff, 0xffff,
  0xffff, 0xffff, 0xffff, 0xffff, 0xdeff, 0xbcff, 0xf9fe, 0x16ff, 0x59fe, 0x7cfd, 0x3afd, 0xb6f2,
  0x74e9, 0x34f1, 0x54f1, 0x34f9, 0x55f9, 0x34e9, 0xb5e9, 0x10c1, 0xcc98, 0xc978, 0x4210, 0x0000,
  0x2000, 0x0000, 0x0000, 0x0000, 0x0000, 0x0000, 0x2000, 0x2000, 0x2000, 0x2000, 0x4108, 0x8210,
  0xa308, 0x8630, 0x51d9, 0x33f1, 0x34f1, 0x54f9, 0x53f1, 0xb2fb, 0x2ffd, 0x0ff5, 0x10f5, 0xeffc,
  0xeffc, 0x2ffd, 0x0ffd, 0x10fd, 0x0ff5, 0x31f5, 0x1aff, 0xffff, 0xffff, 0xffff, 0xdfff, 0xffff,
  0xffff, 0xfff7, 0xffff, 0xdfff, 0xffff, 0xffff, 0xffff, 0xffff, 0xffff, 0xffff, 0xffff, 0xffff,
  0xffff, 0xffff, 0xffff, 0xffff, 0xffff, 0xffff, 0xffff, 0xffff, 0xffff, 0xffff, 0xffff, 0xffff,
  0xffff, 0xffff, 0xffff, 0xffff, 0xffff, 0xffff, 0xffff, 0xffff, 0xffff, 0xffff, 0xffff, 0xffff,
  0xffff, 0xffff, 0xffff, 0xffff, 0xffff, 0xffff, 0xffff, 0xffff, 0xffff, 0xffff, 0xffff, 0xffff,
  0xffff, 0xffff, 0xffff, 0xffff, 0xffff, 0xffff, 0xffff, 0xffff, 0xffff, 0xffff, 0xffff, 0xfeff,
  0x3aff, 0x73fd, 0x4ef5, 0x71fb, 0x94f1, 0x73f1, 0x35f1, 0x55f1, 0x34f9, 0x54f1, 0x34f1, 0x34f1,
  0x34f9, 0x52e1, 0x4960, 0x0100, 0x2108, 0x0000, 0x0008, 0x0000, 0x0008, 0x0000, 0x0000, 0x0000,
  0x0000, 0x2000, 0x4108, 0x6108, 0x6108, 0x8210, 0x6110, 0x8108, 0x6420, 0x71d9, 0x33f1, 0x34f1,
  0x54f1, 0x73e9, 0x72f3, 0xcffc, 0xcffc, 0xd0fc, 0xcefc, 0xd0fc, 0x4efd, 0x0ff5, 0x2ffd, 0xeffc,
  0x31fd, 0xfafe, 0xbeff, 0xbeff, 0xbeff, 0xbeff, 0xbeff, 0xbeff, 0xbdff, 0xffff, 0xffff, 0xffff,
  0xffff, 0xffff, 0xbfff, 0xffff, 0xffff, 0xffff, 0xffff, 0xffff, 0xffff, 0xffff, 0xffff, 0xffff,
  0xffff, 0xffff, 0xffff, 0xffff, 0xffff, 0xffff, 0xffff, 0xffff, 0xffff, 0xffff, 0xffff, 0xffff,
  0xffff, 0xffff, 0xffff, 0xffff, 0xffff, 0xffff, 0xffff, 0xffff, 0xffff, 0xffff, 0xffff, 0xffff,
  0xffff, 0xffff, 0xffff, 0xffff, 0xffff, 0xffff, 0xffff, 0xffff, 0xffff, 0xffff, 0xffff, 0xffff,
  0xffff, 0xffff, 0xffff, 0xffff, 0xffff, 0xffff, 0xffff, 0xfafe, 0x13fd, 0xcffc, 0x72fb, 0x73f1,
  0x33f1, 0x55f9, 0x35f9, 0x33f1, 0x55f1, 0x55f9, 0x53e9, 0x31e9, 0x70d9, 0x6760, 0x0000, 0x2000,
  0x0000, 0x0000, 0x0000, 0x0000, 0x0000, 0x0000, 0x0000, 0x0000, 0x4108, 0x8210, 0xa210, 0x8108,
  0xa210, 0x8210, 0x4110, 0x2320, 0x51d1, 0x54f9, 0x34f9, 0x34f9, 0x33f1, 0x13fa, 0x72fa, 0x93fa,
  0x73fa, 0x92fa, 0x51eb, 0xf0f4, 0x10f5, 0x30f5, 0xeffc, 0x2ff5, 0xd3f5, 0x14fe, 0x14fe, 0x14fe,
  0x14fe, 0x14fe, 0x14fe, 0x56f6, 0x9cff, 0xfff7, 0xdfff, 0xffff, 0xffff, 0xdfff, 0xffff, 0xffff,
  0xffff, 0xffff, 0xffff, 0xffff, 0xffff, 0xffff, 0xffff, 0xffff, 0xffff, 0xffff, 0xffff, 0xffff,
  0xffff, 0xffff, 0xffff, 0xffff, 0xffff, 0xffff, 0xffff, 0xffff, 0xffff, 0xffff, 0xffff, 0xffff,
  0xffff, 0xffff, 0xffff, 0xffff, 0xffff, 0xffff, 0xffff, 0xffff, 0xffff, 0xffff, 0xffff, 0xffff,
  0xffff, 0xffff, 0xffff, 0xffff, 0xffff, 0xffff, 0xffff, 0xffff, 0xffff, 0xffff, 0xffff, 0xfff7,
  0xdfff, 0xffff, 0x9bfe, 0x74eb, 0x92fa, 0x13fa, 0x34f1, 0x54f1, 0x74f1, 0x73e9, 0x33f9, 0x75f1,
  0x34f1, 0xefa8, 0x6758, 0x8648, 0x2220, 0x0008, 0x0000, 0x0000, 0x2000, 0x0000, 0x0000, 0x0000,
  0x0000, 0x0000, 0x0000, 0x2000, 0x8210, 0xa210, 0x6108, 0x6210, 0x4110, 0x2000, 0x2420, 0x31d9,
  0x54e9, 0x53e9, 0x55f1, 0x74e9, 0x73f1, 0x53f1, 0x55f9, 0x35f9, 0x34f1, 0x71f2, 0xf0fc, 0xf0fc,
  0xeff4, 0x0ffd, 0x2efd, 0x10fd, 0x0ffd, 0x0ffd, 0xeffc, 0x0ffd, 0x0ffd, 0x0ffd, 0x52f5, 0x5bff,
  0xffff, 0xffff, 0xffff, 0xffff, 0xffff, 0xffff, 0xffff, 0xffff, 0xffff, 0xffff, 0xffff, 0xffff,
  0xffff, 0xffff, 0xffff, 0xffff, 0xffff, 0xffff, 0xffff, 0xffff, 0xffff, 0xffff, 0xffff, 0xffff,
  0xffff, 0xffff, 0xffff, 0xffff, 0xffff, 0xffff, 0xffff, 0xffff, 0xffff, 0xffff, 0xffff, 0xffff,
  0xffff, 0xffff, 0xffff, 0xffff, 0xffff, 0xffff, 0xffff, 0xffff, 0xffff, 0xffff, 0xffff, 0xffff,
  0xffff, 0xffff, 0xffff, 0xffff, 0xffff, 0xffff, 0xfff7, 0xffff, 0xffff, 0x5cf6, 0x74ea, 0x13f9,
  0x74f9, 0x34f9, 0x35f1, 0x14f9, 0x54f9, 0x33f9, 0x74e9, 0x34f9, 0xac90, 0x2208, 0x0000, 0x0010,
  0x0000, 0x0000, 0x0008, 0x2000, 0x0000, 0x0000, 0x0000, 0x0000, 0x0000, 0x0000, 0x2000, 0x6108,
  0x8210, 0x4108, 0x2108, 0x0000, 0x0000, 0x4320, 0x10d9, 0x54f9, 0x34f1, 0x53e9, 0x34f9, 0x53f1,
  0x53f1, 0x54f1, 0x34f9, 0x54e9, 0x92f2, 0x70fc, 0x8ffc, 0xeefc, 0xeffc, 0x11f5, 0x2df5, 0x0ffd,
  0x0efd, 0xeff4, 0xf0f4, 0x0ffd, 0x0ffd, 0x51fd, 0xbcff, 0xfff7, 0xffff, 0xdfff, 0xffff, 0xffff,
  0xffff, 0xffff, 0xffff, 0xffff, 0xffff, 0xffff, 0xffff, 0xffff, 0xffff, 0xffff, 0xffff, 0xffff,
  0xffff, 0xffff, 0xffff, 0xffff, 0xffff, 0xffff, 0xffff, 0xffff, 0xffff, 0xffff, 0xffff, 0xffff,
  0xffff, 0xffff, 0xffff, 0xffff, 0xffff, 0xffff, 0xffff, 0xffff, 0xffff, 0xffff, 0xffff, 0xdfff,
  0xdfff, 0xffff, 0xffff, 0xffff, 0xffff, 0xffff, 0xffff, 0xffff, 0xffff, 0xffff, 0xffff, 0x9fff,
  0x1eff, 0x5ef7, 0x3ef7, 0x1eff, 0xdbf5, 0x55f2, 0x34f9, 0x54e9, 0x35f9, 0x35f9, 0x53f9, 0x52f1,
  0x54f1, 0x54f9, 0x32f9, 0xab98, 0x6208, 0x0000, 0x2000, 0x0000, 0x0000, 0x0000, 0x0000, 0x0000,
  0x0000, 0x0000, 0x0000, 0x0000, 0x0000, 0x0000, 0x2000, 0x2000, 0x0000, 0x0000, 0x0000, 0x0000,
  0x0320, 0x31d9, 0x35f1, 0x35f1, 0x54e9, 0x55f9, 0x54e9, 0x54e9, 0x74f1, 0x54f9, 0x33f1, 0x54f1,
  0xf3f1, 0x13f2, 0xd1fb, 0xeffc, 0x10fd, 0x0ffd, 0x10fd, 0x0ffd, 0x0ffd, 0xf0fc, 0x2ffd, 0x0ff5,
  0x32fd, 0x9dff, 0xfff7, 0xffff, 0xdfff, 0xffff, 0xdfff, 0xdfff, 0xffff, 0xffff, 0xffff, 0xffff,
  0xffff, 0xffff, 0xffff, 0xffff, 0xffff, 0xffff, 0xffff, 0xffff, 0xffff, 0xffff, 0xffff, 0xffff,
  0xffff, 0xffff, 0xffff, 0xffff, 0xffff, 0xffff, 0xffff, 0xffff, 0xffff, 0xffff, 0xffff, 0xffff,
  0xffff, 0xffff, 0xffff, 0xffff, 0xffff, 0xffff, 0xffff, 0xfeff, 0xffff, 0xdfff, 0xfeff, 0xffff,
  0xffff, 0xffff, 0xffff, 0xffff, 0xffff, 0xbfff, 0x7bfd, 0x95fa, 0x75ea, 0x56f2, 0x76f2, 0x15f2,
  0x54f9, 0x35f9, 0x73e9, 0x74f1, 0x55e9, 0x74f1, 0x54e9, 0x35f1, 0x35f1, 0x54f9, 0x8b90, 0x0108,
  0x0008, 0x2000, 0x0000, 0x0000, 0x0000, 0x0000, 0x0000, 0x0000, 0x0000, 0x0000, 0x0000, 0x0000,
  0x0000, 0x0000, 0x0000, 0x0000, 0x0000, 0x0000, 0x0000, 0x0320, 0x51d1, 0x54f1, 0x34f9, 0x54f1,
  0x34f9, 0x34f9, 0x34f1, 0x34f1, 0x54f9, 0x53f1, 0x36f9, 0x34f1, 0x73f1, 0xb1fb, 0xeff4, 0x30fd,
  0x0ffd, 0x10f5, 0x0ffd, 0x0ffd, 0xf0fc, 0x0ffd, 0x0efd, 0x72fd, 0x7cff, 0xfff7, 0xfeff, 0xfeff,
  0xfeff, 0xffff, 0xffff, 0xffff, 0xffff, 0xffff, 0xffff, 0xffff, 0xffff, 0xffff, 0xffff, 0xffff,
  0xffff, 0xffff, 0xffff, 0xffff, 0xffff, 0xffff, 0xffff, 0xffff, 0xffff, 0xffff, 0xffff, 0xffff,
  0xffff, 0xffff, 0xffff, 0xffff, 0xffff, 0xffff, 0xffff, 0xffff, 0xffff, 0xffff, 0xffff, 0xffff,
  0xffff, 0xffff, 0xffff, 0xffff, 0xdfff, 0xdfff, 0xffff, 0xffff, 0xffff, 0xffff, 0xffff, 0xffff,
  0xdfff, 0xfafc, 0x94f9, 0x35f1, 0x15f9, 0x54f1, 0x33f1, 0x54f1, 0x55f9, 0x33f1, 0x33f9, 0x34f1,
  0x34f1, 0x15f9, 0x35f9, 0x35f1, 0x74f1, 0xab90, 0x2210, 0x0008, 0x2000, 0x0000, 0x0000, 0x0000,
  0x0000, 0x0000, 0x0000, 0x0000, 0x0000, 0x0000, 0x0000, 0x2000, 0x2000, 0x0000, 0x0000, 0x0000,
  0x0000, 0x0000, 0x0218, 0xa980, 0xcc98, 0xac98, 0xcc90, 0xac90, 0x11d1, 0x54f1, 0x54f1, 0x34f1,
  0x53e9, 0x35f9, 0x54f9, 0x72f9, 0xd2f2, 0x71fb, 0x91fb, 0x90fb, 0x70fb, 0x10fc, 0xcffc, 0xeffc,
  0xeffc, 0xeffc, 0x31fd, 0x77fe, 0xb8f6, 0x98fe, 0x98fe, 0xd8fe, 0x5cff, 0xffff, 0xdfff, 0xffff,
  0xffff, 0xffff, 0xffff, 0xffff, 0xffff, 0xffff, 0xffff, 0xffff, 0xffff, 0xffff, 0xffff, 0xffff,
  0xffff, 0xffff, 0xffff, 0xffff, 0xffff, 0xffff, 0xffff, 0xffff, 0xffff, 0xffff, 0xffff, 0xffff,
  0xffff, 0xffff, 0xffff, 0xffff, 0xffff, 0xffff, 0xffff, 0xffff, 0xffff, 0x9eff, 0xb9fe, 0xb9fe,
  0xfafd, 0x5afd, 0x5afd, 0x5afd, 0x5afd, 0x5afd, 0x5af5, 0x3bfd, 0x98fb, 0x74f1, 0x34f9, 0x13f1,
  0x54f1, 0x53f1, 0x54f9, 0x55f1, 0x53e9, 0x53f1, 0x34f9, 0xeeb0, 0xec90, 0xac98, 0xac90, 0xcb90,
  0x6758, 0x0108, 0x0000, 0x0000, 0x0000, 0x0000, 0x0000, 0x0000, 0x0000, 0x0000, 0x0000, 0x0000,
  0x0000, 0x0000, 0x0000, 0x0000, 0x0000, 0x0000, 0x0000, 0x0000, 0x0000, 0x2000, 0x0108, 0x0108,
  0x2108, 0x2108, 0x0210, 0xac98, 0x53f1, 0x34f9, 0x14f9, 0x54f9, 0x54f9, 0x55f9, 0x15f1, 0x54f1,
  0x74f9, 0x53f9, 0x74f1, 0x75f1, 0xf3fa, 0xd0fc, 0x2ff5, 0x2ff5, 0xf0f4, 0xeffc, 0x30fd, 0x30f5,
  0xf0fc, 0x10fd, 0x50fd, 0x77fe, 0xfff7, 0xfef7, 0xfff7, 0xfeff, 0xffff, 0xffff, 0xdfff, 0xffff,
  0xffff, 0xffff, 0xffff, 0xffff, 0xffff, 0xffff, 0xffff, 0xffff, 0xffff, 0xffff, 0xffff, 0xffff,
  0xffff, 0xffff, 0xffff, 0xffff, 0xffff, 0xffff, 0xffff, 0xffff, 0xffff, 0xffff, 0xffff, 0xffff,
  0xffff, 0xffff, 0xbfff, 0xdfff, 0x1bff, 0x70fd, 0x0ffd, 0x70eb, 0x74f9, 0x74f9, 0x74f9, 0x74f9,
  0x74f1, 0x94f1, 0x95f9, 0x75f1, 0x34f1, 0x75f9, 0x54f1, 0x34f9, 0x34f9, 0x54f9, 0x54f1, 0x74e9,
  0x54f1, 0x12e1, 0x6658, 0x2108, 0x4108, 0x2108, 0x0108, 0x2108, 0x2000, 0x0000, 0x2000, 0x0000,
  0x0000, 0x0000, 0x0000, 0x0000, 0x0000, 0x0000, 0x0000, 0x0000, 0x0000, 0x0000, 0x0000, 0x0000,
  0x0000, 0x0000, 0x0000, 0x0000, 0x0000, 0x0008, 0x0008, 0x0008, 0x2000, 0x0108, 0xcca0, 0x74f1,
  0x55f1, 0x54f1, 0x74e9, 0x73f1, 0x54f1, 0x34f1, 0x55e9, 0x55f9, 0x14f9, 0x55f1, 0x54f1, 0xb2fa,
  0x8ffc, 0x0efd, 0x0ff5, 0xf0fc, 0x0ffd, 0x0ffd, 0x0eed, 0xeffc, 0x0ff5, 0x0ef5, 0x57fe, 0xbfff,
  0x9fff, 0xdeff, 0xbdff, 0xdeff, 0xffff, 0xffff, 0xffff, 0xffff, 0xffff, 0xffff, 0xffff, 0xffff,
  0xffff, 0xffff, 0xffff, 0xffff, 0xffff, 0xffff, 0xffff, 0xffff, 0xffff, 0xffff, 0xffff, 0xffff,
  0xffff, 0xffff, 0xffff, 0xffff, 0xffff, 0xffff, 0xffff, 0xffff, 0xffff, 0xdfff, 0xfef7, 0x5cff,
  0x51f5, 0xf0fc, 0x51eb, 0x55f1, 0x55f1, 0x55f1, 0x55f1, 0x55f1, 0x55f1, 0x55f9, 0x34f1, 0x55f1,
  0x75f1, 0x34e9, 0x34f1, 0x34e9, 0x54e9, 0x35f1, 0x34f9, 0x54f9, 0x53e1, 0x8750, 0x0108, 0x0008,
  0x0008, 0x0008, 0x0000, 0x0000, 0x0000, 0x0000, 0x0000, 0x0000, 0x0000, 0x0000, 0x0000, 0x0000,
  0x0000, 0x0000, 0x0000, 0x0000, 0x0000, 0x0000, 0x0000, 0x0000, 0x0000, 0x0000, 0x0000, 0x0000,
  0x4000, 0x0000, 0x0000, 0x2000, 0x0100, 0xcc98, 0x54f9, 0x35f9, 0x34f9, 0x33f1, 0x35f1, 0x34f9,
  0x33f9, 0x53f1, 0x54f9, 0x13f1, 0x74f1, 0x54f1, 0xd3f1, 0xb2fa, 0xd1f2, 0xd1f2, 0xd1f2, 0xb2fa,
  0xb2f2, 0xf1f2, 0xd2f2, 0xf2f2, 0xd1f2, 0x76fb, 0x39fc, 0x58f4, 0x76f5, 0xf5f5, 0xb9f6, 0xdeff,
  0xffff, 0xffff, 0xfeff, 0xffff, 0xffff, 0xffff, 0xffff, 0xffff, 0xffff, 0xffff, 0xffff, 0xffff,
  0xffff, 0xffff, 0xffff, 0xffff, 0xffff, 0xffff, 0xffff, 0xffff, 0xffff, 0xffff, 0xffff, 0xffff,
  0xffff, 0xffff, 0xffff, 0xffff, 0xffff, 0xfeff, 0xbcfe, 0x72f3, 0xd1f2, 0x14fa, 0x33f1, 0x33f1,
  0x34f1, 0x34f1, 0x33f1, 0x34f1, 0x33f1, 0x33f1, 0x54f1, 0x34f1, 0x34f9, 0x74f9, 0x54f1, 0x54f1,
  0x55f1, 0x34f9, 0x54f1, 0x32e9, 0x6650, 0x0100, 0x0000, 0x0000, 0x2100, 0x0000, 0x0000, 0x2000,
  0x0000, 0x0000, 0x0000, 0x0000, 0x0000, 0x0000, 0x0000, 0x0000, 0x0000, 0x0000, 0x0000, 0x0000,
  0x0000, 0x0000, 0x0000, 0x0000, 0x0000, 0x0000, 0x0000, 0x0000, 0x0000, 0x0000, 0x0000, 0x0100,
  0xed98, 0x54f9, 0x55f9, 0x54f9, 0x53f1, 0x54f9, 0x54f9, 0x54f9, 0x33f1, 0x34f1, 0x54f9, 0x54f9,
  0x54f1, 0x74f1, 0x74f1, 0x54f1, 0x34f9, 0x54f1, 0x34f9, 0x34f1, 0x74f9, 0x54f1, 0x35f9, 0x54f1,
  0x13f9, 0x54f1, 0xd3f1, 0x10fc, 0x0dfd, 0xb4f5, 0xbfff, 0xdfff, 0xdef7, 0xfef7, 0xdfff, 0xdfff,
  0xffff, 0xffff, 0xffff, 0xffff, 0xffff, 0xffff, 0xffff, 0xffff, 0xffff, 0xffff, 0xffff, 0xffff,
  0xfff7, 0xdfff, 0xdfff, 0xffff, 0xffff, 0xffff, 0xfef7, 0xffff, 0xffff, 0xffff, 0xffff, 0xdfff,
  0xdfff, 0x7dfe, 0x14fa, 0x54f1, 0x34f9, 0x53f1, 0x54f1, 0x54f1, 0x54f1, 0x53f1, 0x34f1, 0x54f1,
  0x54f1, 0x55f9, 0x55f9, 0x54f1, 0x54f1, 0x54f9, 0x34f9, 0x54f1, 0x35f9, 0x55f1, 0x32e9, 0x6648,
  0x2000, 0x2000, 0x0000, 0x0000, 0x0000, 0x0000, 0x0000, 0x0000, 0x0000, 0x0000, 0x0000, 0x0000,
  0x0000, 0x0000, 0x0000, 0x0000, 0x0000, 0x0000, 0x0000, 0x0000, 0x0000, 0x0000, 0x0000, 0x0000,
  0x0000, 0x0000, 0x0000, 0x0000, 0x0000, 0x0000, 0x0208, 0xaa78, 0xf0d0, 0x11d1, 0x10d1, 0x10d1,
  0x11c9, 0x11c9, 0x31c9, 0x31c9, 0x11c9, 0x11c9, 0x11d1, 0xf1c8, 0x12d9, 0x35f9, 0x34f1, 0x54f1,
  0x54f9, 0x54f1, 0x34f1, 0x54f9, 0x55f1, 0x15f9, 0x55f1, 0x54f9, 0x33f1, 0xd3f1, 0xb1fb, 0x70fc,
  0x14f5, 0xddf6, 0xfefe, 0x7fff, 0xdef7, 0xbfff, 0xffff, 0xfff7, 0xfff7, 0xffff, 0xffff, 0xffff,
  0xffff, 0xffff, 0xffff, 0xffff, 0xffff, 0xffff, 0xffff, 0xffff, 0xffff, 0xfeff, 0x7cff, 0x7cff,
  0x5cff, 0x9dfe, 0xbefe, 0xfcfe, 0xfcfe, 0xfefe, 0xdefe, 0xdefe, 0x7cfd, 0x35f2, 0x74e9, 0x54f1,
  0x54f1, 0x34f1, 0x35f1, 0x54f1, 0x54f9, 0x35f9, 0x35f1, 0x33d9, 0x10c9, 0x10c9, 0x10c9, 0x11c9,
  0x11d1, 0x10c9, 0x30c9, 0xf0d0, 0x10c9, 0xefb8, 0x4648, 0x0110, 0x0000, 0x0000, 0x0000, 0x0000,
  0x0000, 0x0000, 0x0000, 0x0000, 0x0000, 0x0000, 0x0000, 0x0000, 0x0000, 0x0000, 0x0000, 0x0000,
  0x0000, 0x0000, 0x0000, 0x0000, 0x0000, 0x0000, 0x0000, 0x0000, 0x0000, 0x0000, 0x0000, 0x0000,
  0x0000, 0x2000, 0x2118, 0x0220, 0x2210, 0x2210, 0x2318, 0x0218, 0x0218, 0x0218, 0x0218, 0x0218,
  0x2218, 0x2220, 0x2218, 0xa970, 0x53e9, 0x75f1, 0x75f1, 0x33f1, 0x54f1, 0x54f1, 0x33f1, 0x53f1,
  0x13f9, 0x74f1, 0x74f1, 0x55f1, 0x35f1, 0x94f1, 0x94f9, 0x74f9, 0xf5f9, 0x35f2, 0x3aed, 0xdeff,
  0xdfff, 0xffff, 0xffff, 0xffff, 0xffff, 0xffff, 0xffff, 0xffff, 0xffff, 0xffff, 0xffff, 0xdfff,
  0xffff, 0xdfff, 0xffff, 0xfff7, 0xbdff, 0x16f6, 0x8ff5, 0x92f4, 0x35f2, 0x17fa, 0xf6f1, 0xf5f9,
  0xf5f1, 0x15f2, 0x15fa, 0xd4f9, 0x53f1, 0x34f9, 0x13f9, 0x54f1, 0x54f1, 0x34f1, 0x34f1, 0x54f1,
  0x54f1, 0x33e9, 0xcc90, 0x2338, 0x0120, 0x4210, 0x2318, 0x4210, 0x2210, 0x0218, 0x0218, 0x2210,
  0x2220, 0x2108, 0x0008, 0x0000, 0x0000, 0x0000, 0x0000, 0x0000, 0x0000, 0x0000, 0x0000, 0x0000,
  0x0000, 0x0000, 0x0000, 0x0000, 0x0000, 0x0000, 0x0000, 0x0000, 0x0000, 0x0000, 0x0000, 0x0000,
  0x0000, 0x0000, 0x0000, 0x0000, 0x0000, 0x0000, 0x0000, 0x0000, 0x4000, 0x4000, 0x2000, 0x2000,
  0x0000, 0x0008, 0x0000, 0x0000, 0x0000, 0x0000, 0x0000, 0x2000, 0x2000, 0x0100, 0x6960, 0x13f1,
  0x35f9, 0x34f9, 0x53f9, 0x34f9, 0x55f9, 0x34f9, 0x54f1, 0x34f9, 0x34e9, 0x15f1, 0x53f9, 0x33f9,
  0x54f1, 0x54f9, 0x53f9, 0x73f1, 0xb3f1, 0xfafc, 0xdfff, 0xdff7, 0xfff7, 0xdfff, 0xffff, 0xffff,
  0xffff, 0xffff, 0xffff, 0xffff, 0xffff, 0xffff, 0xffff, 0xffff, 0xffff, 0xffff, 0xfff7, 0x9cff,
  0xb4f5, 0xeefc, 0xf0fb, 0x73f1, 0x35f9, 0x33f1, 0x54f9, 0x54f1, 0x54f9, 0x34f1, 0x34f1, 0x34f1,
  0x74f1, 0x34f1, 0x33f9, 0x54f9, 0x54f9, 0x34f1, 0x34f9, 0x54f9, 0x53f1, 0xcb88, 0x0110, 0x2000,
  0x2000, 0x0108, 0x0000, 0x0000, 0x0000, 0x0000, 0x2000, 0x2000, 0x2000, 0x0000, 0x0000, 0x0000,
  0x0000, 0x0000, 0x0000, 0x0000, 0x0000, 0x0000, 0x0000, 0x0000, 0x0000, 0x0000, 0x0000, 0x0000,
  0x0000, 0x0000, 0x0000, 0x0000, 0x0000, 0x0000, 0x0000, 0x0000, 0x0000, 0x0000, 0x0000, 0x0000,
  0x0000, 0x0000, 0x0000, 0x0108, 0x0008, 0x0000, 0x0000, 0x0000, 0x0000, 0x0000, 0x0000, 0x0000,
  0x0000, 0x0000, 0x0000, 0x0000, 0x0000, 0x8540, 0x0c99, 0xeea0, 0xcea0, 0xcea0, 0xcda8, 0xeea0,
  0xcda0, 0xcda0, 0xeda0, 0xeda0, 0x12d9, 0x55f1, 0x54f1, 0x54f1, 0x54f1, 0x34f1, 0x34f1, 0x75f9,
  0xb8fb, 0xdbf5, 0xfcfd, 0xdcfd, 0xbcfd, 0xdcfd, 0xdcfd, 0xdcfd, 0xdcfd, 0xdcfd, 0xdcfd, 0xdcfd,
  0xdcfd, 0xdcfd, 0xdcfd, 0xbcfd, 0xbcfd, 0xdcfd, 0x7afd, 0x55f4, 0xb1fb, 0x12fb, 0xb2f1, 0x54f1,
  0x34f1, 0x35f1, 0x15f9, 0x55e9, 0x35e9, 0x33e9, 0xcea8, 0xcca0, 0x2d99, 0xeda0, 0xeda0, 0xeea0,
  0xeda0, 0xeda0, 0xeda0, 0xcd98, 0x6758, 0x2108, 0x4000, 0x2000, 0x0008, 0x0000, 0x0000, 0x0000,
  0x0000, 0x0008, 0x0100, 0x2100, 0x0000, 0x0000, 0x0000, 0x0000, 0x0000, 0x0000, 0x0000, 0x0000,
  0x0000, 0x0000, 0x0000, 0x0000, 0x0000, 0x0000, 0x0000, 0x0000, 0x0000, 0x0000, 0x0000, 0x0000,
  0x0000, 0x0000, 0x0000, 0x0000, 0x0000, 0x0000, 0x0000, 0x0000, 0x0000, 0x0000, 0x0000, 0x0000,
  0x0000, 0x0000, 0x0000, 0x0000, 0x0000, 0x0000, 0x0000, 0x0000, 0x0000, 0x0000, 0x0000, 0x0000,
  0x0008, 0x2110, 0x0110, 0x0110, 0x2110, 0x2110, 0x4110, 0x0110, 0x0110, 0x2110, 0x2218, 0xeb98,
  0x55f9, 0x35f9, 0x34f9, 0x53f1, 0x54f1, 0x54f1, 0x34f1, 0x95f1, 0xd4f1, 0x95f9, 0xd5f9, 0xd5f1,
  0xb5f1, 0xb5f9, 0xb5f9, 0xb5f9, 0xb5f9, 0xb5f9, 0xb5f9, 0xb5f9, 0xb5f9, 0xb5f9, 0xb5f1, 0xb5f1,
  0xb6f9, 0x94f9, 0xb3e9, 0x94f1, 0x74f9, 0x53f1, 0x35f9, 0x34f9, 0x54f1, 0x54f1, 0x75f1, 0x34e9,
  0xefc0, 0x4530, 0x0218, 0x2110, 0x2110, 0x0110, 0x2110, 0x2110, 0x2110, 0x2110, 0x2210, 0x2108,
  0x0000, 0x2000, 0x2000, 0x0000, 0x0000, 0x0000, 0x0000, 0x0000, 0x0000, 0x0000, 0x0000, 0x0000,
  0x0000, 0x0000, 0x0000, 0x0000, 0x0000, 0x0000, 0x0000, 0x0000, 0x0000, 0x0000, 0x0000, 0x0000,
  0x0000, 0x0000, 0x0000, 0x0000, 0x0000, 0x0000, 0x0000, 0x0000, 0x0000, 0x0000, 0x0000, 0x0000,
  0x0000, 0x0000, 0x0000, 0x0000, 0x0000, 0x0000, 0x0000, 0x0000, 0x0000, 0x0000, 0x0000, 0x0000,
  0x0000, 0x0000, 0x0000, 0x0000, 0x0000, 0x0000, 0x0000, 0x0000, 0x0000, 0x0000, 0x0000, 0x0000,
  0x0000, 0x0000, 0x0000, 0x0000, 0x2000, 0x0110, 0xea88, 0x74f1, 0x33f1, 0x34f1, 0x74f1, 0x74f9,
  0x34f9, 0x54f1, 0x54f1, 0x53f1, 0x34f1, 0x34f9, 0x54f1, 0x54f1, 0x54f1, 0x54f1, 0x54f1, 0x54f1,
  0x54f1, 0x54f1, 0x54f1, 0x34f1, 0x34f1, 0x54f1, 0x54f1, 0x54f9, 0x54f1, 0x54f1, 0x54f1, 0x54f9,
  0x54f1, 0x54f9, 0x54f9, 0x54f9, 0x93e9, 0x13f9, 0x33e9, 0xeeb8, 0x4320, 0x0000, 0x0100, 0x0000,
  0x0000, 0x0000, 0x0000, 0x0000, 0x0000, 0x0000, 0x0000, 0x0000, 0x0000, 0x0000, 0x0000, 0x0000,
  0x0000, 0x0000, 0x0000, 0x0000, 0x0000, 0x0000, 0x0000, 0x0000, 0x0000, 0x0000, 0x0000, 0x0000,
  0x0000, 0x0000, 0x0000, 0x0000, 0x0000, 0x0000, 0x0000, 0x0000, 0x0000, 0x0000, 0x0000, 0x0000,
  0x0000, 0x0000, 0x0000, 0x0000, 0x0000, 0x0000, 0x0000, 0x0000, 0x0000, 0x0000, 0x0000, 0x0000,
  0x0000, 0x0000, 0x0000, 0x0000, 0x0000, 0x0000, 0x0000, 0x0000, 0x0000, 0x0000, 0x0000, 0x0000,
  0x0000, 0x0000, 0x0000, 0x0000, 0x0000, 0x0000, 0x0000, 0x0000, 0x0000, 0x0000, 0x0000, 0x2000,
  0x0108, 0x4540, 0x6750, 0x6a70, 0xf1d0, 0x34f9, 0x14f9, 0x34f9, 0x74f1, 0x34f9, 0x34f9, 0x34f9,
  0x34f9, 0x34f9, 0x34f9, 0x34f9, 0x34f9, 0x34f9, 0x34f9, 0x34f9, 0x34f9, 0x34f9, 0x34f9, 0x34f9,
  0x54f9, 0x54f9, 0x34f9, 0x34f9, 0x54f9, 0x54f1, 0x54f1, 0x54f1, 0x54f1, 0x54f1, 0x54f1, 0x32e1,
  0x8c88, 0x6850, 0x4540, 0x2210, 0x0008, 0x0000, 0x0000, 0x0000, 0x0000, 0x0000, 0x0000, 0x0000,
  0x0000, 0x0000, 0x0000, 0x0000, 0x0000, 0x0000, 0x0000, 0x0000, 0x0000, 0x0000, 0x0000, 0x0000,
  0x0000, 0x0000, 0x0000, 0x0000, 0x0000, 0x0000, 0x0000, 0x0000, 0x0000, 0x0000, 0x0000, 0x0000,
  0x0000, 0x0000, 0x0000, 0x0000, 0x0000, 0x0000, 0x0000, 0x0000, 0x0000, 0x0000, 0x0000, 0x0000,
  0x0000, 0x0000, 0x0000, 0x0000, 0x0000, 0x0000, 0x0000, 0x0000, 0x0000, 0x0000, 0x0000, 0x0000,
  0x0000, 0x0000, 0x0000, 0x0000, 0x0000, 0x0000, 0x0000, 0x0000, 0x0000, 0x0000, 0x0000, 0x0000,
  0x0000, 0x0000, 0x0000, 0x0000, 0x0000, 0x0000, 0x0008, 0x0000, 0x0000, 0x0008, 0x4320, 0x0fb9,
  0x55f9, 0x35e9, 0x34f9, 0x54f1, 0x54f1, 0x54f1, 0x54f1, 0x54f1, 0x54f1, 0x54f1, 0x54f1, 0x54f1,
  0x54f1, 0x54f1, 0x54f1, 0x54f1, 0x54f1, 0x54f1, 0x54f1, 0x54f1, 0x54f1, 0x54f1, 0x54f1, 0x54f1,
  0x34f9, 0x34f9, 0x34f9, 0x34f9, 0x34f9, 0x34f9, 0x53e9, 0x2530, 0x0008, 0x2000, 0x0000, 0x0000,
  0x2000, 0x0000, 0x0000, 0x0000, 0x0000, 0x0000, 0x0000, 0x0000, 0x0000, 0x0000, 0x0000, 0x0000,
  0x0000, 0x0000, 0x0000, 0x0000, 0x0000, 0x0000, 0x0000, 0x0000, 0x0000, 0x0000, 0x0000, 0x0000,
  0x0000, 0x0000, 0x0000, 0x0000, 0x0000, 0x0000, 0x0000, 0x0000, 0x0000, 0x0000, 0x0000, 0x0000,
  0x0000, 0x0000, 0x0000, 0x0000, 0x0000, 0x0000, 0x0000, 0x0000, 0x0000, 0x0000, 0x0000, 0x0000,
  0x0000, 0x0000, 0x0000, 0x0000, 0x0000, 0x0000, 0x0000, 0x0000, 0x0000, 0x0000, 0x0000, 0x0000,
  0x0000, 0x0000, 0x0000, 0x0000, 0x0000, 0x0000, 0x0000, 0x0000, 0x0000, 0x0000, 0x0000, 0x0000,
  0x0000, 0x0000, 0x0008, 0x2000, 0x0008, 0x2218, 0xaa78, 0xefb0, 0xefa8, 0xeeb0, 0xceb0, 0xeeb0,
  0xeeb0, 0xeeb0, 0xeeb0, 0xeeb0, 0xeeb0, 0xceb0, 0xceb0, 0xceb0, 0xceb0, 0xceb0, 0xceb0, 0xceb0,
  0xceb0, 0xceb0, 0xceb0, 0xceb0, 0xceb0, 0xceb0, 0xcea8, 0xeea8, 0xeea8, 0xeea8, 0xeea8, 0xeea8,
  0xeea8, 0x0da1, 0x4320, 0x2000, 0x2000, 0x0000, 0x2000, 0x2000, 0x0000, 0x0000, 0x0000, 0x0000,
  0x0000, 0x0000, 0x0000, 0x0000, 0x0000, 0x0000, 0x0000, 0x0000, 0x0000, 0x0000, 0x0000, 0x0000,
  0x0000, 0x0000, 0x0000, 0x0000, 0x0000, 0x0000, 0x0000, 0x0000, 0x0000, 0x0000, 0x0000, 0x0000,
  0x0000, 0x0000, 0x0000, 0x0000, 0x0000, 0x0000, 0x0000, 0x0000, 0x0000, 0x0000, 0x0000, 0x0000,
  0x0000, 0x0000, 0x0000, 0x0000, 0x0000, 0x0000, 0x0000, 0x0000, 0x0000, 0x0000, 0x0000, 0x0000,
  0x0000, 0x0000, 0x0000, 0x0000, 0x0000, 0x0000, 0x0000, 0x0000, 0x0000, 0x0000, 0x0000, 0x0000,
  0x0000, 0x0000, 0x0000, 0x0000, 0x0000, 0x0000, 0x0000, 0x2000, 0x0000, 0x0008, 0x0000, 0x2008,
  0x0000, 0x0000, 0x0000, 0x0000, 0x0000, 0x0000, 0x0000, 0x0000, 0x0000, 0x0000, 0x0000, 0x0000,
  0x0000, 0x0000, 0x0000, 0x0000, 0x0000, 0x0000, 0x0000, 0x0000, 0x0000, 0x0000, 0x0000, 0x0000,
  0x0000, 0x0000, 0x0000, 0x0000, 0x0000, 0x0000, 0x0000, 0x0000, 0x0000, 0x2100, 0x2000, 0x0000,
  0x0000, 0x0000, 0x0100, 0x0000, 0x0000, 0x0000, 0x0000, 0x0000, 0x0000, 0x0000, 0x0000, 0x0000,
  0x0000, 0x0000, 0x0000, 0x0000, 0x0000, 0x0000, 0x0000, 0x0000, 0x0000, 0x0000, 0x0000, 0x0000,
  0x0000, 0x0000, 0x0000, 0x0000, 0x0000, 0x0000, 0x0000, 0x0000, 0x0000, 0x0000, 0x0000, 0x0000,
  0x0000, 0x0000, 0x0000, 0x0000, 0x0000, 0x0000, 0x0000, 0x0000, 0x0000, 0x0000, 0x0000, 0x0000,
  0x0000, 0x0000, 0x0000, 0x0000, 0x0000, 0x0000, 0x0000, 0x0000, 0x0000, 0x0000, 0x0000, 0x0000,
  0x0000, 0x0000, 0x0000, 0x0000, 0x0000, 0x0000, 0x0000, 0x0000, 0x0000, 0x0000, 0x0000, 0x0000,
  0x0000, 0x0000, 0x0000, 0x0000, 0x0000, 0x0000, 0x0000, 0x0000, 0x0000, 0x0000, 0x2000, 0x0000,
  0x0000, 0x0000, 0x0000, 0x0000, 0x0000, 0x0000, 0x0000, 0x0000, 0x0000, 0x0000, 0x0000, 0x0000,
  0x0000, 0x0000, 0x0000, 0x0000, 0x0000, 0x0000, 0x0000, 0x0000, 0x0000, 0x0000, 0x0000, 0x0000,
  0x0000, 0x0000, 0x0000, 0x0000, 0x0008, 0x0000, 0x0000, 0x0000, 0x0008, 0x0000, 0x0000, 0x0000,
  0x0000, 0x0000, 0x0000, 0x0000, 0x0000, 0x0000, 0x0000, 0x0000, 0x0000, 0x0000, 0x0000, 0x0000,
  0x0000, 0x0000, 0x0000, 0x0000, 0x0000, 0x0000, 0x0000, 0x0000, 0x0000, 0x0000, 0x0000, 0x0000,
  0x0000, 0x0000, 0x0000, 0x0000, 0x0000, 0x0000, 0x0000, 0x0000, 0x0000, 0x0000, 0x0000, 0x0000,
  0x0000, 0x0000, 0x0000, 0x0000, 0x0000, 0x0000, 0x0000, 0x0000, 0x0000, 0x0000, 0x0000, 0x0000,
  0x0000, 0x0000, 0x0000, 0x0000, 0x0000, 0x0000, 0x0000, 0x0000, 0x0000, 0x0000, 0x0000, 0x0000,
  0x0000, 0x0000, 0x0000, 0x0000, 0x0000, 0x0000, 0x0000, 0x0000, 0x2000, 0x0000, 0x0000, 0x0000,
  0x2000, 0x2000, 0x0000, 0x0000, 0x0000, 0x0000, 0x0000, 0x0000, 0x0000, 0x0000, 0x0000, 0x0000,
  0x0000, 0x0000, 0x0000, 0x0000, 0x0000, 0x0000, 0x0000, 0x0000, 0x0000, 0x0000, 0x0000, 0x0000,
  0x0000, 0x0000, 0x0000, 0x0000, 0x0000, 0x0000, 0x0000, 0x0000, 0x0000, 0x0000, 0x0000, 0x0008,
  0x0000, 0x0000, 0x0000, 0x0000, 0x0000, 0x0000, 0x0000, 0x0000, 0x0000, 0x0000, 0x0000, 0x0000,
  0x0000, 0x0000, 0x0000, 0x0000, 0x0000, 0x0000, 0x0000, 0x0000, 0x0000, 0x0000, 0x0000, 0x0000,
  0x0000, 0x0000, 0x0000, 0x0000, 0x0000, 0x0000, 0x0000, 0x0000, 0x0000, 0x0000, 0x0000, 0x0000,
  0x0000, 0x0000, 0x0000, 0x0000
};

#define FLAMEUNIFIED2_WIDTH 115
#define FLAMEUNIFIED2_HEIGHT 160

// Example usage:
// tft.drawRGBBitmap(x, y, FlameUnified2, FLAMEUNIFIED2_WIDTH, FLAMEUNIFIED2_HEIGHT);

#endif
