// Generated by   : Image to RGB565 Converter
// Generated from : https://palsayantan.github.io/Image-to-RGB565/
// Image Size     : 102x142 pixels
// Byte Order     : LSB

#ifndef _FLAMEUNIFIED1_H_
#define _FLAMEUNIFIED1_H_

const uint16_t FlameUnified1[14484] = {
  0x0000, 0x0000, 0x0000, 0x0000, 0x0000, 0x0000, 0x0000, 0x0000, 0x0000, 0x0000, 0x0000, 0x0000,
  0x0000, 0x0000, 0x0000, 0x0000, 0x0000, 0x0000, 0x0000, 0x0000, 0x0000, 0x0000, 0x0000, 0x0000,
  0x0000, 0x0000, 0x0000, 0x0000, 0x0000, 0x0000, 0x0000, 0x0000, 0x0000, 0x0000, 0x0000, 0x0000,
  0x0000, 0x0000, 0x0000, 0x0000, 0x0000, 0x0000, 0x0000, 0x0000, 0x0000, 0x0000, 0x0000, 0x0000,
  0x0000, 0x0000, 0x0000, 0x0000, 0x0000, 0x0000, 0x0000, 0x0000, 0x0000, 0x0000, 0x0000, 0x0000,
  0x0000, 0x0000, 0x0000, 0x0000, 0x0000, 0x0000, 0x0000, 0x0000, 0x0000, 0x0000, 0x0000, 0x0000,
  0x0000, 0x0000, 0x0000, 0x0000, 0x0000, 0x0000, 0x0000, 0x0000, 0x0000, 0x0000, 0x0000, 0x0000,
  0x0000, 0x0000, 0x0000, 0x0000, 0x0000, 0x0000, 0x0000, 0x0000, 0x0000, 0x0000, 0x0000, 0x0000,
  0x0000, 0x0000, 0x0000, 0x0000, 0x0000, 0x0000, 0x0000, 0x0000, 0x0000, 0x0000, 0x0000, 0x0000,
  0x0000, 0x0000, 0x0000, 0x0000, 0x0000, 0x0000, 0x0000, 0x0000, 0x0000, 0x0000, 0x0000, 0x0000,
  0x0000, 0x0000, 0x0000, 0x0000, 0x0000, 0x0000, 0x0000, 0x0000, 0x0000, 0x0000, 0x0000, 0x0000,
  0x0000, 0x0000, 0x0000, 0x0000, 0x0000, 0x0000, 0x0000, 0x0000, 0x0000, 0x0000, 0x0000, 0x0000,
  0x0000, 0x0000, 0x0000, 0x0000, 0x0000, 0x0000, 0x0000, 0x0000, 0x0000, 0x0000, 0x0000, 0x0000,
  0x0000, 0x0000, 0x0000, 0x0000, 0x0000, 0x0000, 0x0000, 0x0000, 0x0000, 0x0000, 0x0000, 0x0000,
  0x0000, 0x0000, 0x0000, 0x0000, 0x0000, 0x0000, 0x0000, 0x0000, 0x0000, 0x0000, 0x0000, 0x0000,
  0x0000, 0x0000, 0x0000, 0x0000, 0x0000, 0x0000, 0x0000, 0x0000, 0x0000, 0x0000, 0x0000, 0x0000,
  0x0000, 0x0000, 0x0000, 0x0000, 0x0000, 0x0000, 0x0000, 0x0000, 0x0000, 0x0000, 0x0000, 0x0000,
  0x0000, 0x0000, 0x0000, 0x0000, 0x0000, 0x0000, 0x0000, 0x0000, 0x0000, 0x0000, 0x0000, 0x0000,
  0x0000, 0x0000, 0x0000, 0x0000, 0x0000, 0x0000, 0x0000, 0x0000, 0x0000, 0x0000, 0x0000, 0x0000,
  0x0000, 0x0000, 0x0000, 0x0000, 0x0000, 0x0000, 0x0000, 0x0000, 0x0000, 0x0000, 0x0000, 0x0000,
  0x0000, 0x0000, 0x0000, 0x0000, 0x0000, 0x0000, 0x0000, 0x0000, 0x0000, 0x0000, 0x0000, 0x0000,
  0x0000, 0x0000, 0x0000, 0x0000, 0x0000, 0x0000, 0x0000, 0x0000, 0x0000, 0x0000, 0x0000, 0x0000,
  0x0000, 0x0000, 0x0000, 0x0000, 0x0000, 0x0000, 0x0000, 0x0000, 0x0000, 0x0000, 0x0000, 0x0000,
  0x0000, 0x0000, 0x0000, 0x0000, 0x0000, 0x0000, 0x0000, 0x0000, 0x0000, 0x0000, 0x0000, 0x0000,
  0x0000, 0x0000, 0x0000, 0x0000, 0x0000, 0x0000, 0x0000, 0x0000, 0x0000, 0x0000, 0x0000, 0x0000,
  0x0000, 0x0000, 0x0000, 0x0000, 0x0000, 0x0000, 0x0000, 0x0000, 0x0000, 0x0000, 0x0000, 0x0000,
  0x0000, 0x0000, 0x0000, 0x0000, 0x0000, 0x0000, 0x0000, 0x0000, 0x0000, 0x0000, 0x0000, 0x0000,
  0x0000, 0x0000, 0x0000, 0x0000, 0x0000, 0x0000, 0x0000, 0x0000, 0x0000, 0x0000, 0x0000, 0x0000,
  0x0000, 0x0000, 0x0000, 0x0000, 0x0000, 0x0000, 0x0000, 0x0000, 0x0000, 0x0000, 0x0000, 0x0000,
  0x0000, 0x0000, 0x0000, 0x0000, 0x0000, 0x0000, 0x0000, 0x0000, 0x0000, 0x0000, 0x0000, 0x0000,
  0x0000, 0x0000, 0x0000, 0x0000, 0x0000, 0x0000, 0x0000, 0x0000, 0x0000, 0x0000, 0x0000, 0x0000,
  0x0000, 0x0000, 0x0000, 0x0000, 0x0000, 0x0000, 0x0000, 0x0000, 0x0000, 0x0000, 0x0000, 0x0000,
  0x0000, 0x0000, 0x0000, 0x0000, 0x0000, 0x0000, 0x0000, 0x0000, 0x0000, 0x0000, 0x0000, 0x0000,
  0x0000, 0x0000, 0x0000, 0x0000, 0x0000, 0x0000, 0x0000, 0x0000, 0x0000, 0x0000, 0x0000, 0x0000,
  0x0000, 0x0000, 0x0000, 0x0000, 0x0000, 0x0000, 0x0000, 0x0000, 0x0000, 0x0000, 0x0000, 0x0000,
  0x0000, 0x0000, 0x0000, 0x0000, 0x0000, 0x0000, 0x0000, 0x0000, 0x0000, 0x0000, 0x0000, 0x0000,
  0x0000, 0x0000, 0x0000, 0x0000, 0x0000, 0x0000, 0x0000, 0x0000, 0x0000, 0x0000, 0x0000, 0x0000,
  0x0000, 0x0000, 0x0000, 0x0000, 0x0000, 0x0000, 0x0000, 0x0000, 0x0000, 0x0000, 0x0000, 0x0000,
  0x0000, 0x0000, 0x0000, 0x0000, 0x0000, 0x0000, 0x0000, 0x0000, 0x0000, 0x0000, 0x0000, 0x0000,
  0x0000, 0x0000, 0x0000, 0x0000, 0x0000, 0x0000, 0x0000, 0x0000, 0x0000, 0x0000, 0x0000, 0x0000,
  0x0000, 0x0000, 0x0000, 0x0000, 0x0000, 0x0000, 0x0000, 0x0000, 0x0000, 0x0000, 0x0000, 0x0000,
  0x0000, 0x0000, 0x0000, 0x0000, 0x0000, 0x0000, 0x0000, 0x0000, 0x0000, 0x0000, 0x0000, 0x0000,
  0x0000, 0x0000, 0x0000, 0x0000, 0x0000, 0x0000, 0x0000, 0x0000, 0x0000, 0x0000, 0x0000, 0x0000,
  0x0000, 0x0000, 0x0000, 0x0000, 0x0000, 0x0000, 0x0000, 0x0000, 0x0000, 0x0000, 0x0000, 0x0000,
  0x0000, 0x0000, 0x0000, 0x0000, 0x0000, 0x0000, 0x0000, 0x0000, 0x0000, 0x0000, 0x0000, 0x0000,
  0x0000, 0x0000, 0x0000, 0x0000, 0x0000, 0x0000, 0x0000, 0x0000, 0x0000, 0x0000, 0x0000, 0x0000,
  0x0000, 0x0000, 0x0000, 0x0000, 0x0000, 0x0000, 0x0000, 0x0000, 0x0000, 0x0000, 0x0000, 0x0000,
  0x0000, 0x0000, 0x0000, 0x0000, 0x0000, 0x0000, 0x0000, 0x0000, 0x0000, 0x0000, 0x0000, 0x0000,
  0x0000, 0x0000, 0x0000, 0x0000, 0x0000, 0x0000, 0x0000, 0x0000, 0x0000, 0x0000, 0x0000, 0x0000,
  0x0000, 0x0000, 0x0000, 0x0000, 0x0000, 0x0000, 0x0000, 0x0000, 0x0000, 0x0000, 0x0000, 0x0000,
  0x0000, 0x0000, 0x0000, 0x0000, 0x0000, 0x0000, 0x0000, 0x0000, 0x0000, 0x0000, 0x0000, 0x0000,
  0x0000, 0x0000, 0x0000, 0x0000, 0x0000, 0x0000, 0x0000, 0x0000, 0x0000, 0x0000, 0x0000, 0x0000,
  0x0000, 0x0000, 0x0000, 0x0000, 0x0000, 0x0000, 0x0000, 0x0000, 0x0000, 0x0000, 0x2000, 0x0008,
  0x0000, 0x0000, 0x0000, 0x0000, 0x0000, 0x0000, 0x0000, 0x0000, 0x0000, 0x0000, 0x0000, 0x0000,
  0x0000, 0x0000, 0x0000, 0x0000, 0x0000, 0x0000, 0x0000, 0x0000, 0x0000, 0x2000, 0x0000, 0x0000,
  0x0000, 0x0000, 0x0000, 0x0000, 0x0000, 0x0000, 0x0000, 0x0000, 0x0000, 0x0000, 0x0000, 0x0000,
  0x0000, 0x0000, 0x0000, 0x0000, 0x0000, 0x0000, 0x0000, 0x0000, 0x0000, 0x0000, 0x0000, 0x0000,
  0x0000, 0x0000, 0x0000, 0x0000, 0x0000, 0x0000, 0x0000, 0x0000, 0x0000, 0x0000, 0x0000, 0x0000,
  0x0000, 0x0000, 0x0000, 0x0000, 0x0000, 0x0000, 0x0000, 0x0000, 0x0000, 0x0000, 0x0000, 0x0000,
  0x0000, 0x0000, 0x0000, 0x0000, 0x0000, 0x0000, 0x0000, 0x0000, 0x0000, 0x0000, 0x0000, 0x0000,
  0x0000, 0x0000, 0x0000, 0x0000, 0x0000, 0x0000, 0x0000, 0x2000, 0x0000, 0x0008, 0x0000, 0x0000,
  0x0000, 0x0000, 0x0000, 0x0000, 0x2000, 0x0000, 0x0000, 0x0000, 0x0000, 0x0000, 0x0000, 0x0000,
  0x0000, 0x0000, 0x0000, 0x0000, 0x0000, 0x0000, 0x0000, 0x0000, 0x0000, 0x0000, 0x0000, 0x2000,
  0x0000, 0x0000, 0x0000, 0x0000, 0x0000, 0x0000, 0x0000, 0x0000, 0x0000, 0x0000, 0x0000, 0x0000,
  0x0000, 0x0000, 0x0000, 0x0000, 0x0000, 0x0000, 0x0000, 0x0000, 0x0000, 0x0000, 0x0000, 0x0000,
  0x0000, 0x0000, 0x0000, 0x0000, 0x0000, 0x0000, 0x0000, 0x0000, 0x0000, 0x0000, 0x0000, 0x0000,
  0x0000, 0x0000, 0x0000, 0x0000, 0x0000, 0x0000, 0x0000, 0x0000, 0x0000, 0x0000, 0x0000, 0x0000,
  0x0000, 0x0000, 0x0000, 0x0000, 0x0000, 0x0000, 0x0000, 0x0000, 0x0000, 0x0000, 0x0000, 0x0000,
  0x0000, 0x0000, 0x0000, 0x0000, 0x0000, 0x0000, 0x0000, 0x0000, 0x0000, 0x0000, 0x0000, 0x0000,
  0x0000, 0x0000, 0x2108, 0x6658, 0x0b81, 0xac98, 0x6860, 0x0110, 0x2000, 0x0000, 0x0000, 0x0008,
  0x0000, 0x0000, 0x0000, 0x0000, 0x0000, 0x0000, 0x0000, 0x0000, 0x0000, 0x0000, 0x0000, 0x0000,
  0x0000, 0x0000, 0x0000, 0x0000, 0x0000, 0x0000, 0x0000, 0x0000, 0x0008, 0x0000, 0x0000, 0x0000,
  0x0000, 0x0000, 0x0000, 0x0000, 0x0000, 0x0000, 0x0000, 0x0000, 0x0000, 0x0000, 0x0000, 0x0000,
  0x0000, 0x0000, 0x0000, 0x0000, 0x0000, 0x0000, 0x0000, 0x0000, 0x0000, 0x0000, 0x0000, 0x0000,
  0x0000, 0x0000, 0x0000, 0x0000, 0x0000, 0x0000, 0x0000, 0x0000, 0x0000, 0x0000, 0x0000, 0x0000,
  0x0000, 0x0000, 0x0000, 0x0000, 0x0000, 0x0000, 0x0000, 0x0000, 0x0000, 0x0000, 0x0000, 0x0000,
  0x0000, 0x0000, 0x0000, 0x0000, 0x0000, 0x0000, 0x0000, 0x0000, 0x0000, 0x0000, 0x0000, 0x0000,
  0x0000, 0x0000, 0x0000, 0x0000, 0x0000, 0x0000, 0x2008, 0x2108, 0x4420, 0xada8, 0x94f1, 0x54f1,
  0xeeb0, 0x2430, 0x2108, 0x0000, 0x0000, 0x0000, 0x0000, 0x0000, 0x0000, 0x0000, 0x0000, 0x0000,
  0x0000, 0x0000, 0x0000, 0x0000, 0x0000, 0x0000, 0x0000, 0x0000, 0x0000, 0x0000, 0x0000, 0x2000,
  0x2108, 0x0110, 0x0108, 0x0108, 0x0108, 0x0008, 0x0000, 0x0000, 0x0000, 0x0000, 0x0000, 0x0000,
  0x0000, 0x0000, 0x0000, 0x0000, 0x0000, 0x0000, 0x0000, 0x0000, 0x0000, 0x0000, 0x0000, 0x0000,
  0x0000, 0x0000, 0x0000, 0x0000, 0x0000, 0x0000, 0x0000, 0x0000, 0x0000, 0x0000, 0x0000, 0x0000,
  0x0000, 0x0000, 0x0000, 0x0000, 0x0000, 0x0000, 0x0000, 0x0000, 0x0000, 0x0000, 0x0000, 0x0000,
  0x0000, 0x0000, 0x0000, 0x0000, 0x0000, 0x0000, 0x0000, 0x0000, 0x0000, 0x0000, 0x0000, 0x0000,
  0x0000, 0x0000, 0x0000, 0x0000, 0x0000, 0x0000, 0x0000, 0x0000, 0x0000, 0x0000, 0x0000, 0x0000,
  0x2000, 0x4760, 0x0fc1, 0x13e9, 0x14f9, 0x34f1, 0x32e1, 0xd0d0, 0x8968, 0x0000, 0x0000, 0x0000,
  0x0000, 0x0000, 0x0000, 0x0000, 0x0000, 0x0000, 0x0000, 0x0000, 0x0000, 0x0000, 0x0000, 0x0000,
  0x0000, 0x0000, 0x0000, 0x0000, 0x0000, 0x0008, 0x4650, 0xeca0, 0x0ea9, 0xeda8, 0xcca0, 0x4430,
  0x0108, 0x0000, 0x0000, 0x0000, 0x0000, 0x0000, 0x0000, 0x0000, 0x0000, 0x0000, 0x0000, 0x0000,
  0x0000, 0x0000, 0x0000, 0x0000, 0x0000, 0x0000, 0x0000, 0x0000, 0x0000, 0x0000, 0x0000, 0x0000,
  0x0000, 0x0000, 0x0000, 0x0000, 0x0000, 0x0000, 0x0000, 0x0000, 0x0000, 0x0000, 0x0000, 0x0000,
  0x0000, 0x0000, 0x0000, 0x0000, 0x0000, 0x0000, 0x0000, 0x0000, 0x0000, 0x0000, 0x0000, 0x0000,
  0x0000, 0x0000, 0x0000, 0x0000, 0x0000, 0x0000, 0x0000, 0x0000, 0x0000, 0x0000, 0x0000, 0x0000,
  0x0000, 0x0000, 0x0000, 0x0000, 0x0000, 0x2000, 0x0000, 0x8970, 0x74f9, 0xf6f1, 0x55f2, 0x34fa,
  0xf5f1, 0xf5f8, 0xcc78, 0x2000, 0x0000, 0x2100, 0x0000, 0x0000, 0x0000, 0x0000, 0x0000, 0x0000,
  0x0000, 0x0000, 0x0000, 0x0000, 0x0000, 0x0000, 0x0000, 0x0000, 0x0000, 0x0000, 0x0000, 0x2100,
  0xa970, 0x33f1, 0x15f1, 0xf5f8, 0x34f1, 0x6748, 0x0108, 0x0000, 0x0000, 0x0000, 0x0000, 0x0000,
  0x0000, 0x0000, 0x0000, 0x0000, 0x0000, 0x0000, 0x0000, 0x0000, 0x0000, 0x0000, 0x0000, 0x0000,
  0x0000, 0x0000, 0x0000, 0x0000, 0x0000, 0x0000, 0x0000, 0x0000, 0x0000, 0x0000, 0x0000, 0x0000,
  0x0000, 0x0000, 0x0000, 0x0000, 0x0000, 0x0000, 0x0000, 0x0000, 0x0000, 0x0000, 0x0000, 0x0000,
  0x0000, 0x0000, 0x0000, 0x0000, 0x0000, 0x0000, 0x0000, 0x0000, 0x0000, 0x0000, 0x0000, 0x0000,
  0x0000, 0x0000, 0x0000, 0x0000, 0x0000, 0x0000, 0x0000, 0x0100, 0x0000, 0x2000, 0x0108, 0x0000,
  0x2000, 0x6970, 0x34f9, 0x3af5, 0x7eff, 0x9eff, 0x9bf5, 0x75f9, 0xaa88, 0x0008, 0x0000, 0x0000,
  0x0000, 0x0000, 0x0008, 0x0000, 0x0000, 0x0000, 0x0000, 0x0000, 0x0000, 0x0000, 0x0000, 0x0000,
  0x0000, 0x0000, 0x0000, 0x0000, 0x0000, 0x0000, 0x6868, 0x55f1, 0x34f9, 0x54f1, 0x53e9, 0x6650,
  0x0000, 0x0000, 0x0000, 0x0000, 0x0000, 0x0000, 0x0000, 0x0000, 0x0000, 0x0000, 0x0000, 0x0000,
  0x2108, 0x0000, 0x2000, 0x0000, 0x0000, 0x0000, 0x0000, 0x0000, 0x0000, 0x0000, 0x0000, 0x0000,
  0x0000, 0x0000, 0x0000, 0x0000, 0x0000, 0x0000, 0x0000, 0x0000, 0x0000, 0x0000, 0x0000, 0x0000,
  0x0000, 0x0000, 0x0000, 0x0000, 0x0000, 0x2000, 0x6108, 0x2000, 0x0000, 0x0000, 0x0000, 0x0000,
  0x0000, 0x0000, 0x0000, 0x0000, 0x0000, 0x0000, 0x0000, 0x0000, 0x0000, 0x0000, 0x0000, 0x0000,
  0x2000, 0x0000, 0x0008, 0x0000, 0x0100, 0x0000, 0x2000, 0x8970, 0x54f9, 0x7af5, 0xffff, 0xfef7,
  0xdbf5, 0x54f9, 0xf1c0, 0xaa78, 0x2318, 0x2000, 0x0000, 0x2000, 0x0000, 0x0000, 0x2000, 0x0000,
  0x0000, 0x0000, 0x0000, 0x0000, 0x0000, 0x0000, 0x0000, 0x0000, 0x0000, 0x0000, 0x0000, 0x0008,
  0x8860, 0x54e1, 0x34f1, 0x54e9, 0x33f1, 0x6758, 0x0000, 0x0000, 0x0000, 0x0000, 0x0000, 0x0000,
  0x0000, 0x0000, 0x0000, 0x2000, 0x0008, 0x2000, 0x0000, 0x2108, 0x2000, 0x0000, 0x0000, 0x0000,
  0x0000, 0x0000, 0x0000, 0x0000, 0x0000, 0x0000, 0x0000, 0x0000, 0x0000, 0x0000, 0x0000, 0x0000,
  0x0000, 0x0000, 0x0000, 0x2000, 0x6108, 0x4108, 0x0000, 0x0000, 0x0000, 0x0000, 0x0000, 0x6108,
  0x6108, 0x2000, 0x0000, 0x0000, 0x0000, 0x0000, 0x0000, 0x0000, 0x0000, 0x0000, 0x0000, 0x0000,
  0x0000, 0x0000, 0x0000, 0x0000, 0x0000, 0x0000, 0x0000, 0x2000, 0x2000, 0x0008, 0x2108, 0x0010,
  0x2000, 0xca68, 0x35f9, 0x3afd, 0xdeff, 0xdff7, 0xfbf5, 0xb4f1, 0x54f1, 0x32e9, 0x0538, 0x0008,
  0x0108, 0x0000, 0x2008, 0x0000, 0x2000, 0x0000, 0x0000, 0x0000, 0x0000, 0x0000, 0x0000, 0x0000,
  0x0000, 0x0000, 0x0000, 0x0000, 0x0000, 0x0000, 0x6760, 0x54f1, 0x34f9, 0x54f1, 0x12e9, 0x4650,
  0x0000, 0x0000, 0x0000, 0x0000, 0x0000, 0x0000, 0x0000, 0x0000, 0x0000, 0x2000, 0x2000, 0x6758,
  0xaa78, 0xab70, 0x4328, 0x0010, 0x0208, 0x0000, 0x0000, 0x0000, 0x0000, 0x0000, 0x0000, 0x0000,
  0x0000, 0x0000, 0x0000, 0x0000, 0x0000, 0x0000, 0x0000, 0x0000, 0x0000, 0x6108, 0x8210, 0x6108,
  0x4108, 0x0000, 0x0000, 0x0000, 0x2000, 0x6108, 0x6108, 0x2000, 0x0000, 0x0000, 0x0000, 0x0000,
  0x0000, 0x0000, 0x0000, 0x0000, 0x0000, 0x0000, 0x0000, 0x0000, 0x0000, 0x0000, 0x0000, 0x0000,
  0x0008, 0x0008, 0x6650, 0xeea8, 0xcda0, 0xcda0, 0xada8, 0x0fc2, 0xf1fb, 0x59f6, 0xfff7, 0xdeff,
  0x7afe, 0xd1fb, 0x92f2, 0x34f1, 0xefa0, 0xcda0, 0xcda8, 0x8860, 0x0000, 0x0000, 0x2000, 0x0000,
  0x0000, 0x0000, 0x0000, 0x0000, 0x0000, 0x0000, 0x0000, 0x0000, 0x0000, 0x0000, 0x0000, 0x0000,
  0x6868, 0x54f1, 0x34f9, 0x35f1, 0x54e9, 0x6650, 0x0000, 0x0000, 0x0000, 0x0000, 0x0000, 0x0000,
  0x0000, 0x0000, 0x0000, 0x2210, 0x8760, 0xf3d8, 0x57fb, 0x35f2, 0xaeb0, 0x6440, 0x0100, 0x0000,
  0x0000, 0x0000, 0x0000, 0x0000, 0x0000, 0x0000, 0x0000, 0x0000, 0x0000, 0x0000, 0x0000, 0x0000,
  0x0000, 0x0000, 0x0000, 0x6108, 0x8210, 0x6108, 0x6108, 0x4108, 0x0000, 0x0000, 0x2000, 0x6108,
  0x6108, 0x2000, 0x0000, 0x0000, 0x0000, 0x0000, 0x0000, 0x0000, 0x0000, 0x0000, 0x0000, 0x0000,
  0x0000, 0x0000, 0x0000, 0x0000, 0x0000, 0x0000, 0x2000, 0x0000, 0xeb70, 0x34f9, 0xf5f1, 0x55f2,
  0x34ea, 0x92f3, 0x50fd, 0xd9fe, 0xffef, 0xfeff, 0x1af7, 0x92f5, 0xf3f3, 0x14f2, 0x76f2, 0x14ea,
  0x53f1, 0xec98, 0x0100, 0x0008, 0x0000, 0x0000, 0x0000, 0x0000, 0x0000, 0x0000, 0x0000, 0x0000,
  0x0000, 0x0000, 0x0000, 0x0000, 0x0000, 0x0100, 0x6868, 0x34f1, 0x54f9, 0x34f9, 0x13f1, 0x4650,
  0x0000, 0x0000, 0x0000, 0x0000, 0x0000, 0x0000, 0x0000, 0x2000, 0x0108, 0x8860, 0x71d1, 0x78f3,
  0x5cee, 0x5af5, 0x35fb, 0x4ba2, 0x2331, 0x2000, 0x0000, 0x0000, 0x0000, 0x0000, 0x0000, 0x0000,
  0x0000, 0x0000, 0x0000, 0x0000, 0x0000, 0x0000, 0x0000, 0x0000, 0x0000, 0x2000, 0x4108, 0x6108,
  0x8210, 0x6108, 0x4108, 0x0000, 0x0000, 0x6108, 0x6108, 0x2000, 0x0000, 0x0000, 0x0000, 0x0000,
  0x0000, 0x0000, 0x0000, 0x0000, 0x0000, 0x0000, 0x0000, 0x0000, 0x0000, 0x0000, 0x0000, 0x0000,
  0x0000, 0x0008, 0xaa78, 0xb4f9, 0xdcfd, 0xbff7, 0x9ef7, 0xbfff, 0x9eff, 0xdef7, 0xdeff, 0xbfff,
  0xdeff, 0x9dff, 0x9fff, 0xbef7, 0x9fff, 0x3efe, 0x15f2, 0x0c99, 0x0000, 0x0008, 0x0000, 0x0000,
  0x0000, 0x0000, 0x0000, 0x0000, 0x0000, 0x0000, 0x0000, 0x0000, 0x0000, 0x0000, 0x0000, 0x2000,
  0x2228, 0x8a78, 0xa970, 0xea68, 0xc970, 0x2430, 0x0000, 0x0000, 0x0000, 0x0000, 0x0000, 0x0000,
  0x0008, 0x2108, 0x6648, 0x71d9, 0xd7f2, 0xfefe, 0xbeff, 0xffff, 0x58ee, 0x51fd, 0xaaaa, 0x4218,
  0x0000, 0x0000, 0x0000, 0x0000, 0x0000, 0x0000, 0x0000, 0x0000, 0x0000, 0x0000, 0x0000, 0x0000,
  0x0000, 0x0000, 0x0000, 0x0000, 0x2000, 0x6108, 0x6108, 0x8210, 0x6108, 0x4100, 0x2000, 0x6108,
  0x8210, 0x4108, 0x0000, 0x0000, 0x0000, 0x0000, 0x0000, 0x0000, 0x0000, 0x0000, 0x0000, 0x0000,
  0x0000, 0x0000, 0x0000, 0x0000, 0x0000, 0x0000, 0x0000, 0x0000, 0xa978, 0xb5f1, 0x5dfe, 0xdeff,
  0xfef7, 0xfff7, 0xffff, 0xfdf7, 0xfff7, 0xdfff, 0xffff, 0xdfff, 0xfef7, 0xdff7, 0xdfff, 0xdcfe,
  0x15f2, 0xae98, 0x0000, 0x0000, 0x0100, 0x0000, 0x0000, 0x0000, 0x0000, 0x0000, 0x0000, 0x0000,
  0x0000, 0x0000, 0x0000, 0x0000, 0x0000, 0x0000, 0x0000, 0x0000, 0x0000, 0x0000, 0x0000, 0x0000,
  0x0000, 0x0000, 0x0000, 0x0000, 0x0000, 0x0000, 0x2000, 0x2438, 0x52d9, 0xd4f9, 0x5df6, 0xdef7,
  0xdfff, 0xfff7, 0xdef7, 0x37fe, 0x51f3, 0xcea0, 0x0008, 0x0000, 0x0100, 0x0000, 0x0000, 0x0000,
  0x0000, 0x0000, 0x0000, 0x0000, 0x0000, 0x0000, 0x0000, 0x0000, 0x0000, 0x0000, 0x0000, 0x0008,
  0x6108, 0x6210, 0x6210, 0xa208, 0x4110, 0x6108, 0x2220, 0xa208, 0x8208, 0x6210, 0x8108, 0x6108,
  0x0000, 0x0000, 0x0000, 0x0000, 0x0000, 0x0000, 0x0000, 0x0000, 0x0000, 0x0000, 0x0000, 0x0000,
  0x2000, 0x2008, 0xaa88, 0xb5f9, 0x3dfe, 0xfff7, 0xbeff, 0xfef7, 0xdff7, 0xdfff, 0xdeff, 0xfeff,
  0xfff7, 0xfeef, 0xdfff, 0xdfff, 0xffff, 0xbdfe, 0xf5f9, 0xada0, 0x0000, 0x0000, 0x0100, 0x0000,
  0x0000, 0x0000, 0x0000, 0x0000, 0x0000, 0x0000, 0x0000, 0x0000, 0x0000, 0x0000, 0x0000, 0x0000,
  0x0000, 0x0000, 0x0000, 0x0000, 0x0000, 0x0000, 0x0000, 0x0000, 0x0000, 0x0000, 0x0000, 0x0000,
  0x2000, 0x2438, 0x54f1, 0xd5f9, 0x7bfe, 0xfeff, 0xdeff, 0xdff7, 0xfdff, 0x97fe, 0x32fb, 0xafb8,
  0x0108, 0x2000, 0x0108, 0x0000, 0x0000, 0x0000, 0x0000, 0x0000, 0x0000, 0x0000, 0x0000, 0x0000,
  0x0000, 0x0000, 0x0000, 0x0000, 0x2000, 0x0000, 0x4100, 0x8208, 0xa538, 0x0b89, 0x0c99, 0x2b91,
  0xec98, 0xe760, 0x6218, 0x6208, 0x6108, 0x6108, 0x0000, 0x0000, 0x0000, 0x0000, 0x0000, 0x0000,
  0x0000, 0x0000, 0x0000, 0x0000, 0x0000, 0x0000, 0x0000, 0x0000, 0xca70, 0x75f1, 0x98fb, 0x39fc,
  0x79fc, 0x57fd, 0x35fe, 0x3bff, 0xfeff, 0xfff7, 0x5bff, 0x36f6, 0x58fd, 0x59f4, 0x59fc, 0xd8f3,
  0x94e9, 0xcc98, 0x4100, 0x0000, 0x0000, 0x0000, 0x0000, 0x0000, 0x0000, 0x0000, 0x0000, 0x0000,
  0x0000, 0x0000, 0x0000, 0x0000, 0x0000, 0x0000, 0x0000, 0x0000, 0x0000, 0x0000, 0x0000, 0x0000,
  0x0000, 0x0000, 0x0000, 0x0000, 0x0000, 0x0108, 0x4000, 0x6428, 0x11d1, 0xb5f1, 0xfcf5, 0xdfff,
  0xfff7, 0xbeff, 0x7eff, 0xd7f5, 0xd1ea, 0xcb88, 0x0108, 0x2000, 0x0000, 0x0000, 0x0000, 0x0000,
  0x0000, 0x0000, 0x0000, 0x0000, 0x0000, 0x0000, 0x0000, 0x0000, 0x2000, 0x4108, 0x6108, 0x4108,
  0x0000, 0x2000, 0xc750, 0xb3f1, 0xb5f1, 0xb6f1, 0x97f9, 0x4c99, 0x6210, 0x8208, 0x8110, 0x6108,
  0x0000, 0x0000, 0x0000, 0x0000, 0x0000, 0x0000, 0x0000, 0x0000, 0x0000, 0x0000, 0x0000, 0x0000,
  0x0000, 0x0008, 0x8868, 0x32d9, 0x51d1, 0x12d9, 0x11d1, 0xb1e2, 0x8ffc, 0xb8fe, 0xffff, 0xbfff,
  0xd9fe, 0xb0f4, 0x10eb, 0x31d1, 0xf3d8, 0x12d1, 0xf2d8, 0x8b88, 0x0108, 0x0000, 0x0000, 0x0000,
  0x0000, 0x0000, 0x0000, 0x0000, 0x0000, 0x0000, 0x0000, 0x0000, 0x0000, 0x0000, 0x0000, 0x0000,
  0x0000, 0x0000, 0x0000, 0x0000, 0x0000, 0x0000, 0x0000, 0x0000, 0x0000, 0x0000, 0x2000, 0x0100,
  0x0000, 0x0008, 0x4538, 0x0fb9, 0x55f2, 0x3dfe, 0x9eff, 0x7ef7, 0x3af4, 0x12e2, 0xeb80, 0x4218,
  0x0000, 0x2000, 0x0000, 0x0000, 0x0000, 0x0000, 0x0000, 0x0000, 0x0000, 0x0000, 0x0000, 0x0000,
  0x0000, 0x0000, 0x4108, 0x6108, 0x8210, 0x6100, 0x2000, 0x0000, 0x8648, 0xb3e9, 0xd5e9, 0x95f9,
  0x96f9, 0x2eb9, 0x8748, 0x8648, 0x2108, 0x2000, 0x0000, 0x0000, 0x0000, 0x0000, 0x0000, 0x0000,
  0x0000, 0x0000, 0x0000, 0x0000, 0x0000, 0x0000, 0x0000, 0x2000, 0x0218, 0x2530, 0x2320, 0x2538,
  0x2320, 0x0b81, 0xf3f9, 0x9af5, 0xffef, 0xdeff, 0xdcfd, 0x14fa, 0x2b89, 0x2220, 0x2228, 0x4318,
  0x2430, 0x4218, 0x4000, 0x2000, 0x0000, 0x0000, 0x0000, 0x0000, 0x0000, 0x0000, 0x0000, 0x0000,
  0x0000, 0x0000, 0x0000, 0x0000, 0x0000, 0x0000, 0x0000, 0x0000, 0x0000, 0x0000, 0x0000, 0x0000,
  0x0000, 0x0000, 0x0000, 0x0000, 0x2000, 0x0008, 0x0000, 0x0000, 0x0000, 0x4538, 0x10c9, 0xf3f1,
  0xdbed, 0x78f4, 0xb4e1, 0xcd98, 0x0320, 0x0000, 0x2000, 0x0000, 0x0000, 0x0000, 0x0000, 0x0000,
  0x0000, 0x0000, 0x0000, 0x0000, 0x0000, 0x0000, 0x0000, 0x2000, 0x6108, 0x6108, 0x4108, 0x0110,
  0x2000, 0x0000, 0x4648, 0x53e9, 0x96f9, 0xb4e9, 0xb5f9, 0x94f9, 0x34f1, 0x31d9, 0x2310, 0x0000,
  0x0000, 0x0000, 0x0000, 0x0000, 0x0000, 0x0000, 0x0000, 0x0000, 0x0000, 0x0000, 0x0000, 0x0000,
  0x0000, 0x2000, 0x2000, 0x0000, 0x6000, 0x0000, 0x0000, 0xa968, 0x36f9, 0x3bf5, 0xdfff, 0xbfff,
  0xfbf5, 0x75f9, 0xab80, 0x0000, 0x0008, 0x2000, 0x0000, 0x0000, 0x0000, 0x0000, 0x2000, 0x0000,
  0x0000, 0x0000, 0x0000, 0x0000, 0x0000, 0x0000, 0x0000, 0x0000, 0x0000, 0x0000, 0x0000, 0x0000,
  0x0000, 0x0000, 0x0000, 0x0000, 0x0000, 0x0000, 0x0000, 0x0000, 0x0000, 0x0000, 0x0000, 0x0000,
  0x0000, 0x0000, 0x0000, 0x2000, 0x4538, 0xf0c0, 0x35ea, 0x92e1, 0x8c90, 0x0220, 0x6000, 0x0008,
  0x2100, 0x0000, 0x0008, 0x0000, 0x0000, 0x0000, 0x0000, 0x0000, 0x0000, 0x0000, 0x0000, 0x0000,
  0x0000, 0x4108, 0x8210, 0x6108, 0x2000, 0x0000, 0x0000, 0x0000, 0x6648, 0x32d9, 0x75f1, 0x93e1,
  0xb2e9, 0xb3d9, 0x94d9, 0x2fd1, 0x2218, 0x2000, 0x0000, 0x0000, 0x0000, 0x0000, 0x0000, 0x0000,
  0x0000, 0x0000, 0x0000, 0x0000, 0x0000, 0x0000, 0x0000, 0x0000, 0x0000, 0x0000, 0x0000, 0x0000,
  0x2000, 0xa968, 0x34f9, 0x5afd, 0xfef7, 0xdeff, 0xdcfd, 0x75f1, 0xaa80, 0x2000, 0x0000, 0x2000,
  0x0000, 0x0000, 0x0000, 0x0000, 0x0000, 0x0000, 0x0000, 0x0000, 0x0000, 0x0000, 0x0000, 0x0000,
  0x0000, 0x0000, 0x0000, 0x0000, 0x0000, 0x0000, 0x0000, 0x0000, 0x0000, 0x0000, 0x0000, 0x0000,
  0x0000, 0x0000, 0x0000, 0x0000, 0x0000, 0x0000, 0x0000, 0x0000, 0x0000, 0x0000, 0x0108, 0x4430,
  0x4540, 0x4540, 0x2218, 0x0000, 0x2000, 0x0000, 0x0000, 0x0000, 0x0000, 0x0000, 0x0000, 0x0000,
  0x0000, 0x0000, 0x0000, 0x0000, 0x0000, 0x0000, 0x2000, 0x6108, 0x6108, 0x6108, 0x0000, 0x0000,
  0x0000, 0x0000, 0x6648, 0x32e9, 0x53e1, 0xa970, 0xc748, 0xa650, 0x8748, 0xa538, 0x2108, 0x0000,
  0x0000, 0x0000, 0x0000, 0x0000, 0x0000, 0x0000, 0x0000, 0x0000, 0x0000, 0x0000, 0x0000, 0x0000,
  0x0000, 0x0000, 0x0000, 0x0000, 0x0000, 0x0000, 0x0000, 0x8968, 0x54f1, 0x97eb, 0xf9f4, 0xfafc,
  0xd9f3, 0x75f1, 0xc978, 0x0000, 0x0008, 0x0000, 0x0000, 0x0000, 0x0000, 0x0000, 0x0000, 0x0000,
  0x0000, 0x0000, 0x0000, 0x0000, 0x0000, 0x0000, 0x0000, 0x0000, 0x0000, 0x0000, 0x0000, 0x0000,
  0x0000, 0x0000, 0x0000, 0x0000, 0x0000, 0x0000, 0x0000, 0x0000, 0x0000, 0x0000, 0x0000, 0x0000,
  0x0000, 0x0000, 0x0000, 0x0000, 0x0000, 0x0008, 0x0000, 0x0000, 0x0008, 0x2008, 0x4000, 0x0000,
  0x0000, 0x0000, 0x0000, 0x0000, 0x0000, 0x0000, 0x0000, 0x0000, 0x0000, 0x0000, 0x0000, 0x2000,
  0x0000, 0x6108, 0x6108, 0x6108, 0x0000, 0x0000, 0x2000, 0x2000, 0x6640, 0x73e1, 0x53e1, 0x6550,
  0x6000, 0x8108, 0x6100, 0x0000, 0x0008, 0x0000, 0x0000, 0x0000, 0x0000, 0x0000, 0x0000, 0x0000,
  0x0000, 0x0000, 0x0000, 0x0000, 0x0000, 0x0000, 0x0000, 0x0000, 0x0000, 0x0000, 0x0000, 0x0000,
  0x0000, 0x6978, 0x36f9, 0x34f1, 0x14f1, 0x14f1, 0x33f1, 0x13e9, 0x8980, 0x0000, 0x0000, 0x2000,
  0x0000, 0x0000, 0x0000, 0x0000, 0x0000, 0x0000, 0x0000, 0x0000, 0x0000, 0x0000, 0x0000, 0x0000,
  0x0000, 0x0000, 0x0000, 0x0000, 0x0000, 0x0000, 0x0000, 0x0000, 0x0000, 0x0000, 0x0000, 0x0000,
  0x0000, 0x0000, 0x0000, 0x0000, 0x0000, 0x0000, 0x0000, 0x0000, 0x0000, 0x0000, 0x0000, 0x0000,
  0x0000, 0x2100, 0x0000, 0x0000, 0x0000, 0x0000, 0x0000, 0x0000, 0x0000, 0x0000, 0x0000, 0x0000,
  0x0000, 0x0000, 0x0000, 0x0000, 0x0000, 0x0000, 0x2000, 0x6108, 0x6108, 0x6108, 0x4108, 0x0000,
  0x0000, 0x0000, 0x4430, 0x0c91, 0x0d91, 0x8530, 0x4000, 0x0008, 0x0100, 0x2100, 0x0000, 0x0000,
  0x0000, 0x0000, 0x0000, 0x0000, 0x0000, 0x0000, 0x0000, 0x0000, 0x0000, 0x0000, 0x0000, 0x0000,
  0x0000, 0x0000, 0x0000, 0x0000, 0x0000, 0x0000, 0x0000, 0x6870, 0x75e9, 0x54f1, 0x34f9, 0x34f9,
  0x10b9, 0x6850, 0x2330, 0x0000, 0x0000, 0x0000, 0x0000, 0x0000, 0x0000, 0x0000, 0x0000, 0x0000,
  0x0000, 0x0000, 0x0000, 0x0000, 0x0000, 0x0000, 0x0000, 0x0000, 0x0000, 0x0000, 0x0000, 0x0000,
  0x0000, 0x0000, 0x0000, 0x0000, 0x0000, 0x0000, 0x0000, 0x0000, 0x0000, 0x0000, 0x0000, 0x0000,
  0x0000, 0x0000, 0x0000, 0x0000, 0x0000, 0x0008, 0x0000, 0x0000, 0x0000, 0x0000, 0x2000, 0x0000,
  0x0000, 0x0000, 0x0000, 0x0000, 0x0000, 0x0000, 0x0000, 0x0000, 0x0000, 0x2000, 0x2000, 0x0000,
  0x0000, 0x4108, 0x6108, 0x6108, 0x6108, 0x2100, 0x0000, 0x0008, 0x6108, 0x6210, 0x8310, 0x6108,
  0x2000, 0x2000, 0x0008, 0x4000, 0x0000, 0x0000, 0x0000, 0x0000, 0x0000, 0x0000, 0x0000, 0x0000,
  0x0000, 0x0000, 0x0000, 0x0000, 0x0000, 0x0000, 0x0000, 0x0000, 0x0000, 0x0000, 0x0000, 0x0000,
  0x4000, 0xa868, 0x53e1, 0x13f1, 0x13e9, 0x13e1, 0xcba0, 0x2108, 0x0000, 0x0000, 0x0000, 0x0000,
  0x0000, 0x0000, 0x0000, 0x0000, 0x0000, 0x0000, 0x0000, 0x0000, 0x0000, 0x0000, 0x0000, 0x0000,
  0x0000, 0x0000, 0x0000, 0x0000, 0x0000, 0x0000, 0x0000, 0x0000, 0x0000, 0x0000, 0x0000, 0x0000,
  0x0000, 0x0000, 0x0000, 0x0000, 0x0000, 0x0000, 0x0000, 0x0000, 0x0000, 0x0000, 0x0000, 0x0000,
  0x2000, 0x2000, 0x2000, 0x2000, 0x0000, 0x0000, 0x0000, 0x0000, 0x0000, 0x0000, 0x0000, 0x0000,
  0x0000, 0x4108, 0x6108, 0x6108, 0x6108, 0x4108, 0x2000, 0x0000, 0x6108, 0x8210, 0x6108, 0x6210,
  0x6108, 0x6100, 0x8208, 0x8208, 0x8210, 0x4108, 0x0000, 0x0000, 0x0008, 0x0008, 0x0000, 0x0000,
  0x0000, 0x0000, 0x0000, 0x0000, 0x0000, 0x0000, 0x0000, 0x0000, 0x0000, 0x0000, 0x0000, 0x0000,
  0x0000, 0x0000, 0x0000, 0x0000, 0x0000, 0x0000, 0x0008, 0x0110, 0x0318, 0x0218, 0x4218, 0x2220,
  0x2218, 0x2000, 0x0008, 0x0000, 0x0000, 0x0000, 0x0000, 0x0000, 0x0000, 0x0000, 0x0000, 0x0000,
  0x0000, 0x0000, 0x0000, 0x0000, 0x0000, 0x0000, 0x0000, 0x0000, 0x0000, 0x0000, 0x0000, 0x0000,
  0x0000, 0x0000, 0x0000, 0x0000, 0x0000, 0x0000, 0x0000, 0x0000, 0x0000, 0x0000, 0x0000, 0x0000,
  0x0000, 0x0000, 0x0000, 0x0000, 0x0000, 0x0000, 0x0000, 0x0008, 0x0000, 0x0000, 0x0000, 0x0000,
  0x0000, 0x0000, 0x0000, 0x0000, 0x0000, 0x2000, 0x4108, 0x6108, 0x8210, 0x8210, 0x6108, 0x8210,
  0x6108, 0x2000, 0x4108, 0x6108, 0x6108, 0x6108, 0x6108, 0x6210, 0x6210, 0x8208, 0x4108, 0x0000,
  0x0000, 0x0000, 0x0000, 0x0000, 0x0000, 0x0000, 0x0000, 0x0000, 0x0000, 0x0000, 0x0000, 0x0000,
  0x0000, 0x0000, 0x0000, 0x0000, 0x0000, 0x0000, 0x0000, 0x0000, 0x0000, 0x0000, 0x0000, 0x0000,
  0x0000, 0x0000, 0x0000, 0x0000, 0x0000, 0x0000, 0x0000, 0x0000, 0x0000, 0x0000, 0x0000, 0x0000,
  0x0000, 0x0008, 0x2000, 0x2000, 0x0000, 0x0000, 0x0000, 0x0000, 0x0000, 0x0000, 0x0000, 0x0000,
  0x0000, 0x0000, 0x0000, 0x0000, 0x0000, 0x0000, 0x0000, 0x0000, 0x0000, 0x0000, 0x0000, 0x0000,
  0x0000, 0x0000, 0x0000, 0x0000, 0x0000, 0x0000, 0x0000, 0x0000, 0x0000, 0x0000, 0x0000, 0x0000,
  0x0000, 0x0000, 0x0000, 0x0000, 0x0000, 0x0000, 0x0000, 0x0000, 0x0000, 0x0000, 0x0000, 0x4108,
  0x6108, 0x8210, 0x6108, 0x6108, 0x6108, 0x6108, 0x6108, 0x6108, 0x4108, 0x2000, 0x4108, 0x6108,
  0x6108, 0x6108, 0x4108, 0x2000, 0x0000, 0x0000, 0x0000, 0x0000, 0x0000, 0x0000, 0x0000, 0x0000,
  0x0000, 0x0000, 0x0000, 0x0000, 0x0000, 0x0000, 0x0000, 0x0000, 0x0000, 0x0000, 0x0000, 0x0000,
  0x0000, 0x0000, 0x0000, 0x0000, 0x0000, 0x0000, 0x0000, 0x0000, 0x0000, 0x0000, 0x0000, 0x0000,
  0x0000, 0x0000, 0x0000, 0x0000, 0x0000, 0x0000, 0x0000, 0x0000, 0x0000, 0x0000, 0x0000, 0x0000,
  0x0008, 0x0000, 0x0000, 0x0000, 0x0000, 0x0000, 0x0000, 0x0000, 0x0000, 0x0000, 0x0000, 0x0000,
  0x0000, 0x0000, 0x0000, 0x0000, 0x0000, 0x0000, 0x0000, 0x0000, 0x0000, 0x0000, 0x0000, 0x0000,
  0x0000, 0x0000, 0x2000, 0x0000, 0x0008, 0x2008, 0x0008, 0x0008, 0x0000, 0x0000, 0x0000, 0x0000,
  0x0000, 0x0000, 0x0000, 0x0000, 0x2000, 0x6108, 0x8210, 0x6108, 0x2000, 0x0000, 0x2000, 0x6108,
  0x6108, 0x8210, 0x4108, 0x2000, 0x0000, 0x0000, 0x0000, 0x0000, 0x0000, 0x0000, 0x0000, 0x0000,
  0x0000, 0x0000, 0x0000, 0x0000, 0x0000, 0x0000, 0x0000, 0x0000, 0x0000, 0x0000, 0x0000, 0x0000,
  0x0000, 0x0000, 0x0000, 0x0000, 0x0000, 0x0000, 0x0000, 0x0000, 0x0000, 0x0000, 0x0000, 0x0000,
  0x0000, 0x0000, 0x0000, 0x0000, 0x0000, 0x0000, 0x0000, 0x0000, 0x0000, 0x0000, 0x0000, 0x0000,
  0x0000, 0x0000, 0x0000, 0x0000, 0x0000, 0x0000, 0x0000, 0x0000, 0x2000, 0x2000, 0x0000, 0x0000,
  0x0000, 0x0000, 0x0000, 0x0000, 0x0000, 0x0000, 0x0000, 0x0000, 0x0000, 0x0000, 0x0000, 0x0000,
  0x0000, 0x0000, 0x0000, 0x0000, 0x0000, 0x0000, 0x0000, 0x0000, 0x0008, 0x0000, 0x0000, 0x4000,
  0x0000, 0x0000, 0x0008, 0x0000, 0x0000, 0x0000, 0x0000, 0x0000, 0x0000, 0x0000, 0x4108, 0x6108,
  0x6108, 0x4108, 0x0000, 0x0000, 0x0000, 0x2000, 0x4108, 0x8210, 0x6108, 0x2000, 0x0000, 0x0000,
  0x0000, 0x0000, 0x0000, 0x0000, 0x0000, 0x0000, 0x0000, 0x0000, 0x0000, 0x0000, 0x0000, 0x0000,
  0x0000, 0x0000, 0x0000, 0x0000, 0x0000, 0x0000, 0x0000, 0x0000, 0x0000, 0x0000, 0x0000, 0x0000,
  0x0000, 0x0000, 0x0000, 0x0000, 0x0000, 0x0000, 0x0000, 0x0000, 0x0000, 0x0000, 0x0000, 0x0000,
  0x0000, 0x0000, 0x0000, 0x0000, 0x0000, 0x0000, 0x0000, 0x2000, 0x0000, 0x4430, 0x4760, 0x6758,
  0x8858, 0x6758, 0x2220, 0x0000, 0x0008, 0x0000, 0x0000, 0x0000, 0x0000, 0x0000, 0x0000, 0x0000,
  0x0000, 0x0000, 0x0000, 0x0000, 0x0000, 0x0000, 0x0000, 0x0000, 0x0000, 0x0000, 0x0000, 0x0000,
  0x0000, 0x2110, 0x6760, 0x6858, 0x6758, 0x6758, 0x6540, 0x2100, 0x0000, 0x2000, 0x2008, 0x0000,
  0x0000, 0x0000, 0x0000, 0x0000, 0x4108, 0x8210, 0x6108, 0x2000, 0x0000, 0x0000, 0x0000, 0x0000,
  0x2000, 0x6108, 0x8210, 0x4108, 0x0000, 0x0000, 0x0000, 0x0000, 0x0000, 0x0000, 0x0000, 0x0000,
  0x0000, 0x0000, 0x0000, 0x0000, 0x0000, 0x0000, 0x0000, 0x0000, 0x0000, 0x0000, 0x0000, 0x0000,
  0x0000, 0x0000, 0x0000, 0x0000, 0x0000, 0x0000, 0x0000, 0x0000, 0x0000, 0x0000, 0x0000, 0x0000,
  0x0000, 0x0000, 0x0000, 0x0000, 0x0000, 0x0000, 0x0000, 0x0000, 0x0000, 0x0000, 0x0000, 0x0000,
  0x0000, 0x0000, 0x0110, 0xca88, 0x53f9, 0x74f9, 0x54f1, 0x32e9, 0x6750, 0x2000, 0x0000, 0x0000,
  0x0000, 0x0000, 0x0000, 0x0000, 0x0000, 0x0000, 0x0000, 0x0000, 0x0000, 0x0000, 0x0000, 0x0000,
  0x0000, 0x0000, 0x0000, 0x0000, 0x0000, 0x0000, 0x0000, 0x4430, 0x72e1, 0x74f9, 0x74f1, 0x12f9,
  0xeda8, 0x0210, 0x0008, 0x6000, 0x6208, 0x2000, 0x2000, 0x2000, 0x4108, 0x0000, 0x4108, 0x6108,
  0x6108, 0x4108, 0x2000, 0x0000, 0x0000, 0x0000, 0x4108, 0x6108, 0x6108, 0x4108, 0x0000, 0x0000,
  0x0000, 0x0000, 0x0000, 0x0000, 0x0000, 0x0000, 0x0000, 0x0000, 0x0000, 0x0000, 0x0000, 0x0000,
  0x0000, 0x0000, 0x0000, 0x0000, 0x0000, 0x0000, 0x0000, 0x0000, 0x0000, 0x0000, 0x0000, 0x0000,
  0x0000, 0x0000, 0x0000, 0x0000, 0x0000, 0x0000, 0x0000, 0x0000, 0x0000, 0x0000, 0x0000, 0x0000,
  0x0000, 0x0000, 0x0000, 0x0000, 0x0000, 0x0000, 0x0000, 0x0000, 0x0000, 0xcb88, 0x14f9, 0x55f1,
  0x54f9, 0x54f1, 0x6750, 0x2000, 0x0008, 0x0000, 0x0000, 0x0000, 0x0000, 0x0000, 0x0000, 0x0000,
  0x0000, 0x0000, 0x0000, 0x0000, 0x0000, 0x0000, 0x0000, 0x0000, 0x0000, 0x0000, 0x0000, 0x2110,
  0x4318, 0x4650, 0x53f1, 0x34f1, 0x34f1, 0x14f9, 0xeea8, 0x2108, 0x0008, 0x8110, 0x8208, 0x4108,
  0x6108, 0x6108, 0x6108, 0x2000, 0x2000, 0x6108, 0x8210, 0x6108, 0x4108, 0x2000, 0x0000, 0x0000,
  0x4108, 0x6108, 0x6108, 0x4108, 0x0000, 0x0000, 0x0000, 0x0000, 0x0000, 0x0000, 0x0000, 0x0000,
  0x0000, 0x0000, 0x0000, 0x0000, 0x0000, 0x0000, 0x0000, 0x0000, 0x0000, 0x0000, 0x0000, 0x0000,
  0x0000, 0x0000, 0x0000, 0x0000, 0x0000, 0x0000, 0x0000, 0x0000, 0x0000, 0x0000, 0x0000, 0x0000,
  0x0000, 0x0000, 0x0000, 0x0000, 0x0000, 0x0000, 0x0000, 0x0000, 0x0000, 0x0000, 0x0000, 0x0000,
  0x0000, 0x0000, 0x0000, 0xab90, 0x14f9, 0x54f1, 0x54f9, 0x33f1, 0x6750, 0x2000, 0x0008, 0x0000,
  0x0000, 0x0000, 0x0000, 0x0000, 0x0000, 0x0000, 0x0000, 0x0000, 0x0000, 0x0000, 0x0000, 0x0000,
  0x0008, 0x0000, 0x0008, 0x0000, 0x0000, 0x6860, 0x30b9, 0x11d9, 0xf4f0, 0x34f1, 0x34f1, 0x54e9,
  0x0ea9, 0x2108, 0x2100, 0x6110, 0x6108, 0x6108, 0x8210, 0x6108, 0x6108, 0x2000, 0x0000, 0x4108,
  0x6108, 0x6108, 0x6108, 0x6108, 0x4108, 0x4108, 0x6108, 0x8210, 0x6108, 0x2000, 0x0000, 0x0000,
  0x0000, 0x0000, 0x0000, 0x0000, 0x0000, 0x0000, 0x0000, 0x0000, 0x0000, 0x0000, 0x0000, 0x0000,
  0x0000, 0x0000, 0x0000, 0x0000, 0x0000, 0x0000, 0x0000, 0x0000, 0x0000, 0x0000, 0x0000, 0x0000,
  0x0000, 0x0000, 0x0000, 0x0000, 0x0000, 0x0000, 0x0000, 0x0000, 0x0000, 0x0000, 0x0000, 0x0000,
  0x0000, 0x0000, 0x0000, 0x0000, 0x0000, 0x0000, 0x0000, 0x0000, 0x0000, 0xcb88, 0x34f1, 0x73e9,
  0x54f1, 0x32e9, 0x6650, 0x2000, 0x0000, 0x0000, 0x0000, 0x0000, 0x0000, 0x0000, 0x0000, 0x0000,
  0x0000, 0x0000, 0x0000, 0x0000, 0x0000, 0x0000, 0x2000, 0x2000, 0x2000, 0x0000, 0x0000, 0x8b70,
  0x95f1, 0x54f1, 0x76e9, 0x55f1, 0x74f1, 0x53f1, 0xeda8, 0x2010, 0x0100, 0x2008, 0x6108, 0x6108,
  0x6108, 0x6108, 0x4108, 0x0000, 0x0000, 0x2000, 0x4108, 0x6108, 0x8210, 0x8210, 0x6108, 0x8210,
  0x8210, 0x6108, 0x4108, 0x0000, 0x0000, 0x0000, 0x0000, 0x0000, 0x0000, 0x0000, 0x0000, 0x0000,
  0x0000, 0x0000, 0x0000, 0x0000, 0x0000, 0x0000, 0x0000, 0x0000, 0x0000, 0x0000, 0x0000, 0x0000,
  0x0000, 0x0000, 0x0000, 0x0000, 0x0000, 0x0000, 0x0000, 0x0000, 0x0000, 0x0000, 0x0000, 0x0000,
  0x0000, 0x0000, 0x0000, 0x0000, 0x0000, 0x0000, 0x0000, 0x0000, 0x0000, 0x0000, 0x0000, 0x0000,
  0x0000, 0x0000, 0x0000, 0x4648, 0x8a70, 0xa970, 0x8978, 0x8970, 0x4328, 0x0000, 0x0000, 0x0000,
  0x0000, 0x0000, 0x0000, 0x0000, 0x0000, 0x0000, 0x0000, 0x0000, 0x0000, 0x0000, 0x0000, 0x0000,
  0x2100, 0x2000, 0x0000, 0x0000, 0x2000, 0x8a70, 0x34f9, 0x33f1, 0x54f1, 0x54f1, 0x74f1, 0xd5f1,
  0x2fb1, 0x4210, 0x0000, 0x2000, 0x8108, 0x6108, 0x6108, 0x6108, 0x6108, 0x2000, 0x0000, 0x0000,
  0x2000, 0x4108, 0x6108, 0x6108, 0x6108, 0x6108, 0x6108, 0x4108, 0x0000, 0x0000, 0x0000, 0x0000,
  0x0000, 0x0000, 0x0000, 0x0000, 0x0000, 0x0000, 0x0000, 0x0000, 0x0000, 0x0000, 0x0000, 0x0000,
  0x0000, 0x0000, 0x0000, 0x0000, 0x0000, 0x0000, 0x0000, 0x0000, 0x0000, 0x0000, 0x0000, 0x0000,
  0x0000, 0x0000, 0x0000, 0x0000, 0x0000, 0x0000, 0x0000, 0x0000, 0x0000, 0x0000, 0x0000, 0x0000,
  0x0000, 0x0000, 0x0000, 0x0000, 0x0000, 0x0000, 0x0000, 0x0000, 0x0000, 0x0008, 0x0000, 0x0000,
  0x0000, 0x0000, 0x2000, 0x0000, 0x0000, 0x0000, 0x0000, 0x0000, 0x0000, 0x0000, 0x0000, 0x0000,
  0x0000, 0x0000, 0x0000, 0x0000, 0x0000, 0x2008, 0x0000, 0x0000, 0x0000, 0x0000, 0x0008, 0x8a70,
  0x54f9, 0x53e9, 0xf4f0, 0x95f1, 0xb5f1, 0xb5f9, 0x30b9, 0x8318, 0x0100, 0x4000, 0x6108, 0x6108,
  0x6108, 0x6108, 0x6108, 0x6108, 0x0000, 0x0000, 0x0000, 0x0000, 0x0000, 0x2000, 0x4108, 0x2000,
  0x2000, 0x0000, 0x0000, 0x0000, 0x0000, 0x0000, 0x0000, 0x0000, 0x0000, 0x0000, 0x0000, 0x0000,
  0x0000, 0x0000, 0x0000, 0x0000, 0x0000, 0x0000, 0x0000, 0x0000, 0x0000, 0x0000, 0x0000, 0x0000,
  0x0000, 0x0000, 0x0000, 0x0000, 0x0000, 0x0000, 0x0000, 0x0000, 0x0000, 0x0000, 0x0000, 0x0000,
  0x0000, 0x0000, 0x0000, 0x0000, 0x0000, 0x0000, 0x0000, 0x0000, 0x0000, 0x0000, 0x0000, 0x0000,
  0x0000, 0x0000, 0x0000, 0x0000, 0x2000, 0x2000, 0x0000, 0x0000, 0x0000, 0x0000, 0x0000, 0x0000,
  0x0000, 0x0000, 0x0000, 0x0000, 0x0000, 0x0000, 0x0000, 0x0000, 0x0000, 0x0000, 0x0000, 0x0000,
  0x0108, 0x4540, 0x4538, 0x8638, 0x4438, 0xac88, 0x74e9, 0x53f1, 0x95f1, 0x94f1, 0x92d1, 0x70c1,
  0xcb88, 0x4108, 0x0000, 0x2000, 0x4108, 0x4108, 0x2000, 0x6108, 0x6108, 0x8210, 0x6108, 0x2000,
  0x0000, 0x2000, 0x2000, 0x0000, 0x0000, 0x0000, 0x0000, 0x0000, 0x0000, 0x0000, 0x0000, 0x0000,
  0x0000, 0x0000, 0x0000, 0x0000, 0x0000, 0x0000, 0x0000, 0x0000, 0x0000, 0x0000, 0x0000, 0x0000,
  0x0000, 0x0000, 0x0000, 0x0000, 0x0000, 0x0000, 0x0000, 0x0000, 0x0000, 0x0000, 0x0000, 0x0000,
  0x0000, 0x0000, 0x0000, 0x0000, 0x0000, 0x0000, 0x0000, 0x0000, 0x0000, 0x0000, 0x0000, 0x0000,
  0x0000, 0x0000, 0x0000, 0x0000, 0x0000, 0x0000, 0x0000, 0x0000, 0x0000, 0x0000, 0x0000, 0x0000,
  0x0000, 0x0000, 0x0000, 0x0000, 0x0000, 0x0000, 0x0000, 0x0000, 0x0000, 0x0000, 0x0000, 0x0000,
  0x0000, 0x0000, 0x0000, 0x0000, 0x0000, 0x2000, 0x2320, 0x30d1, 0x12d9, 0x32d9, 0x31e1, 0x33e9,
  0x54f9, 0x74f1, 0xb4f1, 0x94f1, 0xe968, 0x4320, 0x0218, 0x2000, 0x0000, 0x0000, 0x0000, 0x0000,
  0x0000, 0x4108, 0x6108, 0x6108, 0x8210, 0x6108, 0x6108, 0x6108, 0x6108, 0x2000, 0x0000, 0x2000,
  0x0000, 0x0000, 0x0000, 0x0000, 0x0000, 0x0000, 0x0000, 0x0000, 0x0000, 0x0000, 0x0000, 0x0000,
  0x0000, 0x0000, 0x0000, 0x0000, 0x0000, 0x0000, 0x0000, 0x0000, 0x0000, 0x0000, 0x0000, 0x0000,
  0x0000, 0x0000, 0x0000, 0x0000, 0x0000, 0x0000, 0x0000, 0x0000, 0x0000, 0x0000, 0x0000, 0x0000,
  0x0000, 0x0000, 0x0000, 0x0000, 0x0000, 0x2000, 0x2000, 0x2000, 0x0000, 0x0000, 0x0000, 0x0000,
  0x0000, 0x0000, 0x0000, 0x0000, 0x0000, 0x0000, 0x0000, 0x0000, 0x0000, 0x0000, 0x0000, 0x0000,
  0x0000, 0x0000, 0x0000, 0x0000, 0x0000, 0x0000, 0x0000, 0x0000, 0x0000, 0x2000, 0x0008, 0x0108,
  0x2528, 0x32e1, 0x74f1, 0x75f9, 0x54f9, 0x34f1, 0x33f1, 0x74f1, 0xd4f1, 0x94f1, 0xa858, 0x0000,
  0x0000, 0x0000, 0x0000, 0x0000, 0x2000, 0x2000, 0x0000, 0x0000, 0x2000, 0x6108, 0x6108, 0x8210,
  0x6108, 0x6108, 0x6108, 0x2000, 0x0000, 0x0000, 0x0000, 0x0000, 0x0100, 0x0108, 0x2000, 0x0000,
  0x0000, 0x0000, 0x0000, 0x0000, 0x0000, 0x0000, 0x0000, 0x0000, 0x0000, 0x0000, 0x0000, 0x0000,
  0x0000, 0x0000, 0x0000, 0x0000, 0x0000, 0x0000, 0x0000, 0x0000, 0x0000, 0x0000, 0x0000, 0x0000,
  0x0000, 0x0000, 0x0000, 0x0000, 0x0000, 0x0000, 0x0000, 0x0000, 0x0000, 0x0000, 0x0000, 0x0000,
  0x0000, 0x0000, 0x0000, 0x0000, 0x0000, 0x2000, 0x0000, 0x0000, 0x0000, 0x0000, 0x0000, 0x0000,
  0x0000, 0x0000, 0x0000, 0x0000, 0x0000, 0x0000, 0x0000, 0x0000, 0x0000, 0x0000, 0x0000, 0x0000,
  0x2000, 0x0000, 0x0000, 0x0008, 0x8760, 0xedb0, 0x0fb1, 0x34f9, 0x34f1, 0x34f1, 0x34e9, 0x34f1,
  0x34f1, 0x95f1, 0xd4f1, 0x74f1, 0xa758, 0x0000, 0x2000, 0x2100, 0x4108, 0x6108, 0x6108, 0x6108,
  0x6108, 0x2000, 0x0000, 0x2000, 0x6108, 0x6108, 0x6108, 0x6108, 0x4108, 0x2000, 0x0000, 0x0000,
  0x0000, 0x4428, 0xeeb0, 0xeda8, 0x0218, 0x0000, 0x0000, 0x0000, 0x0000, 0x0000, 0x0000, 0x0000,
  0x0000, 0x0000, 0x0000, 0x0000, 0x0000, 0x0000, 0x0000, 0x0000, 0x0000, 0x0000, 0x0000, 0x0000,
  0x0000, 0x0000, 0x0000, 0x0000, 0x0000, 0x0000, 0x0000, 0x0000, 0x0000, 0x0000, 0x0000, 0x0000,
  0x0000, 0x2000, 0x0000, 0x0000, 0x0000, 0x0000, 0x2000, 0x0108, 0x0000, 0x0000, 0x0000, 0x0000,
  0x0000, 0x0000, 0x0000, 0x0000, 0x0000, 0x0000, 0x0000, 0x0000, 0x0000, 0x0000, 0x0000, 0x0000,
  0x0000, 0x0000, 0x0000, 0x0000, 0x0000, 0x0000, 0x0000, 0x0000, 0x0000, 0x0000, 0xca78, 0x53f1,
  0x94e9, 0x34f1, 0x34f1, 0x54f1, 0x54f1, 0x54f1, 0x33f1, 0x75f1, 0xd4f1, 0x94f1, 0xc858, 0x4108,
  0x6108, 0x6208, 0x8210, 0x6108, 0x6108, 0x6108, 0x6108, 0x6108, 0x2000, 0x0000, 0x2000, 0x4108,
  0x4108, 0x2000, 0x0000, 0x0000, 0x0000, 0x0000, 0x2000, 0x6640, 0x53f9, 0x52e1, 0x2310, 0x0000,
  0x0000, 0x0000, 0x0000, 0x0000, 0x0000, 0x0000, 0x0000, 0x0000, 0x0000, 0x0000, 0x0000, 0x0000,
  0x0000, 0x0000, 0x0000, 0x0000, 0x0000, 0x0000, 0x0000, 0x0000, 0x0000, 0x0000, 0x0000, 0x0000,
  0x0000, 0x0000, 0x0000, 0x0000, 0x0000, 0x0000, 0x0000, 0x2000, 0x0000, 0x2330, 0x8868, 0x6970,
  0x6970, 0x6978, 0x4428, 0x0000, 0x0000, 0x0000, 0x0000, 0x0000, 0x0000, 0x0000, 0x0000, 0x0000,
  0x0000, 0x0000, 0x0000, 0x0000, 0x0000, 0x0000, 0x0000, 0x0000, 0x0000, 0x0000, 0x0000, 0x0000,
  0x0000, 0x0000, 0x0000, 0x2000, 0x8a78, 0x34f1, 0x54f1, 0x34f1, 0x54f1, 0x33e9, 0x13f1, 0x54f1,
  0x33f1, 0x74f1, 0xb4f1, 0x94f1, 0xe860, 0x8110, 0x8210, 0x6208, 0x6208, 0x6108, 0x6108, 0x8210,
  0x4108, 0x6108, 0x6108, 0x0000, 0x0000, 0x0000, 0x0000, 0x0000, 0x0000, 0x0000, 0x0000, 0x0000,
  0x0000, 0x2320, 0xcc90, 0xab88, 0x0118, 0x0000, 0x0000, 0x0000, 0x0000, 0x0000, 0x0000, 0x0000,
  0x0000, 0x0000, 0x0000, 0x0000, 0x0000, 0x0000, 0x0000, 0x0000, 0x0000, 0x0000, 0x0000, 0x0000,
  0x0000, 0x0000, 0x0000, 0x0000, 0x0000, 0x0000, 0x0000, 0x0000, 0x0000, 0x0000, 0x0000, 0x0000,
  0x0000, 0x2000, 0x0008, 0x6768, 0x53e9, 0x35f9, 0x54f1, 0x53f9, 0xc960, 0x0008, 0x2000, 0x0000,
  0x0000, 0x0000, 0x0000, 0x0000, 0x0000, 0x0000, 0x0000, 0x0000, 0x0000, 0x0000, 0x0000, 0x0000,
  0x0000, 0x0000, 0x0000, 0x0000, 0x0000, 0x0000, 0x0000, 0x0000, 0x0000, 0x0000, 0x8b80, 0x54f1,
  0x14f9, 0x34f9, 0x34f9, 0x53e9, 0x54f1, 0x54f1, 0x33f1, 0x54f1, 0x94f1, 0x74f1, 0xe860, 0x6108,
  0x6108, 0x6108, 0x4108, 0x4108, 0x4008, 0x4108, 0x6108, 0x8210, 0x4108, 0x0000, 0x0000, 0x0000,
  0x0000, 0x0000, 0x0000, 0x0000, 0x0000, 0x0000, 0x0000, 0x0000, 0x0000, 0x0000, 0x2000, 0x0000,
  0x0000, 0x0000, 0x0000, 0x0000, 0x0000, 0x0000, 0x0000, 0x0000, 0x0000, 0x0000, 0x0000, 0x0000,
  0x0000, 0x0000, 0x0000, 0x0000, 0x0000, 0x0000, 0x0000, 0x0000, 0x0000, 0x0000, 0x0000, 0x0000,
  0x0000, 0x0000, 0x0000, 0x0000, 0x0000, 0x0000, 0x0000, 0x0000, 0x0000, 0x8860, 0x54f1, 0x15f9,
  0x35f9, 0x34f9, 0x8968, 0x0000, 0x0000, 0x0000, 0x0000, 0x0000, 0x0000, 0x0000, 0x0000, 0x0000,
  0x0000, 0x0000, 0x0000, 0x0000, 0x0000, 0x0000, 0x0000, 0x0000, 0x0000, 0x0000, 0x0000, 0x0000,
  0x0000, 0x0000, 0x0000, 0x0000, 0x8a78, 0x54e9, 0x34f1, 0x54f1, 0x34f1, 0x54f1, 0x54f1, 0x54e9,
  0x33f1, 0x34f1, 0x74f1, 0x54f1, 0xc858, 0x6100, 0x4108, 0x2100, 0x2000, 0x0000, 0x0000, 0x2000,
  0x6108, 0x8210, 0x6108, 0x0000, 0x0000, 0x0000, 0x0000, 0x0000, 0x0000, 0x0000, 0x0000, 0x0000,
  0x0000, 0x0000, 0x0000, 0x0000, 0x0000, 0x0000, 0x0000, 0x0000, 0x0000, 0x0000, 0x0000, 0x0000,
  0x2000, 0x0000, 0x0000, 0x0000, 0x0000, 0x0000, 0x0000, 0x0000, 0x0000, 0x0000, 0x0000, 0x0000,
  0x0000, 0x0000, 0x0000, 0x0000, 0x0000, 0x0000, 0x0000, 0x0000, 0x0000, 0x0000, 0x0000, 0x0000,
  0x0000, 0x2000, 0x0000, 0x8760, 0x33f1, 0x14f9, 0x54f9, 0x54f9, 0xa970, 0x0000, 0x0000, 0x0000,
  0x0000, 0x0000, 0x0000, 0x0000, 0x0000, 0x0000, 0x0000, 0x0000, 0x0000, 0x0000, 0x0000, 0x0000,
  0x0000, 0x0000, 0x0000, 0x0000, 0x0000, 0x0000, 0x0000, 0x0000, 0x0000, 0x0000, 0x8a78, 0x34f1,
  0x34f1, 0x34f1, 0x34f1, 0x34f1, 0x34f1, 0x54f1, 0x54f1, 0x54e9, 0x33e9, 0xf3e8, 0x6758, 0x0000,
  0x0000, 0x0000, 0x0000, 0x0008, 0x0008, 0x4008, 0x6108, 0x8110, 0x4108, 0x0000, 0x0000, 0x0000,
  0x0000, 0x0000, 0x0000, 0x0000, 0x0000, 0x0000, 0x0000, 0x0000, 0x0000, 0x0000, 0x0000, 0x0000,
  0x0000, 0x0000, 0x0000, 0x2000, 0x0000, 0x0000, 0x2000, 0x0000, 0x0000, 0x0000, 0x0000, 0x0000,
  0x0000, 0x0000, 0x0000, 0x0000, 0x0000, 0x0000, 0x0000, 0x0000, 0x0000, 0x0000, 0x0000, 0x0000,
  0x0000, 0x0000, 0x0000, 0x0000, 0x0000, 0x0000, 0x0000, 0x0000, 0x0000, 0x8860, 0x53e9, 0x74f1,
  0x53e9, 0x33f1, 0xa868, 0x0000, 0x0000, 0x0000, 0x0000, 0x0000, 0x0000, 0x0000, 0x0000, 0x0000,
  0x0000, 0x0000, 0x0000, 0x0000, 0x0000, 0x0000, 0x0000, 0x0000, 0x0000, 0x0000, 0x0000, 0x0000,
  0x0000, 0x0000, 0x0000, 0x0000, 0x8a78, 0x34f1, 0x34f1, 0x34f1, 0x34f1, 0x54f1, 0x54f1, 0x34f9,
  0x13f1, 0x54f1, 0x53e9, 0x53e9, 0x6750, 0x2008, 0x2000, 0x0000, 0x0008, 0x2000, 0x4108, 0x6108,
  0x8210, 0x6108, 0x2000, 0x0000, 0x0000, 0x0000, 0x0000, 0x0000, 0x0000, 0x0000, 0x0000, 0x0000,
  0x0000, 0x0000, 0x0000, 0x0000, 0x0000, 0x0000, 0x0000, 0x0008, 0x0000, 0x2108, 0x2108, 0x0000,
  0x0008, 0x2000, 0x0000, 0x0000, 0x0000, 0x0000, 0x0000, 0x0000, 0x0000, 0x0000, 0x0000, 0x0000,
  0x0000, 0x0000, 0x0000, 0x0000, 0x0000, 0x0000, 0x0000, 0x0000, 0x0000, 0x0000, 0x0000, 0x0000,
  0x0000, 0x0000, 0x0008, 0x6868, 0x34e9, 0x35f9, 0x34f1, 0x15f9, 0x8968, 0x0000, 0x0000, 0x0000,
  0x0000, 0x0000, 0x0000, 0x0000, 0x0000, 0x0000, 0x0000, 0x0000, 0x0000, 0x0000, 0x0000, 0x0000,
  0x0000, 0x0000, 0x0000, 0x0000, 0x0000, 0x0000, 0x0000, 0x0000, 0x0000, 0x0000, 0x8a78, 0x33f1,
  0x33f1, 0x33f1, 0x54f1, 0x54f1, 0x34f1, 0x54e9, 0x74e9, 0x54f1, 0x32e9, 0x33e9, 0x6758, 0x0000,
  0x0000, 0x2100, 0x4108, 0x6208, 0x6208, 0x6108, 0x8210, 0x2000, 0x0000, 0x0000, 0x0000, 0x0000,
  0x0000, 0x0000, 0x0000, 0x0000, 0x0000, 0x0000, 0x0000, 0x0000, 0x0000, 0x0000, 0x0000, 0x0000,
  0x0000, 0x0000, 0x4430, 0xcc98, 0xada0, 0x4328, 0x2008, 0x2000, 0x0000, 0x0000, 0x0000, 0x0000,
  0x0000, 0x0000, 0x0000, 0x0000, 0x0000, 0x0000, 0x0000, 0x0000, 0x0000, 0x0000, 0x0000, 0x0000,
  0x0000, 0x0000, 0x0000, 0x0000, 0x0000, 0x0000, 0x0000, 0x2000, 0x0000, 0x8860, 0x74f1, 0x35f9,
  0x54f1, 0x74f1, 0x8968, 0x0000, 0x0000, 0x0000, 0x0000, 0x0000, 0x0000, 0x0000, 0x0000, 0x0000,
  0x0000, 0x0000, 0x0000, 0x0000, 0x0000, 0x0000, 0x0000, 0x0000, 0x0000, 0x0000, 0x0000, 0x0000,
  0x0000, 0x0000, 0x0000, 0x0000, 0x8978, 0x33e9, 0x54f1, 0x54f1, 0x54f1, 0x54f1, 0x54f1, 0x34f1,
  0x53f1, 0x13f1, 0x54f1, 0x53e1, 0x6858, 0x0008, 0x0010, 0x4100, 0x8100, 0x8110, 0xa010, 0x6108,
  0x4108, 0x0000, 0x0000, 0x0000, 0x0000, 0x0000, 0x0000, 0x0000, 0x0000, 0x0000, 0x0000, 0x0000,
  0x0000, 0x0000, 0x0000, 0x0000, 0x0000, 0x0000, 0x0000, 0x0000, 0x6648, 0x53e1, 0x34e9, 0x4650,
  0x4100, 0x0000, 0x0008, 0x2000, 0x2000, 0x0000, 0x0000, 0x0000, 0x0000, 0x0000, 0x0000, 0x0000,
  0x0000, 0x0000, 0x0000, 0x0000, 0x0000, 0x0000, 0x0000, 0x0000, 0x0000, 0x0000, 0x0000, 0x0000,
  0x0000, 0x0000, 0x0008, 0x4548, 0xada0, 0xcd98, 0xcda0, 0xada0, 0x8640, 0x0000, 0x0000, 0x0000,
  0x0000, 0x0000, 0x0000, 0x0000, 0x0000, 0x0000, 0x0000, 0x0000, 0x0000, 0x0000, 0x0000, 0x0000,
  0x0000, 0x0000, 0x0000, 0x0000, 0x0000, 0x0000, 0x0000, 0x0000, 0x0000, 0x0000, 0x8978, 0x53e9,
  0x54f1, 0x74f1, 0x94f1, 0x94f1, 0x95f1, 0x75f9, 0x74f1, 0x34e9, 0x54f1, 0xf3e8, 0xcc90, 0x8650,
  0x6750, 0x8858, 0xc850, 0x6320, 0x6108, 0x2100, 0x2000, 0x0000, 0x0000, 0x0000, 0x0000, 0x0000,
  0x0000, 0x0000, 0x0000, 0x0000, 0x0000, 0x0000, 0x0000, 0x0000, 0x0000, 0x0000, 0x0000, 0x0000,
  0x0000, 0x0000, 0x6648, 0x53e9, 0x34e9, 0xab78, 0x6760, 0x4438, 0x0000, 0x2000, 0x0000, 0x0000,
  0x0000, 0x0000, 0x0000, 0x0000, 0x0000, 0x0000, 0x0000, 0x0000, 0x0000, 0x0000, 0x0000, 0x0000,
  0x0000, 0x0000, 0x0000, 0x0000, 0x0000, 0x0000, 0x0000, 0x0000, 0x0000, 0x0008, 0x0108, 0x0108,
  0x0108, 0x0110, 0x0000, 0x0000, 0x0000, 0x0000, 0x0000, 0x0000, 0x0000, 0x0000, 0x0000, 0x0000,
  0x0000, 0x0000, 0x0000, 0x0000, 0x0000, 0x0000, 0x0000, 0x0000, 0x0008, 0x0000, 0x0000, 0x2000,
  0x0000, 0x2100, 0x0000, 0x0000, 0x8a80, 0x74f1, 0x95f1, 0xb5f9, 0x94f9, 0x95f9, 0x95f9, 0x95f1,
  0xb5f1, 0x74f1, 0x54f1, 0x54f1, 0x33e9, 0x33e9, 0x33e9, 0x13f1, 0x52e9, 0x4538, 0x2000, 0x0000,
  0x2000, 0x0000, 0x2000, 0x0000, 0x2000, 0x0000, 0x0000, 0x0000, 0x0000, 0x0000, 0x0000, 0x0000,
  0x0000, 0x0000, 0x0000, 0x0000, 0x0000, 0x0000, 0x0000, 0x0000, 0x6548, 0x53e9, 0x34f1, 0x33e9,
  0x33f1, 0xab90, 0x0000, 0x0000, 0x0000, 0x0000, 0x0000, 0x0000, 0x0000, 0x0000, 0x0000, 0x0000,
  0x0000, 0x0000, 0x0000, 0x0000, 0x0000, 0x0000, 0x0000, 0x0000, 0x0000, 0x0000, 0x0000, 0x0000,
  0x0000, 0x0000, 0x0000, 0x0000, 0x0000, 0x0000, 0x0000, 0x0000, 0x0000, 0x0000, 0x0000, 0x0000,
  0x0000, 0x0000, 0x0000, 0x0000, 0x0000, 0x0000, 0x0000, 0x0000, 0x0000, 0x0000, 0x0000, 0x0000,
  0x0008, 0x2000, 0x4000, 0x4000, 0x0000, 0x0000, 0x0000, 0x2000, 0x2118, 0x2320, 0xaa78, 0x74e9,
  0x95f9, 0x95f9, 0x94f1, 0x94f1, 0xb5f9, 0x95f1, 0xb5f9, 0x94f1, 0x54f1, 0x33f1, 0x33f1, 0x34f1,
  0x34f9, 0x34f1, 0x52e9, 0x4748, 0x2318, 0x0218, 0x2000, 0x0000, 0x2000, 0x0000, 0x0000, 0x0000,
  0x0000, 0x0000, 0x0000, 0x0000, 0x0000, 0x0000, 0x0000, 0x0000, 0x0000, 0x0000, 0x0000, 0x0000,
  0x0000, 0x0000, 0x4548, 0x34e9, 0x34f1, 0x54f1, 0x54f9, 0xac98, 0x0000, 0x0000, 0x0000, 0x0000,
  0x0000, 0x0000, 0x0000, 0x0000, 0x0000, 0x0000, 0x0000, 0x0000, 0x0000, 0x0000, 0x0000, 0x0000,
  0x0000, 0x0000, 0x0000, 0x0000, 0x0000, 0x0000, 0x0000, 0x0000, 0x0000, 0x0000, 0x0000, 0x0000,
  0x0000, 0x0000, 0x0000, 0x0000, 0x0000, 0x0000, 0x0000, 0x0000, 0x0000, 0x0000, 0x0000, 0x0000,
  0x0000, 0x0000, 0x0000, 0x0000, 0x0000, 0x0000, 0x0000, 0x0000, 0x0000, 0x0000, 0x0008, 0x0000,
  0x2000, 0x2318, 0xec98, 0xefc0, 0x12d1, 0x95f9, 0xb5f9, 0x94f1, 0x53e9, 0x74f1, 0x94f1, 0x95f1,
  0xb5f1, 0x74f1, 0x53e9, 0x33f1, 0x54f1, 0x54e9, 0x34f1, 0x54f1, 0x54f9, 0x10c9, 0x10c1, 0x8760,
  0x0000, 0x0000, 0x0008, 0x0000, 0x0000, 0x0000, 0x0000, 0x0000, 0x0000, 0x0000, 0x0000, 0x0000,
  0x0000, 0x0000, 0x0000, 0x0000, 0x0000, 0x0000, 0x0000, 0x0000, 0x4548, 0x34e9, 0x34f1, 0x54f1,
  0x54f9, 0xac98, 0x0000, 0x0000, 0x0000, 0x0000, 0x0000, 0x0000, 0x0000, 0x0000, 0x0000, 0x0000,
  0x0000, 0x0000, 0x0000, 0x0000, 0x0000, 0x0000, 0x0000, 0x0000, 0x0000, 0x0000, 0x0000, 0x0000,
  0x0000, 0x0000, 0x0000, 0x0000, 0x0000, 0x0000, 0x0000, 0x0000, 0x0000, 0x0000, 0x0000, 0x0000,
  0x0000, 0x0000, 0x0000, 0x0000, 0x0000, 0x0000, 0x0000, 0x0000, 0x0000, 0x0000, 0x0000, 0x0008,
  0x0000, 0x0008, 0x0000, 0x4000, 0x0000, 0x0000, 0x2000, 0x0320, 0x2fc9, 0x33f9, 0x74e1, 0xb5f1,
  0x94f9, 0x74f1, 0x53f1, 0x94f1, 0x94f9, 0xb5f9, 0x94f1, 0x54e9, 0x54f1, 0x54f1, 0x33f1, 0x54f1,
  0x34f9, 0x74f1, 0x34f1, 0x34f9, 0x35f9, 0xea78, 0x0000, 0x0000, 0x0000, 0x0100, 0x0000, 0x0000,
  0x0000, 0x0000, 0x0000, 0x0000, 0x0000, 0x0000, 0x0000, 0x0000, 0x0000, 0x0000, 0x0000, 0x0000,
  0x0000, 0x0000, 0x4548, 0x54e9, 0x34f1, 0x54f1, 0x54f9, 0xac98, 0x0000, 0x0000, 0x0000, 0x0000,
  0x0000, 0x0000, 0x0000, 0x0000, 0x0000, 0x0000, 0x0000, 0x0000, 0x0000, 0x0000, 0x0000, 0x0000,
  0x0000, 0x0000, 0x0000, 0x0000, 0x0000, 0x0000, 0x0000, 0x0000, 0x0000, 0x0000, 0x0000, 0x0000,
  0x0000, 0x0000, 0x0000, 0x0000, 0x0000, 0x0000, 0x0000, 0x0000, 0x0000, 0x0000, 0x0000, 0x0000,
  0x0000, 0x0000, 0x0000, 0x0000, 0x0000, 0x2000, 0x0100, 0xa970, 0xaa78, 0xa978, 0x8a80, 0xaa80,
  0xea78, 0xab80, 0x32d9, 0x13f1, 0x54f1, 0xb5f9, 0xb4f9, 0x94f1, 0x94f1, 0xb5f9, 0x94f9, 0x94f1,
  0x53e9, 0x33e9, 0x74f1, 0x95f9, 0x74f1, 0x34f9, 0x34f1, 0x74f1, 0x34e9, 0x54f1, 0x55f1, 0xcfb8,
  0xaa80, 0x4868, 0x0000, 0x2000, 0x0000, 0x0000, 0x0000, 0x0000, 0x0000, 0x0000, 0x0000, 0x0000,
  0x0000, 0x0000, 0x0000, 0x0000, 0x0000, 0x0000, 0x0000, 0x0000, 0x4548, 0x53e9, 0x33f1, 0x54f1,
  0x54f9, 0xac98, 0x0000, 0x0000, 0x0000, 0x0000, 0x0000, 0x0000, 0x0000, 0x0000, 0x0000, 0x0000,
  0x0000, 0x0000, 0x0000, 0x0000, 0x0000, 0x0000, 0x0000, 0x0000, 0x0000, 0x0000, 0x0000, 0x0000,
  0x0000, 0x0000, 0x0000, 0x0000, 0x0000, 0x0000, 0x0000, 0x0000, 0x0000, 0x0000, 0x0000, 0x0000,
  0x0000, 0x0000, 0x0000, 0x0000, 0x0000, 0x0000, 0x0000, 0x0000, 0x0000, 0x0000, 0x0000, 0x2000,
  0x0318, 0x52d9, 0x54f1, 0x54f1, 0x54f1, 0x34f1, 0x74f1, 0x33f1, 0x53e9, 0x54e9, 0x34f1, 0x94f9,
  0xb4f9, 0xb5f9, 0x95f9, 0xb5f9, 0x74f1, 0x53e9, 0x53e9, 0x74f1, 0xb5f9, 0xb5f9, 0x74f1, 0x34f9,
  0x54f1, 0x34f9, 0x34f9, 0x54f1, 0x33f9, 0x14f1, 0x74e9, 0xcfc0, 0x2000, 0x0000, 0x0000, 0x0000,
  0x0000, 0x0000, 0x0000, 0x0000, 0x0000, 0x0000, 0x0000, 0x0000, 0x0000, 0x0000, 0x0000, 0x0000,
  0x0000, 0x0000, 0x4548, 0x33e9, 0x33f1, 0x54f1, 0x54f9, 0xac98, 0x0000, 0x0000, 0x0000, 0x0000,
  0x0000, 0x0000, 0x0000, 0x0000, 0x0000, 0x0000, 0x0000, 0x0000, 0x0000, 0x0000, 0x0000, 0x0000,
  0x0000, 0x0000, 0x0000, 0x0000, 0x0000, 0x0000, 0x0000, 0x0000, 0x0000, 0x0000, 0x0000, 0x0000,
  0x2000, 0x0000, 0x0000, 0x0000, 0x0000, 0x0100, 0x0000, 0x0000, 0x0000, 0x0000, 0x2000, 0x0000,
  0x4000, 0x0000, 0x2100, 0x2000, 0x2008, 0x2228, 0x4758, 0x51d1, 0x34f9, 0x14f1, 0x54f1, 0x33f1,
  0x53e9, 0x33e9, 0x34e9, 0x74f9, 0x92f1, 0x13ea, 0x93f2, 0x75f1, 0xb6f1, 0x95f1, 0x34f1, 0x33e9,
  0x94f1, 0xb5f9, 0xd5f9, 0xb5f9, 0x54f1, 0x53f1, 0x33f9, 0x34f9, 0x74f1, 0x34f9, 0x74e9, 0x73f1,
  0x54f9, 0x31b9, 0x0640, 0x2528, 0x0010, 0x2100, 0x0000, 0x0000, 0x0000, 0x0000, 0x0000, 0x0000,
  0x0008, 0x0000, 0x0000, 0x0008, 0x2000, 0x2000, 0x2320, 0x2638, 0x8868, 0x74e1, 0xf3f8, 0x54f1,
  0x34f1, 0xcc98, 0x2008, 0x0000, 0x0000, 0x0000, 0x0000, 0x0000, 0x0000, 0x0000, 0x0000, 0x0000,
  0x0000, 0x0000, 0x0000, 0x0000, 0x0000, 0x0000, 0x0000, 0x0000, 0x0000, 0x0000, 0x0000, 0x0000,
  0x0000, 0x0000, 0x0008, 0x0000, 0x0000, 0x0000, 0x0000, 0x0008, 0x0108, 0x4000, 0x2000, 0x0000,
  0x0000, 0x0000, 0x0000, 0x0000, 0x0000, 0x0000, 0x0000, 0x0000, 0x0008, 0x0000, 0x8858, 0x94e9,
  0x54e1, 0x74f1, 0x33e9, 0x33e9, 0x74e9, 0x75f1, 0xb4f1, 0xd4f9, 0x96f1, 0x95f1, 0x31f3, 0xb0f4,
  0x70f4, 0x13fa, 0x94f9, 0xb4f1, 0xb4f1, 0xb5f1, 0x95f1, 0x95f1, 0x94f1, 0x74f1, 0x54f1, 0x54e9,
  0x54f1, 0x53e9, 0x73e9, 0x35f9, 0x35f1, 0x55f9, 0x14f1, 0x34f1, 0x32f1, 0x51d9, 0x6330, 0x0000,
  0x0000, 0x2008, 0x2000, 0x0000, 0x0008, 0x0000, 0x0000, 0x0000, 0x0000, 0x2000, 0x0000, 0x0108,
  0xcb88, 0x34e1, 0x53e9, 0x36f9, 0x54f1, 0x54f1, 0x34f9, 0xcc90, 0x2008, 0x0000, 0x0000, 0x0000,
  0x0000, 0x0000, 0x0000, 0x0000, 0x0000, 0x0000, 0x0000, 0x0000, 0x0000, 0x0000, 0x0000, 0x0000,
  0x0000, 0x0000, 0x0000, 0x0000, 0x0000, 0x0000, 0x0000, 0x2000, 0x0000, 0x2000, 0x0000, 0x0000,
  0x2000, 0x2000, 0x2100, 0x2000, 0x0000, 0x2108, 0x2110, 0x0000, 0x0000, 0x2000, 0x0000, 0x0000,
  0x0000, 0x2008, 0x0008, 0x2108, 0xa968, 0xb4f1, 0xb4f9, 0x74f1, 0x53e9, 0xb5f1, 0x74f1, 0x95f9,
  0xb6f1, 0xb4f9, 0xf5f9, 0xb5e9, 0xb1f3, 0x2ff5, 0x70ec, 0xd4f1, 0x94f1, 0xb4f9, 0x95f1, 0xb5f1,
  0x95f1, 0x95f9, 0x94f1, 0x54e9, 0x53f1, 0x53f1, 0x34f9, 0x54f1, 0x74f1, 0x34f9, 0x72f1, 0x34f1,
  0x54f1, 0x34f9, 0x34f9, 0x14e9, 0x4428, 0x2000, 0x0000, 0x2000, 0x0000, 0x2000, 0x0000, 0x0000,
  0x0000, 0x2000, 0x0008, 0x0000, 0x0218, 0x2210, 0xed98, 0x15f9, 0x34f9, 0xf4f8, 0x73e9, 0x34f9,
  0x34f9, 0xac98, 0x2008, 0x0000, 0x0000, 0x0000, 0x0000, 0x0000, 0x0000, 0x0000, 0x0000, 0x0000,
  0x0000, 0x0000, 0x0000, 0x0000, 0x0000, 0x0000, 0x0000, 0x0000, 0x0000, 0x0000, 0x0000, 0x0000,
  0x0000, 0x0000, 0x0000, 0x0000, 0x0000, 0x0000, 0x0108, 0x0000, 0x0000, 0x0110, 0x0648, 0x11c9,
  0xeec8, 0x2430, 0x0000, 0x0000, 0x0000, 0x0000, 0x2000, 0x0000, 0xcb88, 0x51d1, 0x92d9, 0xd4e9,
  0xf4f1, 0xb5f9, 0x34f1, 0x54e9, 0xb4f1, 0xd4f1, 0x96e9, 0xf3f1, 0x11fc, 0xd1fc, 0xf0fc, 0x4ffd,
  0x90ec, 0xb3e9, 0x94e9, 0xd5f1, 0xb6f1, 0xb5f1, 0x94f1, 0x54f1, 0x34e9, 0x54e9, 0x54f1, 0x13f9,
  0x52fa, 0x70fc, 0x8ff4, 0x12f2, 0xf3f8, 0x54f1, 0x54f1, 0x54f9, 0x55f1, 0xf3e8, 0x0330, 0x2008,
  0x0008, 0x0008, 0x0008, 0x0000, 0x0000, 0x2100, 0x0100, 0x0000, 0x0000, 0x0318, 0x2fb1, 0x10d1,
  0x53f1, 0x33e9, 0x53f1, 0x74f1, 0x34f9, 0x35f1, 0x95f1, 0xcd98, 0x2008, 0x0000, 0x0008, 0x0000,
  0x0000, 0x0000, 0x0000, 0x0000, 0x0000, 0x0000, 0x0000, 0x0000, 0x0000, 0x0000, 0x0000, 0x0000,
  0x0000, 0x0000, 0x0000, 0x0000, 0x0000, 0x0000, 0x2000, 0x0000, 0x0008, 0x0008, 0x0000, 0x2000,
  0x0000, 0x2008, 0x0000, 0x2000, 0x6638, 0x74e9, 0x31d9, 0x2420, 0x0000, 0x0000, 0x0000, 0x0000,
  0x2000, 0x0008, 0xefb0, 0x34f1, 0x33e9, 0x95f9, 0x95f1, 0xd5f1, 0xd5f9, 0xd5f9, 0xb4f1, 0xb3e9,
  0x75f1, 0xd3e9, 0x31ec, 0x4ff5, 0x30fd, 0x51fd, 0xb1f4, 0xb3f1, 0x14f1, 0x54f1, 0x74f1, 0x93f1,
  0x53f1, 0x33f1, 0x54f1, 0x54f1, 0x54f1, 0x54e9, 0x92f2, 0xd0fc, 0xcffc, 0x33f2, 0x56f1, 0x55f1,
  0x55f1, 0x55f1, 0x73e9, 0x72d9, 0x4338, 0x0000, 0x0000, 0x0000, 0x2000, 0x0000, 0x2000, 0x0000,
  0x2000, 0x2100, 0x2000, 0x0210, 0x51e9, 0x35f1, 0x15f9, 0x54f1, 0x34f9, 0x74e9, 0x34e9, 0x33f1,
  0x75f9, 0xcb88, 0x2000, 0x0000, 0x0000, 0x0000, 0x0000, 0x0000, 0x0000, 0x0000, 0x0000, 0x0000,
  0x0000, 0x0000, 0x0000, 0x0000, 0x0000, 0x0000, 0x0000, 0x0000, 0x0000, 0x0000, 0x0000, 0x0000,
  0x0000, 0x0000, 0x0000, 0x6430, 0xa968, 0x8970, 0x8970, 0xaa70, 0xaa70, 0x8870, 0xcc98, 0x15f1,
  0x31e9, 0x0320, 0x2008, 0x2000, 0x0000, 0x2320, 0x6768, 0xca78, 0x11c1, 0x74f1, 0x13f1, 0x74e9,
  0xb5f1, 0xd5f1, 0xb4e9, 0xd5fa, 0x33fb, 0x12f3, 0xf1f2, 0x0feb, 0x8fec, 0xeff4, 0x10fd, 0x30fd,
  0x2ff5, 0x31f3, 0xf1ea, 0xf1ea, 0x11f3, 0x14fa, 0x73f1, 0x34f1, 0x54f1, 0x34f1, 0x54f1, 0x54f1,
  0x72f2, 0xcffc, 0x4efd, 0x51f3, 0x11f3, 0x34fa, 0x53f1, 0x35f1, 0x34f9, 0x33e9, 0xcb88, 0xa978,
  0x4540, 0x0008, 0x2000, 0x0000, 0x0100, 0x8548, 0x6978, 0xca70, 0x8978, 0xab80, 0x33e9, 0x53e9,
  0x54f1, 0x34f1, 0x34f9, 0x54f9, 0x54e9, 0xcda8, 0xcc80, 0x6750, 0x0008, 0x0000, 0x0000, 0x0000,
  0x0000, 0x0000, 0x0000, 0x0000, 0x0000, 0x0000, 0x0000, 0x0000, 0x0000, 0x0000, 0x0000, 0x0000,
  0x0000, 0x0000, 0x0000, 0x0000, 0x0000, 0x0000, 0x0000, 0x0000, 0x0000, 0x6860, 0x33f1, 0x55f1,
  0x55f1, 0x55f9, 0x54f9, 0x54f9, 0x54f9, 0x54f1, 0x31e1, 0x2220, 0x0000, 0x0000, 0x0100, 0x4538,
  0x12d9, 0x55f9, 0x54f1, 0x54f1, 0x34f1, 0x73e9, 0x34e1, 0x74e9, 0xb5f9, 0x13fc, 0x6ffd, 0x2ff5,
  0xf0ec, 0xeff4, 0xcff4, 0xcff4, 0x0ff5, 0x31fd, 0x10fd, 0x30fd, 0xeff4, 0xeffc, 0xeff4, 0x51f3,
  0x54e9, 0x53f1, 0x36f9, 0x53f1, 0x54f1, 0x34f1, 0x92f2, 0xf0f4, 0xeffc, 0x0ffd, 0x0efd, 0x12f3,
  0x35f1, 0x55f1, 0x55f1, 0x54f1, 0x55f1, 0x54f1, 0xab80, 0x0110, 0x2008, 0x0000, 0x2000, 0xcc90,
  0x54f9, 0x54e9, 0x54f9, 0x74e9, 0x35f9, 0x33f9, 0x73f1, 0x34f9, 0x34f1, 0x35f9, 0xf3e0, 0x4648,
  0x0000, 0x0008, 0x0000, 0x2000, 0x0000, 0x0000, 0x0000, 0x0000, 0x0000, 0x0000, 0x0000, 0x0000,
  0x0000, 0x0000, 0x0000, 0x0000, 0x0000, 0x0000, 0x0000, 0x0000, 0x0000, 0x0000, 0x0000, 0x0000,
  0x0000, 0x0000, 0x0000, 0x6868, 0x33f1, 0x54f1, 0x34f1, 0x34f1, 0x34f1, 0x34f1, 0x34f1, 0x54f1,
  0x32e1, 0x2328, 0x0000, 0x0000, 0x0100, 0x4438, 0x32d9, 0x55f9, 0x53f1, 0x34e9, 0x33e9, 0x53e9,
  0x34e9, 0x74f1, 0xb3f1, 0xb3fb, 0xb1fc, 0xb1fc, 0x30fd, 0xeef4, 0xcff4, 0xcef4, 0x0ff5, 0x30fd,
  0x30fd, 0x10fd, 0xeff4, 0xeff4, 0xeff4, 0x51f3, 0x34f1, 0x33f9, 0x55f1, 0x53f1, 0x35f1, 0x14f9,
  0x72f2, 0xeffc, 0x0efd, 0x0ffd, 0xf0fc, 0x70fb, 0x11fa, 0xd2f1, 0x33f9, 0x34f9, 0x14f9, 0x54f1,
  0xab80, 0x0000, 0x2108, 0x2428, 0x2430, 0xceb0, 0x34f9, 0x55e9, 0x54f9, 0x54f1, 0x34f1, 0x34f1,
  0x54f1, 0x54f1, 0x34e9, 0x11c9, 0x0eb9, 0x6530, 0x0000, 0x0000, 0x0000, 0x0000, 0x0000, 0x0000,
  0x0000, 0x0000, 0x0000, 0x0000, 0x0000, 0x0000, 0x0000, 0x0000, 0x0000, 0x0000, 0x0000, 0x0000,
  0x0000, 0x0000, 0x0000, 0x0000, 0x0000, 0x0000, 0x0000, 0x0000, 0x0000, 0x6868, 0x33f1, 0x54f1,
  0x54f9, 0x34f1, 0x54f1, 0x54f1, 0x34f1, 0x54f1, 0x32e1, 0x2328, 0x0000, 0x0000, 0x0000, 0x4438,
  0x32e1, 0x35f1, 0x33e9, 0x34e9, 0x34f1, 0x73e9, 0x33f1, 0x54f1, 0x53e9, 0xf4f9, 0x35f2, 0x53f3,
  0x10fd, 0x0ef5, 0xf0f4, 0xceec, 0x10f5, 0x30fd, 0x30fd, 0x0ff5, 0xeff4, 0xeffc, 0x0ffd, 0x52f3,
  0x15f1, 0x35f9, 0x54f1, 0x53f1, 0x34f1, 0x33f9, 0x72fa, 0xd1fc, 0xcffc, 0x0ffd, 0x0ffd, 0xb0fc,
  0x71fc, 0xf2fb, 0x92e9, 0x34f1, 0x74f1, 0x54e9, 0x8a80, 0x0000, 0x2228, 0xcfb8, 0x11d9, 0x52e1,
  0x54f9, 0x54f1, 0x34f1, 0x33f9, 0x74f1, 0x14f9, 0x34f9, 0x74e9, 0xefb8, 0x4428, 0x2220, 0x0110,
  0x0008, 0x0000, 0x0000, 0x0000, 0x0000, 0x0000, 0x0000, 0x0000, 0x0000, 0x0000, 0x0000, 0x0000,
  0x0000, 0x0000, 0x0000, 0x0000, 0x0000, 0x0000, 0x0000, 0x0000, 0x0000, 0x0000, 0x0000, 0x0000,
  0x0000, 0x0000, 0x0000, 0x6868, 0x33f1, 0x34f1, 0x54f1, 0x54f1, 0x54f1, 0x54f1, 0x54f1, 0x54f1,
  0x32e1, 0x2328, 0x0000, 0x0000, 0x0000, 0x4438, 0x32e1, 0x54f1, 0x53e9, 0x74f1, 0x54f1, 0x94e9,
  0x74f1, 0x55f1, 0x34f1, 0x54f1, 0x74f1, 0xf3f2, 0x30fd, 0x2ffd, 0x31fd, 0x0ff5, 0x30fd, 0x30fd,
  0x30fd, 0xeff4, 0xeff4, 0xeff4, 0x0ffd, 0x90f3, 0x54f1, 0x34f1, 0x54f1, 0x35f1, 0x55f1, 0x52e1,
  0x91ea, 0xd0fc, 0x0efd, 0x0ffd, 0xeffc, 0x0ffd, 0x2ffd, 0x50f4, 0x72e9, 0x14f9, 0x34f1, 0x34f1,
  0x8a88, 0x2000, 0x4328, 0x32d9, 0x35f9, 0x34f9, 0x34f1, 0x55f1, 0x54f1, 0x34f9, 0x54e9, 0x55e9,
  0x34f9, 0x54e9, 0xcfb8, 0x2208, 0x0000, 0x0000, 0x0008, 0x0000, 0x0000, 0x0000, 0x0000, 0x0000,
  0x0000, 0x0000, 0x0000, 0x0000, 0x0000, 0x0000, 0x0000, 0x0000, 0x0000, 0x0000, 0x0000, 0x0000,
  0x0000, 0x0000, 0x0000, 0x0000, 0x0000, 0x0000, 0x0000, 0x0000, 0x0000, 0x6860, 0x33f1, 0x54f1,
  0x54f1, 0x54f1, 0x54f1, 0x54f1, 0x54f1, 0x54f1, 0x32e1, 0x2328, 0x0000, 0x0000, 0x0000, 0x4438,
  0x32d9, 0x54f1, 0x94f1, 0xb5f1, 0x75f9, 0xb4f1, 0xb5f9, 0x94f1, 0xb4f1, 0xf2f2, 0xb0eb, 0x51fc,
  0x31fd, 0x2ffd, 0x30fd, 0x50fd, 0x30fd, 0x30fd, 0x10fd, 0xeff4, 0x0ffd, 0xeff4, 0x0ffd, 0x51f3,
  0x54f1, 0x54f1, 0x54f9, 0x54f9, 0xb2fa, 0xb1f3, 0x11fc, 0xf0fc, 0xf0fc, 0x0ffd, 0x0ffd, 0xeffc,
  0x2ef5, 0x31fc, 0x73f1, 0x34f9, 0x34f9, 0x34f1, 0xaa80, 0x0000, 0x4320, 0x11d1, 0x55f1, 0x54f1,
  0x54f1, 0x54f1, 0x34f9, 0x54f1, 0x33f1, 0x53e9, 0xac98, 0x6758, 0x6548, 0x2100, 0x0008, 0x2000,
  0x0000, 0x0000, 0x0000, 0x0000, 0x0000, 0x0000, 0x0000, 0x0000, 0x0000, 0x0000, 0x0000, 0x0000,
  0x0000, 0x0000, 0x0000, 0x0000, 0x0000, 0x0000, 0x0000, 0x0000, 0x0000, 0x0000, 0x0000, 0x0000,
  0x0000, 0x0000, 0x0000, 0x6860, 0x33f1, 0x54f1, 0x54f1, 0x54f1, 0x54f1, 0x34f1, 0x34f1, 0x54f1,
  0x32e1, 0x0320, 0x0000, 0x0000, 0x0000, 0x4438, 0x32d9, 0x75f1, 0xb5f1, 0xb5f9, 0x75f9, 0x93f1,
  0xb5f9, 0xb4f9, 0xb4f9, 0x12fc, 0x4eed, 0xeef4, 0x10fd, 0x30fd, 0x10fd, 0x50fd, 0x30f5, 0x10fd,
  0x0ffd, 0xeff4, 0x0ffd, 0xeef4, 0x0ffd, 0x32fb, 0x33f1, 0x34f1, 0x55f9, 0x33f1, 0xf0f3, 0x2efd,
  0xeffc, 0x2ef5, 0x0ffd, 0xeffc, 0xf0fc, 0x0ffd, 0x0ffd, 0xf1fb, 0x73f1, 0x54f1, 0x34f1, 0x34f1,
  0xaa80, 0x0108, 0x2320, 0x11d1, 0x54f1, 0x54e9, 0x54f9, 0x54f1, 0x34f9, 0x54f1, 0x34f9, 0x34f1,
  0x6858, 0x0000, 0x4000, 0x4000, 0x0000, 0x0000, 0x0100, 0x0108, 0x0000, 0x0000, 0x0000, 0x0000,
  0x0000, 0x0000, 0x0000, 0x0000, 0x0000, 0x0000, 0x0000, 0x0000, 0x0000, 0x0000, 0x0000, 0x0000,
  0x0000, 0x0000, 0x0000, 0x0000, 0x0000, 0x2000, 0x0000, 0x2538, 0x2740, 0xab88, 0x53e9, 0x34f1,
  0x34f9, 0x34f1, 0x54f1, 0x54f1, 0x54f1, 0x54f1, 0x32d9, 0x2328, 0x0000, 0x2000, 0x0000, 0x4430,
  0x72e1, 0xb5f9, 0xd5f1, 0x94e9, 0xb5f9, 0x53f1, 0xb5f1, 0x95f1, 0xb4f9, 0x32fc, 0x4ef5, 0x0ef5,
  0x0ff5, 0x30f5, 0x50fd, 0x30fd, 0x10fd, 0x0ff5, 0x0ef5, 0xeffc, 0x10fd, 0xf0fc, 0xf0fc, 0xd0fb,
  0x71ea, 0x33fa, 0x32fa, 0x72ea, 0x10f4, 0xeffc, 0x10fd, 0x10fd, 0x0ffd, 0x0ffd, 0x0ffd, 0x0ffd,
  0x0ffd, 0x30f4, 0x74f1, 0x33f1, 0x54f1, 0x33f1, 0xaa80, 0x0000, 0x2320, 0x31d1, 0x34f9, 0x54f1,
  0x34f1, 0x34f1, 0x34f1, 0x54f1, 0x54f1, 0x33f1, 0x6858, 0x0000, 0x0000, 0x0000, 0x0000, 0x0000,
  0x0000, 0x0000, 0x0000, 0x0000, 0x0000, 0x0000, 0x0000, 0x0000, 0x0000, 0x0000, 0x0000, 0x0000,
  0x0000, 0x0000, 0x0000, 0x0000, 0x0000, 0x0000, 0x0000, 0x0000, 0x0000, 0x0000, 0x0000, 0x2000,
  0x2110, 0xeda8, 0x33e9, 0x33e9, 0x34f9, 0x55f1, 0x34f1, 0x34f1, 0x54f1, 0x54f1, 0x74f1, 0x95f9,
  0x53e1, 0x2320, 0x0000, 0x0008, 0x0000, 0x6538, 0x92e1, 0x94f1, 0xb5f1, 0x53e9, 0x53f1, 0x34f1,
  0x54e9, 0x74f1, 0xb5f1, 0x32fc, 0x30fd, 0xd0fc, 0xeff4, 0xeff4, 0x0ff5, 0xeff4, 0x0ff5, 0xf0f4,
  0xf0f4, 0xeff4, 0x0ffd, 0x0ffd, 0x0ffd, 0xf1f4, 0xeffc, 0xeffc, 0xeffc, 0xeffc, 0xeffc, 0x0ffd,
  0x0ffd, 0x0ffd, 0x0ffd, 0x0ffd, 0x0ffd, 0x0ffd, 0x0ffd, 0x30f4, 0x74f1, 0x33f1, 0x54f1, 0x14f1,
  0xaa80, 0x0008, 0x2328, 0x31d1, 0x14f9, 0x54f1, 0x34f1, 0x34f1, 0x34f1, 0x54f1, 0x54f1, 0x33f1,
  0x6858, 0x0000, 0x0000, 0x0000, 0x0000, 0x0000, 0x0000, 0x0000, 0x0000, 0x0000, 0x0000, 0x0000,
  0x0000, 0x0000, 0x0000, 0x0000, 0x0000, 0x0000, 0x0000, 0x0000, 0x0000, 0x0000, 0x0000, 0x0000,
  0x0000, 0x0000, 0x0000, 0x0000, 0x0000, 0x0000, 0x2210, 0xcfc0, 0x14f9, 0x75f1, 0x55f9, 0x34f1,
  0x54f1, 0x54f1, 0x54f1, 0x54f1, 0x94f1, 0xb5f9, 0xb4e1, 0x4328, 0x2000, 0x0000, 0x2000, 0x8530,
  0x92d9, 0x94f1, 0xb5f9, 0x74f1, 0x33e9, 0x54e9, 0x33e1, 0x53e9, 0xb4f1, 0x11fc, 0x4efd, 0xcffc,
  0xd0fc, 0xeff4, 0xeff4, 0xcff4, 0xeff4, 0xeffc, 0xeffc, 0x0ffd, 0x0ffd, 0xeffc, 0xcffc, 0x10f5,
  0x2ef5, 0xeffc, 0xf2fc, 0x0ffd, 0x0ffd, 0x0ffd, 0x0ffd, 0x0ffd, 0x0ffd, 0x0ffd, 0xeffc, 0x0ffd,
  0x0ffd, 0x30f4, 0x74f1, 0x33f1, 0x54f1, 0x34f9, 0xca80, 0x2000, 0x4320, 0x52d9, 0x15f9, 0x54f1,
  0x54f1, 0x34f1, 0x34f9, 0x34f9, 0x54f1, 0x33f1, 0x6858, 0x0000, 0x0000, 0x0000, 0x0000, 0x0000,
  0x0000, 0x0000, 0x0000, 0x0000, 0x0000, 0x0000, 0x0000, 0x0000, 0x0000, 0x0000, 0x0000, 0x0000,
  0x0000, 0x0000, 0x0000, 0x0000, 0x0000, 0x0000, 0x0000, 0x0000, 0x0000, 0x0000, 0x0000, 0x0000,
  0x0110, 0xefb8, 0x35f9, 0x34f1, 0x14f9, 0x13f1, 0x54f1, 0x34f1, 0x54f1, 0x54f1, 0x74f1, 0x95f1,
  0x94e9, 0x6428, 0x4108, 0x2108, 0x0100, 0x4538, 0x92e1, 0xb5f1, 0x94f1, 0x54f1, 0x33e9, 0x53f1,
  0x55f1, 0x33e9, 0x73e9, 0x36f2, 0x34ea, 0x51f3, 0xb0fc, 0xeffc, 0xeff4, 0xeff4, 0xeff4, 0x0ffd,
  0x0ffd, 0x0ef5, 0xeffc, 0xeffc, 0xf0fc, 0x0ffd, 0x2ffd, 0x0ffd, 0x30fd, 0x0ff5, 0x0ff5, 0x0ffd,
  0x0ffd, 0x0ffd, 0x0ffd, 0x0ffd, 0x0ffd, 0x0ffd, 0x0ffd, 0x30f4, 0x74f1, 0x54f1, 0x54f1, 0x33f1,
  0xaa80, 0x0008, 0x2328, 0x31d1, 0x13f1, 0x54f1, 0x54f1, 0x54f1, 0x34f1, 0x34f1, 0x34f9, 0x34f1,
  0x6858, 0x0000, 0x0000, 0x0000, 0x0000, 0x0000, 0x0000, 0x0000, 0x0000, 0x0000, 0x0000, 0x0000,
  0x0000, 0x0000, 0x0000, 0x0000, 0x0000, 0x0000, 0x0000, 0x0000, 0x0000, 0x0000, 0x0000, 0x0000,
  0x0000, 0x0000, 0x0000, 0x0000, 0x0000, 0x0000, 0x2110, 0xeea8, 0x75f1, 0x54f1, 0x34f9, 0x54f1,
  0x34f1, 0x34f1, 0x54f1, 0x54f1, 0x74e9, 0x94f1, 0x72e9, 0xa430, 0x8108, 0x4100, 0x4000, 0x4438,
  0x32e1, 0xd5f1, 0xb5f1, 0x95f9, 0x53f1, 0x53e9, 0x35f1, 0x53f1, 0x73f1, 0x96f9, 0x74f9, 0xf1f2,
  0xb0fc, 0xeff4, 0xeff4, 0xf0fc, 0xeffc, 0xeff4, 0xf0fc, 0x0ffd, 0xeff4, 0x0ff5, 0x10ed, 0xeffc,
  0xeffc, 0x0ef5, 0x0ef5, 0x10fd, 0xeffc, 0x0ffd, 0x0ffd, 0x0ffd, 0x0ffd, 0x0ffd, 0x0ffd, 0x0ffd,
  0x0ffd, 0x30f4, 0x74f1, 0x54f9, 0x54f1, 0x33f1, 0xab80, 0x0108, 0x2428, 0x11d1, 0x75f9, 0x34f1,
  0x54f1, 0x54f1, 0x54f1, 0x34f1, 0x34f1, 0x34f1, 0x6858, 0x0000, 0x0000, 0x0000, 0x0000, 0x0000,
  0x0000, 0x0000, 0x0000, 0x0000, 0x0000, 0x0000, 0x0000, 0x0000, 0x0000, 0x0000, 0x0000, 0x0000,
  0x0000, 0x0000, 0x0000, 0x0000, 0x0000, 0x0000, 0x0000, 0x0000, 0x0000, 0x0000, 0x0000, 0x0000,
  0x0210, 0xefb8, 0x34f9, 0x33f1, 0x34f1, 0x74f1, 0x34f1, 0x34f1, 0x34f1, 0x34f1, 0x53e9, 0x74f1,
  0x55f1, 0x4d89, 0x2d91, 0xcc98, 0x0c91, 0xec90, 0x73e9, 0xb4f1, 0xb5f1, 0xb5f9, 0x94f1, 0x94e9,
  0xb2e9, 0x11f3, 0xb2f3, 0xd1eb, 0x91f3, 0xd1f3, 0xd1fc, 0xeef4, 0x0ff5, 0xf0fc, 0xf0fc, 0x0ffd,
  0xeffc, 0xeffc, 0x31f5, 0xd4fd, 0x77fe, 0x93fd, 0x10f5, 0x0ffd, 0x0ffd, 0x10fd, 0xf0fc, 0x0ffd,
  0x10fd, 0x0ffd, 0x0ffd, 0x0ffd, 0xeffc, 0x0ffd, 0x0ffd, 0x30f4, 0x74f1, 0x54f9, 0x54f1, 0x34f9,
  0x0fc1, 0xca80, 0xcc90, 0xf3e8, 0x54f1, 0x34f9, 0x34f9, 0x54f1, 0x54f1, 0x54f1, 0x34f1, 0x34f1,
  0x6858, 0x0000, 0x0000, 0x0000, 0x0000, 0x0000, 0x0000, 0x0000, 0x0000, 0x0000, 0x0000, 0x0000,
  0x0000, 0x0000, 0x0000, 0x0000, 0x0000, 0x0000, 0x0000, 0x0000, 0x0000, 0x0000, 0x0000, 0x0000,
  0x0000, 0x0000, 0x0000, 0x0000, 0x0000, 0x0000, 0x0110, 0xeeb0, 0x54f1, 0x54f1, 0x54f1, 0x33f1,
  0x34f1, 0x34f9, 0x34f1, 0x74f1, 0x33e9, 0x53f1, 0x95f1, 0xb4f1, 0xb5f1, 0xd5f9, 0xb5f1, 0x94f1,
  0x53e9, 0x75e9, 0x94f9, 0xd4f1, 0x96e9, 0x95f9, 0x15ea, 0xd1fc, 0x50f5, 0x30f5, 0x50fd, 0xeff4,
  0xeff4, 0xeffc, 0x0ffd, 0x0ffd, 0x0ffd, 0x0ffd, 0xeffc, 0xf0fc, 0x10fd, 0xfafe, 0xffff, 0x98fe,
  0xeffc, 0xeffc, 0x30f5, 0x0ff5, 0x0ffd, 0x0ffd, 0x0ff5, 0xeffc, 0x0ffd, 0x30f5, 0xf0fc, 0x0ffd,
  0x0ffd, 0x30fc, 0x54f1, 0x53f1, 0x35f9, 0x54f1, 0x35f1, 0x53f1, 0x54f9, 0x35f1, 0x73f1, 0x34f9,
  0x54f1, 0x13f9, 0x54f1, 0x55f9, 0x73e9, 0x34f1, 0x6860, 0x0000, 0x2000, 0x0000, 0x0008, 0x0000,
  0x0000, 0x0000, 0x0000, 0x0000, 0x0000, 0x0000, 0x0000, 0x0000, 0x0000, 0x0000, 0x0000, 0x0000,
  0x0000, 0x0000, 0x0000, 0x0000, 0x0000, 0x0000, 0x0000, 0x0000, 0x0000, 0x0000, 0x0000, 0x0000,
  0x0110, 0xeeb8, 0x54f1, 0x54f1, 0x54f1, 0x33f1, 0x53f1, 0x54f1, 0x54f1, 0x54e9, 0x53e9, 0x94f1,
  0xb5f9, 0x94f1, 0x94f1, 0xb5f1, 0xb5f9, 0xb5f1, 0x74f1, 0x53f1, 0x73f1, 0x94f1, 0x15f2, 0xb3fa,
  0xf4f2, 0xf1fc, 0x10fd, 0xeffc, 0x0efd, 0xeffc, 0xeffc, 0xeffc, 0x0ffd, 0x0ffd, 0x0ffd, 0x0ffd,
  0xeffc, 0xeffc, 0x10fd, 0xfafe, 0xffff, 0xf9fe, 0xd3fd, 0xb3fd, 0xeff4, 0x0ffd, 0x0ff5, 0xf0fc,
  0x0ffd, 0xeffc, 0xeffc, 0x0ffd, 0xeffc, 0xeffc, 0x0ffd, 0x30fc, 0x54f1, 0x53f1, 0x35f1, 0x33f9,
  0x35f1, 0x34f1, 0x55f1, 0x35f1, 0x54f1, 0xd4f9, 0x93ea, 0xf2f9, 0x54f1, 0x55f9, 0x33e9, 0x13f9,
  0x6760, 0x0000, 0x0000, 0x0000, 0x0000, 0x0000, 0x0000, 0x0000, 0x0000, 0x0000, 0x0000, 0x0000,
  0x0000, 0x0000, 0x0000, 0x0000, 0x0000, 0x0000, 0x0000, 0x0000, 0x0000, 0x0000, 0x0000, 0x0000,
  0x0000, 0x0000, 0x0000, 0x0000, 0x0000, 0x0000, 0x0110, 0xeeb8, 0x54f1, 0x54f1, 0x54f1, 0x33f1,
  0x33f1, 0x54f1, 0x55f9, 0x35f1, 0x74f1, 0xb5f1, 0xb5f9, 0x94f1, 0x74f1, 0x94f1, 0xb5f9, 0xb5f1,
  0xb5f9, 0x75f9, 0x55e9, 0x54e9, 0xf2ea, 0xf0fc, 0xf1fc, 0x4ef5, 0x0ff5, 0xf1f4, 0x10f5, 0x0ffd,
  0xeffc, 0xeffc, 0x0ffd, 0x0ffd, 0x0ffd, 0x0ffd, 0xeffc, 0xeffc, 0x0ffd, 0xf9fe, 0xffff, 0xffff,
  0xbeff, 0x3bff, 0x10f5, 0xeefc, 0x0ffd, 0xeffc, 0x0ffd, 0xeffc, 0xeefc, 0x2ffd, 0x0ffd, 0x0ffd,
  0x0ffd, 0x30fc, 0x54f1, 0x54f1, 0x34f1, 0x54f9, 0x54f1, 0x54f9, 0x54f1, 0x54f9, 0x34f9, 0xb0fb,
  0x0ffd, 0xb0fb, 0x53f9, 0x34f9, 0x14f9, 0x73e9, 0x8758, 0x2000, 0x0010, 0x2000, 0x0000, 0x2000,
  0x0000, 0x0000, 0x0000, 0x0000, 0x0000, 0x0000, 0x0000, 0x0000, 0x0000, 0x0000, 0x0000, 0x0000,
  0x0000, 0x0000, 0x0000, 0x0000, 0x0000, 0x0000, 0x0000, 0x0000, 0x0000, 0x0000, 0x0000, 0x0000,
  0x0110, 0xefb8, 0x54f1, 0x54f1, 0x54f1, 0x34f1, 0x35f1, 0xf5f0, 0x73f1, 0x92e9, 0xb3f9, 0x76f9,
  0xb4f9, 0x74e9, 0x54e9, 0x54e9, 0x95f1, 0xb4f1, 0xb4f9, 0x74f9, 0xd3e9, 0x73e9, 0xb2f2, 0xcff4,
  0x0ff5, 0x0ff5, 0xeff4, 0xf0fc, 0xeef4, 0x0ffd, 0xeffc, 0xeffc, 0x0ffd, 0x0ffd, 0x0ffd, 0x0ffd,
  0x0ffd, 0x0ffd, 0x0ffd, 0xf9fe, 0xffff, 0xffff, 0xdeff, 0x5cff, 0x51f5, 0x30fd, 0x0ffd, 0x0ffd,
  0x10fd, 0x50f5, 0x30f5, 0x0ffd, 0x0ffd, 0xeffc, 0x0ffd, 0x30fc, 0x54f1, 0x54f1, 0x54f1, 0x54f1,
  0x74e9, 0x54f9, 0x33f9, 0x93f1, 0x33f9, 0xd1fb, 0x2ff5, 0x10fc, 0x54f1, 0x53f1, 0x54f1, 0x34f1,
  0x8970, 0x4210, 0x2218, 0x4210, 0x0218, 0x0108, 0x2000, 0x0008, 0x0000, 0x0000, 0x0000, 0x0000,
  0x0000, 0x0000, 0x0000, 0x0000, 0x0000, 0x0000, 0x0000, 0x0000, 0x0000, 0x0000, 0x0000, 0x0000,
  0x0000, 0x0000, 0x0000, 0x0000, 0x0000, 0x0000, 0x2110, 0xefb8, 0x54f1, 0x34f1, 0x54f1, 0x33f1,
  0x73e9, 0x54e9, 0x10eb, 0x10ec, 0x91fb, 0xf4f1, 0x95f9, 0x54e9, 0x34e9, 0x34e9, 0x74f1, 0x94f1,
  0x96f9, 0xb5f9, 0x92f3, 0x31f4, 0x51f4, 0xeff4, 0x0efd, 0xf0fc, 0xeffc, 0xcffc, 0xeffc, 0x0ffd,
  0x0ffd, 0x0ffd, 0x0ffd, 0x0ffd, 0x0ffd, 0x10fd, 0x0ffd, 0x0ffd, 0x0ffd, 0xf9fe, 0xffff, 0xffff,
  0xdfff, 0xbef7, 0x1aff, 0xfafe, 0xd4f5, 0x0ffd, 0xb3fd, 0xf9fe, 0x1aff, 0x72fd, 0x0efd, 0xf0fc,
  0x0ffd, 0x30fc, 0x35f9, 0x54f1, 0x54f9, 0x15f9, 0x54f1, 0x14f9, 0xd2f1, 0xb2f3, 0x31fc, 0xb0f4,
  0x2ff5, 0x2ff4, 0x55f1, 0x53f1, 0x34f1, 0x34f9, 0x10d1, 0xeeb8, 0xefc0, 0x0ec1, 0x0da9, 0x4430,
  0x4000, 0x0000, 0x0000, 0x0000, 0x0000, 0x0000, 0x0000, 0x0000, 0x0000, 0x0000, 0x0000, 0x0000,
  0x0000, 0x0000, 0x0000, 0x0000, 0x0000, 0x0000, 0x0000, 0x0000, 0x0000, 0x0000, 0x0000, 0x0000,
  0x0110, 0xeeb8, 0x34f1, 0x34f1, 0x54f1, 0x34f1, 0xf4f8, 0xf5f0, 0x70f3, 0x30f5, 0x52fc, 0xb4f1,
  0x95f9, 0x54e9, 0x34e9, 0x33e9, 0x53e9, 0x73f1, 0x75f9, 0x94f1, 0x30f4, 0x6ffd, 0x10fd, 0xeef4,
  0xeef4, 0xd0f4, 0x0ff5, 0x0ff5, 0x10f5, 0x0ffd, 0x0ffd, 0x0ffd, 0x0ffd, 0x0ffd, 0x0ffd, 0x10fd,
  0x0ffd, 0x0ffd, 0x0ffd, 0xf9fe, 0xffff, 0xdfff, 0xdfff, 0xffff, 0xfeff, 0xdeff, 0xf4fd, 0xeff4,
  0xf5f5, 0xdeff, 0xffff, 0x74f5, 0xeffc, 0x10fd, 0x2ffd, 0x2ffc, 0x34f9, 0x34f1, 0x34f9, 0x54e9,
  0x74e9, 0xf6f8, 0x13f2, 0x8ff4, 0x2cf5, 0xeffc, 0xeffc, 0x2ef4, 0x55f1, 0x54e9, 0x75e9, 0x34f1,
  0x54f9, 0x34f9, 0x35f1, 0x55f9, 0x53e1, 0x6648, 0x4000, 0x0000, 0x0000, 0x0000, 0x2000, 0x0000,
  0x0000, 0x0000, 0x0000, 0x0000, 0x0000, 0x0000, 0x0000, 0x0000, 0x0000, 0x0000, 0x0000, 0x0000,
  0x0000, 0x0000, 0x0000, 0x0000, 0x0000, 0x0000, 0x2110, 0x2eb1, 0x55f9, 0x53f1, 0x53e9, 0x54f1,
  0x92ea, 0xb1ea, 0x10f4, 0xeff4, 0x31f4, 0xb4f9, 0xb5f1, 0xb5f1, 0x14f1, 0x53f1, 0x34e1, 0xb3e9,
  0xd2f2, 0x53f3, 0x90fc, 0x10fd, 0xeef4, 0xeffc, 0xeffc, 0xeffc, 0xeffc, 0xeffc, 0x0ffd, 0x0ffd,
  0xeffc, 0xf0fc, 0xeffc, 0x30fd, 0x0ffd, 0x0ffd, 0xf0fc, 0x0ffd, 0x0ffd, 0xfafe, 0xffff, 0xffff,
  0xffff, 0xffff, 0xfff7, 0xdeff, 0xb9f6, 0x14f6, 0xb8f6, 0xdeff, 0xdeff, 0x92fd, 0x0ffd, 0xeffc,
  0x0ffd, 0x8ffc, 0xb1fa, 0xd3f2, 0xb3f1, 0x55f9, 0x34f1, 0x53f1, 0xd4f9, 0x8ff4, 0xf0fc, 0xeffc,
  0x10fd, 0x0ffc, 0x73f1, 0x35f1, 0x54f1, 0x54f1, 0x55f1, 0x34f1, 0x54f9, 0x13f1, 0x53e9, 0xab90,
  0x6968, 0x4640, 0x0000, 0x0000, 0x0000, 0x0000, 0x0000, 0x0000, 0x0000, 0x0000, 0x0000, 0x0000,
  0x0000, 0x0000, 0x0000, 0x0000, 0x0000, 0x0000, 0x0000, 0x0000, 0x0000, 0x0000, 0x0000, 0x0000,
  0x2318, 0x4fc1, 0x76f9, 0x94f9, 0x74f1, 0x74f1, 0x6fec, 0xeef4, 0xeffc, 0xcef4, 0x10f4, 0xd4f1,
  0x95f1, 0xb4f1, 0x74f9, 0x93f1, 0x73e1, 0x73f2, 0xd0fc, 0x6ffd, 0x50fd, 0xd1fc, 0xeffc, 0xeff4,
  0xeffc, 0x0ffd, 0x0ffd, 0x0ffd, 0xeffc, 0xeffc, 0xeffc, 0x0ffd, 0x0ff5, 0x0ffd, 0xcffc, 0xeef4,
  0x10fd, 0x0ffd, 0x10fd, 0xfafe, 0xffff, 0xffff, 0xdfff, 0xffff, 0xfff7, 0xffff, 0xdeff, 0xdeff,
  0xdfff, 0xfff7, 0xdeff, 0x92fd, 0x2ff5, 0x11fd, 0x0ffd, 0x2ef5, 0x2ffd, 0xcff4, 0xd2f9, 0x14f1,
  0x35f1, 0x54f9, 0xb3f9, 0x8ff4, 0x11fd, 0x2ffd, 0x2ff5, 0xf0fb, 0x34f9, 0x34f1, 0x54f1, 0x54f9,
  0x54f9, 0x34f9, 0x54f9, 0x53e9, 0x74e9, 0x54e9, 0x53f9, 0xec88, 0x0000, 0x0000, 0x0000, 0x0000,
  0x0000, 0x0000, 0x0000, 0x0000, 0x0000, 0x0000, 0x0000, 0x0000, 0x0000, 0x0000, 0x0000, 0x0000,
  0x0000, 0x0000, 0x0000, 0x0000, 0x0000, 0x2000, 0xa318, 0x8fb9, 0xb5f1, 0xd3f1, 0xb4f1, 0xd4f9,
  0x70fc, 0xcdf4, 0xf0f4, 0xeff4, 0x2ff4, 0xd4f1, 0xb4f1, 0xb4f1, 0x96f1, 0xf4e9, 0xd4e9, 0xb3fa,
  0xd2fc, 0x10fd, 0x10f5, 0x10fd, 0x0ffd, 0xeff4, 0x0ffd, 0x0ffd, 0x0ffd, 0x0ffd, 0x0ffd, 0xeffc,
  0x0ffd, 0x0ffd, 0x0ff5, 0xeffc, 0x31f5, 0x72fd, 0x52fd, 0xeefc, 0x0ffd, 0xfafe, 0xffff, 0xffff,
  0xffff, 0xffff, 0xffff, 0xfff7, 0xffff, 0xffff, 0xffff, 0xffff, 0xffff, 0x72f5, 0x30f5, 0xeef4,
  0x31fd, 0xf1fc, 0xcffc, 0xb0fc, 0x92fa, 0xd2f1, 0xb3f1, 0x53f1, 0xd2f1, 0x6ffc, 0xf1fc, 0xeef4,
  0x0ff5, 0x10fc, 0xd2f1, 0xd3f1, 0x35f1, 0x35f1, 0x35f1, 0x34f1, 0x33f1, 0x53f1, 0x34f9, 0x35f1,
  0x53e9, 0xad98, 0x0010, 0x2000, 0x0000, 0x0000, 0x0000, 0x0000, 0x0000, 0x0000, 0x0000, 0x0000,
  0x0000, 0x0000, 0x0000, 0x0000, 0x0000, 0x0000, 0x0000, 0x0000, 0x0000, 0x0000, 0x0000, 0x4108,
  0x8318, 0x6fb1, 0x97f9, 0xb5f9, 0xb5f1, 0xd5f9, 0x90f4, 0x10f5, 0x11f5, 0x0fed, 0xeff3, 0x54f9,
  0xb4e9, 0x94f9, 0xb5f1, 0x92f3, 0xb1fc, 0x0ff5, 0x11fd, 0x10fd, 0x0ef5, 0xeeec, 0xf0f4, 0x0efd,
  0x0ffd, 0x0ffd, 0xeffc, 0xeffc, 0x0ffd, 0x0ffd, 0x10f5, 0xf0fc, 0x0ffd, 0xeffc, 0x56fe, 0x7cf7,
  0xf9fe, 0x50f5, 0x0efd, 0xfafe, 0xffff, 0xdff7, 0xffff, 0xfeff, 0xffff, 0xffff, 0xdfff, 0xfeff,
  0xffff, 0xffff, 0xdfff, 0x72fd, 0x0efd, 0x57fe, 0x7dff, 0xd9fe, 0x0ff5, 0x10fd, 0xaff4, 0x6ffc,
  0xf2f2, 0x34f9, 0xd4f1, 0x6ffc, 0x2efd, 0xeffc, 0xf0fc, 0xeff4, 0x90f4, 0x30fc, 0xd3f1, 0x34f1,
  0x35f9, 0x55f1, 0x54f1, 0x35f9, 0x15f9, 0x54f1, 0x33f9, 0xcc98, 0x0008, 0x0000, 0x0000, 0x0000,
  0x0000, 0x0000, 0x0000, 0x0000, 0x0000, 0x0000, 0x0000, 0x0000, 0x0000, 0x0000, 0x0000, 0x0000,
  0x0000, 0x0000, 0x0000, 0x0000, 0x0000, 0x2000, 0x8220, 0x4eb9, 0x77f9, 0x94f1, 0xb4e9, 0xf4f1,
  0x72fc, 0x30fd, 0x2ffd, 0x2ffd, 0xf1f3, 0x74e9, 0x75e9, 0x54f9, 0xb6f9, 0xb3fb, 0x11fd, 0x30f5,
  0x11f5, 0xeff4, 0xeff4, 0x0ff5, 0x10fd, 0xeefc, 0x0ff5, 0x0ffd, 0x10fd, 0x0ffd, 0x0ffd, 0xeffc,
  0x0ff5, 0x10fd, 0x2ffd, 0xcffc, 0x77fe, 0xffff, 0x3cff, 0x51f5, 0xf0fc, 0xfbfe, 0xfff7, 0xdfff,
  0xffff, 0xffff, 0xffff, 0xdfff, 0xdfff, 0xfff7, 0xdfff, 0xffff, 0xdfff, 0x93f5, 0x0ff5, 0x79fe,
  0xfef7, 0x39f7, 0x2ef5, 0xf0fc, 0x0ffd, 0x0ff5, 0x71eb, 0x54f1, 0x13f2, 0x70f4, 0x50f5, 0x0ffd,
  0xf0fc, 0x10fd, 0xeffc, 0x8ffc, 0xf4f9, 0x72e9, 0x33f1, 0x34f1, 0x54e9, 0x53f1, 0x53f9, 0x54f1,
  0x53f9, 0xcc90, 0x0008, 0x2000, 0x0000, 0x0000, 0x0000, 0x0000, 0x0000, 0x0000, 0x0000, 0x0000,
  0x0000, 0x0000, 0x0000, 0x0000, 0x0000, 0x0000, 0x0000, 0x0000, 0x0000, 0x0000, 0x0000, 0x0000,
  0x4318, 0x50b9, 0xb6f1, 0x72f2, 0x70f3, 0xcff3, 0x10f5, 0x50f5, 0x51fd, 0x31fd, 0x10f5, 0xf0fb,
  0xd0f3, 0x6ef3, 0x90e3, 0x6ee4, 0xeef4, 0xeffc, 0xeffc, 0x0ef5, 0xf0f4, 0x0efd, 0x10fd, 0xeff4,
  0x0ff5, 0x10fd, 0x10fd, 0xeffc, 0x0ffd, 0xeffc, 0x30f5, 0x0ffd, 0x2ef5, 0xeffc, 0x57fe, 0xfef7,
  0xdeff, 0xb8fe, 0x97fe, 0x9eff, 0xffff, 0xbfff, 0xffff, 0xffff, 0xffff, 0xffff, 0xffff, 0xffff,
  0xdeff, 0xfeff, 0xffff, 0xdafe, 0xb9fe, 0x3bff, 0xffff, 0xfcfe, 0x30fd, 0xeffc, 0x0ffd, 0xeffc,
  0x70fc, 0x70fb, 0xf0fb, 0xcefc, 0xf0fc, 0x0ffd, 0x0ff5, 0x30fd, 0xeef4, 0x0dfd, 0x93fb, 0x71f3,
  0x32fa, 0x53f9, 0x54f9, 0x34f1, 0x34f1, 0x55f1, 0x13f1, 0xed98, 0x0008, 0x0000, 0x0008, 0x0000,
  0x0000, 0x0000, 0x0000, 0x0000, 0x0000, 0x0000, 0x0000, 0x0000, 0x0000, 0x0000, 0x0000, 0x0000,
  0x0000, 0x0000, 0x2000, 0x0000, 0x2000, 0x0000, 0x4218, 0x4fb9, 0xb6f9, 0x12f3, 0xd0f4, 0xeff4,
  0xf0f4, 0x10fd, 0x30fd, 0x50f5, 0x30fd, 0x30fd, 0x30fd, 0x30fd, 0x0ff5, 0xeff4, 0xeff4, 0xeff4,
  0xeffc, 0x0ffd, 0x0ffd, 0xeffc, 0xeffc, 0xeffc, 0x0ef5, 0xf0f4, 0x0ff5, 0xcffc, 0x2ff5, 0x0ffd,
  0xeffc, 0xcffc, 0x0efd, 0xeffc, 0x76fe, 0xfeff, 0xffff, 0xffff, 0xffff, 0xffff, 0xffff, 0xffff,
  0xffff, 0xffff, 0xffff, 0xffff, 0xffff, 0xffff, 0xffff, 0xffff, 0xffff, 0xffff, 0xffff, 0xfff7,
  0xffff, 0xfafe, 0x10f5, 0x10fd, 0x0efd, 0x0ff5, 0x0ffd, 0x0ffd, 0x0ffd, 0x0ffd, 0x10fd, 0x0ffd,
  0x0ffd, 0x0ffd, 0x0ffd, 0x0efd, 0x0efd, 0xeffc, 0xb2f2, 0x33f1, 0x54f1, 0x54f1, 0x34f1, 0x54f1,
  0x35f9, 0xcc90, 0x2008, 0x0000, 0x0000, 0x0008, 0x2000, 0x0000, 0x0000, 0x0000, 0x0000, 0x0000,
  0x0000, 0x0000, 0x0000, 0x0000, 0x0000, 0x0000, 0x0000, 0x2000, 0x0000, 0x0008, 0x2210, 0xc848,
  0x6758, 0x50c9, 0xb6f1, 0x32fb, 0x0ef5, 0x0de5, 0x30f5, 0x50fd, 0x30fd, 0x31fd, 0x30fd, 0x30fd,
  0x30fd, 0x50fd, 0x30fd, 0x0ffd, 0xeff4, 0xeff4, 0xeffc, 0x0ffd, 0xeffc, 0xeffc, 0xeffc, 0x10fd,
  0x2ff5, 0xb5fd, 0x16fe, 0xf0fc, 0xeefc, 0x50fd, 0xf4fd, 0xd4fd, 0xf4fd, 0xf4fd, 0xf9fe, 0xffff,
  0xffff, 0xffff, 0xffff, 0xffff, 0xffff, 0xffff, 0xffff, 0xffff, 0xffff, 0xffff, 0xffff, 0xffff,
  0xffff, 0xffff, 0xffff, 0xffff, 0xffff, 0xffff, 0xffff, 0x3aff, 0x0ff5, 0x10fd, 0x10fd, 0x0ff5,
  0x0ffd, 0x0ffd, 0x0ffd, 0x10fd, 0x10fd, 0x0ffd, 0x0ffd, 0x0ffd, 0x0ffd, 0x0ffd, 0x0efd, 0xeffc,
  0xb2f2, 0x33f9, 0x54f1, 0x54f1, 0x34f1, 0x54f1, 0x54f9, 0xcc90, 0x2000, 0x2000, 0x0000, 0x0000,
  0x0000, 0x0000, 0x0000, 0x0000, 0x0000, 0x0000, 0x0000, 0x0000, 0x0000, 0x0000, 0x0000, 0x0000,
  0x0000, 0x0108, 0x0010, 0x2000, 0x4540, 0x13f9, 0x33e9, 0x74f9, 0x76f1, 0xf3fa, 0xf0fc, 0x11fd,
  0x50f5, 0x50fd, 0x10fd, 0xf0fc, 0xeff4, 0x0ff5, 0x30fd, 0x30fd, 0x0ffd, 0xeff4, 0xeff4, 0x0ff5,
  0x0ff5, 0x0ff5, 0xeffc, 0xeffc, 0xeffc, 0xf0fc, 0x50f5, 0x7cff, 0xfff7, 0xd3f5, 0x2efd, 0xf5fd,
  0xdeff, 0xffff, 0xffff, 0xffff, 0xdfff, 0xdfff, 0xffff, 0xffff, 0xffff, 0xffff, 0xffff, 0xffff,
  0xffff, 0xffff, 0xffff, 0xffff, 0xffff, 0xffff, 0xffff, 0xffff, 0xffff, 0xffff, 0xffff, 0xffff,
  0xdff7, 0x3aff, 0x2ef5, 0x0ff5, 0xf0f4, 0x0ffd, 0x0ffd, 0x0ffd, 0xeffc, 0xeffc, 0x10fd, 0x0ffd,
  0x0ffd, 0x0ffd, 0x0ffd, 0x0ffd, 0x0ffd, 0xeffc, 0xb2f2, 0x33f9, 0x54f9, 0x54f1, 0x34f9, 0x54f1,
  0x54f1, 0x8c98, 0x2008, 0x0008, 0x0008, 0x2000, 0x0008, 0x0000, 0x0000, 0x0000, 0x0000, 0x0000,
  0x0000, 0x0000, 0x0000, 0x0000, 0x0000, 0x0000, 0x4000, 0x0000, 0x0110, 0x4320, 0x6850, 0x54f1,
  0x34f1, 0x53e9, 0x94e9, 0x32f3, 0xd1fc, 0xf1f4, 0x10fd, 0x50fd, 0x0ff5, 0xeff4, 0xcff4, 0xeef4,
  0xeff4, 0x0ff5, 0xeff4, 0xeff4, 0x0ffd, 0x0ff5, 0x0ff5, 0x0ffd, 0xeffc, 0xeffc, 0xeffc, 0x0ffd,
  0x4ffd, 0x9cff, 0xbfff, 0xf5fd, 0x51fd, 0x37fe, 0xfeff, 0xfff7, 0xffff, 0xfff7, 0xffff, 0xffff,
  0xffff, 0xffff, 0xffff, 0xffff, 0xffff, 0xffff, 0xffff, 0xffff, 0xffff, 0xffff, 0xffff, 0xffff,
  0xffff, 0xffff, 0xffff, 0xffff, 0xffff, 0xffff, 0xffff, 0x5bff, 0x90ed, 0x70f5, 0x0ffd, 0x0ffd,
  0x0ffd, 0xeffc, 0xeffc, 0x0ffd, 0x0ffd, 0x0ffd, 0x0ffd, 0x0ffd, 0x0ffd, 0x0ffd, 0x0ffd, 0xeffc,
  0xb2f2, 0x33f9, 0x54f1, 0x54f1, 0x34f9, 0x34f1, 0x74f1, 0xada8, 0x2320, 0x0220, 0x4318, 0x4420,
  0x0000, 0x0000, 0x0000, 0x0000, 0x0000, 0x0000, 0x0000, 0x0000, 0x0000, 0x0000, 0x0000, 0x0000,
  0x0000, 0x2100, 0xc868, 0x2fc9, 0x31d1, 0x74f1, 0x75e9, 0x35f1, 0x14f1, 0xb4f9, 0x55f2, 0x73fa,
  0xb0fc, 0x10fd, 0xeff4, 0xeff4, 0xeff4, 0xeff4, 0xeff4, 0xeff4, 0xeffc, 0x0ffd, 0x0ffd, 0xeff4,
  0x0ffd, 0x0ffd, 0xeffc, 0xeffc, 0x0ffd, 0x0ffd, 0x50f5, 0x9ef7, 0xffff, 0x9dff, 0x5cff, 0x9df7,
  0xfef7, 0xdff7, 0xdfff, 0xdfff, 0xdff7, 0xffff, 0xffff, 0xffff, 0xffff, 0xffff, 0xffff, 0xffff,
  0xffff, 0xffff, 0xffff, 0xffff, 0xffff, 0xffff, 0xffff, 0xffff, 0xffff, 0xffff, 0xffff, 0xfff7,
  0xffff, 0xdfff, 0x7cff, 0x3bff, 0x92fd, 0xeffc, 0x0ffd, 0x0ffd, 0x0ffd, 0x0ffd, 0x0ffd, 0x0ffd,
  0x0ffd, 0x0ffd, 0x0ffd, 0x0ffd, 0x0ffd, 0xeffc, 0xb2f2, 0x34f1, 0x54f1, 0x54f1, 0x34f1, 0x54f1,
  0x54f1, 0x32e9, 0x50d1, 0x31d1, 0x30c9, 0x0fc1, 0x0100, 0x0000, 0x0000, 0x2000, 0x2000, 0x0000,
  0x0000, 0x0000, 0x0000, 0x0000, 0x0000, 0x0000, 0x0000, 0x0000, 0xaa78, 0x34f9, 0x35f9, 0x13f1,
  0x33f1, 0x54f1, 0x52f1, 0xb4f1, 0xb6f1, 0xf3f9, 0x70fc, 0x10f5, 0xeef4, 0xeff4, 0xeffc, 0xeff4,
  0xeff4, 0xeff4, 0xeffc, 0x0ffd, 0x0ffd, 0x0ffd, 0xeffc, 0x0ffd, 0x0ffd, 0x0ffd, 0xeffc, 0x0ffd,
  0x51f5, 0xbdf7, 0xfef7, 0xffff, 0xffff, 0xffff, 0xffff, 0xffff, 0xffff, 0xffff, 0xdfff, 0xffff,
  0xffff, 0xffff, 0xffff, 0xffff, 0xffff, 0xffff, 0xffff, 0xffff, 0xffff, 0xffff, 0xffff, 0xffff,
  0xffff, 0xffff, 0xffff, 0xffff, 0xffff, 0xfeff, 0xdeff, 0xdfff, 0xffff, 0xbeff, 0x92f5, 0xeffc,
  0x0ffd, 0x10fd, 0x10fd, 0x0ffd, 0xeffc, 0x0ffd, 0x0ffd, 0x0ffd, 0x0ffd, 0x0ffd, 0x0ffd, 0x0ffd,
  0xd2f2, 0x34f9, 0x34f1, 0x53f1, 0x34f1, 0x34f1, 0x55f1, 0x34e9, 0x14f9, 0x35f1, 0x35f9, 0x13f9,
  0x0100, 0x0000, 0x0000, 0x0000, 0x0000, 0x0000, 0x0000, 0x0000, 0x0000, 0x0000, 0x0000, 0x0000,
  0x2000, 0x2000, 0xa980, 0x54f9, 0x55f1, 0x54f1, 0x34f1, 0x34f1, 0x53e1, 0x73f1, 0x75f9, 0x13f2,
  0xb0fc, 0x0ffd, 0xeef4, 0xeff4, 0x10fd, 0x0ff5, 0x0ff5, 0x0ffd, 0x0ffd, 0xeffc, 0x0ffd, 0x0ffd,
  0x0ff5, 0x10fd, 0x10fd, 0x0ffd, 0x91fd, 0x77fe, 0x98fe, 0xdeff, 0xdfff, 0xffff, 0xffff, 0xffff,
  0xffff, 0xffff, 0xffff, 0xffff, 0xffff, 0xffff, 0xffff, 0xffff, 0xffff, 0xffff, 0xffff, 0xffff,
  0xffff, 0xffff, 0xffff, 0xffff, 0xffff, 0xffff, 0xffff, 0xffff, 0xffff, 0xffff, 0xffff, 0xdfff,
  0xffff, 0xffff, 0xfeff, 0xbeff, 0x93fd, 0xeffc, 0x10fd, 0x0ffd, 0x0ffd, 0x0ffd, 0xeffc, 0x0ffd,
  0x0ffd, 0x0ffd, 0x0ffd, 0x0ffd, 0xeffc, 0xeff4, 0xd2f2, 0x35f9, 0x55f9, 0x54f1, 0x34f9, 0x54f1,
  0x54f1, 0x54f1, 0x34f1, 0x34f1, 0x34f1, 0x54f1, 0x0000, 0x0000, 0x0000, 0x0000, 0x0000, 0x0000,
  0x0000, 0x0000, 0x0000, 0x0000, 0x0000, 0x0000, 0x0100, 0x0000, 0xaa78, 0x54f9, 0x14f9, 0x53f1,
  0x34f1, 0x34f1, 0x54f1, 0x34f9, 0x56f9, 0xf6f9, 0x90fc, 0x0ffd, 0x0ef5, 0x0ff5, 0x0ffd, 0xeef4,
  0xeffc, 0xeffc, 0xeffc, 0xeffc, 0xeffc, 0x10fd, 0x30f5, 0x30f5, 0xeffc, 0xcdfc, 0x15fe, 0xdeff,
  0xfef7, 0xfff7, 0xdfff, 0xdfff, 0xffff, 0xffff, 0xffff, 0xffff, 0xffff, 0xffff, 0xffff, 0xffff,
  0xffff, 0xffff, 0xffff, 0xffff, 0xffff, 0xffff, 0xffff, 0xffff, 0xffff, 0xffff, 0xffff, 0xffff,
  0xffff, 0xffff, 0xffff, 0xffff, 0xffff, 0xffff, 0xffff, 0xffff, 0xffff, 0xbdff, 0x92fd, 0x0ff5,
  0x0ff5, 0x2ffd, 0x0ff5, 0x0ff5, 0x30f5, 0x0ffd, 0x0ffd, 0x0ffd, 0x0ffd, 0x0ffd, 0x10fd, 0xf0fc,
  0xb1f2, 0x33f1, 0x33f1, 0x53e9, 0x34f1, 0x33f1, 0x33f1, 0x54f9, 0x34f1, 0x34f1, 0x54f1, 0x34f1,
  0x0000, 0x0000, 0x0000, 0x0000, 0x0000, 0x0000, 0x0000, 0x0000, 0x0000, 0x0000, 0x0000, 0x0000,
  0x4528, 0x4640, 0xcd90, 0x54f1, 0x34f1, 0x74e9, 0x54f1, 0x34f1, 0x54f1, 0x93f1, 0x73f2, 0xf3f2,
  0xb1fc, 0x31fd, 0x2ff5, 0xeff4, 0xf0fc, 0xeffc, 0x0ffd, 0x0ffd, 0x0ffd, 0xeffc, 0xeffc, 0xeffc,
  0xeffc, 0x0ff5, 0x72fd, 0xb3fd, 0x78fe, 0xbfff, 0xffff, 0xfff7, 0xffff, 0xffff, 0xffff, 0xffff,
  0xffff, 0xffff, 0xffff, 0xffff, 0xffff, 0xffff, 0xffff, 0xffff, 0xffff, 0xffff, 0xffff, 0xffff,
  0xffff, 0xffff, 0xffff, 0xffff, 0xffff, 0xffff, 0xffff, 0xffff, 0xffff, 0xffff, 0xffff, 0xffff,
  0xffff, 0xdfff, 0xffff, 0xbdff, 0xb2fd, 0x2ef5, 0x0ffd, 0x0ffd, 0xeffc, 0xeffc, 0xeffc, 0x0ffd,
  0x0ffd, 0x0ffd, 0x0ffd, 0x10fd, 0x10fd, 0xeffc, 0xd1f2, 0x34f1, 0x55f1, 0x54f1, 0x35f9, 0x34f1,
  0x34f1, 0x54f9, 0x54f9, 0x54f1, 0x54f1, 0x34f9, 0x0000, 0x0000, 0x0000, 0x0000, 0x0000, 0x0000,
  0x0000, 0x0000, 0x0000, 0x0000, 0x0000, 0x0000, 0xeea0, 0x31e1, 0x12e9, 0x54f1, 0x34f1, 0x34f1,
  0x33f1, 0x34f1, 0x54f1, 0xb2f2, 0x8ffc, 0xcffc, 0x30fd, 0x2ff5, 0x0ef5, 0xeefc, 0x0ffd, 0xeffc,
  0xeff4, 0x0ffd, 0x0ffd, 0x0ffd, 0x0ffd, 0x0ffd, 0x0efd, 0x2ef5, 0xb8f6, 0xbdff, 0xbdff, 0xfeff,
  0xffff, 0xfef7, 0xfeff, 0xffff, 0xdfff, 0xffff, 0xffff, 0xffff, 0xffff, 0xffff, 0xffff, 0xffff,
  0xffff, 0xffff, 0xffff, 0xffff, 0xffff, 0xffff, 0xffff, 0xffff, 0xffff, 0xffff, 0xffff, 0xffff,
  0xffff, 0xffff, 0xffff, 0xffff, 0xffff, 0xffff, 0xffff, 0xffff, 0xffff, 0xbdff, 0xb2f5, 0xeffc,
  0x0ffd, 0xeffc, 0xeff4, 0x2ffd, 0x2ffd, 0x0ffd, 0x0ffd, 0xeffc, 0xeffc, 0x0ffd, 0xeffc, 0x0ffd,
  0xd1f2, 0x35f1, 0x35f1, 0x33f1, 0x14f9, 0x35f1, 0x55f9, 0x35f9, 0x34f1, 0x54f1, 0x53f1, 0x34f9,
  0x0000, 0x0000, 0x0000, 0x0000, 0x0000, 0x0000, 0x0000, 0x0000, 0x0000, 0x0000, 0x0000, 0x0000,
  0xf1c8, 0x54f9, 0x34f1, 0x34f9, 0x34f9, 0x54e9, 0x53e9, 0x55f1, 0x54f1, 0xd3f2, 0xf0fc, 0xf1fc,
  0x2ffd, 0xeef4, 0x0ffd, 0x0efd, 0x0ff5, 0x50f5, 0x30f5, 0xf0f4, 0xeffc, 0xeffc, 0x0ffd, 0x0ff5,
  0x2ffd, 0x30fd, 0xdafe, 0xffff, 0xbfff, 0xdfff, 0xffff, 0xdfff, 0xffff, 0xffff, 0xffff, 0xffff,
  0xffff, 0xffff, 0xffff, 0xffff, 0xffff, 0xffff, 0xffff, 0xffff, 0xffff, 0xffff, 0xffff, 0xffff,
  0xffff, 0xffff, 0xffff, 0xffff, 0xffff, 0xffff, 0xffff, 0xffff, 0xffff, 0xffff, 0xffff, 0xffff,
  0xffff, 0xffff, 0xffff, 0xbef7, 0xd4fd, 0xd0fc, 0xf0fc, 0xf1fc, 0xf0fc, 0xcffc, 0xcffc, 0x0ffd,
  0x0ffd, 0xeffc, 0xeffc, 0x0ffd, 0x0ffd, 0xb1fc, 0xb2f2, 0x54f1, 0x74e9, 0x73e9, 0x74f1, 0x74f1,
  0x54f1, 0x34f1, 0x34f1, 0x54f1, 0x54f1, 0x34f1, 0x0000, 0x0000, 0x0000, 0x0000, 0x0000, 0x0000,
  0x0000, 0x0000, 0x0000, 0x0000, 0x0000, 0x0000, 0xf0b8, 0x34f9, 0x54f1, 0x54f1, 0x34f1, 0x74f1,
  0x34f1, 0x34f1, 0x53f9, 0xd1f2, 0xeef4, 0xeff4, 0xf0fc, 0xeffc, 0xf0fc, 0xf0fc, 0x93fd, 0xb9fe,
  0x97fe, 0x50fd, 0xeffc, 0x0ffd, 0x0ef5, 0x0ffd, 0x0ffd, 0xf0fc, 0xd9fe, 0xfff7, 0xffff, 0xffff,
  0xffff, 0xdfff, 0xffff, 0xffff, 0xffff, 0xffff, 0xffff, 0xffff, 0xffff, 0xffff, 0xffff, 0xffff,
  0xffff, 0xffff, 0xffff, 0xffff, 0xffff, 0xffff, 0xffff, 0xffff, 0xffff, 0xffff, 0xffff, 0xffff,
  0xffff, 0xffff, 0xffff, 0xffff, 0xffff, 0xffff, 0xffff, 0xffff, 0xffff, 0xffff, 0xfafe, 0xf9f6,
  0xf9f6, 0x19f7, 0x97fe, 0x71f5, 0x0ffd, 0x30fd, 0xeffc, 0x0ffd, 0x10fd, 0x10fd, 0x0ff5, 0x2ff5,
  0x4ff4, 0xb0fb, 0xf0fb, 0xf0f3, 0x91fb, 0x13fa, 0x53f1, 0x54f1, 0x54f9, 0x34f1, 0x54f1, 0x34f1,
  0x0000, 0x0000, 0x0000, 0x0000, 0x0000, 0x0000, 0x0000, 0x0000, 0x0000, 0x0000, 0x0000, 0x0000,
  0xf0c0, 0x54f1, 0x34f9, 0x34f9, 0x34f1, 0x54f1, 0x34f1, 0x54f1, 0x34f1, 0xd2fa, 0xeffc, 0x0ffd,
  0x0ffd, 0xeffc, 0x0ffd, 0xeffc, 0xd3fd, 0xdfff, 0x9dff, 0x70fd, 0xeffc, 0x10fd, 0x0dfd, 0xf0fc,
  0xeffc, 0xf0fc, 0xf9fe, 0xffff, 0xffff, 0xffff, 0xffff, 0xffff, 0xffff, 0xffff, 0xffff, 0xffff,
  0xffff, 0xffff, 0xffff, 0xffff, 0xffff, 0xffff, 0xffff, 0xffff, 0xffff, 0xffff, 0xffff, 0xffff,
  0xffff, 0xffff, 0xffff, 0xffff, 0xffff, 0xffff, 0xffff, 0xffff, 0xffff, 0xffff, 0xffff, 0xffff,
  0xffff, 0xffff, 0xffff, 0xffff, 0xffff, 0xffff, 0xffff, 0xffff, 0x5bff, 0x52fd, 0xaefc, 0x0ff5,
  0xeffc, 0x2efd, 0x0ffd, 0x0ffd, 0x2ffd, 0xeffc, 0xeffc, 0x2ffd, 0x0ffd, 0x2ff5, 0xcff4, 0x53f2,
  0x54f1, 0x54f1, 0x54f1, 0x53f1, 0x34f1, 0x34f1, 0x0000, 0x0000, 0x0000, 0x0000, 0x0000, 0x0000,
  0x0000, 0x0000, 0x0000, 0x0000, 0x0000, 0x0000, 0xf0c0, 0x54f9, 0x34f9, 0x34f9, 0x54f1, 0x54f1,
  0x34f1, 0x54f1, 0x34f1, 0xd2fa, 0xeffc, 0x0ffd, 0xf0fc, 0xeffc, 0x0ffd, 0xeffc, 0xd3fd, 0xdeff,
  0xbdf7, 0x76f6, 0x16fe, 0x73fd, 0x0df5, 0x31fd, 0x16fe, 0x57fe, 0x5cff, 0xffff, 0xffff, 0xffff,
  0xffff, 0xffff, 0xffff, 0xffff, 0xffff, 0xffff, 0xffff, 0xffff, 0xffff, 0xffff, 0xffff, 0xffff,
  0xffff, 0xffff, 0xffff, 0xffff, 0xffff, 0xffff, 0xffff, 0xffff, 0xffff, 0xffff, 0xffff, 0xffff,
  0xffff, 0xffff, 0xffff, 0xffff, 0xffff, 0xffff, 0xffff, 0xffff, 0xffff, 0xffff, 0xffff, 0xffff,
  0xdfff, 0xffff, 0x9dff, 0x78fe, 0x36fe, 0x71fd, 0xcffc, 0x50f5, 0x15fe, 0xf4fd, 0xf0fc, 0xeff4,
  0x0ffd, 0x2ff5, 0x10f5, 0x2ffd, 0xcffc, 0x53f2, 0x54f1, 0x34f1, 0x54f1, 0x54f1, 0x34f1, 0x34f1,
  0x0000, 0x0000, 0x0000, 0x0000, 0x0000, 0x0000, 0x0000, 0x0000, 0x0000, 0x0000, 0x0000, 0x0000,
  0xefc0, 0x54f9, 0x34f1, 0x34f1, 0x54f1, 0x54f9, 0x34f1, 0x54f1, 0x34f1, 0xd2fa, 0xeffc, 0x0ffd,
  0xeffc, 0xeffc, 0x0ffd, 0xeffc, 0xd3fd, 0xdeff, 0xdfff, 0xfeff, 0xdeff, 0x36fe, 0x2ef5, 0xd2fd,
  0x9cff, 0xdfff, 0xffff, 0xffff, 0xfeff, 0xffff, 0xffff, 0xffff, 0xffff, 0xffff, 0xffff, 0xffff,
  0xffff, 0xffff, 0xffff, 0xffff, 0xffff, 0xffff, 0xffff, 0xffff, 0xffff, 0xffff, 0xffff, 0xffff,
  0xffff, 0xffff, 0xffff, 0xffff, 0xffff, 0xffff, 0xffff, 0xffff, 0xffff, 0xffff, 0xffff, 0xffff,
  0xffff, 0xffff, 0xffff, 0xffff, 0xffff, 0xffff, 0xdfff, 0xffff, 0xfff7, 0xdeff, 0xfeff, 0x36f6,
  0xcffc, 0xb2f5, 0xfff7, 0x9dff, 0x71fd, 0xeffc, 0x0ffd, 0x30fd, 0x10f5, 0x0ff5, 0xcffc, 0x53f2,
  0x54f1, 0x34f1, 0x54f1, 0x54f1, 0x34f1, 0x34f1, 0x0000, 0x0000, 0x0000, 0x0000, 0x0000, 0x0000,
  0x0000, 0x0000, 0x0000, 0x0000, 0x0000, 0x0000, 0xf0c0, 0x54f1, 0x34f1, 0x54f1, 0x54f1, 0x54f9,
  0x54f1, 0x54f1, 0x34f1, 0xd2fa, 0xeffc, 0x0ffd, 0x0ffd, 0xeffc, 0x0ffd, 0x0ffd, 0xd3fd, 0xffff,
  0xffff, 0xffff, 0xdfff, 0x37fe, 0x0efd, 0xb2fd, 0x9dff, 0xdfff, 0xdfff, 0xffff, 0xfeff, 0xffff,
  0xffff, 0xffff, 0xffff, 0xffff, 0xffff, 0xffff, 0xffff, 0xffff, 0xffff, 0xffff, 0xffff, 0xffff,
  0xffff, 0xffff, 0xffff, 0xffff, 0xffff, 0xffff, 0xffff, 0xffff, 0xffff, 0xffff, 0xffff, 0xffff,
  0xffff, 0xffff, 0xffff, 0xffff, 0xffff, 0xffff, 0xffff, 0xffff, 0xffff, 0xffff, 0xffff, 0xffff,
  0xffff, 0xffff, 0xdfff, 0xdfff, 0xffff, 0x35fe, 0xeffc, 0xd2f5, 0xdeff, 0x9df7, 0xd4f5, 0x71fd,
  0x0ffd, 0x0ffd, 0x0ffd, 0x0ff5, 0xd0fc, 0x53f2, 0x54f1, 0x34f9, 0x54f1, 0x54f9, 0x34f1, 0x34f1,
  0x0000, 0x0000, 0x0000, 0x0000, 0x0000, 0x0000, 0x0000, 0x0000, 0x0000, 0x0000, 0x0000, 0x0000,
  0xf0c0, 0x54f1, 0x34f1, 0x54f1, 0x54f1, 0x34f9, 0x54f1, 0x54f1, 0x34f1, 0xd2fa, 0xeffc, 0x0ffd,
  0x0ffd, 0x0ffd, 0x0ffd, 0xeffc, 0xd3fd, 0xffff, 0xfff7, 0xdff7, 0xfeff, 0x36fe, 0x0ef5, 0x92f5,
  0x9dff, 0xfeff, 0xdfff, 0xffff, 0xffff, 0xffff, 0xffff, 0xffff, 0xffff, 0xffff, 0xffff, 0xffff,
  0xffff, 0xffff, 0xffff, 0xffff, 0xffff, 0xffff, 0xffff, 0xffff, 0xffff, 0xffff, 0xffff, 0xffff,
  0xffff, 0xffff, 0xffff, 0xffff, 0xffff, 0xffff, 0xffff, 0xffff, 0xffff, 0xffff, 0xffff, 0xffff,
  0xffff, 0xffff, 0xffff, 0xffff, 0xffff, 0xffff, 0xdfff, 0xffff, 0xdfff, 0xdfff, 0xffff, 0x15fe,
  0xf0fc, 0xb3f5, 0xbfff, 0xffff, 0x5cff, 0xbcff, 0xf4f5, 0x30fd, 0xeffc, 0x0ffd, 0xaffc, 0x53f2,
  0x54f1, 0x34f9, 0x54f1, 0x53f9, 0x34f1, 0x34f1, 0x0000, 0x0000, 0x0000, 0x0000, 0x0000, 0x0000,
  0x0000, 0x0000, 0x0000, 0x0000, 0x0000, 0x0000, 0xefb0, 0x33f1, 0x34f1, 0x34f9, 0x33f9, 0x54f1,
  0x54f1, 0x55f1, 0x34f9, 0xd2fa, 0xeffc, 0x0ffd, 0x0ffd, 0x0ffd, 0x10fd, 0x0ffd, 0xd3fd, 0xdfff,
  0xffff, 0xffff, 0xfeff, 0x56fe, 0x0ffd, 0xb2fd, 0xbdff, 0xffff, 0xffff, 0xffff, 0xffff, 0xffff,
  0xffff, 0xffff, 0xffff, 0xffff, 0xffff, 0xffff, 0xffff, 0xffff, 0xffff, 0xffff, 0xffff, 0xffff,
  0xffff, 0xffff, 0xffff, 0xffff, 0xffff, 0xffff, 0xffff, 0xffff, 0xffff, 0xffff, 0xffff, 0xffff,
  0xffff, 0xffff, 0xffff, 0xffff, 0xffff, 0xffff, 0xffff, 0xffff, 0xffff, 0xffff, 0xffff, 0xffff,
  0xffff, 0xffff, 0xffff, 0xffff, 0xffff, 0x35fe, 0x10fd, 0xf3f5, 0xbeff, 0xfff7, 0xdeff, 0xffff,
  0xf4f5, 0x10fd, 0x0ffd, 0x2ff5, 0xeffc, 0x53fa, 0x54f1, 0x34f9, 0x34f1, 0x54f9, 0x53e1, 0x33e9,
  0x0100, 0x0000, 0x0000, 0x0008, 0x0000, 0x0000, 0x0000, 0x0000, 0x0000, 0x0000, 0x0000, 0x2000,
  0x4640, 0x4758, 0xcea0, 0x54f1, 0x34f9, 0x34f1, 0x53f1, 0x54f1, 0x13f9, 0xb2f2, 0xeff4, 0xf0f4,
  0x0efd, 0xeffc, 0xf0fc, 0x0ffd, 0xd2f5, 0xdfff, 0xffff, 0xdfff, 0xffff, 0x56fe, 0xeffc, 0xb2fd,
  0xbdff, 0xffef, 0xfeff, 0xffff, 0xffff, 0xffff, 0xffff, 0xffff, 0xffff, 0xffff, 0xffff, 0xffff,
  0xffff, 0xffff, 0xffff, 0xffff, 0xffff, 0xffff, 0xffff, 0xffff, 0xffff, 0xffff, 0xffff, 0xffff,
  0xffff, 0xffff, 0xffff, 0xffff, 0xffff, 0xffff, 0xffff, 0xffff, 0xffff, 0xffff, 0xffff, 0xffff,
  0xffff, 0xffff, 0xffff, 0xffff, 0xffff, 0xffff, 0xffff, 0xffff, 0xffff, 0xffff, 0xffff, 0x3bff,
  0x99fe, 0x3bff, 0xffff, 0xffff, 0xfeff, 0x9fff, 0xf4fd, 0xeffc, 0xf0fc, 0x10f5, 0xaffc, 0x52f2,
  0x55f1, 0x53f1, 0x54f1, 0x13e9, 0x6968, 0x4750, 0x2000, 0x0000, 0x2000, 0x0000, 0x0000, 0x0000,
  0x0000, 0x0000, 0x0000, 0x0000, 0x0000, 0x0000, 0x0108, 0x2000, 0xaa70, 0x54f9, 0x54f1, 0x75f9,
  0x34f1, 0x35f1, 0x33f9, 0xf2f2, 0x2ffd, 0x2ff5, 0x0ffd, 0x0ffd, 0xeffc, 0x0ffd, 0xd3f5, 0xdfff,
  0xffff, 0xdfff, 0xfeff, 0x56fe, 0xeffc, 0xb3fd, 0xbeff, 0xfff7, 0xffff, 0xdfff, 0xdfff, 0xffff,
  0xffff, 0xffff, 0xffff, 0xffff, 0xffff, 0xffff, 0xffff, 0xffff, 0xffff, 0xffff, 0xffff, 0xffff,
  0xffff, 0xffff, 0xffff, 0xffff, 0xffff, 0xffff, 0xffff, 0xffff, 0xffff, 0xffff, 0xffff, 0xffff,
  0xffff, 0xffff, 0xffff, 0xffff, 0xffff, 0xffff, 0xffff, 0xffff, 0xffff, 0xffff, 0xffff, 0xffff,
  0xffff, 0xffff, 0xffff, 0xffff, 0xffff, 0xfff7, 0xffff, 0xffff, 0xdfff, 0xdfff, 0xdfff, 0xdfff,
  0x14fe, 0xeefc, 0x2ff5, 0x0ff5, 0xcffc, 0x53fa, 0x35f9, 0x53f1, 0x54f9, 0x13e1, 0x2110, 0x0000,
  0x2000, 0x0000, 0x0000, 0x0000, 0x0000, 0x0000, 0x0000, 0x0000, 0x0000, 0x0000, 0x0000, 0x0000,
  0x0000, 0x2000, 0x6758, 0xedb0, 0x0fb9, 0x34f1, 0x55f1, 0x35f1, 0x33f9, 0x53fa, 0xb1fb, 0xf1fb,
  0xcffc, 0x0ffd, 0x0ffd, 0xeffc, 0xd3f5, 0xffff, 0xffff, 0xffff, 0xffff, 0x56fe, 0xf0fc, 0x71fd,
  0xb8fe, 0x1aff, 0x9dff, 0xffff, 0xffff, 0xffff, 0xffff, 0xffff, 0xffff, 0xffff, 0xffff, 0xffff,
  0xffff, 0xffff, 0xffff, 0xffff, 0xffff, 0xffff, 0xffff, 0xffff, 0xffff, 0xffff, 0xffff, 0xffff,
  0xffff, 0xffff, 0xffff, 0xffff, 0xffff, 0xffff, 0xffff, 0xffff, 0xffff, 0xffff, 0xffff, 0xffff,
  0xffff, 0xffff, 0xffff, 0xffff, 0xffff, 0xffff, 0xffff, 0xffff, 0xffff, 0xffff, 0xffff, 0xdfff,
  0xffff, 0xfeff, 0xdfff, 0xffff, 0xfef7, 0xdff7, 0xf4f5, 0xcffc, 0xcffc, 0xf1fb, 0xd0fb, 0xf3f9,
  0x34f1, 0x55f1, 0x34f9, 0x12e1, 0x4210, 0x0008, 0x0008, 0x0000, 0x0000, 0x0000, 0x0000, 0x0000,
  0x0000, 0x0000, 0x0000, 0x0000, 0x0000, 0x0000, 0x0000, 0x0108, 0x0208, 0x0108, 0x6648, 0x95f1,
  0x73f1, 0x54f9, 0x53f9, 0x55f1, 0x73f1, 0xd3f1, 0x6ff4, 0x0ff5, 0x0ffd, 0xeffc, 0xd2f5, 0xffff,
  0xfeff, 0xffff, 0xffff, 0x36fe, 0xeffc, 0x0ffd, 0x30fd, 0x30fd, 0xf9fe, 0xfff7, 0xfeff, 0xffff,
  0xffff, 0xffff, 0xffff, 0xffff, 0xffff, 0xffff, 0xffff, 0xffff, 0xffff, 0xffff, 0xffff, 0xffff,
  0xffff, 0xffff, 0xffff, 0xffff, 0xffff, 0xffff, 0xffff, 0xffff, 0xffff, 0xffff, 0xffff, 0xffff,
  0xffff, 0xffff, 0xffff, 0xffff, 0xffff, 0xffff, 0xffff, 0xffff, 0xffff, 0xffff, 0xffff, 0xffff,
  0xffff, 0xffff, 0xffff, 0xffff, 0xffff, 0xffff, 0xfff7, 0xffff, 0xffff, 0xfff7, 0xffff, 0xdeff,
  0x34fe, 0x30fd, 0x30f4, 0x93f1, 0x54f1, 0x53f9, 0x73e9, 0x16f9, 0x54f9, 0xf2e0, 0x0218, 0x4100,
  0x0000, 0x0000, 0x0000, 0x0000, 0x0000, 0x0000, 0x0000, 0x0000, 0x0000, 0x0000, 0x0000, 0x0000,
  0x2000, 0x0000, 0x2100, 0x4000, 0x4540, 0x14f9, 0x34f1, 0x34f9, 0x52f1, 0x55f1, 0x34f9, 0x74f9,
  0x50fc, 0x0ff5, 0x0ffd, 0xeffc, 0xd2f5, 0xffff, 0xffff, 0xdfff, 0xfeff, 0x36fe, 0xeffc, 0x0ffd,
  0xeffc, 0xeffc, 0xdafe, 0xffff, 0xffff, 0xffff, 0xffff, 0xffff, 0xffff, 0xffff, 0xffff, 0xffff,
  0xffff, 0xffff, 0xffff, 0xffff, 0xffff, 0xffff, 0xffff, 0xffff, 0xffff, 0xffff, 0xffff, 0xffff,
  0xffff, 0xffff, 0xffff, 0xffff, 0xffff, 0xffff, 0xffff, 0xffff, 0xffff, 0xffff, 0xffff, 0xffff,
  0xffff, 0xffff, 0xffff, 0xffff, 0xffff, 0xffff, 0xffff, 0xffff, 0xffff, 0xffff, 0xffff, 0xffff,
  0xffff, 0xffff, 0xffff, 0xfff7, 0xdfff, 0xfeff, 0xb4fd, 0x50fc, 0xb1f3, 0x54f9, 0x55f1, 0x35f9,
  0x74f9, 0x34f9, 0x54f1, 0x13e1, 0x2220, 0x0000, 0x0000, 0x0000, 0x0000, 0x0000, 0x0000, 0x0000,
  0x0000, 0x0000, 0x0000, 0x0000, 0x0000, 0x0000, 0x0000, 0x0000, 0x0008, 0x0000, 0x6638, 0x34f9,
  0x35f1, 0x34f1, 0x73e9, 0x34f1, 0x54f9, 0x94f9, 0x50fc, 0x30fd, 0x10fd, 0xeffc, 0xb3f5, 0xffff,
  0xfff7, 0xdfff, 0xfeff, 0x37fe, 0xeffc, 0x0ffd, 0x0ff5, 0x0ff5, 0xf9fe, 0xfff7, 0xffff, 0xffff,
  0xffff, 0xffff, 0xffff, 0xffff, 0xffff, 0xffff, 0xffff, 0xffff, 0xffff, 0xffff, 0xffff, 0xffff,
  0xffff, 0xffff, 0xffff, 0xffff, 0xffff, 0xffff, 0xffff, 0xffff, 0xffff, 0xffff, 0xffff, 0xffff,
  0xffff, 0xffff, 0xffff, 0xffff, 0xffff, 0xffff, 0xffff, 0xffff, 0xffff, 0xffff, 0xffff, 0xffff,
  0xffff, 0xffff, 0xffff, 0xffff, 0xffff, 0xffff, 0xffff, 0xdfff, 0xfef7, 0xdeff, 0xdfff, 0xdfff,
  0x58f4, 0xf4f1, 0xf3f1, 0x54f1, 0x74e9, 0x34f1, 0x54f9, 0x54f1, 0x35f1, 0x13e1, 0x4118, 0x0000,
  0x0000, 0x0000, 0x0000, 0x0000, 0x0000, 0x0000, 0x0000, 0x0000, 0x0000, 0x0000, 0x0000, 0x0000,
  0x2000, 0x2000, 0x0000, 0x0000, 0x4640, 0x74f9, 0x34f9, 0x14f9, 0x54f1, 0x54f9, 0x74f9, 0x93f9,
  0x8ffc, 0x0ef5, 0x0df5, 0x2ef5, 0xd4f5, 0xdeff, 0xdff7, 0xbfff, 0xfef7, 0x56fe, 0x0efd, 0x0efd,
  0xeefc, 0x10fd, 0xb9fe, 0xffff, 0xdfff, 0xffff, 0xffff, 0xffff, 0xffff, 0xffff, 0xffff, 0xffff,
  0xffff, 0xffff, 0xffff, 0xffff, 0xffff, 0xffff, 0xffff, 0xffff, 0xffff, 0xffff, 0xffff, 0xffff,
  0xffff, 0xffff, 0xffff, 0xffff, 0xffff, 0xffff, 0xffff, 0xffff, 0xffff, 0xffff, 0xffff, 0xffff,
  0xffff, 0xffff, 0xffff, 0xffff, 0xffff, 0xffff, 0xffff, 0xffff, 0xffff, 0xffff, 0xffff, 0xffff,
  0xfff7, 0xdfff, 0xdff7, 0xfeff, 0xfdff, 0xddff, 0xf7f3, 0x14f9, 0x13f9, 0x14f9, 0x34f9, 0x74e9,
  0x54f9, 0x34f9, 0x35f9, 0x12e1, 0x0118, 0x0000, 0x0000, 0x0000, 0x0000, 0x0000, 0x0000, 0x0000,
  0x0000, 0x0000, 0x0000, 0x0000, 0x0000, 0x0000, 0x0000, 0x0000, 0x2000, 0x2000, 0x2320, 0xa970,
  0xaa78, 0x11d1, 0x34f1, 0x54f1, 0x54f1, 0x33f1, 0xd2fa, 0x13fb, 0x30fc, 0x10f5, 0x52fd, 0x75fe,
  0x97fe, 0x9eff, 0xfdf7, 0x1aff, 0x78f6, 0x77fe, 0x97fe, 0xb8f6, 0x7cf7, 0xffff, 0xffff, 0xffff,
  0xffff, 0xffff, 0xffff, 0xffff, 0xffff, 0xffff, 0xffff, 0xffff, 0xffff, 0xffff, 0xffff, 0xffff,
  0xffff, 0xffff, 0xffff, 0xffff, 0xffff, 0xffff, 0xffff, 0xffff, 0xffff, 0xffff, 0xffff, 0xffff,
  0xffff, 0xffff, 0xffff, 0xffff, 0xffff, 0xffff, 0xffff, 0xffff, 0xffff, 0xffff, 0xffff, 0xffff,
  0xffff, 0xffff, 0xffff, 0xffff, 0xffff, 0xdeff, 0xfef7, 0xfeff, 0xdfff, 0xdeff, 0x78f6, 0x38fe,
  0x55f3, 0x54f1, 0x54f1, 0x54e9, 0x54f1, 0x34f1, 0x34e9, 0x10c1, 0xa978, 0x8868, 0x4108, 0x0000,
  0x0000, 0x0000, 0x0000, 0x0000, 0x0000, 0x0000, 0x0000, 0x0000, 0x0000, 0x0000, 0x0000, 0x0000,
  0x0000, 0x0000, 0x0000, 0x0000, 0x0000, 0x0108, 0x0210, 0x0fb9, 0x14f9, 0x34f9, 0x54e9, 0x33f1,
  0x34f1, 0x54f1, 0x90fb, 0x2ffd, 0xf0fc, 0x30f5, 0x30f5, 0x5eff, 0xfeff, 0xdeff, 0xdff7, 0xffff,
  0xffff, 0xfff7, 0xffff, 0xdfff, 0xffff, 0xffff, 0xffff, 0xffff, 0xffff, 0xffff, 0xffff, 0xffff,
  0xffff, 0xffff, 0xffff, 0xffff, 0xffff, 0xffff, 0xffff, 0xffff, 0xffff, 0xffff, 0xffff, 0xffff,
  0xffff, 0xffff, 0xffff, 0xffff, 0xffff, 0xffff, 0xffff, 0xffff, 0xffff, 0xffff, 0xffff, 0xffff,
  0xffff, 0xffff, 0xffff, 0xffff, 0xffff, 0xffff, 0xffff, 0xffff, 0xffff, 0xffff, 0xffff, 0xdfff,
  0xdfff, 0xfeff, 0xffff, 0xddf7, 0x72fd, 0xf0fc, 0xd1f2, 0x33f1, 0x34f1, 0x54f1, 0x53f9, 0x55f9,
  0x34f9, 0xac98, 0x2100, 0x0108, 0x0000, 0x0000, 0x0000, 0x0000, 0x0000, 0x0000, 0x0000, 0x0000,
  0x0000, 0x0000, 0x0000, 0x0000, 0x0000, 0x0000, 0x0000, 0x0000, 0x0000, 0x2000, 0x0000, 0x2000,
  0x0118, 0xeeb8, 0x14f9, 0x54f9, 0x74f1, 0x35f9, 0x56f9, 0x35f1, 0xf1fa, 0x6ffc, 0x8efc, 0x2ef5,
  0x11f5, 0x7eff, 0xffff, 0xffff, 0xdfff, 0xbeff, 0xbeff, 0xdff7, 0xbfff, 0xbfff, 0xffff, 0xffff,
  0xffff, 0xffff, 0xffff, 0xffff, 0xffff, 0xffff, 0xffff, 0xffff, 0xffff, 0xffff, 0xffff, 0xffff,
  0xffff, 0xffff, 0xffff, 0xffff, 0xffff, 0xffff, 0xffff, 0xffff, 0xffff, 0xffff, 0xffff, 0xffff,
  0xffff, 0xffff, 0xffff, 0xffff, 0xffff, 0xffff, 0xffff, 0xffff, 0xffff, 0xffff, 0xffff, 0xffff,
  0xffff, 0xffff, 0xffff, 0xffff, 0xffff, 0xbeff, 0x9dff, 0x9dff, 0x1eff, 0xdcfe, 0xd2fc, 0x4ffc,
  0xd1f2, 0x74f1, 0x35f1, 0x36f1, 0x13f9, 0x11d9, 0x30e1, 0xaa88, 0x0000, 0x0000, 0x2000, 0x0000,
  0x0000, 0x0000, 0x0000, 0x0000, 0x0000, 0x0000, 0x0000, 0x0000, 0x0000, 0x0000, 0x0000, 0x0000,
  0x0000, 0x0000, 0x0008, 0x2000, 0x0000, 0x2000, 0x2210, 0xefb0, 0x34f1, 0x54f1, 0x33f1, 0x34f9,
  0x33f1, 0x54f1, 0x93f1, 0xb4f1, 0xb1f2, 0xd0fc, 0x30f5, 0xbbf7, 0xffff, 0xffff, 0xdfff, 0xfeff,
  0xffff, 0xffff, 0xffff, 0xffff, 0xffff, 0xffff, 0xffff, 0xffff, 0xffff, 0xffff, 0xffff, 0xffff,
  0xffff, 0xffff, 0xffff, 0xffff, 0xffff, 0xffff, 0xffff, 0xffff, 0xffff, 0xffff, 0xffff, 0xffff,
  0xffff, 0xffff, 0xffff, 0xffff, 0xffff, 0xffff, 0xffff, 0xffff, 0xffff, 0xffff, 0xffff, 0xffff,
  0xffff, 0xffff, 0xffff, 0xffff, 0xffff, 0xffff, 0xffff, 0xffff, 0xffff, 0xffff, 0xffff, 0x35fe,
  0x50f5, 0x33f4, 0x14f2, 0xf5f1, 0x93f9, 0x93f9, 0x54f1, 0x15f9, 0x34f9, 0x55f1, 0x32e9, 0x6648,
  0x0108, 0x2208, 0x0000, 0x0008, 0x0000, 0x0000, 0x0000, 0x0000, 0x0000, 0x0000, 0x0000, 0x0000,
  0x0000, 0x0000, 0x0000, 0x0000, 0x0000, 0x0000, 0x0000, 0x0000, 0x0000, 0x0000, 0x0000, 0x0000,
  0x2110, 0xceb8, 0x34f9, 0x54f9, 0x34f1, 0x55f9, 0x54f1, 0x54f9, 0x34f1, 0x34f1, 0x52fa, 0x91fc,
  0x31f5, 0x5bff, 0xdeff, 0xdeff, 0xdeff, 0xdeff, 0xfef7, 0xdfff, 0xffff, 0xfeff, 0xfeff, 0xffff,
  0xffff, 0xffff, 0xffff, 0xffff, 0xffff, 0xffff, 0xffff, 0xffff, 0xffff, 0xffff, 0xffff, 0xffff,
  0xffff, 0xffff, 0xffff, 0xffff, 0xffff, 0xffff, 0xffff, 0xffff, 0xffff, 0xffff, 0xffff, 0xffff,
  0xffff, 0xffff, 0xffff, 0xffff, 0xffff, 0xffff, 0xffff, 0xdfff, 0xffff, 0xffff, 0xffff, 0xffff,
  0xffff, 0xffff, 0xffff, 0xffff, 0xffff, 0x34fe, 0x0ff5, 0xf1fb, 0x32f1, 0x15f9, 0x73f1, 0x35f9,
  0x34f1, 0x54f9, 0x33f1, 0x54f1, 0x32e1, 0x6640, 0x2000, 0x0000, 0x0000, 0x0000, 0x0000, 0x0000,
  0x0000, 0x0000, 0x0000, 0x0000, 0x0000, 0x0000, 0x0000, 0x0000, 0x0000, 0x0000, 0x0000, 0x0000,
  0x0000, 0x0000, 0x0000, 0x0000, 0x0000, 0x0000, 0x2110, 0xefb8, 0x35f9, 0x34f1, 0x54f1, 0x55f1,
  0x54f1, 0x74f1, 0x53f1, 0x14f1, 0x52f9, 0x31f2, 0xf2f1, 0x97fa, 0xd7f2, 0x35fc, 0x73fd, 0x37fe,
  0xbdf7, 0xbfff, 0xffff, 0xffff, 0xffff, 0xffff, 0xffff, 0xffff, 0xffff, 0xffff, 0xdfff, 0xffff,
  0xffff, 0xffff, 0xffff, 0xffff, 0xffff, 0xffff, 0xffff, 0xffff, 0xffff, 0xffff, 0xffff, 0xffff,
  0xffff, 0xffff, 0xffff, 0xffff, 0xffff, 0xffff, 0xffff, 0xffff, 0xffff, 0xffff, 0xffff, 0xffff,
  0xdfff, 0xdfff, 0xffff, 0xdfff, 0xdfff, 0xdfff, 0xdeff, 0xdfff, 0xdeff, 0xdfff, 0xdfff, 0x38fc,
  0x32f2, 0x13f2, 0x34f1, 0x54f1, 0x73e1, 0x54f1, 0x74e9, 0x74e9, 0x74f1, 0x55f1, 0x13e1, 0x4640,
  0x2008, 0x0000, 0x0000, 0x0000, 0x0000, 0x0000, 0x0000, 0x0000, 0x0000, 0x0000, 0x0000, 0x0000,
  0x0000, 0x0000, 0x0000, 0x0000, 0x0000, 0x0000, 0x0000, 0x0000, 0x0000, 0x0000, 0x0000, 0x0000,
  0x2210, 0x0eb1, 0x55f9, 0x34f1, 0x74f1, 0x54f1, 0x14f9, 0x54f1, 0x53f1, 0x35f1, 0x35f9, 0x53e9,
  0x74f1, 0x14f1, 0x34f1, 0x51fb, 0x0ef5, 0xd3f5, 0x9dff, 0xdfff, 0xffff, 0xffff, 0xffff, 0xffff,
  0xffff, 0xdfff, 0xffff, 0xffff, 0xffff, 0xffff, 0xffff, 0xffff, 0xffff, 0xffff, 0xffff, 0xffff,
  0xffff, 0xffff, 0xffff, 0xffff, 0xffff, 0xffff, 0xffff, 0xffff, 0xffff, 0xffff, 0xffff, 0xffff,
  0xffff, 0xffff, 0xffff, 0xffff, 0xffff, 0xfff7, 0xffff, 0xfff7, 0xfeff, 0xdfff, 0xdfff, 0xffff,
  0xffff, 0xffff, 0xffff, 0xffff, 0xffff, 0xd8fb, 0x33f1, 0x54f1, 0x54f9, 0x34f9, 0x35f1, 0x34f9,
  0x54f1, 0x34f1, 0x34f9, 0x34f9, 0x13e9, 0x6540, 0x0008, 0x0008, 0x0000, 0x2000, 0x0000, 0x0000,
  0x0000, 0x0000, 0x0000, 0x0000, 0x0000, 0x0000, 0x0000, 0x0000, 0x0000, 0x0000, 0x0000, 0x0000,
  0x0000, 0x0000, 0x0000, 0x0000, 0x0000, 0x0000, 0x0110, 0x6760, 0xac90, 0xac90, 0x8b90, 0xac98,
  0x53e1, 0x74e9, 0x33f1, 0x14f9, 0x55f9, 0x33f9, 0x55f1, 0x35f1, 0x33f1, 0x72f2, 0x50fb, 0x74fc,
  0x9ef7, 0xdef7, 0xfef7, 0xffff, 0xdfff, 0xffff, 0xffff, 0xdeff, 0xffff, 0xffff, 0xffff, 0xffff,
  0xffff, 0xffff, 0xffff, 0xffff, 0xffff, 0xffff, 0xffff, 0xffff, 0xffff, 0xffff, 0xffff, 0xffff,
  0xffff, 0xffff, 0xffff, 0xffff, 0xffff, 0xffff, 0xffff, 0xffff, 0xffff, 0xffff, 0xffff, 0xdfff,
  0xdfff, 0xffff, 0xbeff, 0xbfff, 0xbbf5, 0x1bfd, 0x1bfd, 0x1bfd, 0x1bfd, 0xfaf4, 0x1bfd, 0xd7f2,
  0x74f1, 0x15f1, 0x34f1, 0x74f1, 0x54f1, 0x34f1, 0x54f1, 0x54f9, 0x12d9, 0xcc98, 0xca88, 0x4320,
  0x0000, 0x0000, 0x0000, 0x2000, 0x0000, 0x0000, 0x0000, 0x0000, 0x0000, 0x0000, 0x0000, 0x0000,
  0x0000, 0x0000, 0x0000, 0x0000, 0x0000, 0x0000, 0x0000, 0x0000, 0x0000, 0x0000, 0x0000, 0x0000,
  0x4000, 0x0000, 0x0000, 0x0100, 0x0000, 0x4218, 0xf0c8, 0x54e9, 0x54f1, 0x34f9, 0x74f1, 0x52f9,
  0x54f9, 0x74f1, 0x53f1, 0x34e9, 0x15f1, 0x98fa, 0x3eff, 0xdfff, 0xffff, 0xdff7, 0xffff, 0xffff,
  0xffff, 0xfff7, 0xffff, 0xffff, 0xdfff, 0xffff, 0xffff, 0xffff, 0xffff, 0xffff, 0xffff, 0xffff,
  0xffff, 0xffff, 0xffff, 0xffff, 0xffff, 0xffff, 0xffff, 0xffff, 0xffff, 0xffff, 0xffff, 0xffff,
  0xffff, 0xffff, 0xffff, 0xffff, 0xffff, 0xfff7, 0xfff7, 0xfff7, 0xfff7, 0x7fff, 0x94f2, 0x14f9,
  0x14f1, 0x34f9, 0x34f1, 0x14f1, 0x34f9, 0x35f1, 0x54f1, 0x14f9, 0x35f9, 0x74f1, 0x53f1, 0x54f1,
  0x54f1, 0x54f1, 0xeda8, 0x0210, 0x0000, 0x0000, 0x4000, 0x0100, 0x0000, 0x0000, 0x0000, 0x0000,
  0x0000, 0x0000, 0x0000, 0x0000, 0x0000, 0x0000, 0x0000, 0x0000, 0x0000, 0x0000, 0x0000, 0x0000,
  0x0000, 0x0000, 0x0000, 0x0000, 0x0000, 0x0000, 0x0000, 0x0000, 0x2000, 0x2000, 0x2100, 0x2210,
  0x10d1, 0x34f1, 0x74e9, 0x54f1, 0x34f1, 0x34f9, 0x35f9, 0x53e9, 0x54f9, 0x34f9, 0x53f1, 0x97fa,
  0x5dfe, 0xbcf6, 0xddfe, 0x9dfe, 0xbdfe, 0xbdf6, 0xfdfe, 0xbfff, 0xffff, 0xffff, 0xffff, 0xffff,
  0xffff, 0xffff, 0xffff, 0xffff, 0xffff, 0xffff, 0xffff, 0xffff, 0xffff, 0xffff, 0xffff, 0xffff,
  0xffff, 0xffff, 0xffff, 0xffff, 0xffff, 0xffff, 0xffff, 0xffff, 0xffff, 0xffff, 0xffff, 0xffff,
  0xdfff, 0xbeff, 0xbcf6, 0x3dfe, 0x95fa, 0x34f1, 0x34f1, 0x54f1, 0x54f1, 0x33f1, 0x54f9, 0x33f1,
  0x53f9, 0x53f9, 0x54f1, 0x34f9, 0x34f9, 0x34f9, 0x34f1, 0x34f9, 0xeeb0, 0x2208, 0x2000, 0x0000,
  0x2000, 0x0000, 0x0000, 0x0000, 0x0000, 0x0000, 0x0000, 0x0000, 0x0000, 0x0000, 0x0000, 0x0000,
  0x0000, 0x0000, 0x0000, 0x0000, 0x0000, 0x0000, 0x0000, 0x0000, 0x0000, 0x0000, 0x0000, 0x0000,
  0x0000, 0x0000, 0x0000, 0x0000, 0x0000, 0x0218, 0x30c9, 0x54f1, 0x34f1, 0x53f9, 0x54f9, 0x54f1,
  0x55f9, 0x54e9, 0x54f9, 0x33f9, 0x53f1, 0x94f1, 0x15f2, 0x15f2, 0x15f2, 0x15f2, 0x15f2, 0xf5f1,
  0xd6f2, 0x3eff, 0xffff, 0xdfff, 0xdfff, 0xdfff, 0xfef7, 0xffff, 0xdfff, 0xdfff, 0xffff, 0xffff,
  0xffff, 0xffff, 0xffff, 0xffff, 0xffff, 0xffff, 0xffff, 0xffff, 0xffff, 0xffff, 0xffff, 0xffff,
  0xffff, 0xffff, 0xffff, 0xdfff, 0xdfff, 0xffef, 0xfff7, 0xbcfe, 0x14f2, 0xf6f1, 0x55f1, 0x34f1,
  0x54f1, 0x54f1, 0x54f1, 0x54f1, 0x54f1, 0x54f1, 0x34f1, 0x54f9, 0x35f9, 0x14f1, 0x54f1, 0x34f9,
  0x35f9, 0x34f9, 0x0eb1, 0x0108, 0x0000, 0x0000, 0x0000, 0x0000, 0x0000, 0x0000, 0x0000, 0x0000,
  0x0000, 0x0000, 0x0000, 0x0000, 0x0000, 0x0000, 0x0000, 0x0000, 0x0000, 0x0000, 0x0000, 0x0000,
  0x0000, 0x0000, 0x0000, 0x0000, 0x0000, 0x0000, 0x0000, 0x0000, 0x0000, 0x0000, 0x0000, 0x0218,
  0xf1c8, 0x34e9, 0x34e9, 0x34e9, 0x54f1, 0x33e9, 0x32e1, 0x14f9, 0x54f1, 0x54f1, 0x34f9, 0x34f9,
  0x34f1, 0x34f1, 0x54f1, 0x54f1, 0x54f1, 0x34f1, 0x35ea, 0xfffe, 0xbef7, 0xbef7, 0xbef7, 0xbfff,
  0xfff7, 0xdfff, 0xfff7, 0xffff, 0xffff, 0xffff, 0xffff, 0xffff, 0xffff, 0xffff, 0xffff, 0xffff,
  0xffff, 0xffff, 0xffff, 0xffff, 0xffff, 0xffff, 0xffff, 0xffff, 0xffff, 0xffff, 0xffff, 0xbeff,
  0x7fff, 0x5cf6, 0x53f9, 0x34f9, 0x73e1, 0x53f1, 0x53f1, 0x53f1, 0x53f1, 0x53f1, 0x53f1, 0x34f1,
  0x33e9, 0x13f1, 0x33e9, 0x54f1, 0x33e9, 0x53e1, 0x54e9, 0x53e9, 0x0ea9, 0x2210, 0x0000, 0x0000,
  0x0000, 0x0000, 0x0000, 0x0000, 0x0000, 0x0000, 0x0000, 0x0000, 0x0000, 0x0000, 0x0000, 0x0000,
  0x0000, 0x0000, 0x0000, 0x0000, 0x0000, 0x0000, 0x0000, 0x0000, 0x0000, 0x0000, 0x0000, 0x0000,
  0x0000, 0x0000, 0x0000, 0x0000, 0x0000, 0x2008, 0x6650, 0x8860, 0x8860, 0x8860, 0xa860, 0x6860,
  0xa968, 0xf1e8, 0x54f1, 0x54e9, 0x55f9, 0x34f9, 0x34f1, 0x34f1, 0x34f1, 0x34f1, 0x34f1, 0x34f1,
  0x93f1, 0xd8fb, 0xf8fb, 0xf8fb, 0x19f4, 0x7bf5, 0xdfff, 0xdeff, 0xfef7, 0xdfff, 0xdfff, 0xffff,
  0xffff, 0xffff, 0xffff, 0xffff, 0xffff, 0xffff, 0xffff, 0xffff, 0xffff, 0xffff, 0xffff, 0xffff,
  0xffff, 0xffff, 0xffff, 0xffff, 0xffff, 0xfcfd, 0xd9fb, 0x77f3, 0x34f1, 0x34f9, 0x34f9, 0x34f1,
  0x34f1, 0x34f1, 0x34f1, 0x34f1, 0x34f1, 0xcc98, 0x8860, 0x6868, 0x8858, 0x8860, 0x6860, 0x8860,
  0x8860, 0x6860, 0x4548, 0x2108, 0x0000, 0x0000, 0x0000, 0x0000, 0x0000, 0x0000, 0x0000, 0x0000,
  0x0000, 0x0000, 0x0000, 0x0000, 0x0000, 0x0000, 0x0000, 0x0000, 0x0000, 0x0000, 0x0000, 0x0000,
  0x0000, 0x0000, 0x0000, 0x0000, 0x0000, 0x0000, 0x0000, 0x0000, 0x0000, 0x0000, 0x0000, 0x0000,
  0x0000, 0x0000, 0x0000, 0x0000, 0x2000, 0x0000, 0x2310, 0xf0d8, 0x54f9, 0x34f1, 0x55f9, 0x54f1,
  0x54f9, 0x54f9, 0x54f1, 0x54f1, 0x54f1, 0x55f9, 0x55f9, 0x35f9, 0x34f9, 0x54f9, 0x34f1, 0x77f3,
  0xdfff, 0xffff, 0xdfff, 0xffff, 0xffff, 0xffff, 0xffff, 0xffff, 0xffff, 0xffff, 0xffff, 0xffff,
  0xffff, 0xffff, 0xffff, 0xffff, 0xffff, 0xffff, 0xffff, 0xffff, 0xfff7, 0xfff7, 0xfff7, 0xbafc,
  0x34f1, 0x53f1, 0x34f9, 0x34f9, 0x55f9, 0x34f9, 0x34f9, 0x34f9, 0x34f9, 0x34f9, 0x34f9, 0x8868,
  0x0000, 0x2008, 0x2000, 0x0000, 0x0000, 0x0008, 0x2000, 0x0000, 0x0000, 0x4000, 0x0008, 0x0000,
  0x0000, 0x0000, 0x0000, 0x0000, 0x0000, 0x0000, 0x0000, 0x0000, 0x0000, 0x0000, 0x0000, 0x0000,
  0x0000, 0x0000, 0x0000, 0x0000, 0x0000, 0x0000, 0x0000, 0x0000, 0x0000, 0x0000, 0x0000, 0x0000,
  0x0000, 0x0000, 0x0000, 0x0000, 0x0000, 0x0000, 0x0000, 0x0000, 0x0000, 0x0008, 0x4000, 0x0008,
  0x2320, 0xcca0, 0x0fb9, 0x0fb9, 0xceb8, 0xefb8, 0xefb8, 0xefb8, 0xefb8, 0xefb8, 0xefb8, 0xeeb8,
  0x0eb9, 0x33f1, 0x54f1, 0x54e9, 0x74f9, 0x17fb, 0x5df6, 0x5cf6, 0x3cfe, 0x5dfe, 0x7df6, 0x5dfe,
  0x5dfe, 0x5dfe, 0x5dfe, 0x5dfe, 0x5dfe, 0x5dfe, 0x5dfe, 0x5dfe, 0x5dfe, 0x5dfe, 0x5dfe, 0x5dfe,
  0x5dfe, 0x5dfe, 0x5dfe, 0x5dfe, 0x7dfe, 0xb8f3, 0x55f1, 0x32e9, 0x0eb1, 0x0eb9, 0xefb0, 0x0fb9,
  0x0fb9, 0x0fb9, 0x0fb9, 0x0fb9, 0x0fb9, 0x4548, 0x2100, 0x0000, 0x0000, 0x0000, 0x4000, 0x0000,
  0x0000, 0x0000, 0x0000, 0x0000, 0x0000, 0x0000, 0x0000, 0x0000, 0x0000, 0x0000, 0x0000, 0x0000,
  0x0000, 0x0000, 0x0000, 0x0000, 0x0000, 0x0000, 0x0000, 0x0000, 0x0000, 0x0000, 0x0000, 0x0000,
  0x0000, 0x0000, 0x0000, 0x0000, 0x0000, 0x0000, 0x0000, 0x0000, 0x0000, 0x0000, 0x0000, 0x0000,
  0x0000, 0x2000, 0x0000, 0x0008, 0x4000, 0x0000, 0x0000, 0x2210, 0x0108, 0x2210, 0x0108, 0x2108,
  0x2108, 0x2110, 0x2108, 0x0108, 0x2108, 0x2110, 0x2428, 0x32e1, 0x34f9, 0x13f1, 0x54f1, 0x74f1,
  0xb5f1, 0x94f9, 0xd5f1, 0x95f9, 0xb5f9, 0xb5f9, 0xb5f1, 0xb5f1, 0xb5f1, 0xb5f1, 0xb5f1, 0xb5f1,
  0xb5f1, 0xb5f1, 0xb5f1, 0xb5f1, 0xb5f1, 0xb5f9, 0xb5f9, 0xb5f1, 0xb5f1, 0xb5f1, 0xb5f1, 0x73f9,
  0x35f9, 0xefc0, 0x2218, 0x0110, 0x2210, 0x0110, 0x0110, 0x0110, 0x0110, 0x0110, 0x0110, 0x0008,
  0x0000, 0x2000, 0x0000, 0x0000, 0x0000, 0x0000, 0x0000, 0x0000, 0x0000, 0x0000, 0x0000, 0x0000,
  0x0000, 0x0000, 0x0000, 0x0000, 0x0000, 0x0000, 0x0000, 0x0000, 0x0000, 0x0000, 0x0000, 0x0000,
  0x0000, 0x0000, 0x0000, 0x0000, 0x0000, 0x0000, 0x0000, 0x0000, 0x0000, 0x0000, 0x0000, 0x0000,
  0x0000, 0x0000, 0x0000, 0x0000, 0x0000, 0x0000, 0x0000, 0x0000, 0x0000, 0x0000, 0x0000, 0x0000,
  0x0000, 0x0000, 0x0000, 0x0000, 0x0000, 0x0000, 0x0000, 0x0000, 0x0000, 0x0000, 0x0000, 0x0000,
  0x0218, 0x32e1, 0x54f1, 0x74f9, 0x54f1, 0x54f1, 0x54f1, 0x54f1, 0x54f1, 0x54f1, 0x54f1, 0x54f1,
  0x54f1, 0x54f1, 0x54f1, 0x54f1, 0x54f1, 0x54f1, 0x54f1, 0x54f1, 0x54f1, 0x54f1, 0x54f1, 0x34f1,
  0x34f1, 0x54f1, 0x54f1, 0x55f1, 0x55f9, 0x53f1, 0x33e9, 0x0db1, 0x0108, 0x0000, 0x0000, 0x0000,
  0x0000, 0x0000, 0x0000, 0x0000, 0x0000, 0x0000, 0x0000, 0x0000, 0x0000, 0x0000, 0x0000, 0x0000,
  0x0000, 0x0000, 0x0000, 0x0000, 0x0000, 0x0000, 0x0000, 0x0000, 0x0000, 0x0000, 0x0000, 0x0000,
  0x0000, 0x0000, 0x0000, 0x0000, 0x0000, 0x0000, 0x0000, 0x0000, 0x0000, 0x0000, 0x0000, 0x0000,
  0x0000, 0x0000, 0x0000, 0x0000, 0x0000, 0x0000, 0x0000, 0x0000, 0x0000, 0x0000, 0x0000, 0x0000,
  0x0000, 0x0000, 0x0000, 0x0000, 0x0000, 0x0000, 0x0000, 0x0000, 0x0000, 0x0000, 0x0000, 0x0000,
  0x0000, 0x0000, 0x0000, 0x0000, 0x0000, 0x2000, 0x2318, 0x52d9, 0x35f9, 0x14f9, 0x55f1, 0x34f9,
  0x34f9, 0x34f9, 0x34f9, 0x34f9, 0x34f9, 0x34f9, 0x34f9, 0x34f9, 0x34f9, 0x34f9, 0x34f9, 0x34f9,
  0x34f9, 0x34f9, 0x34f9, 0x34f9, 0x34f9, 0x34f9, 0x34f9, 0x54f9, 0x53f1, 0x34f9, 0x54f9, 0xcb90,
  0x2638, 0x2328, 0x0000, 0x0000, 0x0000, 0x0000, 0x0000, 0x0000, 0x0000, 0x0000, 0x0000, 0x0000,
  0x0000, 0x0000, 0x0000, 0x0000, 0x0000, 0x0000, 0x0000, 0x0000, 0x0000, 0x0000, 0x0000, 0x0000,
  0x0000, 0x0000, 0x0000, 0x0000, 0x0000, 0x0000, 0x0000, 0x0000, 0x0000, 0x0000, 0x0000, 0x0000,
  0x0000, 0x0000, 0x0000, 0x0000, 0x0000, 0x0000, 0x0000, 0x0000, 0x0000, 0x0000, 0x0000, 0x0000,
  0x0000, 0x0000, 0x0000, 0x0000, 0x0000, 0x0000, 0x0000, 0x0000, 0x0000, 0x0000, 0x0000, 0x0000,
  0x0000, 0x0000, 0x0000, 0x0000, 0x0000, 0x0000, 0x0000, 0x0000, 0x0000, 0x0000, 0x0000, 0x0000,
  0x0320, 0x51d1, 0x54f9, 0x14f9, 0x54f1, 0x34f1, 0x34f9, 0x34f9, 0x34f9, 0x34f9, 0x34f9, 0x34f9,
  0x34f9, 0x34f9, 0x34f9, 0x34f9, 0x34f9, 0x54f9, 0x54f9, 0x54f9, 0x54f9, 0x54f9, 0x54f9, 0x35f9,
  0x55f9, 0x55f1, 0x55f1, 0x35f1, 0x35f9, 0xa980, 0x2000, 0x0000, 0x2100, 0x0000, 0x0000, 0x0000,
  0x0000, 0x0000, 0x0000, 0x0000, 0x0000, 0x0000, 0x0000, 0x0000, 0x0000, 0x0000, 0x0000, 0x0000,
  0x0000, 0x0000, 0x0000, 0x0000, 0x0000, 0x0000, 0x0000, 0x0000, 0x0000, 0x0000, 0x0000, 0x0000,
  0x0000, 0x0000, 0x0000, 0x0000, 0x0000, 0x0000, 0x0000, 0x0000, 0x0000, 0x0000, 0x0000, 0x0000,
  0x0000, 0x0000, 0x0000, 0x0000, 0x0000, 0x0000, 0x0000, 0x0000, 0x0000, 0x0000, 0x0000, 0x0000,
  0x0000, 0x0000, 0x0000, 0x0000, 0x0000, 0x0000, 0x0000, 0x0000, 0x0000, 0x0000, 0x0000, 0x0000,
  0x0000, 0x0000, 0x0000, 0x0000, 0x0000, 0x2000, 0x2210, 0xa968, 0xaa78, 0x8a80, 0x6980, 0x8a78,
  0x8a70, 0x8a70, 0x8a70, 0x8a70, 0x8a70, 0x8a70, 0x8a70, 0x8a70, 0x8a70, 0x8a70, 0x8a70, 0x6a78,
  0x6a78, 0x6a78, 0x6a78, 0x6a78, 0x6a78, 0x6978, 0x8978, 0x8978, 0x8978, 0x8978, 0x8978, 0x4430,
  0x2000, 0x2000, 0x0000, 0x0000, 0x2000, 0x0000, 0x0000, 0x0000, 0x0000, 0x0000, 0x0000, 0x0000,
  0x0000, 0x0000, 0x0000, 0x0000, 0x0000, 0x0000, 0x0000, 0x0000, 0x0000, 0x0000, 0x0000, 0x0000,
  0x0000, 0x0000, 0x0000, 0x0000, 0x0000, 0x0000, 0x0000, 0x0000, 0x0000, 0x0000, 0x0000, 0x0000,
  0x0000, 0x0000, 0x0000, 0x0000, 0x0000, 0x0000, 0x0000, 0x0000, 0x0000, 0x0000, 0x0000, 0x0000,
  0x0000, 0x0000, 0x0000, 0x0000, 0x0000, 0x0000, 0x0000, 0x0000, 0x0000, 0x0000, 0x0000, 0x0000,
  0x0000, 0x0000, 0x0000, 0x0000, 0x0000, 0x0000, 0x0000, 0x0000, 0x0000, 0x0000, 0x0000, 0x0000,
  0x0000, 0x0008, 0x0000, 0x0000, 0x0000, 0x0000, 0x0000, 0x0000, 0x0000, 0x0000, 0x0000, 0x0000,
  0x0000, 0x0000, 0x0000, 0x0000, 0x0000, 0x0000, 0x0000, 0x0000, 0x0000, 0x0000, 0x0000, 0x0000,
  0x0000, 0x0000, 0x0000, 0x0000, 0x0000, 0x0100, 0x0000, 0x0000, 0x0000, 0x0000, 0x0000, 0x0000,
  0x0000, 0x0000, 0x0000, 0x0000, 0x0000, 0x0000, 0x0000, 0x0000, 0x0000, 0x0000, 0x0000, 0x0000,
  0x0000, 0x0000, 0x0000, 0x0000, 0x0000, 0x0000, 0x0000, 0x0000, 0x0000, 0x0000, 0x0000, 0x0000,
  0x0000, 0x0000, 0x0000, 0x0000, 0x0000, 0x0000, 0x0000, 0x0000, 0x0000, 0x0000, 0x0000, 0x0000,
  0x0000, 0x0000, 0x0000, 0x0000, 0x0000, 0x0000, 0x0000, 0x0000, 0x0000, 0x0000, 0x0000, 0x0000,
  0x0000, 0x0000, 0x0000, 0x0000, 0x0000, 0x0000, 0x0000, 0x0000, 0x0000, 0x0000, 0x0000, 0x0000,
  0x0000, 0x0000, 0x0000, 0x0000, 0x0000, 0x0000, 0x0000, 0x0000, 0x0000, 0x0000, 0x0000, 0x0000,
  0x0000, 0x0000, 0x0000, 0x0000, 0x0000, 0x0000, 0x0000, 0x0000, 0x0000, 0x0000, 0x0000, 0x0000,
  0x0000, 0x0000, 0x0000, 0x0000, 0x0000, 0x0000, 0x0000, 0x0000, 0x0000, 0x0000, 0x0000, 0x0000,
  0x0000, 0x0000, 0x0000, 0x0000, 0x0100, 0x0000, 0x0000, 0x0000, 0x0000, 0x0000, 0x0000, 0x0000,
  0x0000, 0x0000, 0x0000, 0x0000, 0x0000, 0x0000, 0x0000, 0x0000, 0x0000, 0x0000, 0x0000, 0x0000,
  0x0000, 0x0000, 0x0000, 0x0000, 0x0000, 0x0000, 0x0000, 0x0000, 0x0000, 0x0000, 0x0000, 0x0000,
  0x0000, 0x0000, 0x0000, 0x0000, 0x0000, 0x0000, 0x0000, 0x0000, 0x0000, 0x0000, 0x0000, 0x0000,
  0x0000, 0x0000, 0x0000, 0x0000, 0x0000, 0x0000, 0x0000, 0x0000, 0x0000, 0x0000, 0x0000, 0x0000,
  0x0000, 0x0000, 0x0000, 0x0000, 0x0000, 0x0000, 0x0000, 0x0000, 0x0000, 0x0000, 0x0000, 0x0000,
  0x0000, 0x0000, 0x0000, 0x0000, 0x0000, 0x0000, 0x0000, 0x0000, 0x0000, 0x0000, 0x0000, 0x0000,
  0x0000, 0x0000, 0x0000, 0x0000, 0x0000, 0x0000, 0x0000, 0x0000, 0x0000, 0x0000, 0x0000, 0x0000,
  0x0000, 0x0000, 0x0000, 0x0000, 0x0000, 0x0000, 0x0000, 0x0000, 0x0000, 0x0000, 0x0000, 0x0000,
  0x0000, 0x0000, 0x0000, 0x0000, 0x0000, 0x0000, 0x0000, 0x0000, 0x0000, 0x0000, 0x0000, 0x0000,
  0x0000, 0x0000, 0x0000, 0x0000, 0x0000, 0x0000, 0x0000, 0x0000, 0x0000, 0x0000, 0x0000, 0x0000,
  0x0000, 0x0000, 0x0000, 0x0000, 0x0000, 0x0000, 0x0000, 0x0000, 0x0000, 0x0000, 0x0000, 0x0000,
  0x0000, 0x0000, 0x0000, 0x0000, 0x0000, 0x0000, 0x0000, 0x0000, 0x0000, 0x0000, 0x0000, 0x0000,
  0x0000, 0x0000, 0x0000, 0x0000, 0x0000, 0x0000, 0x0000, 0x0000, 0x0000, 0x0000, 0x0000, 0x0000,
  0x0000, 0x0000, 0x0000, 0x0000, 0x0000, 0x0000, 0x0000, 0x0000, 0x0000, 0x0000, 0x0000, 0x0000,
  0x0000, 0x0000, 0x0000, 0x0000, 0x0000, 0x0000, 0x0000, 0x0000, 0x0000, 0x0000, 0x0000, 0x0000,
  0x0000, 0x0000, 0x0000, 0x0000, 0x0000, 0x0000, 0x0000, 0x0000, 0x0000, 0x0000, 0x0000, 0x0000,
  0x0000, 0x0000, 0x0000, 0x0000, 0x0000, 0x0000, 0x0000, 0x0000, 0x0000, 0x0000, 0x0000, 0x0000,
  0x0000, 0x0000, 0x0000, 0x0000, 0x0000, 0x0000, 0x0000, 0x0000, 0x0000, 0x0000, 0x0000, 0x0000,
  0x0000, 0x0000, 0x0000, 0x0000, 0x0000, 0x0000, 0x0000, 0x0000, 0x0000, 0x0000, 0x0000, 0x0000,
  0x0000, 0x0000, 0x0000, 0x0000, 0x0000, 0x0000, 0x0000, 0x0000, 0x0000, 0x0000, 0x0000, 0x0000,
  0x0000, 0x0000, 0x0000, 0x0000, 0x0000, 0x0000, 0x0000, 0x0000, 0x0000, 0x0000, 0x0000, 0x0000,
  0x0000, 0x0000, 0x0000, 0x0000, 0x0000, 0x0000, 0x0000, 0x0000, 0x0000, 0x0000, 0x0000, 0x0000,
  0x0000, 0x0000, 0x0000, 0x0000, 0x0000, 0x0000, 0x0000, 0x0000, 0x0000, 0x0000, 0x0000, 0x0000,
  0x0000, 0x0000, 0x0000, 0x0000, 0x0000, 0x0000, 0x0000, 0x0000, 0x0000, 0x0000, 0x0000, 0x0000,
  0x0000, 0x0000, 0x0000, 0x0000, 0x0000, 0x0000, 0x0000, 0x0000, 0x0000, 0x0000, 0x0000, 0x0000,
  0x0000, 0x0000, 0x0000, 0x0000, 0x0000, 0x0000, 0x0000, 0x0000, 0x0000, 0x0000, 0x0000, 0x0000,
  0x0000, 0x0000, 0x0000, 0x0000, 0x0000, 0x0000, 0x0000, 0x0000, 0x0000, 0x0000, 0x0000, 0x0000,
  0x0000, 0x0000, 0x0000, 0x0000, 0x0000, 0x0000, 0x0000, 0x0000, 0x0000, 0x0000, 0x0000, 0x0000,
  0x0000, 0x0000, 0x0000, 0x0000, 0x0000, 0x0000, 0x0000, 0x0000, 0x0000, 0x0000, 0x0000, 0x0000,
  0x0000, 0x0000, 0x0000, 0x0000, 0x0000, 0x0000, 0x0000, 0x0000, 0x0000, 0x0000, 0x0000, 0x0000,
  0x0000, 0x0000, 0x0000, 0x0000, 0x0000, 0x0000, 0x0000, 0x0000, 0x0000, 0x0000, 0x0000, 0x0000,
  0x0000, 0x0000, 0x0000, 0x0000, 0x0000, 0x0000, 0x0000, 0x0000, 0x0000, 0x0000, 0x0000, 0x0000,
  0x0000, 0x0000, 0x0000, 0x0000, 0x0000, 0x0000, 0x0000, 0x0000, 0x0000, 0x0000, 0x0000, 0x0000,
  0x0000, 0x0000, 0x0000, 0x0000, 0x0000, 0x0000, 0x0000, 0x0000, 0x0000, 0x0000, 0x0000, 0x0000,
  0x0000, 0x0000, 0x0000, 0x0000, 0x0000, 0x0000, 0x0000, 0x0000, 0x0000, 0x0000, 0x0000, 0x0000,
  0x0000, 0x0000, 0x0000, 0x0000, 0x0000, 0x0000, 0x0000, 0x0000, 0x0000, 0x0000, 0x0000, 0x0000,
  0x0000, 0x0000, 0x0000, 0x0000, 0x0000, 0x0000, 0x0000, 0x0000, 0x0000, 0x0000, 0x0000, 0x0000,
  0x0000, 0x0000, 0x0000, 0x0000, 0x0000, 0x0000, 0x0000, 0x0000, 0x0000, 0x0000, 0x0000, 0x0000,
  0x0000, 0x0000, 0x0000, 0x0000, 0x0000, 0x0000, 0x0000, 0x0000, 0x0000, 0x0000, 0x0000, 0x0000,
  0x0000, 0x0000, 0x0000, 0x0000, 0x0000, 0x0000, 0x0000, 0x0000, 0x0000, 0x0000, 0x0000, 0x0000,
  0x0000, 0x0000, 0x0000, 0x0000, 0x0000, 0x0000, 0x0000, 0x0000, 0x0000, 0x0000, 0x0000, 0x0000,
  0x0000, 0x0000, 0x0000, 0x0000, 0x0000, 0x0000, 0x0000, 0x0000, 0x0000, 0x0000, 0x0000, 0x0000,
  0x0000, 0x0000, 0x0000, 0x0000, 0x0000, 0x0000, 0x0000, 0x0000, 0x0000, 0x0000, 0x0000, 0x0000,
  0x0000, 0x0000, 0x0000, 0x0000, 0x0000, 0x0000, 0x0000, 0x0000, 0x0000, 0x0000, 0x0000, 0x0000,
  0x0000, 0x0000, 0x0000, 0x0000, 0x0000, 0x0000, 0x0000, 0x0000, 0x0000, 0x0000, 0x0000, 0x0000,
  0x0000, 0x0000, 0x0000, 0x0000, 0x0000, 0x0000, 0x0000, 0x0000, 0x0000, 0x0000, 0x0000, 0x0000,
  0x0000, 0x0000, 0x0000, 0x0000, 0x0000, 0x0000, 0x0000, 0x0000, 0x0000, 0x0000, 0x0000, 0x0000,
  0x0000, 0x0000, 0x0000, 0x0000, 0x0000, 0x0000, 0x0000, 0x0000, 0x0000, 0x0000, 0x0000, 0x0000,
  0x0000, 0x0000, 0x0000, 0x0000, 0x0000, 0x0000, 0x0000, 0x0000, 0x0000, 0x0000, 0x0000, 0x0000,
  0x0000, 0x0000, 0x0000, 0x0000, 0x0000, 0x0000, 0x0000, 0x0000, 0x0000, 0x0000, 0x0000, 0x0000,
  0x0000, 0x0000, 0x0000, 0x0000, 0x0000, 0x0000, 0x0000, 0x0000, 0x0000, 0x0000, 0x0000, 0x0000,
  0x0000, 0x0000, 0x0000, 0x0000, 0x0000, 0x0000, 0x0000, 0x0000, 0x0000, 0x0000, 0x0000, 0x0000,
  0x0000, 0x0000, 0x0000, 0x0000, 0x0000, 0x0000, 0x0000, 0x0000, 0x0000, 0x0000, 0x0000, 0x0000
};

#define FLAMEUNIFIED1_WIDTH 102
#define FLAMEUNIFIED1_HEIGHT 142

// Example usage:
// tft.drawRGBBitmap(x, y, FlameUnified1, FLAMEUNIFIED1_WIDTH, FLAMEUNIFIED1_HEIGHT);

#endif
