// Generated by   : Image to RGB565 Converter
// Generated from : https://palsayantan.github.io/Image-to-RGB565/
// Image Size     : 115x160 pixels
// Byte Order     : LSB

#ifndef _FLAMEUNIFIED8_H_
#define _FLAMEUNIFIED8_H_

const uint16_t FlameUnified8[18400] = {
  0x0000, 0x0000, 0x0000, 0x0000, 0x0000, 0x0000, 0x0000, 0x0000, 0x0000, 0x0000, 0x0000, 0x0000,
  0x0000, 0x0000, 0x0000, 0x0000, 0x0000, 0x0000, 0x0000, 0x0000, 0x0000, 0x0000, 0x0000, 0x0000,
  0x0000, 0x0000, 0x0000, 0x0000, 0x0000, 0x0000, 0x0000, 0x0000, 0x0000, 0x0000, 0x0000, 0x0000,
  0x0000, 0x0000, 0x0000, 0x0000, 0x0000, 0x0000, 0x0000, 0x0000, 0x0000, 0x0000, 0x0000, 0x0000,
  0x0000, 0x0000, 0x0000, 0x0000, 0x0000, 0x0000, 0x0000, 0x0000, 0x0000, 0x0000, 0x0000, 0x0000,
  0x0000, 0x0000, 0x0000, 0x0000, 0x0000, 0x0000, 0x0000, 0x0000, 0x0000, 0x0000, 0x0000, 0x0000,
  0x0000, 0x0000, 0x0000, 0x0000, 0x0000, 0x0000, 0x0000, 0x0000, 0x0000, 0x0000, 0x0000, 0x0000,
  0x0000, 0x0000, 0x0000, 0x0000, 0x0000, 0x0000, 0x0000, 0x0000, 0x0000, 0x0000, 0x0000, 0x0000,
  0x0000, 0x0000, 0x0000, 0x0000, 0x0000, 0x0000, 0x0000, 0x0000, 0x0000, 0x0000, 0x0000, 0x0000,
  0x0000, 0x0000, 0x0000, 0x0000, 0x0000, 0x0000, 0x0000, 0x0000, 0x0000, 0x0000, 0x0000, 0x0000,
  0x0000, 0x0000, 0x0000, 0x0000, 0x0000, 0x0000, 0x0000, 0x0000, 0x0000, 0x0000, 0x0000, 0x0000,
  0x0000, 0x0000, 0x0000, 0x0000, 0x0000, 0x0000, 0x0000, 0x0000, 0x0000, 0x0000, 0x0000, 0x0000,
  0x0000, 0x0000, 0x0000, 0x0000, 0x0000, 0x0000, 0x0000, 0x0000, 0x0000, 0x0000, 0x0000, 0x0000,
  0x0000, 0x0000, 0x0000, 0x0000, 0x0000, 0x0000, 0x0000, 0x0000, 0x0000, 0x0000, 0x0000, 0x0000,
  0x0000, 0x0000, 0x0000, 0x0000, 0x0000, 0x0000, 0x0000, 0x0000, 0x0000, 0x0000, 0x0000, 0x0000,
  0x0000, 0x0000, 0x0000, 0x0000, 0x0000, 0x0000, 0x0000, 0x0000, 0x0000, 0x0000, 0x0000, 0x0000,
  0x0000, 0x0000, 0x0000, 0x0000, 0x0000, 0x0000, 0x0000, 0x0000, 0x0000, 0x0000, 0x0000, 0x0000,
  0x0000, 0x0000, 0x0000, 0x0000, 0x0000, 0x0000, 0x0000, 0x0000, 0x0000, 0x0000, 0x0000, 0x0000,
  0x0000, 0x0000, 0x0000, 0x0000, 0x0000, 0x0000, 0x0000, 0x0000, 0x0000, 0x0000, 0x0000, 0x0000,
  0x0000, 0x0000, 0x0000, 0x0000, 0x0000, 0x0000, 0x0000, 0x0000, 0x0000, 0x0000, 0x0000, 0x0000,
  0x0000, 0x0000, 0x0000, 0x0000, 0x0000, 0x0000, 0x0000, 0x0000, 0x0000, 0x0000, 0x0000, 0x0000,
  0x0000, 0x0000, 0x0000, 0x0000, 0x0000, 0x0000, 0x0000, 0x0000, 0x0000, 0x0000, 0x0000, 0x0000,
  0x0000, 0x0000, 0x0000, 0x0000, 0x0000, 0x0000, 0x0000, 0x0000, 0x0000, 0x0000, 0x0000, 0x0000,
  0x0000, 0x0000, 0x0000, 0x0000, 0x0000, 0x0000, 0x0000, 0x0000, 0x0000, 0x0000, 0x0000, 0x0000,
  0x0000, 0x0000, 0x0000, 0x0000, 0x0000, 0x0000, 0x0000, 0x0000, 0x0000, 0x0000, 0x0000, 0x0000,
  0x0000, 0x0000, 0x0000, 0x0000, 0x0000, 0x0000, 0x0000, 0x0000, 0x0000, 0x0000, 0x0000, 0x0000,
  0x0000, 0x0000, 0x0000, 0x0000, 0x0000, 0x0000, 0x0000, 0x0000, 0x0000, 0x0000, 0x0000, 0x0000,
  0x0000, 0x0000, 0x0000, 0x0000, 0x0000, 0x0000, 0x0000, 0x0000, 0x0000, 0x0000, 0x0000, 0x0000,
  0x0000, 0x0000, 0x0000, 0x0000, 0x0000, 0x0000, 0x0000, 0x0000, 0x0000, 0x0000, 0x0000, 0x0000,
  0x0000, 0x0000, 0x0000, 0x0000, 0x0000, 0x0000, 0x0000, 0x0000, 0x0000, 0x0000, 0x0000, 0x0000,
  0x0000, 0x0000, 0x0000, 0x0000, 0x0000, 0x0000, 0x0000, 0x0000, 0x0000, 0x0000, 0x0000, 0x0000,
  0x0000, 0x0000, 0x0000, 0x0000, 0x0000, 0x0000, 0x0000, 0x0000, 0x0000, 0x0000, 0x0000, 0x0000,
  0x0000, 0x0000, 0x0000, 0x0000, 0x0000, 0x0000, 0x0000, 0x0000, 0x0000, 0x0000, 0x0000, 0x0000,
  0x0000, 0x0000, 0x0000, 0x0000, 0x0000, 0x0000, 0x0000, 0x0000, 0x0000, 0x0000, 0x0000, 0x0000,
  0x0000, 0x0000, 0x0000, 0x0000, 0x0000, 0x0000, 0x0000, 0x0000, 0x0000, 0x0000, 0x0000, 0x0000,
  0x0000, 0x0000, 0x0000, 0x0000, 0x0000, 0x0000, 0x0000, 0x0000, 0x0000, 0x0000, 0x0000, 0x0000,
  0x0000, 0x0000, 0x0000, 0x0000, 0x0000, 0x0000, 0x0000, 0x0000, 0x0000, 0x0000, 0x0000, 0x0000,
  0x0000, 0x0000, 0x0000, 0x0000, 0x0000, 0x0000, 0x0000, 0x0000, 0x0000, 0x0000, 0x0000, 0x0000,
  0x0000, 0x0000, 0x0000, 0x0000, 0x0000, 0x0000, 0x0000, 0x0000, 0x0000, 0x0000, 0x0000, 0x0000,
  0x0000, 0x0000, 0x0000, 0x0000, 0x0000, 0x0000, 0x0000, 0x0000, 0x0000, 0x0000, 0x0000, 0x0000,
  0x0000, 0x0000, 0x0000, 0x0000, 0x0000, 0x0000, 0x0000, 0x0000, 0x0000, 0x0000, 0x0000, 0x0000,
  0x0000, 0x0000, 0x0000, 0x0000, 0x0000, 0x0000, 0x0000, 0x0000, 0x0000, 0x0000, 0x0000, 0x0000,
  0x0000, 0x0000, 0x0000, 0x0000, 0x0000, 0x0000, 0x0000, 0x0000, 0x0000, 0x0000, 0x0000, 0x0000,
  0x0000, 0x0000, 0x0000, 0x0000, 0x0000, 0x0000, 0x0000, 0x0000, 0x0000, 0x0000, 0x0000, 0x0000,
  0x0000, 0x0000, 0x0000, 0x0000, 0x0000, 0x0000, 0x0000, 0x0000, 0x0000, 0x0000, 0x0000, 0x0000,
  0x0000, 0x0000, 0x0000, 0x0000, 0x0000, 0x0000, 0x0000, 0x0000, 0x0000, 0x0000, 0x0000, 0x0000,
  0x0000, 0x0000, 0x0000, 0x0000, 0x0000, 0x0000, 0x0000, 0x0000, 0x0000, 0x0000, 0x0000, 0x0000,
  0x0000, 0x0000, 0x0000, 0x0000, 0x0000, 0x0000, 0x0000, 0x0000, 0x0000, 0x0000, 0x0000, 0x0000,
  0x0000, 0x0000, 0x0000, 0x0000, 0x0000, 0x0000, 0x0000, 0x0000, 0x0000, 0x0000, 0x0000, 0x0000,
  0x0000, 0x0000, 0x0000, 0x0000, 0x0000, 0x0000, 0x0000, 0x0000, 0x0000, 0x0000, 0x0000, 0x0000,
  0x0000, 0x0000, 0x0000, 0x0000, 0x0000, 0x0000, 0x0000, 0x0000, 0x0000, 0x0000, 0x0000, 0x0000,
  0x0000, 0x0000, 0x0000, 0x0000, 0x0000, 0x0000, 0x0000, 0x0000, 0x0000, 0x0000, 0x0000, 0x0000,
  0x0000, 0x0000, 0x0000, 0x0000, 0x0000, 0x0000, 0x0000, 0x0000, 0x0000, 0x0000, 0x0000, 0x0000,
  0x0000, 0x0000, 0x0000, 0x0000, 0x0000, 0x0000, 0x0000, 0x0000, 0x0000, 0x0000, 0x0000, 0x0000,
  0x0000, 0x0000, 0x0000, 0x0000, 0x0000, 0x0000, 0x0000, 0x0000, 0x0000, 0x0000, 0x0000, 0x0000,
  0x0000, 0x0000, 0x0000, 0x0000, 0x0000, 0x0000, 0x0000, 0x0000, 0x0000, 0x0000, 0x0000, 0x0000,
  0x0000, 0x0000, 0x0000, 0x0000, 0x0000, 0x0000, 0x0000, 0x0000, 0x0000, 0x0000, 0x0000, 0x0000,
  0x0000, 0x0000, 0x0000, 0x0000, 0x0000, 0x0000, 0x0000, 0x0000, 0x0000, 0x0000, 0x0000, 0x0000,
  0x0000, 0x0000, 0x0000, 0x0000, 0x0000, 0x0000, 0x0000, 0x0000, 0x0000, 0x0000, 0x0000, 0x0000,
  0x0000, 0x0000, 0x0000, 0x0000, 0x0000, 0x0000, 0x0000, 0x0000, 0x0000, 0x0000, 0x0000, 0x0000,
  0x0000, 0x0000, 0x0000, 0x0000, 0x0000, 0x0000, 0x0000, 0x0000, 0x0000, 0x0000, 0x0000, 0x0000,
  0x0000, 0x0000, 0x0000, 0x0000, 0x0000, 0x0000, 0x0000, 0x0000, 0x0000, 0x0000, 0x0000, 0x0000,
  0x0000, 0x0000, 0x0000, 0x0000, 0x0000, 0x0000, 0x0000, 0x0000, 0x0000, 0x0000, 0x0000, 0x0000,
  0x0000, 0x0000, 0x0000, 0x0000, 0x0000, 0x0000, 0x0000, 0x0000, 0x0000, 0x0000, 0x0000, 0x0000,
  0x0000, 0x0000, 0x0000, 0x0000, 0x0000, 0x0000, 0x0000, 0x0000, 0x0000, 0x0000, 0x0000, 0x0000,
  0x0000, 0x0000, 0x0000, 0x0000, 0x0000, 0x0000, 0x0000, 0x0000, 0x0000, 0x0000, 0x0000, 0x0000,
  0x0000, 0x0000, 0x0000, 0x0000, 0x0000, 0x0000, 0x0000, 0x0000, 0x0000, 0x0000, 0x0000, 0x0000,
  0x0000, 0x0000, 0x0000, 0x0000, 0x0000, 0x0000, 0x0000, 0x0000, 0x0000, 0x0000, 0x0000, 0x0000,
  0x0000, 0x0000, 0x0000, 0x0000, 0x0000, 0x0000, 0x0000, 0x0000, 0x0000, 0x0000, 0x0000, 0x0000,
  0x0000, 0x0000, 0x0000, 0x0000, 0x0000, 0x0000, 0x0000, 0x0000, 0x0000, 0x0000, 0x0000, 0x0000,
  0x0000, 0x0000, 0x0000, 0x0000, 0x0000, 0x0000, 0x0000, 0x2000, 0x0000, 0x2000, 0x0100, 0x0000,
  0x0000, 0x0008, 0x2000, 0x2000, 0x0100, 0x0000, 0x0000, 0x0000, 0x0000, 0x0000, 0x0000, 0x0000,
  0x0000, 0x0000, 0x0000, 0x0000, 0x0000, 0x0000, 0x0000, 0x0000, 0x0000, 0x0000, 0x0000, 0x0000,
  0x0000, 0x0000, 0x0000, 0x0000, 0x0000, 0x0000, 0x0000, 0x0000, 0x0000, 0x0000, 0x0000, 0x0000,
  0x0000, 0x0000, 0x0000, 0x0000, 0x0000, 0x0000, 0x0000, 0x0000, 0x0000, 0x0000, 0x0000, 0x0000,
  0x0000, 0x0000, 0x0000, 0x0000, 0x0000, 0x0000, 0x0000, 0x0000, 0x0000, 0x0000, 0x0000, 0x0000,
  0x0000, 0x0000, 0x0000, 0x0000, 0x0000, 0x0000, 0x0000, 0x0000, 0x0000, 0x0000, 0x0000, 0x0000,
  0x0000, 0x0000, 0x0000, 0x0000, 0x0000, 0x0000, 0x0000, 0x0000, 0x0000, 0x0000, 0x0000, 0x0000,
  0x0000, 0x0000, 0x0000, 0x0000, 0x0000, 0x0000, 0x0000, 0x0000, 0x0000, 0x0000, 0x0000, 0x0000,
  0x0000, 0x0000, 0x0000, 0x0000, 0x0000, 0x0000, 0x0000, 0x0000, 0x0000, 0x0000, 0x0000, 0x0000,
  0x2000, 0x0008, 0x2008, 0x0000, 0x2000, 0x2210, 0xa960, 0xaa80, 0x8a88, 0x6550, 0x4000, 0x0000,
  0x0000, 0x0000, 0x0000, 0x0000, 0x0000, 0x0000, 0x0000, 0x0000, 0x0000, 0x0000, 0x0000, 0x0000,
  0x0000, 0x0000, 0x0000, 0x0000, 0x0000, 0x0000, 0x0000, 0x0000, 0x0000, 0x0000, 0x0000, 0x0000,
  0x0000, 0x0000, 0x2000, 0x2000, 0x0000, 0x2000, 0x4108, 0x4108, 0x4108, 0x4108, 0x4108, 0x4108,
  0x4108, 0x6108, 0x6108, 0x4108, 0x4108, 0x4108, 0x4108, 0x4108, 0x2000, 0x0000, 0x0000, 0x0000,
  0x0000, 0x0000, 0x0000, 0x0000, 0x0000, 0x0000, 0x0000, 0x0000, 0x0000, 0x0000, 0x0000, 0x0000,
  0x0000, 0x0000, 0x0000, 0x0000, 0x0000, 0x0000, 0x0000, 0x0000, 0x0000, 0x0000, 0x0000, 0x0000,
  0x0000, 0x0000, 0x0000, 0x0000, 0x0000, 0x0000, 0x0000, 0x0000, 0x0000, 0x0000, 0x0000, 0x0000,
  0x0000, 0x0000, 0x0000, 0x0000, 0x0000, 0x0000, 0x0000, 0x0000, 0x0000, 0x0000, 0x0000, 0x0000,
  0x0000, 0x0000, 0x0000, 0x0000, 0x0000, 0x0000, 0x0000, 0x2000, 0x2100, 0x0000, 0x0008, 0x0000,
  0x0228, 0x11c9, 0x35f1, 0x33f1, 0xaa88, 0x4100, 0x0000, 0x0000, 0x0000, 0x0000, 0x0000, 0x0000,
  0x0000, 0x0000, 0x0000, 0x0000, 0x0000, 0x0000, 0x0000, 0x0000, 0x0000, 0x0000, 0x0000, 0x0000,
  0x0000, 0x0000, 0x0000, 0x0000, 0x0000, 0x0000, 0x0000, 0x0000, 0x2000, 0x6108, 0x4108, 0x2000,
  0x2000, 0x4108, 0x6108, 0x8210, 0x8210, 0x8210, 0x6108, 0x6108, 0x8210, 0x8210, 0x8210, 0x8210,
  0x8210, 0x8210, 0x4108, 0x2000, 0x0000, 0x0000, 0x0000, 0x0000, 0x0000, 0x0000, 0x0000, 0x0000,
  0x0000, 0x0000, 0x0000, 0x0000, 0x0000, 0x0000, 0x0000, 0x0000, 0x0000, 0x0000, 0x0000, 0x0000,
  0x0000, 0x0000, 0x0000, 0x0000, 0x0000, 0x0000, 0x0000, 0x0000, 0x0000, 0x0000, 0x0000, 0x0000,
  0x0000, 0x0000, 0x0000, 0x0000, 0x0000, 0x0000, 0x0000, 0x0000, 0x0000, 0x0000, 0x0000, 0x0000,
  0x0000, 0x0000, 0x0000, 0x0000, 0x0000, 0x0000, 0x0000, 0x0000, 0x0000, 0x0000, 0x0000, 0x0000,
  0x0000, 0x0000, 0x0008, 0x2100, 0x2000, 0x0100, 0x4000, 0x2110, 0x10c9, 0x74f9, 0x34f9, 0xf3d0,
  0xeea0, 0x4648, 0x2008, 0x2000, 0x0000, 0x0000, 0x0000, 0x0000, 0x0000, 0x0000, 0x0000, 0x0000,
  0x0000, 0x0000, 0x0000, 0x0000, 0x0000, 0x0000, 0x0000, 0x0000, 0x0000, 0x0000, 0x0000, 0x0000,
  0x0000, 0x0000, 0x4108, 0x6108, 0x6108, 0x8210, 0x6108, 0x2000, 0x0000, 0x4108, 0x6108, 0x6108,
  0x6108, 0x6108, 0x4108, 0x0000, 0x0000, 0x2000, 0x4108, 0x4108, 0x2000, 0x0000, 0x0000, 0x0000,
  0x0000, 0x0000, 0x0000, 0x0000, 0x0000, 0x0000, 0x0000, 0x0000, 0x0000, 0x0000, 0x0000, 0x0000,
  0x0000, 0x0000, 0x0000, 0x0000, 0x0000, 0x0000, 0x0000, 0x0000, 0x0000, 0x0000, 0x0000, 0x0000,
  0x0000, 0x0000, 0x0000, 0x0000, 0x0000, 0x0000, 0x0000, 0x0000, 0x0000, 0x0000, 0x0000, 0x0000,
  0x0000, 0x0000, 0x0000, 0x0000, 0x0000, 0x0000, 0x0000, 0x0000, 0x0000, 0x0000, 0x0000, 0x0000,
  0x0000, 0x0000, 0x0000, 0x0000, 0x0000, 0x0000, 0x0000, 0x0000, 0x0000, 0x0000, 0x0000, 0x2000,
  0x2000, 0x2328, 0x4640, 0x10c9, 0x94f1, 0x76f2, 0xf6f9, 0x33f1, 0x8868, 0x2008, 0x2000, 0x0000,
  0x0000, 0x0000, 0x0000, 0x0000, 0x0000, 0x0000, 0x0000, 0x0000, 0x0000, 0x0000, 0x0000, 0x0000,
  0x0000, 0x0000, 0x0000, 0x0000, 0x0000, 0x0000, 0x0000, 0x0000, 0x2000, 0x6108, 0x8210, 0x6108,
  0x6108, 0x4108, 0x0000, 0x0000, 0x2000, 0x4108, 0x6108, 0x8210, 0x8210, 0x6108, 0x2000, 0x0000,
  0x0000, 0x0000, 0x2000, 0x0000, 0x0000, 0x0000, 0x0000, 0x0000, 0x0000, 0x0000, 0x0000, 0x0000,
  0x0000, 0x0000, 0x0000, 0x0000, 0x0000, 0x0000, 0x0000, 0x0000, 0x0000, 0x0000, 0x0000, 0x0000,
  0x0000, 0x0000, 0x0000, 0x0000, 0x0000, 0x0000, 0x0000, 0x0000, 0x0000, 0x0000, 0x0000, 0x0000,
  0x0000, 0x0000, 0x0000, 0x0000, 0x0000, 0x0000, 0x0000, 0x0000, 0x0000, 0x0000, 0x0000, 0x0000,
  0x0000, 0x0000, 0x0000, 0x0000, 0x0000, 0x0000, 0x0000, 0x0000, 0x0000, 0x0000, 0x0000, 0x0000,
  0x0000, 0x0000, 0x0000, 0x0000, 0x2100, 0x0008, 0x0000, 0x2108, 0xcc98, 0x31c1, 0x33f1, 0x17f3,
  0xfcfd, 0x39fc, 0x32e9, 0x6868, 0x0108, 0x0000, 0x0000, 0x0000, 0x0000, 0x0000, 0x0000, 0x0000,
  0x0000, 0x0000, 0x0000, 0x0000, 0x0000, 0x0000, 0x0000, 0x0000, 0x0000, 0x0000, 0x0000, 0x0000,
  0x0000, 0x0000, 0x2000, 0x4108, 0x6108, 0x8210, 0x6108, 0x4108, 0x0000, 0x0000, 0x0000, 0x0000,
  0x0000, 0x4108, 0x6108, 0x6108, 0x8210, 0x6108, 0x4108, 0x0000, 0x0000, 0x0000, 0x0000, 0x0000,
  0x0000, 0x0000, 0x0000, 0x0000, 0x0000, 0x0000, 0x0000, 0x0000, 0x0000, 0x0000, 0x0000, 0x0000,
  0x0000, 0x0000, 0x0000, 0x0000, 0x0000, 0x0000, 0x0000, 0x0000, 0x0000, 0x0000, 0x0000, 0x0000,
  0x0000, 0x0000, 0x0000, 0x0000, 0x0000, 0x0000, 0x0000, 0x0000, 0x0000, 0x0000, 0x0000, 0x0000,
  0x0000, 0x0000, 0x0000, 0x0000, 0x0000, 0x0000, 0x0000, 0x0000, 0x0000, 0x0000, 0x0000, 0x0000,
  0x0000, 0x0000, 0x0000, 0x0000, 0x0000, 0x0000, 0x2000, 0x2000, 0x0000, 0x0000, 0x2000, 0x4000,
  0x0108, 0x2428, 0x8748, 0x10c9, 0x15f9, 0x54f1, 0x97f3, 0x5ef7, 0x1af5, 0x13f1, 0x8c90, 0x6640,
  0x2110, 0x0008, 0x2000, 0x0000, 0x0000, 0x2000, 0x0000, 0x0000, 0x0000, 0x0000, 0x0000, 0x0000,
  0x0000, 0x0000, 0x0000, 0x0000, 0x0000, 0x0000, 0x0000, 0x0000, 0x0000, 0x0000, 0x8210, 0x6108,
  0x6108, 0x2000, 0x2000, 0x0000, 0x0000, 0x0000, 0x0000, 0x0000, 0x0000, 0x4108, 0x8210, 0x6108,
  0x8210, 0x6108, 0x2000, 0x0000, 0x0000, 0x0000, 0x0000, 0x0000, 0x0000, 0x0000, 0x0000, 0x0000,
  0x0000, 0x0000, 0x0000, 0x0000, 0x0000, 0x0000, 0x0000, 0x0000, 0x0000, 0x0000, 0x0000, 0x0000,
  0x0000, 0x0000, 0x0000, 0x0000, 0x0000, 0x0000, 0x0000, 0x0000, 0x0000, 0x0000, 0x0000, 0x0000,
  0x0000, 0x0000, 0x0000, 0x0000, 0x0000, 0x0000, 0x0000, 0x0000, 0x0000, 0x0000, 0x0000, 0x0000,
  0x0000, 0x0000, 0x0000, 0x0000, 0x0000, 0x0000, 0x0000, 0x0000, 0x0000, 0x0000, 0x0000, 0x0000,
  0x0000, 0x0000, 0x0000, 0x0000, 0x0008, 0x0000, 0x0110, 0x0110, 0xaa80, 0x11e9, 0x33f9, 0x54f9,
  0x33f1, 0x78fb, 0x3eff, 0xfafc, 0x14f9, 0x74f1, 0x10c1, 0x4330, 0x4100, 0x0108, 0x0108, 0x0000,
  0x2000, 0x0008, 0x0000, 0x0000, 0x0000, 0x0000, 0x0000, 0x0000, 0x0000, 0x0000, 0x0000, 0x0000,
  0x0000, 0x0000, 0x0000, 0x0000, 0x0000, 0x8210, 0x6108, 0x6108, 0x2000, 0x0000, 0x0000, 0x0000,
  0x0000, 0x0000, 0x0000, 0x0000, 0x2000, 0x4108, 0x6108, 0x8210, 0x6108, 0x2000, 0x0000, 0x0000,
  0x0000, 0x0000, 0x0000, 0x0000, 0x0000, 0x0000, 0x0000, 0x0000, 0x0000, 0x0000, 0x0000, 0x0000,
  0x0000, 0x0000, 0x0000, 0x0000, 0x0000, 0x0000, 0x0000, 0x0000, 0x0000, 0x0000, 0x0000, 0x0000,
  0x0000, 0x0000, 0x0000, 0x0000, 0x0000, 0x0000, 0x0000, 0x0000, 0x0000, 0x0000, 0x0000, 0x0000,
  0x0000, 0x0000, 0x0000, 0x0000, 0x0000, 0x0000, 0x0000, 0x0000, 0x0000, 0x0000, 0x0000, 0x0000,
  0x0000, 0x0000, 0x0000, 0x0000, 0x0000, 0x0000, 0x0000, 0x0000, 0x0000, 0x0000, 0x0000, 0x0000,
  0x0000, 0x0110, 0xa758, 0xeda8, 0x13f9, 0x35f1, 0x94f1, 0x77f3, 0x3af5, 0x7eff, 0xfbf4, 0x14e9,
  0x34e9, 0x32e1, 0xab80, 0xe738, 0x0008, 0x2000, 0x2000, 0x0000, 0x0000, 0x0000, 0x0000, 0x0000,
  0x0000, 0x0000, 0x0000, 0x0000, 0x0000, 0x0000, 0x0000, 0x0000, 0x0000, 0x0000, 0x0000, 0x2000,
  0x8210, 0x6108, 0x6108, 0x2000, 0x0000, 0x0000, 0x0000, 0x0000, 0x0000, 0x0000, 0x2000, 0x2000,
  0x2000, 0x4108, 0x2000, 0x2000, 0x0000, 0x0000, 0x0000, 0x0000, 0x0000, 0x0000, 0x0000, 0x0000,
  0x0000, 0x0000, 0x0000, 0x0000, 0x0000, 0x0000, 0x0000, 0x0000, 0x0000, 0x0000, 0x0000, 0x0000,
  0x0000, 0x0000, 0x0000, 0x0000, 0x0000, 0x0000, 0x0000, 0x0000, 0x0000, 0x0000, 0x0000, 0x0000,
  0x0000, 0x0000, 0x0000, 0x0000, 0x0000, 0x0000, 0x0000, 0x0000, 0x0000, 0x0000, 0x0000, 0x0000,
  0x0000, 0x0000, 0x0000, 0x0000, 0x0000, 0x0000, 0x0000, 0x0000, 0x0000, 0x0000, 0x0000, 0x0000,
  0x0000, 0x0100, 0x0100, 0x0000, 0x0000, 0x2108, 0x4108, 0x2110, 0x6750, 0x54e1, 0x34e9, 0x74f1,
  0x96f1, 0x55f2, 0x7cfe, 0x9fff, 0xdeff, 0x3aed, 0xb5f1, 0x74f9, 0x73f1, 0x54f9, 0xb1c9, 0x2228,
  0x4110, 0x2210, 0x0108, 0x2000, 0x0000, 0x0000, 0x0000, 0x0000, 0x0000, 0x0000, 0x0000, 0x0000,
  0x0000, 0x0000, 0x0000, 0x0000, 0x0000, 0x0000, 0x2000, 0x8210, 0x6108, 0x6108, 0x4108, 0x0000,
  0x0000, 0x0000, 0x0000, 0x2000, 0x4108, 0x6108, 0x6108, 0x2000, 0x0000, 0x0000, 0x0000, 0x0000,
  0x0000, 0x0000, 0x0000, 0x0000, 0x0000, 0x0000, 0x0000, 0x0000, 0x0000, 0x0000, 0x0000, 0x0000,
  0x0000, 0x0000, 0x0000, 0x0000, 0x0000, 0x0000, 0x0000, 0x0000, 0x0000, 0x0000, 0x0000, 0x0000,
  0x0000, 0x0000, 0x0000, 0x0000, 0x0000, 0x0000, 0x0000, 0x0000, 0x0000, 0x0000, 0x0000, 0x0000,
  0x0000, 0x0000, 0x0000, 0x0000, 0x0000, 0x0000, 0x0000, 0x0000, 0x0000, 0x0000, 0x0000, 0x0000,
  0x0000, 0x0000, 0x0000, 0x0000, 0x0000, 0x0000, 0x0000, 0x0000, 0x0000, 0x4000, 0x0008, 0x0218,
  0x8860, 0xcc88, 0xac98, 0xada8, 0x34f1, 0x55f1, 0x54e9, 0x7bfc, 0x3cfd, 0x59f4, 0x3bf5, 0x7eff,
  0xddf6, 0x1af5, 0xd6fa, 0xd6f1, 0x7af4, 0x99ec, 0xeda0, 0xac98, 0xcb90, 0x6538, 0x2108, 0x0000,
  0x0000, 0x0000, 0x0000, 0x0000, 0x0000, 0x0000, 0x0000, 0x0000, 0x0000, 0x0000, 0x0000, 0x0000,
  0x0000, 0x2000, 0x6108, 0x6108, 0x8210, 0x6108, 0x4108, 0x2000, 0x2000, 0x2000, 0x4108, 0x6108,
  0x8210, 0x6108, 0x4108, 0x0000, 0x0000, 0x0000, 0x0000, 0x0000, 0x0000, 0x0000, 0x0000, 0x0000,
  0x0000, 0x0000, 0x0000, 0x0000, 0x0000, 0x0000, 0x0000, 0x0000, 0x0000, 0x0000, 0x0000, 0x0000,
  0x0000, 0x0000, 0x0000, 0x0000, 0x0000, 0x0000, 0x0000, 0x0000, 0x0000, 0x0000, 0x0000, 0x0000,
  0x0000, 0x0000, 0x0000, 0x0000, 0x0000, 0x0000, 0x0000, 0x0000, 0x0000, 0x0000, 0x0000, 0x0000,
  0x0000, 0x0000, 0x0000, 0x0000, 0x0000, 0x0000, 0x0000, 0x0000, 0x0000, 0x0000, 0x0000, 0x0000,
  0x0000, 0x0000, 0x0000, 0x0000, 0x4000, 0x0008, 0x2320, 0xeda8, 0x54f1, 0x35f1, 0x74f9, 0xd3f9,
  0xd4f9, 0x35f2, 0x9dfe, 0x5fff, 0x77f3, 0x18f4, 0x5df7, 0xdfff, 0x9fff, 0x77ec, 0xf7f2, 0xbdf6,
  0xbdfe, 0x75f2, 0xb5f1, 0x52e9, 0xa860, 0x0108, 0x0000, 0x0000, 0x0000, 0x0000, 0x0000, 0x0000,
  0x0000, 0x0000, 0x2000, 0x2000, 0x4108, 0x4108, 0x4108, 0x2000, 0x2000, 0x2000, 0x6108, 0x8210,
  0x6108, 0x6108, 0x6108, 0x6108, 0x6108, 0x6108, 0x8210, 0x6108, 0x4108, 0x2000, 0x0000, 0x0000,
  0x0000, 0x0000, 0x0000, 0x0000, 0x0000, 0x0000, 0x0000, 0x0000, 0x0000, 0x0000, 0x0000, 0x0000,
  0x0000, 0x0000, 0x0000, 0x0000, 0x0000, 0x0000, 0x0000, 0x0000, 0x0000, 0x0000, 0x0000, 0x0000,
  0x0000, 0x0000, 0x0000, 0x0000, 0x0000, 0x0000, 0x0000, 0x0000, 0x0000, 0x0000, 0x0000, 0x0000,
  0x0000, 0x0000, 0x0000, 0x0000, 0x0000, 0x0000, 0x0000, 0x0000, 0x0000, 0x0000, 0x0000, 0x0000,
  0x0000, 0x0000, 0x0000, 0x0000, 0x0000, 0x0000, 0x0000, 0x0000, 0x0000, 0x0000, 0x0000, 0x4100,
  0x0100, 0x4318, 0xeda8, 0x33f1, 0x54e9, 0xd7f2, 0xfefe, 0xfdf6, 0x1eff, 0xdff7, 0xbef7, 0x3eff,
  0x3eff, 0xdeff, 0xfff7, 0xbfff, 0x9dff, 0x3dff, 0x9ef7, 0xbfff, 0xfcfe, 0xdafc, 0x95f1, 0x4a60,
  0x2108, 0x0000, 0x0000, 0x0000, 0x0000, 0x0000, 0x0000, 0x0000, 0x2000, 0x6108, 0x6108, 0x8210,
  0x6108, 0x8210, 0x8210, 0x4108, 0x0000, 0x4108, 0x6108, 0x6108, 0x6108, 0x8210, 0x8210, 0x6108,
  0x6108, 0x6108, 0x4108, 0x2000, 0x0000, 0x0000, 0x0000, 0x0000, 0x0000, 0x0000, 0x0000, 0x0000,
  0x0000, 0x0000, 0x0000, 0x0000, 0x0000, 0x0000, 0x0000, 0x0000, 0x0000, 0x0000, 0x0000, 0x0000,
  0x0000, 0x0000, 0x0000, 0x0000, 0x0000, 0x0000, 0x0000, 0x0000, 0x0000, 0x0000, 0x0000, 0x0000,
  0x0000, 0x0000, 0x0000, 0x0000, 0x0000, 0x0000, 0x0000, 0x0000, 0x0000, 0x0000, 0x0000, 0x0000,
  0x0000, 0x0000, 0x0000, 0x0000, 0x2000, 0x0000, 0x0000, 0x2000, 0x0000, 0x0000, 0x2000, 0x0000,
  0x0000, 0x0000, 0x0000, 0x0000, 0x0000, 0x0000, 0x0008, 0x0108, 0x2218, 0xcb98, 0x12e9, 0x14f9,
  0xf6f2, 0xfefe, 0x5dff, 0x9dff, 0x1eff, 0x1def, 0xddff, 0xfef7, 0xdfff, 0xbfff, 0xffff, 0x7ef7,
  0x1eff, 0xdfff, 0xbfff, 0x5eef, 0x19e5, 0x71d1, 0xc758, 0x0010, 0x0000, 0x0000, 0x0000, 0x0000,
  0x0000, 0x0000, 0x2000, 0x4108, 0x6108, 0x8210, 0x8210, 0x6108, 0x6108, 0x8208, 0x8108, 0x6108,
  0x4008, 0x2008, 0x6108, 0x8210, 0x6108, 0x8108, 0x8108, 0x8208, 0x2110, 0x0008, 0x0000, 0x0000,
  0x0000, 0x0000, 0x0000, 0x0000, 0x0000, 0x0000, 0x0000, 0x0000, 0x0000, 0x0000, 0x0000, 0x0000,
  0x0000, 0x0000, 0x0000, 0x0000, 0x0000, 0x0000, 0x0000, 0x0000, 0x0000, 0x0000, 0x0000, 0x0000,
  0x0000, 0x0000, 0x0000, 0x0000, 0x0000, 0x0000, 0x0000, 0x0000, 0x0000, 0x0000, 0x0000, 0x0000,
  0x0000, 0x0000, 0x0000, 0x0000, 0x0000, 0x0000, 0x0000, 0x0000, 0x0000, 0x0000, 0x0000, 0x0000,
  0x0000, 0x0000, 0x0000, 0x0000, 0x0008, 0x0000, 0x0000, 0x0000, 0x0000, 0x0000, 0x0000, 0x0000,
  0x2000, 0x0000, 0x0000, 0x2000, 0x2208, 0x6748, 0x52e1, 0xb3f1, 0x55ea, 0xf1f3, 0x51fd, 0xd4fa,
  0x18eb, 0xbdfe, 0xdfff, 0xdeff, 0xfef7, 0xbef7, 0xbaf4, 0x37f3, 0xbdfe, 0xddfe, 0xd6f2, 0x4fa9,
  0x4428, 0x2108, 0x4000, 0x0000, 0x0000, 0x0000, 0x0000, 0x0000, 0x2000, 0x6108, 0x8210, 0x8210,
  0x6108, 0x4108, 0x6108, 0x8210, 0x8210, 0x8108, 0x6108, 0x4108, 0x2000, 0x2000, 0x4100, 0x4108,
  0x4110, 0x4108, 0x4108, 0x2000, 0x2000, 0x0000, 0x0000, 0x0000, 0x0000, 0x0000, 0x0000, 0x0000,
  0x0000, 0x0000, 0x0000, 0x0000, 0x0000, 0x0000, 0x0000, 0x0000, 0x0000, 0x0000, 0x0000, 0x0000,
  0x0000, 0x0000, 0x0000, 0x0000, 0x0000, 0x0000, 0x0000, 0x0000, 0x0000, 0x0000, 0x0000, 0x0000,
  0x0000, 0x0000, 0x0000, 0x0000, 0x0000, 0x0000, 0x0000, 0x0000, 0x0000, 0x0000, 0x0000, 0x0000,
  0x0000, 0x0000, 0x0000, 0x0000, 0x0000, 0x0000, 0x0000, 0x0000, 0x0000, 0x0000, 0x0000, 0x2000,
  0x0000, 0x0000, 0x0000, 0x0000, 0x0000, 0x0000, 0x0000, 0x0000, 0x0000, 0x0008, 0x0000, 0x0000,
  0x2320, 0xaa90, 0xaca0, 0xec90, 0x4dc2, 0x51f3, 0xd3f1, 0xb5f1, 0x7afc, 0x5cfe, 0xbeff, 0xfef6,
  0x3bf5, 0xd7f2, 0xd5f1, 0x9af4, 0xb9ec, 0xed98, 0x6768, 0x2008, 0x0008, 0x0000, 0x0000, 0x0000,
  0x0000, 0x0000, 0x0000, 0x4108, 0x6108, 0x6108, 0x6108, 0x2000, 0x0000, 0x2000, 0x4108, 0x6108,
  0x8210, 0x8210, 0x6108, 0x4008, 0x2000, 0x0000, 0x2100, 0x2000, 0x0000, 0x0000, 0x2000, 0x0000,
  0x0000, 0x0000, 0x0000, 0x0000, 0x0000, 0x0000, 0x0000, 0x0000, 0x0000, 0x0000, 0x0000, 0x0000,
  0x0000, 0x0000, 0x0000, 0x0000, 0x0000, 0x0000, 0x0000, 0x0000, 0x0000, 0x0000, 0x0000, 0x0000,
  0x0000, 0x0000, 0x0000, 0x0000, 0x0000, 0x0000, 0x0000, 0x0000, 0x0000, 0x0000, 0x0000, 0x0000,
  0x0000, 0x0000, 0x0000, 0x0000, 0x0000, 0x0000, 0x0000, 0x0000, 0x0000, 0x0000, 0x0000, 0x0000,
  0x0000, 0x2000, 0x2100, 0x0100, 0x0100, 0x0000, 0x0000, 0x0008, 0x0000, 0x0000, 0x0000, 0x0000,
  0x0000, 0x0000, 0x0000, 0x0000, 0x0008, 0x0000, 0x2000, 0x2000, 0x2210, 0x0118, 0x2318, 0xcb88,
  0x74f1, 0x75f9, 0x33f9, 0xd4f1, 0xd8f3, 0x1df7, 0x1bfd, 0xb5f9, 0x73f1, 0x73f9, 0xd4f1, 0x91d1,
  0x2328, 0x2108, 0x2000, 0x2000, 0x2000, 0x2000, 0x0000, 0x0000, 0x0000, 0x0000, 0x4108, 0x6108,
  0x6108, 0x4108, 0x0000, 0x0000, 0x0000, 0x0000, 0x2000, 0x6108, 0x8210, 0x8110, 0x6108, 0x2000,
  0x0000, 0x0008, 0x0000, 0x0000, 0x0000, 0x2008, 0x0000, 0x0000, 0x0000, 0x0000, 0x0000, 0x0000,
  0x0000, 0x0000, 0x0000, 0x0000, 0x0000, 0x0000, 0x0000, 0x0000, 0x0000, 0x0000, 0x0000, 0x0000,
  0x0000, 0x0000, 0x0000, 0x0000, 0x0000, 0x0000, 0x0000, 0x0000, 0x0000, 0x0000, 0x0000, 0x0000,
  0x0000, 0x0000, 0x0000, 0x0000, 0x0000, 0x0000, 0x0000, 0x0000, 0x0000, 0x0000, 0x0000, 0x0000,
  0x0000, 0x0000, 0x0000, 0x0000, 0x0000, 0x0000, 0x0000, 0x0000, 0x2430, 0xca80, 0xaa80, 0x8b88,
  0x8870, 0x0110, 0x0000, 0x0000, 0x0000, 0x0000, 0x0000, 0x0000, 0x0000, 0x0000, 0x2000, 0x2000,
  0x0000, 0x0000, 0x0008, 0x0000, 0x0108, 0x0108, 0xab80, 0x74f1, 0x13e9, 0x34f1, 0x55f9, 0x78fb,
  0x5eff, 0xbdf6, 0xfafc, 0xf7f2, 0x33e1, 0x8b88, 0x6860, 0x0108, 0x0000, 0x4208, 0x4008, 0x2000,
  0x0000, 0x0000, 0x0000, 0x0000, 0x0000, 0x4108, 0x6108, 0x8210, 0x4108, 0x0000, 0x0000, 0x0000,
  0x0000, 0x0000, 0x6108, 0x8110, 0x8210, 0x6108, 0x2000, 0x2000, 0x0100, 0x0208, 0x2100, 0x2000,
  0x2000, 0x0008, 0x0100, 0x0000, 0x0000, 0x0000, 0x0000, 0x0000, 0x0000, 0x0000, 0x0000, 0x0000,
  0x0000, 0x0000, 0x0000, 0x0000, 0x0000, 0x0000, 0x0000, 0x0000, 0x0000, 0x0000, 0x0000, 0x0000,
  0x0000, 0x0000, 0x0000, 0x0000, 0x0000, 0x0000, 0x0000, 0x0000, 0x0000, 0x0000, 0x0000, 0x0000,
  0x0000, 0x0000, 0x0000, 0x0000, 0x0000, 0x0000, 0x0000, 0x0000, 0x0000, 0x0000, 0x0000, 0x0000,
  0x0000, 0x0000, 0x0000, 0x6858, 0x52f9, 0x74f9, 0x34f9, 0x30c9, 0x2318, 0x2000, 0x0008, 0x0000,
  0x0000, 0x0000, 0x0000, 0x0000, 0x0000, 0x0000, 0x2000, 0x0000, 0x2000, 0x0008, 0x2000, 0x0008,
  0x2108, 0x8b80, 0x14e1, 0x94f9, 0x93f9, 0x54f1, 0x97eb, 0x1dff, 0xdfff, 0x5eff, 0xf8e3, 0xf1d0,
  0x2540, 0x0008, 0x2100, 0x2100, 0x6108, 0x4110, 0x2108, 0x0000, 0x2000, 0x4108, 0x2000, 0x0000,
  0x4108, 0x8210, 0x8210, 0x6108, 0x2000, 0x0000, 0x0000, 0x0000, 0x0000, 0x6108, 0x6108, 0x8110,
  0x6110, 0x2008, 0x2008, 0xec98, 0xceb0, 0xaa78, 0x2210, 0x2000, 0x0000, 0x2000, 0x0000, 0x0000,
  0x0000, 0x0000, 0x0000, 0x0000, 0x0000, 0x0000, 0x0000, 0x0000, 0x0000, 0x0000, 0x0000, 0x0000,
  0x0000, 0x0000, 0x0000, 0x0000, 0x0000, 0x0000, 0x0000, 0x0000, 0x0000, 0x0000, 0x0000, 0x0000,
  0x0000, 0x0000, 0x0000, 0x0000, 0x0000, 0x0000, 0x0000, 0x0000, 0x0000, 0x0000, 0x0000, 0x0000,
  0x0000, 0x0000, 0x0000, 0x0000, 0x0000, 0x0000, 0x2000, 0x2000, 0x0008, 0x2000, 0x6858, 0x53f9,
  0x55e9, 0x35f9, 0x32e1, 0x4760, 0x8648, 0x2218, 0x0000, 0x2000, 0x0000, 0x0000, 0x0000, 0x2000,
  0x0000, 0x0000, 0x0000, 0x2000, 0x0008, 0x0000, 0x0000, 0x2000, 0x2330, 0x4760, 0x0fd1, 0x34f1,
  0x35f9, 0x97fb, 0x5dff, 0xfdf5, 0x16f3, 0xcc91, 0x6748, 0x2210, 0x0000, 0x2000, 0x4108, 0x6110,
  0xa208, 0x6208, 0x4108, 0x6108, 0x6108, 0x4108, 0x2000, 0x4108, 0x6108, 0x6108, 0x6108, 0x4108,
  0x2000, 0x0000, 0x0000, 0x0000, 0x4108, 0x6110, 0x6210, 0x6108, 0x0008, 0x2110, 0x51d1, 0x54f9,
  0xcea8, 0x2320, 0x2000, 0x0008, 0x0008, 0x0000, 0x0000, 0x0000, 0x0000, 0x0000, 0x0000, 0x0000,
  0x0000, 0x0000, 0x0000, 0x0000, 0x0000, 0x0000, 0x0000, 0x0000, 0x0000, 0x0000, 0x0000, 0x0000,
  0x0000, 0x0000, 0x0000, 0x0000, 0x0000, 0x0000, 0x0000, 0x0000, 0x0000, 0x0000, 0x0000, 0x0000,
  0x0000, 0x0000, 0x0000, 0x0000, 0x0000, 0x0000, 0x0000, 0x0000, 0x0000, 0x0000, 0x0000, 0x0000,
  0x0000, 0x2000, 0x0000, 0x0008, 0x2000, 0x4858, 0x72f1, 0x34f1, 0x54f1, 0x54f1, 0x12e9, 0x10c1,
  0x4538, 0x2000, 0x2100, 0x0000, 0x0000, 0x0000, 0x0000, 0x0000, 0x0000, 0x0000, 0x0000, 0x0000,
  0x0000, 0x0000, 0x2008, 0x2000, 0x2110, 0xcb90, 0x11c9, 0x34e9, 0xf7f2, 0x1bf6, 0x59f4, 0x13e9,
  0x6860, 0x2000, 0x0000, 0x0000, 0x2000, 0x4108, 0x6108, 0x8210, 0x8210, 0x8210, 0x6108, 0x6108,
  0x6108, 0x2000, 0x2000, 0x6108, 0x6108, 0x6108, 0x6108, 0x6108, 0x4108, 0x2000, 0x4000, 0x8208,
  0x8208, 0x6210, 0x4108, 0x2000, 0x2110, 0x10c9, 0x35f1, 0x10b9, 0x6758, 0x6648, 0x2320, 0x2000,
  0x2000, 0x0000, 0x0000, 0x0000, 0x0000, 0x0000, 0x0000, 0x0000, 0x0000, 0x0000, 0x0000, 0x0000,
  0x0000, 0x0000, 0x0000, 0x0000, 0x0000, 0x0000, 0x0000, 0x0000, 0x0000, 0x0000, 0x0000, 0x0000,
  0x0000, 0x0000, 0x0000, 0x0000, 0x0000, 0x0000, 0x0000, 0x0000, 0x0000, 0x0000, 0x0000, 0x0000,
  0x0000, 0x0000, 0x0000, 0x0000, 0x0000, 0x0000, 0x0008, 0x0000, 0x0000, 0x0000, 0x0229, 0xe551,
  0x8b89, 0x74f1, 0x54f1, 0x75f1, 0x36f9, 0x35f9, 0x12e1, 0xca70, 0xa648, 0x0218, 0x0000, 0x4000,
  0x0008, 0x0000, 0x0000, 0x0000, 0x0000, 0x0000, 0x0000, 0x0000, 0x0000, 0x0008, 0x0008, 0x0000,
  0x6320, 0x6740, 0x31c1, 0xb4f1, 0x75f2, 0xf5f9, 0x13f1, 0x8a70, 0x2100, 0x2000, 0x0000, 0x0000,
  0x2000, 0x4108, 0x8210, 0x8210, 0x8210, 0x6108, 0x6108, 0x4108, 0x0000, 0x0000, 0x4108, 0x6108,
  0x6108, 0x8210, 0x8210, 0x6108, 0x6108, 0x4110, 0x8210, 0x6108, 0x2110, 0x2000, 0x2000, 0x2010,
  0xf2d0, 0x34f9, 0x52e9, 0x31d1, 0x12d1, 0x6968, 0x4000, 0x0000, 0x0000, 0x0000, 0x0000, 0x2000,
  0x0000, 0x0000, 0x0000, 0x0000, 0x0000, 0x0000, 0x0000, 0x0000, 0x0000, 0x0000, 0x0000, 0x0000,
  0x0000, 0x0000, 0x0000, 0x0000, 0x0000, 0x0000, 0x0000, 0x0000, 0x0000, 0x0000, 0x0000, 0x0000,
  0x0000, 0x0000, 0x0000, 0x0000, 0x0000, 0x0000, 0x0000, 0x0000, 0x0000, 0x0000, 0x0000, 0x0000,
  0x0000, 0x2100, 0x0100, 0x2108, 0x6008, 0xe98a, 0x8eec, 0x90f3, 0x54f1, 0x54f1, 0x33f1, 0x33f9,
  0x54f1, 0x55f1, 0x53e9, 0x0fd1, 0x4540, 0x0000, 0x2000, 0x0000, 0x0000, 0x0000, 0x0000, 0x0000,
  0x0000, 0x0000, 0x0000, 0x6000, 0x4100, 0x0100, 0x0000, 0x4000, 0x0318, 0xefc8, 0x53e9, 0x35f1,
  0x53e1, 0xed98, 0x6648, 0x2100, 0x6108, 0x2000, 0x0000, 0x0000, 0x4108, 0x6108, 0x8210, 0x8210,
  0x6108, 0x6108, 0x4108, 0x0000, 0x0000, 0x2000, 0x2000, 0x6108, 0x8210, 0x6108, 0x6108, 0x8210,
  0x8210, 0xa208, 0xa100, 0x6108, 0x0108, 0x0008, 0x0118, 0xf1d0, 0x54f1, 0x74f1, 0x55f9, 0x16f9,
  0x8b78, 0x2000, 0x4000, 0x0000, 0x0100, 0x0000, 0x0000, 0x0000, 0x0000, 0x0000, 0x0000, 0x0000,
  0x0000, 0x0000, 0x0000, 0x0000, 0x0000, 0x0000, 0x0000, 0x0000, 0x0000, 0x0000, 0x0000, 0x0000,
  0x0000, 0x0000, 0x0000, 0x0000, 0x0000, 0x0000, 0x0000, 0x0000, 0x0000, 0x0000, 0x0000, 0x0000,
  0x0000, 0x0000, 0x0000, 0x0000, 0x0000, 0x0000, 0x0000, 0x0000, 0x2000, 0x2000, 0x0118, 0x4228,
  0xcb9a, 0xf1f4, 0x70f3, 0x35f1, 0x34f9, 0x74f1, 0x93f1, 0x33e9, 0x56f9, 0x35f9, 0x52e1, 0x6640,
  0x0000, 0x0000, 0x2000, 0x2000, 0x0000, 0x0000, 0x0000, 0x0000, 0x0000, 0x0000, 0x0008, 0x0108,
  0x0100, 0x0008, 0x0000, 0x0320, 0x30c1, 0x75f1, 0x14f1, 0xca78, 0x2108, 0x6218, 0xa208, 0xa210,
  0x6108, 0x2000, 0x0000, 0x4108, 0x6108, 0x8210, 0x6108, 0x6108, 0x6108, 0x6108, 0x2000, 0x0000,
  0x0000, 0x0000, 0x4108, 0x6108, 0x6108, 0x6108, 0x8210, 0x6110, 0x2010, 0x0000, 0x0000, 0x2538,
  0x6960, 0xaa68, 0x52d9, 0x54f9, 0x34e9, 0x54e9, 0x75f1, 0xefb0, 0x6860, 0x6860, 0x4968, 0xa960,
  0x8650, 0x0108, 0x2000, 0x0000, 0x0000, 0x0000, 0x0000, 0x0000, 0x0000, 0x0000, 0x0000, 0x0000,
  0x0000, 0x0000, 0x0000, 0x0000, 0x0000, 0x0000, 0x0000, 0x0000, 0x0000, 0x0000, 0x0000, 0x0000,
  0x0000, 0x0000, 0x0000, 0x0000, 0x0000, 0x0000, 0x0000, 0x0000, 0x0000, 0x0000, 0x0000, 0x0000,
  0x0000, 0x0000, 0x2000, 0x0000, 0x2108, 0x8978, 0x31d9, 0x93e9, 0xb2f9, 0xf3f1, 0x34f9, 0x14f9,
  0x34f1, 0x15f9, 0x34f9, 0x14f9, 0x55f1, 0x32e1, 0x2540, 0x2000, 0x2000, 0x0000, 0x0000, 0x0000,
  0x0000, 0x0000, 0x0000, 0x0000, 0x0000, 0x2000, 0x2000, 0x2100, 0x4000, 0x0008, 0x2210, 0x8868,
  0xac88, 0x8b90, 0xc650, 0x4008, 0x4110, 0x6110, 0x8210, 0x6108, 0x2000, 0x2000, 0x4108, 0x6108,
  0x6108, 0x4108, 0x6108, 0x8210, 0x6108, 0x6108, 0x2000, 0x0000, 0x0000, 0x0000, 0x0000, 0x4108,
  0x4108, 0x2000, 0x2000, 0x2008, 0x0008, 0x0210, 0xab90, 0x53e9, 0x53f1, 0x53e9, 0x54f9, 0x34f9,
  0x54f1, 0x53f1, 0x33f1, 0x33f1, 0x34f9, 0x34f9, 0x73e9, 0x0eb1, 0x2218, 0x0008, 0x0000, 0x0000,
  0x0000, 0x0000, 0x0000, 0x0000, 0x0000, 0x0000, 0x0000, 0x0000, 0x0000, 0x0000, 0x0000, 0x0000,
  0x0000, 0x0000, 0x0000, 0x0000, 0x0000, 0x0000, 0x0000, 0x0000, 0x0000, 0x0000, 0x0000, 0x0000,
  0x0000, 0x0000, 0x0000, 0x0000, 0x0000, 0x0000, 0x0000, 0x0000, 0x0000, 0x0000, 0x2000, 0x0108,
  0xaa80, 0x12d1, 0x54e1, 0x33f9, 0x33f1, 0x54f1, 0xb5f9, 0x55ea, 0x36fa, 0x93f1, 0x54f1, 0x55f1,
  0x53e1, 0x4540, 0x0000, 0x2000, 0x0000, 0x0000, 0x0000, 0x0000, 0x0000, 0x0000, 0x0000, 0x0000,
  0x0000, 0x2000, 0x0008, 0x0000, 0x2000, 0x4000, 0x0008, 0x0108, 0x0108, 0x6108, 0x8210, 0x6210,
  0x8210, 0x4108, 0x2000, 0x0000, 0x0000, 0x0000, 0x2000, 0x4108, 0x2000, 0x4108, 0x6108, 0x6108,
  0x6108, 0x6108, 0x4108, 0x2000, 0x2000, 0x4108, 0x2000, 0x0000, 0x0000, 0x0000, 0x0000, 0x2000,
  0x0210, 0x8b88, 0x33e9, 0x54f9, 0x55f9, 0x54e9, 0x53f1, 0x33f9, 0x53f1, 0x54f1, 0x35f9, 0x14f9,
  0x35f9, 0x34f9, 0x0fc1, 0x0210, 0x2000, 0x0000, 0x0000, 0x0000, 0x0000, 0x0000, 0x0000, 0x0000,
  0x0000, 0x0000, 0x0000, 0x0000, 0x0000, 0x0000, 0x0000, 0x0000, 0x0000, 0x0000, 0x0000, 0x0000,
  0x0000, 0x0000, 0x0000, 0x0000, 0x0000, 0x0000, 0x0000, 0x0000, 0x0000, 0x0000, 0x0000, 0x0000,
  0x0000, 0x0000, 0x0000, 0x0000, 0x0000, 0x0000, 0x2000, 0x4220, 0x6538, 0xcea8, 0x14f9, 0x35f9,
  0x53f1, 0x18f3, 0x1cfe, 0xdcfd, 0xd4f1, 0x35f9, 0x54f1, 0x52e9, 0x6638, 0x0000, 0x2000, 0x0000,
  0x0000, 0x0000, 0x0000, 0x0000, 0x0000, 0x0000, 0x0000, 0x0000, 0x0000, 0x0000, 0x0000, 0x0000,
  0x0000, 0x0000, 0x0000, 0x4108, 0x6108, 0x8210, 0x6210, 0x4108, 0x2000, 0x0000, 0x0000, 0x0000,
  0x0000, 0x0000, 0x0000, 0x0000, 0x2000, 0x4108, 0x8210, 0x8210, 0x8210, 0x6108, 0x6108, 0x6108,
  0x6108, 0x4108, 0x0000, 0x0000, 0x2000, 0x0008, 0x4000, 0x0210, 0xab88, 0x33f1, 0x34f1, 0x55f1,
  0x54f1, 0x54f1, 0x14f9, 0x74f9, 0x34f1, 0x55f1, 0x54f1, 0x35f9, 0x34f1, 0xefc0, 0x0210, 0x2000,
  0x0000, 0x0000, 0x0000, 0x0000, 0x0000, 0x0000, 0x0000, 0x0000, 0x0000, 0x0000, 0x0000, 0x0000,
  0x0000, 0x0000, 0x0000, 0x0000, 0x0000, 0x0000, 0x0000, 0x0000, 0x0000, 0x0000, 0x0000, 0x0000,
  0x0000, 0x0000, 0x0000, 0x0000, 0x0000, 0x0000, 0x0000, 0x0000, 0x0000, 0x0000, 0x0000, 0x2000,
  0x0000, 0x0000, 0x0000, 0x2210, 0xeb88, 0x72d9, 0x54f1, 0x73f1, 0xb7f3, 0x3dff, 0xddfe, 0xb3e1,
  0x55f1, 0x33f1, 0x10e1, 0x4548, 0x0108, 0x0000, 0x2000, 0x0000, 0x0000, 0x0000, 0x0000, 0x0000,
  0x0000, 0x0000, 0x0000, 0x0000, 0x0000, 0x0000, 0x0000, 0x0000, 0x0000, 0x0000, 0x6108, 0x8210,
  0x8210, 0x6108, 0x2000, 0x2000, 0x0000, 0x0000, 0x0000, 0x0000, 0x0000, 0x2000, 0x0000, 0x0000,
  0x2000, 0x4108, 0x6108, 0x8210, 0x6108, 0x6108, 0x8210, 0x6108, 0x4108, 0x0000, 0x0000, 0x0000,
  0x0008, 0x0000, 0x0110, 0xca88, 0x74f1, 0x55f1, 0x15f1, 0x54f9, 0x54f1, 0x35f9, 0x74f9, 0x33f1,
  0x54e9, 0x54f9, 0x34f9, 0x34f1, 0x0fc1, 0x0210, 0x0000, 0x0000, 0x0000, 0x0000, 0x0000, 0x0000,
  0x0000, 0x0000, 0x0000, 0x0000, 0x0000, 0x0000, 0x0000, 0x0000, 0x0000, 0x0000, 0x0000, 0x0000,
  0x0000, 0x0000, 0x0000, 0x0000, 0x0000, 0x0000, 0x0000, 0x0000, 0x0000, 0x0000, 0x0000, 0x0000,
  0x0000, 0x0000, 0x0000, 0x0000, 0x0000, 0x0000, 0x2000, 0x0000, 0x0008, 0x0000, 0x0000, 0x2430,
  0x6748, 0xaa88, 0x33f1, 0xf5f1, 0x38fb, 0x55e3, 0x6758, 0x4758, 0x6750, 0x6650, 0x4108, 0x0000,
  0x0000, 0x0000, 0x0000, 0x0000, 0x0000, 0x0000, 0x0000, 0x0000, 0x0000, 0x0000, 0x0000, 0x0000,
  0x0000, 0x0000, 0x0000, 0x0000, 0x2000, 0x8210, 0x8210, 0x6108, 0x4108, 0x0000, 0x0000, 0x0000,
  0x2000, 0x4108, 0x6108, 0x6108, 0x6108, 0x6108, 0x2000, 0x0000, 0x2000, 0x4108, 0x8210, 0x8210,
  0x8210, 0x8210, 0x4108, 0x2000, 0x0000, 0x0000, 0x0000, 0x0108, 0x2428, 0x4430, 0xcc98, 0x33e9,
  0x35f9, 0x15fa, 0x55fa, 0x15f2, 0x74e9, 0x53e1, 0x53f9, 0x54f9, 0x33f9, 0x53f1, 0x34f1, 0x0fc1,
  0x2208, 0x2000, 0x0000, 0x0000, 0x0000, 0x0000, 0x0000, 0x0000, 0x0000, 0x0000, 0x0000, 0x0000,
  0x0000, 0x0000, 0x0000, 0x0000, 0x0000, 0x0000, 0x0000, 0x0000, 0x0000, 0x0000, 0x0000, 0x0000,
  0x0000, 0x0000, 0x0000, 0x0000, 0x0000, 0x0000, 0x0000, 0x0000, 0x0000, 0x0000, 0x0000, 0x0000,
  0x0000, 0x0000, 0x0000, 0x0000, 0x0000, 0x0000, 0x0000, 0x0100, 0x8658, 0x32e9, 0x34e1, 0xf4e0,
  0x2fb9, 0x4110, 0x0000, 0x2100, 0x0000, 0x2000, 0x0000, 0x0000, 0x0000, 0x0000, 0x0000, 0x0000,
  0x0000, 0x0000, 0x0000, 0x0000, 0x0000, 0x0000, 0x0000, 0x0000, 0x0000, 0x0000, 0x0000, 0x2000,
  0x6108, 0x6108, 0x6108, 0x6108, 0x2000, 0x4108, 0x4108, 0x6108, 0x8210, 0x8210, 0x8210, 0x6108,
  0x8210, 0x4108, 0x2000, 0x0000, 0x2000, 0x4108, 0x6108, 0x6108, 0x4108, 0x2000, 0x0000, 0x0000,
  0x0000, 0x0000, 0x6648, 0x10d9, 0x31d1, 0x33e9, 0x54f1, 0x94f9, 0x5cee, 0x1eff, 0x3bfd, 0xd5f9,
  0x75f9, 0x54f9, 0x34f1, 0x74f1, 0x74e9, 0x34f9, 0xefc0, 0x0110, 0x0000, 0x0000, 0x0000, 0x0000,
  0x0000, 0x0000, 0x0000, 0x0000, 0x0000, 0x0000, 0x0000, 0x0000, 0x0000, 0x0000, 0x0000, 0x0000,
  0x0000, 0x0000, 0x0000, 0x0000, 0x0000, 0x0000, 0x0000, 0x0000, 0x0000, 0x0000, 0x0000, 0x0000,
  0x0000, 0x0000, 0x0000, 0x0000, 0x0000, 0x0000, 0x0000, 0x0000, 0x0000, 0x0000, 0x0000, 0x0000,
  0x0000, 0x0000, 0x0008, 0x2330, 0x6968, 0x8868, 0x8868, 0x6660, 0x4108, 0x0000, 0x2000, 0x0000,
  0x0000, 0x0008, 0x0000, 0x0000, 0x0000, 0x0000, 0x0000, 0x0000, 0x0000, 0x0000, 0x0000, 0x0000,
  0x0000, 0x0000, 0x0000, 0x0000, 0x0000, 0x0000, 0x0000, 0x4108, 0x6108, 0x8210, 0x8210, 0x6108,
  0x6108, 0x6108, 0x6108, 0x6108, 0x6108, 0x6108, 0x6108, 0x6108, 0x6108, 0x6108, 0x2000, 0x0000,
  0x0000, 0x2000, 0x2000, 0x0000, 0x0000, 0x0000, 0x0000, 0x0000, 0x0000, 0x8750, 0x13f1, 0x54f1,
  0x55f1, 0x54e9, 0xb4f9, 0x3df7, 0xfeff, 0xbbfd, 0xd5f1, 0x75f1, 0x54f1, 0x54f1, 0x14f9, 0x54f1,
  0x34f9, 0xefc0, 0x0218, 0x2000, 0x0000, 0x0000, 0x0000, 0x0000, 0x0000, 0x0000, 0x0000, 0x0000,
  0x0000, 0x0000, 0x0000, 0x0000, 0x0000, 0x0000, 0x0000, 0x0000, 0x0000, 0x0000, 0x0000, 0x0000,
  0x0000, 0x0000, 0x0000, 0x0000, 0x0000, 0x0000, 0x0000, 0x0000, 0x0000, 0x0000, 0x0000, 0x0000,
  0x0000, 0x0000, 0x0000, 0x0000, 0x0000, 0x0008, 0x2000, 0x0000, 0x2000, 0x0000, 0x0000, 0x2108,
  0x0008, 0x0000, 0x0010, 0x0008, 0x0000, 0x0000, 0x0008, 0x0000, 0x0000, 0x0000, 0x0000, 0x0000,
  0x0000, 0x0000, 0x0000, 0x0000, 0x0000, 0x0000, 0x0000, 0x0000, 0x0000, 0x0000, 0x0000, 0x0000,
  0x0000, 0x0000, 0x4108, 0x6108, 0x8210, 0x8210, 0x6108, 0x6108, 0x6108, 0x6108, 0x6108, 0x6108,
  0x6108, 0x6108, 0x6108, 0x8210, 0x8210, 0x2000, 0x0000, 0x0000, 0x0000, 0x0000, 0x0000, 0x0000,
  0x0000, 0x0000, 0x0000, 0x0000, 0x4530, 0x6b88, 0xab88, 0xab80, 0xab80, 0x0c99, 0x58ec, 0xf9fc,
  0xf8fb, 0xb5f9, 0x54f1, 0xceb8, 0xab80, 0xab80, 0xcb80, 0xcb88, 0x8868, 0x0108, 0x0000, 0x0000,
  0x0000, 0x0000, 0x0000, 0x0000, 0x0000, 0x0000, 0x0000, 0x0000, 0x0000, 0x0000, 0x0000, 0x0000,
  0x0000, 0x0000, 0x0000, 0x0000, 0x0000, 0x0000, 0x0000, 0x0000, 0x0000, 0x0000, 0x0000, 0x0000,
  0x0000, 0x0000, 0x0000, 0x0000, 0x0000, 0x0000, 0x0000, 0x0000, 0x0000, 0x0000, 0x2000, 0x0000,
  0x0008, 0x0000, 0x0000, 0x4000, 0x0008, 0x0000, 0x0000, 0x0100, 0x0000, 0x0000, 0x0100, 0x4000,
  0x0000, 0x0000, 0x0000, 0x2000, 0x0000, 0x0000, 0x0000, 0x0000, 0x0000, 0x0000, 0x0000, 0x0000,
  0x0000, 0x0000, 0x0000, 0x0000, 0x0000, 0x0000, 0x0000, 0x0000, 0x0000, 0x0000, 0x2000, 0x6108,
  0x8210, 0x8210, 0x8210, 0x6108, 0x4108, 0x2000, 0x0000, 0x0000, 0x2000, 0x6108, 0x6108, 0x8210,
  0x4108, 0x0000, 0x0000, 0x0000, 0x0000, 0x0000, 0x0000, 0x0000, 0x0000, 0x0000, 0x2000, 0x4108,
  0x0108, 0x2008, 0x2108, 0x0208, 0x4310, 0x33d9, 0xb4f1, 0x93e9, 0x35f9, 0x53f1, 0xaa80, 0x0108,
  0x2008, 0x0008, 0x0108, 0x0108, 0x2000, 0x2000, 0x0000, 0x0000, 0x0000, 0x0000, 0x0000, 0x0000,
  0x0000, 0x0000, 0x0000, 0x0000, 0x0000, 0x0000, 0x0000, 0x0000, 0x0000, 0x0000, 0x0000, 0x0000,
  0x0000, 0x0000, 0x0000, 0x0000, 0x0000, 0x0000, 0x0000, 0x0000, 0x0000, 0x0000, 0x0000, 0x0000,
  0x0000, 0x0000, 0x0000, 0x0000, 0x0000, 0x0000, 0x0000, 0x0000, 0x0000, 0x0000, 0x0000, 0x0000,
  0x0000, 0x0000, 0x0000, 0x0000, 0x0000, 0x0000, 0x0000, 0x0000, 0x0000, 0x0000, 0x0000, 0x0000,
  0x0000, 0x0000, 0x0000, 0x0000, 0x0000, 0x0000, 0x0000, 0x0000, 0x0000, 0x0000, 0x0000, 0x0000,
  0x0000, 0x0000, 0x0000, 0x0000, 0x0000, 0x0000, 0x2000, 0x2000, 0x4108, 0x4108, 0x2000, 0x0000,
  0x0000, 0x0000, 0x0000, 0x0000, 0x6108, 0x8210, 0x6108, 0x4108, 0x0000, 0x0000, 0x0000, 0x0000,
  0x0000, 0x0000, 0x0000, 0x0000, 0x0000, 0x0000, 0x0000, 0x0000, 0x0000, 0x0000, 0x0008, 0x2010,
  0xf1d8, 0x13f9, 0x54f1, 0x55f1, 0x54f9, 0x8980, 0x0000, 0x0000, 0x0000, 0x0000, 0x0000, 0x2000,
  0x0000, 0x0000, 0x0000, 0x0000, 0x0000, 0x0000, 0x0000, 0x0000, 0x0000, 0x0000, 0x0000, 0x0000,
  0x0000, 0x0000, 0x0000, 0x0000, 0x0000, 0x0000, 0x0000, 0x0000, 0x0000, 0x0000, 0x0000, 0x0000,
  0x0000, 0x0000, 0x0000, 0x0000, 0x0000, 0x0000, 0x0000, 0x0000, 0x0000, 0x0000, 0x0000, 0x0000,
  0x0000, 0x0000, 0x0000, 0x0000, 0x0000, 0x0000, 0x0000, 0x0000, 0x0000, 0x0000, 0x0000, 0x0000,
  0x0000, 0x0000, 0x0000, 0x0000, 0x0000, 0x0000, 0x0000, 0x0000, 0x0000, 0x0000, 0x0000, 0x0000,
  0x0000, 0x0000, 0x0000, 0x0000, 0x0000, 0x0000, 0x0000, 0x0000, 0x0000, 0x0000, 0x0000, 0x0000,
  0x0000, 0x0000, 0x0000, 0x0000, 0x0000, 0x0000, 0x0000, 0x0000, 0x0000, 0x2000, 0x4108, 0x6108,
  0x6108, 0x6108, 0x2000, 0x0000, 0x0000, 0x0000, 0x0000, 0x0000, 0x0000, 0x0000, 0x0000, 0x0000,
  0x0000, 0x0000, 0x0000, 0x0000, 0x0000, 0x0008, 0x2110, 0x11c9, 0x73f1, 0x74f1, 0x54f1, 0x54f9,
  0x8978, 0x0000, 0x0000, 0x0000, 0x0000, 0x0000, 0x0000, 0x0000, 0x0000, 0x0000, 0x0000, 0x0000,
  0x0000, 0x0000, 0x0000, 0x0000, 0x0000, 0x0000, 0x0000, 0x0000, 0x0000, 0x0000, 0x0000, 0x0000,
  0x0000, 0x0000, 0x0000, 0x0000, 0x0000, 0x0000, 0x0000, 0x0000, 0x0000, 0x0000, 0x0000, 0x0000,
  0x0000, 0x0000, 0x0000, 0x0000, 0x0000, 0x0000, 0x0000, 0x0000, 0x0000, 0x0000, 0x0000, 0x0000,
  0x0000, 0x0000, 0x0000, 0x0000, 0x0000, 0x0000, 0x0000, 0x0000, 0x0000, 0x0000, 0x0000, 0x0000,
  0x0000, 0x0000, 0x0000, 0x0000, 0x0000, 0x0000, 0x0000, 0x0000, 0x0000, 0x0000, 0x0000, 0x0000,
  0x0000, 0x0000, 0x0000, 0x0000, 0x0000, 0x0000, 0x0000, 0x0000, 0x0000, 0x0000, 0x0000, 0x0000,
  0x0000, 0x0000, 0x0000, 0x2000, 0x4108, 0x6108, 0x8210, 0x6108, 0x4108, 0x0000, 0x0000, 0x0000,
  0x0000, 0x0000, 0x0000, 0x0000, 0x0000, 0x0000, 0x0000, 0x0000, 0x0000, 0x0000, 0x0000, 0x0000,
  0x0000, 0x4110, 0x11d1, 0x54f9, 0x34f9, 0x34f1, 0x74f1, 0xaa78, 0x0100, 0x0000, 0x0000, 0x0000,
  0x0000, 0x0000, 0x0000, 0x0000, 0x0000, 0x0000, 0x0000, 0x0000, 0x0000, 0x0000, 0x0000, 0x0000,
  0x0000, 0x0000, 0x0000, 0x0000, 0x0000, 0x0000, 0x0000, 0x0000, 0x0000, 0x0000, 0x0000, 0x0000,
  0x0000, 0x0000, 0x0000, 0x0000, 0x0000, 0x0000, 0x0000, 0x0000, 0x0000, 0x0000, 0x0000, 0x0000,
  0x0000, 0x0000, 0x0000, 0x0000, 0x0000, 0x0000, 0x0000, 0x0000, 0x0000, 0x0000, 0x0000, 0x0000,
  0x0000, 0x0000, 0x0000, 0x0000, 0x0000, 0x0000, 0x0000, 0x0000, 0x0000, 0x0000, 0x0000, 0x0000,
  0x0000, 0x0000, 0x0000, 0x0000, 0x0000, 0x0000, 0x0000, 0x0000, 0x0000, 0x0000, 0x0000, 0x0000,
  0x0000, 0x0000, 0x0000, 0x0000, 0x0000, 0x0000, 0x0000, 0x0000, 0x0000, 0x2000, 0x6108, 0x6108,
  0x6108, 0x8210, 0x4108, 0x2000, 0x0000, 0x0000, 0x0000, 0x0000, 0x0000, 0x0000, 0x0000, 0x0000,
  0x0000, 0x0000, 0x0000, 0x0000, 0x0000, 0x0000, 0x0000, 0x0000, 0x4108, 0xeea8, 0x10c9, 0xf0c8,
  0x10c9, 0x2fb9, 0x8758, 0x0100, 0x0000, 0x0000, 0x0000, 0x0000, 0x0000, 0x0000, 0x0000, 0x0000,
  0x0000, 0x0000, 0x0000, 0x0000, 0x0000, 0x0000, 0x0000, 0x0000, 0x0000, 0x0000, 0x0000, 0x0000,
  0x0000, 0x0000, 0x0000, 0x0000, 0x0000, 0x0000, 0x0000, 0x0000, 0x0000, 0x0000, 0x0000, 0x0000,
  0x0000, 0x0000, 0x0000, 0x0000, 0x0000, 0x0000, 0x0000, 0x0000, 0x0000, 0x0000, 0x0000, 0x0000,
  0x0000, 0x0000, 0x0000, 0x0000, 0x0000, 0x0000, 0x0000, 0x0000, 0x0000, 0x0000, 0x0000, 0x0000,
  0x0000, 0x0000, 0x0000, 0x0000, 0x0000, 0x0000, 0x0000, 0x0000, 0x0000, 0x0000, 0x0000, 0x0000,
  0x0000, 0x0000, 0x0000, 0x0000, 0x0000, 0x0000, 0x0000, 0x0000, 0x0000, 0x0000, 0x0000, 0x0000,
  0x0000, 0x0000, 0x2000, 0x4108, 0x6108, 0x6108, 0x6108, 0x6108, 0x4108, 0x2000, 0x0000, 0x0000,
  0x0000, 0x0000, 0x0000, 0x0000, 0x0000, 0x0000, 0x0000, 0x0000, 0x0000, 0x0000, 0x0000, 0x0000,
  0x0000, 0x0000, 0x0000, 0x2100, 0x0220, 0x2220, 0x0210, 0x2210, 0x2218, 0x2008, 0x0000, 0x0000,
  0x0000, 0x0000, 0x0000, 0x0000, 0x0000, 0x0000, 0x0000, 0x0000, 0x0000, 0x0000, 0x0000, 0x0000,
  0x0000, 0x0000, 0x0000, 0x0000, 0x0000, 0x0000, 0x0000, 0x0000, 0x0000, 0x0000, 0x0000, 0x0000,
  0x0000, 0x0000, 0x0000, 0x0000, 0x0000, 0x0000, 0x0000, 0x0000, 0x0000, 0x0000, 0x0000, 0x0000,
  0x0000, 0x0000, 0x0000, 0x0000, 0x0000, 0x0000, 0x0000, 0x0000, 0x0000, 0x0000, 0x0000, 0x0000,
  0x0000, 0x0000, 0x0000, 0x0000, 0x0000, 0x0000, 0x0000, 0x0000, 0x0000, 0x0000, 0x0000, 0x0000,
  0x0000, 0x0000, 0x0000, 0x0000, 0x0000, 0x0000, 0x0000, 0x0000, 0x2000, 0x4108, 0x4108, 0x4108,
  0x4108, 0x2000, 0x0000, 0x0000, 0x0000, 0x0000, 0x2000, 0x0000, 0x0000, 0x0000, 0x2000, 0x6108,
  0x8210, 0x8210, 0x6108, 0x2000, 0x0000, 0x0000, 0x0000, 0x0000, 0x0000, 0x0000, 0x0000, 0x0000,
  0x0000, 0x0000, 0x0000, 0x0000, 0x0000, 0x0000, 0x0000, 0x0000, 0x0000, 0x0000, 0x0000, 0x2000,
  0x2000, 0x0000, 0x0000, 0x0000, 0x2000, 0x2000, 0x0000, 0x0000, 0x0000, 0x0000, 0x0000, 0x0000,
  0x0000, 0x0000, 0x0000, 0x0000, 0x0000, 0x0000, 0x0000, 0x0000, 0x0000, 0x0000, 0x0000, 0x0000,
  0x0000, 0x0000, 0x0000, 0x0000, 0x0000, 0x0000, 0x0000, 0x0000, 0x0000, 0x0000, 0x0000, 0x0000,
  0x0000, 0x0000, 0x0000, 0x0000, 0x0000, 0x0000, 0x0000, 0x0000, 0x0000, 0x0000, 0x0000, 0x0000,
  0x0000, 0x0000, 0x0000, 0x0000, 0x0000, 0x0000, 0x0000, 0x0000, 0x0000, 0x0000, 0x0000, 0x0000,
  0x0000, 0x0000, 0x0000, 0x0000, 0x0000, 0x0000, 0x0000, 0x0000, 0x0000, 0x0000, 0x0000, 0x0000,
  0x0000, 0x0000, 0x4108, 0x6108, 0x6108, 0x8210, 0x8210, 0x6108, 0x6108, 0x4108, 0x0000, 0x0000,
  0x0000, 0x0000, 0x0000, 0x0000, 0x0000, 0x0000, 0x2000, 0x4108, 0x4108, 0x0000, 0x0000, 0x0000,
  0x0000, 0x0000, 0x0000, 0x0000, 0x0000, 0x0000, 0x0000, 0x0000, 0x0000, 0x0000, 0x0000, 0x0000,
  0x0000, 0x0000, 0x0000, 0x0000, 0x0000, 0x0000, 0x0000, 0x0000, 0x0000, 0x0000, 0x2000, 0x2000,
  0x0000, 0x0000, 0x0000, 0x0000, 0x0000, 0x0000, 0x0000, 0x0000, 0x0000, 0x0000, 0x0000, 0x0000,
  0x0000, 0x0000, 0x0000, 0x0000, 0x0000, 0x0000, 0x0000, 0x0000, 0x0000, 0x0000, 0x0000, 0x0000,
  0x0000, 0x0000, 0x0000, 0x0000, 0x0000, 0x0000, 0x0000, 0x0000, 0x0000, 0x0000, 0x0000, 0x0000,
  0x0000, 0x0000, 0x0000, 0x0000, 0x0000, 0x0000, 0x0000, 0x0000, 0x0000, 0x0000, 0x0000, 0x0000,
  0x0000, 0x0000, 0x0000, 0x0000, 0x0000, 0x0000, 0x0000, 0x0000, 0x0000, 0x2000, 0x0008, 0x0000,
  0x2000, 0x0100, 0x4430, 0x4640, 0x6640, 0x2108, 0x0000, 0x2100, 0x2108, 0x6108, 0x8210, 0x6108,
  0x6108, 0x6108, 0x8210, 0x8210, 0x6108, 0x4108, 0x0000, 0x0000, 0x0000, 0x0000, 0x0000, 0x0000,
  0x0000, 0x0000, 0x0000, 0x0000, 0x0000, 0x0000, 0x0000, 0x0000, 0x0000, 0x0000, 0x0000, 0x0000,
  0x0000, 0x0000, 0x0000, 0x0000, 0x0000, 0x0000, 0x0000, 0x0000, 0x0000, 0x0000, 0x0000, 0x0000,
  0x0000, 0x0000, 0x0000, 0x0000, 0x0000, 0x0000, 0x0000, 0x0100, 0x2000, 0x0000, 0x2000, 0x0000,
  0x0000, 0x0000, 0x0000, 0x0000, 0x0000, 0x0000, 0x0000, 0x0000, 0x0000, 0x0000, 0x0000, 0x0000,
  0x0000, 0x0000, 0x0000, 0x0000, 0x0000, 0x0000, 0x0000, 0x0000, 0x0000, 0x0000, 0x0000, 0x0000,
  0x0000, 0x0000, 0x0000, 0x0000, 0x0000, 0x0000, 0x0000, 0x0000, 0x0000, 0x0000, 0x0000, 0x0000,
  0x0000, 0x0000, 0x0000, 0x0000, 0x0000, 0x0000, 0x0000, 0x0000, 0x0000, 0x0000, 0x0000, 0x0000,
  0x0000, 0x0000, 0x0000, 0x0000, 0x2000, 0x0008, 0x2000, 0x2000, 0x2110, 0xab90, 0xf1d0, 0x2fb9,
  0x4320, 0x0000, 0x2100, 0x6108, 0x8210, 0x8210, 0x4108, 0x2000, 0x4108, 0x6108, 0x8210, 0x8210,
  0x4108, 0x2000, 0x0000, 0x0000, 0x0000, 0x0000, 0x0000, 0x0000, 0x0000, 0x0000, 0x0000, 0x0000,
  0x0000, 0x0000, 0x0000, 0x0000, 0x0000, 0x0000, 0x0000, 0x0000, 0x0000, 0x0000, 0x0000, 0x0000,
  0x0000, 0x0000, 0x0000, 0x0000, 0x0000, 0x0000, 0x0000, 0x0000, 0x0000, 0x0000, 0x0000, 0x0000,
  0x0000, 0x0000, 0x0000, 0x0000, 0x0000, 0x0000, 0x0000, 0x0000, 0x0000, 0x0000, 0x0000, 0x0000,
  0x0000, 0x0000, 0x0000, 0x0000, 0x0000, 0x0000, 0x0000, 0x0000, 0x0000, 0x0000, 0x0000, 0x0000,
  0x0000, 0x0000, 0x0000, 0x0000, 0x0000, 0x0000, 0x0000, 0x0000, 0x0000, 0x0000, 0x0000, 0x0000,
  0x0000, 0x0000, 0x0000, 0x0000, 0x0000, 0x0000, 0x0000, 0x0000, 0x0000, 0x0000, 0x0000, 0x0000,
  0x0000, 0x0000, 0x0000, 0x0000, 0x0000, 0x0000, 0x0000, 0x0000, 0x0000, 0x0000, 0x0000, 0x2000,
  0x0000, 0x2000, 0x0108, 0x0318, 0xcea8, 0x15f9, 0x11d9, 0x4428, 0x0000, 0x2100, 0x8110, 0x8210,
  0x4108, 0x0000, 0x0000, 0x4108, 0x6108, 0x6108, 0x6108, 0x2000, 0x0000, 0x0000, 0x0000, 0x0000,
  0x0000, 0x0000, 0x0000, 0x0000, 0x0000, 0x0000, 0x0000, 0x0000, 0x0000, 0x0000, 0x0000, 0x0000,
  0x0000, 0x0000, 0x0000, 0x0000, 0x0000, 0x0000, 0x0000, 0x0000, 0x0000, 0x0000, 0x0000, 0x0000,
  0x0000, 0x0000, 0x0000, 0x0000, 0x0000, 0x0000, 0x0000, 0x0000, 0x0000, 0x0000, 0x0008, 0x2000,
  0x0008, 0x0008, 0x0000, 0x2000, 0x0000, 0x0000, 0x0000, 0x0000, 0x0000, 0x0000, 0x0000, 0x0000,
  0x0000, 0x0000, 0x0000, 0x0000, 0x0000, 0x0000, 0x0000, 0x0000, 0x0000, 0x0000, 0x0000, 0x0000,
  0x0000, 0x0000, 0x0000, 0x0000, 0x0000, 0x0000, 0x0000, 0x0000, 0x0000, 0x0000, 0x0000, 0x0000,
  0x0000, 0x0000, 0x0000, 0x0000, 0x0000, 0x0000, 0x0000, 0x0000, 0x0000, 0x0000, 0x0000, 0x0000,
  0x0000, 0x0000, 0x0000, 0x0000, 0x0000, 0x0000, 0x0000, 0x2000, 0x2320, 0x6978, 0xab78, 0x30b9,
  0x54f9, 0xf0d0, 0x2428, 0x0000, 0x2100, 0x6110, 0x6108, 0x4108, 0x0000, 0x2000, 0x6108, 0x8210,
  0x6108, 0x4108, 0x0000, 0x0000, 0x2000, 0x0000, 0x0000, 0x0000, 0x0000, 0x0000, 0x0000, 0x0000,
  0x0000, 0x0000, 0x0000, 0x0000, 0x0000, 0x0000, 0x0000, 0x0000, 0x0000, 0x0000, 0x0000, 0x0000,
  0x0000, 0x0000, 0x0000, 0x0000, 0x0000, 0x0000, 0x0000, 0x0000, 0x0000, 0x0000, 0x0000, 0x0000,
  0x0000, 0x0000, 0x0000, 0x0000, 0x0000, 0x0100, 0x0108, 0x0108, 0x2000, 0x0000, 0x0000, 0x0000,
  0x0000, 0x0000, 0x0000, 0x0000, 0x0000, 0x0000, 0x0000, 0x0000, 0x0000, 0x0000, 0x0000, 0x0000,
  0x0000, 0x0000, 0x0000, 0x0000, 0x0000, 0x0000, 0x0000, 0x0000, 0x0000, 0x0000, 0x0000, 0x0000,
  0x0000, 0x0000, 0x0000, 0x0000, 0x0000, 0x0000, 0x0000, 0x0000, 0x0000, 0x0000, 0x0000, 0x0000,
  0x0000, 0x0000, 0x0000, 0x0000, 0x0000, 0x0000, 0x0000, 0x0000, 0x0000, 0x0000, 0x0000, 0x0000,
  0x0000, 0x0000, 0x0000, 0x6758, 0x12e9, 0x53f1, 0x53e1, 0x54f9, 0x30d1, 0x2330, 0x0000, 0x6100,
  0x6110, 0x8210, 0x6108, 0x4108, 0x6108, 0x8210, 0x6108, 0x2000, 0x0000, 0x0000, 0x4108, 0x6108,
  0x2000, 0x0000, 0x0000, 0x0000, 0x0000, 0x0000, 0x0000, 0x0000, 0x0000, 0x0000, 0x0000, 0x0000,
  0x0000, 0x0000, 0x0000, 0x0000, 0x0000, 0x0000, 0x0000, 0x0000, 0x0000, 0x0000, 0x0000, 0x0000,
  0x0000, 0x0000, 0x0000, 0x0000, 0x0000, 0x0000, 0x0000, 0x0000, 0x0000, 0x0000, 0x0000, 0x2218,
  0x8860, 0x8a80, 0x4760, 0x2100, 0x0000, 0x0000, 0x0000, 0x0000, 0x0000, 0x0000, 0x0000, 0x0000,
  0x0000, 0x0000, 0x0000, 0x0000, 0x0000, 0x0000, 0x0000, 0x0000, 0x0000, 0x0000, 0x0000, 0x0000,
  0x0000, 0x0000, 0x0000, 0x0000, 0x0000, 0x0000, 0x0000, 0x0000, 0x0000, 0x0000, 0x0000, 0x0000,
  0x0000, 0x0000, 0x0000, 0x0000, 0x0000, 0x0000, 0x0000, 0x0000, 0x0000, 0x0000, 0x0000, 0x0000,
  0x0000, 0x0000, 0x0000, 0x0000, 0x0000, 0x0000, 0x0000, 0x0000, 0x0008, 0x0000, 0x6750, 0x54f1,
  0x34f9, 0x54f1, 0x14f9, 0x50d1, 0x4320, 0x0000, 0x2108, 0x6110, 0x6108, 0x6108, 0x6108, 0x6108,
  0x6108, 0x2000, 0x0000, 0x0000, 0x4108, 0x8210, 0x8210, 0x4108, 0x0000, 0x0000, 0x0000, 0x0000,
  0x0000, 0x0000, 0x0000, 0x0000, 0x0000, 0x0000, 0x0000, 0x0000, 0x0000, 0x0000, 0x0000, 0x0000,
  0x0000, 0x0000, 0x0000, 0x0000, 0x0000, 0x0000, 0x0000, 0x0000, 0x0000, 0x0000, 0x0000, 0x0000,
  0x0000, 0x0000, 0x0000, 0x0000, 0x0000, 0x0000, 0x4428, 0x0fc1, 0x73f1, 0xcda0, 0x0108, 0x0008,
  0x0000, 0x0000, 0x0000, 0x0000, 0x0000, 0x0000, 0x0000, 0x0000, 0x0000, 0x0000, 0x0000, 0x0000,
  0x0000, 0x0000, 0x0000, 0x0000, 0x0000, 0x0000, 0x0000, 0x0000, 0x0000, 0x0000, 0x0000, 0x0000,
  0x0000, 0x0000, 0x0000, 0x0000, 0x0000, 0x0000, 0x0000, 0x0000, 0x0000, 0x0000, 0x0000, 0x0000,
  0x0000, 0x0000, 0x0000, 0x0000, 0x0000, 0x0000, 0x0000, 0x0000, 0x0000, 0x0000, 0x0000, 0x0000,
  0x0000, 0x0000, 0x0000, 0x0000, 0x0000, 0x8650, 0x53e9, 0x53f1, 0x54f1, 0x34f1, 0x50c9, 0x6428,
  0x0000, 0x0000, 0x4010, 0x6208, 0x6108, 0x8208, 0x6108, 0x2000, 0x0000, 0x2000, 0x4108, 0x6108,
  0x8210, 0x8210, 0x2000, 0x0000, 0x0000, 0x2000, 0x0000, 0x0000, 0x0000, 0x0000, 0x0000, 0x0000,
  0x2000, 0x0000, 0x0000, 0x0000, 0x0000, 0x0000, 0x0000, 0x0000, 0x0000, 0x0000, 0x0000, 0x0000,
  0x0000, 0x0000, 0x0000, 0x0000, 0x0000, 0x0000, 0x0000, 0x0008, 0x2000, 0x2008, 0x2000, 0x2218,
  0x4320, 0x4640, 0xf1c8, 0x54f9, 0xceb0, 0x0000, 0x0008, 0x2000, 0x0000, 0x0000, 0x0000, 0x0000,
  0x0000, 0x0000, 0x0000, 0x0000, 0x0000, 0x0000, 0x0000, 0x0000, 0x0000, 0x0000, 0x0000, 0x0000,
  0x0000, 0x0000, 0x0000, 0x0000, 0x0000, 0x0000, 0x0000, 0x0000, 0x0000, 0x0000, 0x0000, 0x0000,
  0x0000, 0x0000, 0x0000, 0x0000, 0x0000, 0x0000, 0x0000, 0x0000, 0x0000, 0x0000, 0x0000, 0x0000,
  0x0000, 0x0000, 0x0000, 0x0000, 0x0000, 0x0000, 0x0000, 0x2000, 0x4108, 0x2000, 0x0000, 0x0000,
  0x6650, 0x53e9, 0x54f1, 0x74f1, 0x95f1, 0x92d9, 0xa538, 0x4108, 0x0108, 0x4000, 0x6208, 0x8208,
  0x8208, 0x6108, 0x4108, 0x4108, 0x6108, 0x6108, 0x8210, 0x6108, 0x6108, 0x2000, 0x0000, 0x0000,
  0x2000, 0x4100, 0x8100, 0x2000, 0x0000, 0x0000, 0x0008, 0x2000, 0x0000, 0x0000, 0x2000, 0x0000,
  0x0000, 0x0000, 0x0000, 0x0000, 0x0000, 0x0000, 0x0000, 0x0000, 0x0000, 0x0000, 0x0000, 0x0000,
  0x0000, 0x0000, 0x0000, 0x2000, 0x0000, 0x2100, 0x8a88, 0x11d1, 0x11d1, 0x33e9, 0x33f9, 0xeea8,
  0x4000, 0x0010, 0x0000, 0x0000, 0x0000, 0x0000, 0x0000, 0x0000, 0x0000, 0x0000, 0x0000, 0x0000,
  0x0000, 0x0000, 0x0000, 0x0000, 0x0000, 0x0000, 0x0000, 0x0000, 0x0000, 0x0000, 0x0000, 0x0000,
  0x0000, 0x0000, 0x0000, 0x0000, 0x0000, 0x0000, 0x0000, 0x0000, 0x0000, 0x0000, 0x0000, 0x0000,
  0x0000, 0x0000, 0x0000, 0x0000, 0x0000, 0x0000, 0x0000, 0x0000, 0x0000, 0x0000, 0x0000, 0x0000,
  0x0000, 0x2000, 0x6108, 0x8110, 0x6008, 0x4008, 0x0000, 0x6650, 0x74e9, 0x95f1, 0x95f9, 0xb6f9,
  0x92d9, 0xa528, 0x8108, 0x2108, 0x0108, 0x6108, 0x8210, 0x8210, 0x6108, 0x8210, 0x8210, 0x8108,
  0x8210, 0x8210, 0x6108, 0x2000, 0x0000, 0x0000, 0x4000, 0x2208, 0x0438, 0x0328, 0x2428, 0x2520,
  0x4420, 0x0010, 0x0000, 0x0000, 0x0000, 0x2000, 0x0000, 0x0000, 0x0000, 0x0000, 0x0000, 0x0000,
  0x0000, 0x0000, 0x0000, 0x0000, 0x0000, 0x0000, 0x0000, 0x0000, 0x0000, 0x2000, 0x0100, 0x0000,
  0x0108, 0xaea8, 0x56f9, 0x75f1, 0x74f9, 0x54f9, 0x0ea9, 0x0000, 0x0010, 0x0008, 0x0000, 0x0000,
  0x0000, 0x0000, 0x0000, 0x0000, 0x0000, 0x0000, 0x0000, 0x0000, 0x0000, 0x0000, 0x0000, 0x0000,
  0x0000, 0x0000, 0x0000, 0x0000, 0x0000, 0x0000, 0x0000, 0x0000, 0x0000, 0x0000, 0x0000, 0x0000,
  0x0000, 0x0000, 0x0000, 0x0000, 0x0000, 0x0000, 0x0000, 0x0000, 0x0000, 0x0000, 0x0000, 0x0000,
  0x0000, 0x0000, 0x0000, 0x0000, 0x0000, 0x0000, 0x0000, 0x2000, 0x6108, 0x8210, 0x6108, 0x8208,
  0x6108, 0x2100, 0x8650, 0x94f1, 0xb5f9, 0x94f1, 0x95f1, 0x72e1, 0xa538, 0xa108, 0x8210, 0x6210,
  0x2108, 0x4108, 0x6108, 0x8210, 0x8210, 0x8208, 0x8108, 0x6108, 0x6108, 0x2000, 0x0000, 0x0000,
  0x0000, 0x0000, 0x6748, 0x10d9, 0x11e1, 0x31d9, 0x51d1, 0x0fd1, 0x2218, 0x0000, 0x0000, 0x0000,
  0x2000, 0x0000, 0x0000, 0x0000, 0x0000, 0x0000, 0x0000, 0x0000, 0x0000, 0x0000, 0x0000, 0x0000,
  0x0000, 0x0000, 0x0000, 0x0000, 0x0108, 0x0000, 0x0000, 0x0000, 0xcc98, 0x54f9, 0x54f1, 0x34f1,
  0x34f9, 0xefa8, 0x0000, 0x2000, 0x4000, 0x0000, 0x0000, 0x0000, 0x0000, 0x0000, 0x0000, 0x0000,
  0x0000, 0x0000, 0x0000, 0x0000, 0x0000, 0x0000, 0x0000, 0x0000, 0x0000, 0x0000, 0x0000, 0x0000,
  0x0000, 0x0000, 0x0000, 0x0000, 0x0000, 0x0000, 0x0000, 0x0000, 0x0000, 0x0000, 0x0000, 0x0000,
  0x0000, 0x0000, 0x0000, 0x0000, 0x0000, 0x0000, 0x0000, 0x0000, 0x0000, 0x0000, 0x0000, 0x0000,
  0x0000, 0x0000, 0x0000, 0x4108, 0x6108, 0x6208, 0x8208, 0x6210, 0x4108, 0xc758, 0xb4f1, 0xb4f9,
  0xb4f1, 0xb5f1, 0x72d9, 0x8640, 0x8210, 0x6210, 0x8210, 0x4108, 0x2000, 0x2008, 0x6108, 0x4108,
  0x4108, 0x6108, 0x4108, 0x2000, 0x0000, 0x0000, 0x0000, 0x0000, 0x0000, 0x6858, 0x53f1, 0x74f1,
  0x75f1, 0x54f1, 0x12f1, 0x4320, 0x0000, 0x0000, 0x0000, 0x2000, 0x0000, 0x0000, 0x0000, 0x0000,
  0x0000, 0x0000, 0x0000, 0x0000, 0x0000, 0x0000, 0x0000, 0x0000, 0x0000, 0x0000, 0x0000, 0x0000,
  0x0000, 0x0000, 0x0000, 0xcca0, 0x55f9, 0x55f1, 0x55f9, 0x55f9, 0xefa8, 0x0100, 0x2000, 0x0000,
  0x0000, 0x0000, 0x0000, 0x0000, 0x0000, 0x0000, 0x0000, 0x0000, 0x0000, 0x0000, 0x0000, 0x0000,
  0x0000, 0x0000, 0x0000, 0x0000, 0x0000, 0x0000, 0x0000, 0x0000, 0x0000, 0x0000, 0x0000, 0x0000,
  0x0000, 0x0000, 0x0000, 0x0000, 0x0000, 0x0000, 0x0000, 0x0000, 0x0000, 0x0000, 0x0000, 0x0000,
  0x0000, 0x0000, 0x0000, 0x0000, 0x0000, 0x0000, 0x0000, 0x0000, 0x0000, 0x0000, 0x0000, 0x2000,
  0x6108, 0x6208, 0x8210, 0x6208, 0xe758, 0xb4f1, 0x94f1, 0x94e9, 0x54e9, 0x52e1, 0xcb90, 0x0b81,
  0xc850, 0xa210, 0x8110, 0x4008, 0x0000, 0x0000, 0x0000, 0x0000, 0x0000, 0x0000, 0x0000, 0x0000,
  0x0000, 0x0000, 0x0000, 0x0000, 0x4750, 0x53f1, 0x54f1, 0x35f9, 0x14f1, 0x53e9, 0x2328, 0x0000,
  0x0000, 0x0000, 0x2000, 0x0000, 0x0000, 0x0000, 0x0000, 0x0000, 0x0000, 0x0000, 0x0000, 0x0000,
  0x0000, 0x0000, 0x0000, 0x0000, 0x0000, 0x0000, 0x0000, 0x2000, 0x0000, 0x2100, 0xada0, 0x55f9,
  0x34f9, 0x33f9, 0x53f9, 0xeea0, 0x0110, 0x2000, 0x0008, 0x0000, 0x0000, 0x0000, 0x0000, 0x0000,
  0x0000, 0x0000, 0x0000, 0x0000, 0x0000, 0x0000, 0x0000, 0x0000, 0x0000, 0x0000, 0x0000, 0x0000,
  0x0000, 0x0000, 0x0000, 0x0000, 0x0000, 0x0000, 0x0000, 0x0000, 0x0000, 0x0000, 0x0000, 0x0000,
  0x0000, 0x0000, 0x0000, 0x0000, 0x0000, 0x0000, 0x0000, 0x0000, 0x0000, 0x0000, 0x0000, 0x0000,
  0x0000, 0x0000, 0x0000, 0x0000, 0x0000, 0x0000, 0x0000, 0x4108, 0x8108, 0x8108, 0x6208, 0xe860,
  0xb5f1, 0x94f1, 0x34e9, 0x14f1, 0x73e9, 0x52e1, 0x94e9, 0xed98, 0x8218, 0x8110, 0x4108, 0x0000,
  0x0000, 0x0000, 0x0000, 0x0000, 0x0000, 0x0000, 0x0000, 0x0000, 0x0000, 0x0000, 0x2000, 0x6758,
  0x53f9, 0x33f1, 0x55f1, 0x54f1, 0x52e1, 0x2328, 0x0000, 0x0000, 0x0000, 0x2000, 0x0000, 0x0000,
  0x0000, 0x0000, 0x0000, 0x0000, 0x0000, 0x0000, 0x0000, 0x0000, 0x0000, 0x0000, 0x0000, 0x0000,
  0x0000, 0x0008, 0x2000, 0x0008, 0x0000, 0x4650, 0x8a70, 0x8968, 0xaa68, 0x8a70, 0x6750, 0x0000,
  0x2000, 0x2000, 0x0000, 0x0000, 0x0000, 0x0000, 0x0000, 0x0000, 0x0000, 0x0000, 0x0000, 0x0000,
  0x0000, 0x0000, 0x0000, 0x0000, 0x0000, 0x0000, 0x0000, 0x0000, 0x0000, 0x0000, 0x0000, 0x0000,
  0x0000, 0x0000, 0x0000, 0x0000, 0x0000, 0x0000, 0x0000, 0x0000, 0x0000, 0x0000, 0x0000, 0x0000,
  0x0000, 0x0000, 0x0000, 0x0000, 0x0000, 0x0000, 0x0000, 0x0000, 0x0000, 0x0000, 0x0000, 0x0000,
  0x0000, 0x0000, 0x0000, 0x4108, 0x8108, 0x4108, 0xc960, 0xd4f1, 0x95f1, 0x74e9, 0x33f1, 0x54e9,
  0x54e9, 0x34f1, 0xeea0, 0xa418, 0x8218, 0x6210, 0x2108, 0x0008, 0x2000, 0x2000, 0x2100, 0x0000,
  0x0000, 0x0000, 0x0000, 0x0000, 0x0000, 0x0000, 0x4858, 0x34f1, 0x35f9, 0x74f1, 0x33f9, 0x32e1,
  0x4428, 0x2108, 0x2108, 0x0208, 0x0318, 0x4108, 0x2000, 0x2000, 0x0000, 0x0000, 0x2000, 0x0000,
  0x0000, 0x0000, 0x0000, 0x0000, 0x0000, 0x0000, 0x0000, 0x0000, 0x0000, 0x0000, 0x0000, 0x0000,
  0x0000, 0x0000, 0x0000, 0x0000, 0x0000, 0x0000, 0x0000, 0x0000, 0x0000, 0x0000, 0x0000, 0x0000,
  0x0000, 0x0000, 0x0000, 0x0000, 0x0000, 0x0000, 0x0000, 0x0000, 0x0000, 0x0000, 0x0000, 0x0000,
  0x0000, 0x0000, 0x0000, 0x0000, 0x0000, 0x0000, 0x0000, 0x0000, 0x0000, 0x0000, 0x0000, 0x0000,
  0x0000, 0x0000, 0x0000, 0x0000, 0x0000, 0x0000, 0x0000, 0x0000, 0x0000, 0x0000, 0x0000, 0x0000,
  0x0000, 0x0000, 0x0000, 0x0000, 0x0000, 0x0000, 0x0000, 0x0000, 0x0000, 0x0000, 0x2000, 0x6000,
  0x6108, 0xe868, 0x93f1, 0x94f9, 0xb4e9, 0x53e9, 0x54f1, 0x14f1, 0x54e9, 0x72d1, 0x4ea9, 0x4da9,
  0xa750, 0x0000, 0x0000, 0x0008, 0x0008, 0x0000, 0x0000, 0x0000, 0x0000, 0x0000, 0x0000, 0x0000,
  0x0000, 0x6758, 0x74f1, 0x34f9, 0x54f1, 0x54f9, 0x34f1, 0xeeb0, 0xeda0, 0xeda0, 0xcda0, 0xcca0,
  0x8648, 0x0000, 0x0000, 0x0000, 0x0000, 0x0000, 0x0000, 0x0000, 0x0000, 0x0000, 0x0000, 0x0000,
  0x0000, 0x0000, 0x0000, 0x0000, 0x0000, 0x0000, 0x0000, 0x0000, 0x0000, 0x0000, 0x0000, 0x0000,
  0x0000, 0x0000, 0x0000, 0x0000, 0x0000, 0x0000, 0x0000, 0x0000, 0x0000, 0x0000, 0x0000, 0x0000,
  0x0000, 0x0000, 0x0000, 0x0000, 0x0000, 0x0000, 0x0000, 0x0000, 0x0000, 0x0000, 0x0000, 0x0000,
  0x0000, 0x0000, 0x0000, 0x0000, 0x0000, 0x0000, 0x0000, 0x0000, 0x0000, 0x0000, 0x0000, 0x0000,
  0x0000, 0x0000, 0x0000, 0x0000, 0x0000, 0x0000, 0x0000, 0x0000, 0x0000, 0x0000, 0x0000, 0x0000,
  0x0000, 0x0000, 0x0000, 0x0000, 0x0000, 0x0000, 0x0008, 0x2108, 0xe960, 0xb3f1, 0x95f9, 0xd6f9,
  0x94f1, 0x54f1, 0x13f1, 0x54e9, 0xb4f1, 0x94f9, 0xb4e9, 0xc970, 0x0000, 0x2000, 0x2100, 0x2000,
  0x0000, 0x0000, 0x0000, 0x0000, 0x0000, 0x0000, 0x0000, 0x0000, 0x6758, 0x94f1, 0x14f9, 0x54f1,
  0x55f1, 0x35f1, 0x54f9, 0x34f9, 0x34f9, 0x55f9, 0x53f1, 0xaa70, 0x0108, 0x0100, 0x2000, 0x0000,
  0x0000, 0x0000, 0x0000, 0x0000, 0x0000, 0x0000, 0x0000, 0x0000, 0x0000, 0x0000, 0x0000, 0x0000,
  0x0000, 0x0000, 0x0000, 0x0000, 0x0000, 0x0000, 0x0000, 0x0000, 0x0000, 0x0000, 0x0000, 0x0000,
  0x0000, 0x0000, 0x0000, 0x0000, 0x0000, 0x0000, 0x0000, 0x0000, 0x0000, 0x0000, 0x0000, 0x0000,
  0x0000, 0x0000, 0x0000, 0x0000, 0x0000, 0x0000, 0x0000, 0x0000, 0x0000, 0x0000, 0x0000, 0x0000,
  0x0000, 0x0000, 0x0000, 0x0000, 0x0000, 0x0000, 0x0000, 0x0000, 0x0000, 0x0000, 0x0000, 0x0000,
  0x0000, 0x0000, 0x0000, 0x0000, 0x0000, 0x0000, 0x0000, 0x0000, 0x2000, 0x2000, 0x2000, 0x2100,
  0x2100, 0x2108, 0x0100, 0xa740, 0x70c1, 0x91c1, 0x74e9, 0x95f9, 0x95f1, 0x74f1, 0x74f1, 0x95f1,
  0xd6f9, 0x94e9, 0xa970, 0x0010, 0x2000, 0x0100, 0x0000, 0x0000, 0x0000, 0x0000, 0x0000, 0x0000,
  0x0000, 0x0000, 0x0000, 0x2548, 0x0fb9, 0xf0c0, 0x10c1, 0xcfc0, 0xd0d0, 0x73e1, 0x54f1, 0x55f1,
  0x55f1, 0x54e9, 0xcd98, 0x4640, 0x4538, 0x4108, 0x0000, 0x0000, 0x0000, 0x0000, 0x0000, 0x0000,
  0x0000, 0x0000, 0x0000, 0x0000, 0x0000, 0x0000, 0x0000, 0x0000, 0x0000, 0x0000, 0x0000, 0x0000,
  0x0000, 0x0000, 0x0000, 0x0000, 0x0000, 0x0000, 0x0000, 0x0000, 0x0000, 0x0000, 0x0000, 0x0000,
  0x0000, 0x0000, 0x0000, 0x0000, 0x0000, 0x0000, 0x0000, 0x0000, 0x0000, 0x0000, 0x0000, 0x0000,
  0x0000, 0x0000, 0x0000, 0x0000, 0x0000, 0x0000, 0x0000, 0x0000, 0x0000, 0x0000, 0x0000, 0x0000,
  0x0000, 0x0000, 0x0000, 0x0000, 0x0000, 0x0000, 0x0000, 0x0000, 0x0000, 0x0000, 0x0000, 0x0000,
  0x0000, 0x0000, 0x2000, 0x4108, 0x6108, 0x6108, 0x6110, 0x4010, 0x4010, 0x4000, 0x4008, 0x2328,
  0x8530, 0x4fa9, 0xb5f9, 0x75f9, 0xb5f1, 0xb4f1, 0x95f9, 0xb5f1, 0xb4f1, 0xa868, 0x0000, 0x2000,
  0x0108, 0x0008, 0x2000, 0x0000, 0x0000, 0x0000, 0x0000, 0x0000, 0x0000, 0x2000, 0x0008, 0x4318,
  0x2210, 0x4210, 0x2210, 0x6428, 0xf0e0, 0x13f9, 0x34f9, 0x34f9, 0x34f9, 0x13f1, 0x11d9, 0x0eb1,
  0x6430, 0x0000, 0x0000, 0x2000, 0x0008, 0x0000, 0x0000, 0x0000, 0x0000, 0x0000, 0x0000, 0x0000,
  0x0000, 0x0000, 0x0000, 0x0000, 0x0000, 0x0000, 0x0000, 0x0000, 0x0000, 0x0000, 0x0000, 0x0000,
  0x0000, 0x0000, 0x0000, 0x0000, 0x0000, 0x0000, 0x0000, 0x0000, 0x0000, 0x0000, 0x0000, 0x0000,
  0x0000, 0x0000, 0x0000, 0x0000, 0x0000, 0x0000, 0x0000, 0x0000, 0x0000, 0x0000, 0x0000, 0x0000,
  0x0000, 0x0000, 0x0000, 0x0000, 0x0000, 0x0000, 0x0000, 0x0000, 0x0000, 0x0000, 0x0000, 0x0000,
  0x0000, 0x0000, 0x0000, 0x0000, 0x0000, 0x0000, 0x0000, 0x0000, 0x2000, 0x6108, 0x6108, 0x8210,
  0x8210, 0x8210, 0x8108, 0xc108, 0xc108, 0x6100, 0x0008, 0x8210, 0x8ea1, 0xd5f1, 0x95f9, 0xb5f1,
  0xd5f1, 0x95f9, 0x75f1, 0x73e9, 0xa968, 0x0108, 0x2000, 0x0000, 0x0000, 0x0000, 0x0000, 0x0000,
  0x0000, 0x0000, 0x0000, 0x0000, 0x0000, 0x0008, 0x0000, 0x2000, 0x0000, 0x0000, 0x0118, 0x11d9,
  0x54f1, 0x54f1, 0x34f9, 0x33f1, 0x34f9, 0x34f9, 0x11d1, 0x4538, 0x0000, 0x0000, 0x2000, 0x0000,
  0x0000, 0x0000, 0x0000, 0x0000, 0x0000, 0x0000, 0x0000, 0x0000, 0x0000, 0x0000, 0x0000, 0x0000,
  0x0000, 0x0000, 0x0000, 0x0000, 0x0000, 0x0000, 0x0000, 0x0000, 0x0000, 0x0000, 0x0000, 0x0000,
  0x0000, 0x0000, 0x0000, 0x0000, 0x0000, 0x0000, 0x0000, 0x0000, 0x0000, 0x0000, 0x0000, 0x0000,
  0x0000, 0x0000, 0x0000, 0x0000, 0x0000, 0x0000, 0x0000, 0x0000, 0x0000, 0x0000, 0x0000, 0x0000,
  0x0000, 0x0000, 0x0000, 0x0000, 0x0000, 0x0000, 0x0000, 0x0000, 0x0000, 0x0000, 0x0000, 0x0000,
  0x0000, 0x0000, 0x4000, 0x6108, 0x8108, 0x8210, 0x6110, 0x6108, 0x6208, 0x6210, 0x6210, 0x4210,
  0x6208, 0x2108, 0x2110, 0x0da9, 0xb4f9, 0xb5f9, 0xd5f1, 0x94f1, 0x74f9, 0x94f1, 0x53e1, 0xcda8,
  0x6868, 0x8648, 0x2108, 0x0008, 0x0008, 0x0000, 0x0000, 0x0000, 0x0000, 0x0000, 0x0000, 0x0000,
  0x2000, 0x0000, 0x0008, 0x0008, 0x0100, 0x4208, 0x12d1, 0x54f1, 0x54f1, 0x34f9, 0x54f1, 0x54f9,
  0x54f1, 0x31c9, 0x4530, 0x0000, 0x0008, 0x2000, 0x2000, 0x2000, 0x0000, 0x0000, 0x0000, 0x0000,
  0x0000, 0x0000, 0x0000, 0x0000, 0x0000, 0x0000, 0x0000, 0x0000, 0x0000, 0x0000, 0x0000, 0x0000,
  0x0000, 0x0000, 0x0000, 0x0000, 0x0000, 0x0000, 0x0000, 0x0000, 0x0000, 0x0000, 0x0000, 0x0000,
  0x0000, 0x0000, 0x0000, 0x0000, 0x0000, 0x0000, 0x0000, 0x0000, 0x0000, 0x0000, 0x0000, 0x0000,
  0x0000, 0x0000, 0x0000, 0x0000, 0x0000, 0x0000, 0x0000, 0x0000, 0x0000, 0x0000, 0x0000, 0x0000,
  0x0000, 0x2000, 0x2000, 0x0000, 0x0000, 0x0000, 0x0000, 0x0000, 0x0000, 0x4108, 0x6110, 0x6108,
  0x6108, 0x2008, 0x0008, 0x4100, 0x4108, 0x6218, 0x8210, 0xa210, 0x6208, 0x2210, 0xcda0, 0x74f1,
  0xb4f1, 0xb5f9, 0x95f1, 0x74f1, 0x53e9, 0x55e9, 0x34f1, 0x13f1, 0x11c9, 0x4218, 0x0008, 0x2000,
  0x0008, 0x0000, 0x0008, 0x0000, 0x0000, 0x0000, 0x0000, 0x0000, 0x2000, 0x0000, 0x2000, 0x0000,
  0x2110, 0x10d9, 0x53f1, 0x54f1, 0x34f9, 0x54f1, 0x54f1, 0x54f1, 0x11d1, 0x4430, 0x0000, 0x0000,
  0x2000, 0x0000, 0x0000, 0x0100, 0x0000, 0x2000, 0x0000, 0x0100, 0x2000, 0x0000, 0x0000, 0x0000,
  0x0000, 0x0000, 0x0000, 0x0000, 0x0000, 0x0000, 0x0000, 0x0000, 0x0000, 0x0000, 0x0000, 0x0000,
  0x0000, 0x0000, 0x0000, 0x0000, 0x0000, 0x0000, 0x0000, 0x0000, 0x0000, 0x0000, 0x0000, 0x0000,
  0x0000, 0x0000, 0x0000, 0x0000, 0x0000, 0x0000, 0x0000, 0x0000, 0x0000, 0x0000, 0x0000, 0x0000,
  0x0000, 0x0000, 0x0000, 0x0000, 0x0000, 0x0000, 0x0000, 0x2000, 0x4108, 0x4108, 0x0000, 0x0000,
  0x0000, 0x0000, 0x0000, 0x0000, 0x6108, 0x8208, 0x8108, 0x4000, 0x2000, 0x0000, 0x2000, 0x2000,
  0x4108, 0x8210, 0x8208, 0x6210, 0x4218, 0xcca0, 0x52e9, 0x72e1, 0x74f9, 0x74e9, 0x74e9, 0x34f1,
  0x55f9, 0x53f1, 0x53f1, 0x30d1, 0x2330, 0x0010, 0x4100, 0x2000, 0x2000, 0x0008, 0x0000, 0x2000,
  0x0000, 0x0008, 0x0000, 0x0000, 0x0000, 0x2000, 0x0000, 0x0118, 0x11d9, 0x54f1, 0x54f1, 0x34f9,
  0x54f1, 0x54f1, 0x54f9, 0x11d1, 0x4430, 0x0000, 0x0000, 0x2000, 0x0000, 0x0000, 0x0110, 0x0110,
  0x4108, 0x0108, 0x0008, 0x2008, 0x0000, 0x0000, 0x0000, 0x0000, 0x0000, 0x0000, 0x0000, 0x0000,
  0x0000, 0x0000, 0x0000, 0x0000, 0x0000, 0x0000, 0x0000, 0x0000, 0x0000, 0x0000, 0x0000, 0x0000,
  0x0000, 0x0000, 0x0000, 0x0000, 0x0000, 0x0000, 0x0000, 0x0000, 0x0000, 0x0000, 0x0000, 0x0000,
  0x0000, 0x0000, 0x0000, 0x0000, 0x0000, 0x0000, 0x0000, 0x0000, 0x0000, 0x0000, 0x0000, 0x0000,
  0x0000, 0x2000, 0x6108, 0x6108, 0x6108, 0x2008, 0x0008, 0x0000, 0x0000, 0x0000, 0x2108, 0x6110,
  0x6108, 0x6110, 0x2008, 0x2000, 0x0000, 0x0008, 0x0000, 0x2000, 0x6210, 0x6108, 0x6210, 0x4210,
  0x4420, 0x6630, 0x8958, 0x31e1, 0x34f9, 0x54f1, 0x34f1, 0x14f9, 0x34f1, 0x55f1, 0x35f1, 0xefb8,
  0xceb8, 0x8b78, 0x0110, 0x0000, 0x0008, 0x0000, 0x0000, 0x0000, 0x0000, 0x0100, 0x2100, 0x0000,
  0x0000, 0x0000, 0x2210, 0x11d9, 0x54f1, 0x54f1, 0x34f9, 0x54f1, 0x34f1, 0x34f9, 0xf1d0, 0x4430,
  0x0000, 0x0000, 0x0000, 0x0000, 0x6970, 0xeea8, 0x0fa9, 0xefb0, 0xefb8, 0xab78, 0x0108, 0x0000,
  0x0000, 0x0000, 0x0000, 0x0000, 0x0000, 0x0000, 0x0000, 0x0000, 0x0000, 0x0000, 0x0000, 0x0000,
  0x0000, 0x0000, 0x0000, 0x0000, 0x0000, 0x0000, 0x0000, 0x0000, 0x0000, 0x0000, 0x0000, 0x0000,
  0x0000, 0x0000, 0x0000, 0x0000, 0x0000, 0x0000, 0x0000, 0x0000, 0x0000, 0x0000, 0x0000, 0x0000,
  0x0000, 0x0000, 0x0000, 0x0000, 0x0000, 0x0000, 0x0000, 0x0000, 0x2000, 0x6108, 0x8210, 0x8210,
  0x6108, 0x4108, 0x2000, 0x2000, 0x0000, 0x4108, 0x8210, 0x6118, 0x6118, 0x4008, 0x4100, 0x2000,
  0x2000, 0x0000, 0x0000, 0x6108, 0x6108, 0x8208, 0x4108, 0x2108, 0x0100, 0x0320, 0x0fc9, 0x53f1,
  0x33e9, 0x34f9, 0x53f1, 0x93e9, 0x53e9, 0x34f9, 0x53f1, 0x53f9, 0xaea8, 0x0110, 0x0000, 0x0000,
  0x2008, 0x2008, 0x2000, 0x2000, 0x0000, 0x2100, 0x0000, 0x0000, 0x0008, 0x4310, 0x11d9, 0x54f1,
  0x54f1, 0x54f9, 0x54f1, 0x34f1, 0x54f9, 0x11d1, 0x4430, 0x0000, 0x0000, 0x0000, 0x0008, 0xcb98,
  0x73f9, 0x34f9, 0xf3f8, 0x33f1, 0x0da1, 0x2110, 0x0000, 0x0000, 0x0000, 0x0000, 0x0000, 0x0000,
  0x0000, 0x0000, 0x0000, 0x0000, 0x0000, 0x0000, 0x0000, 0x0000, 0x0000, 0x0000, 0x0000, 0x0000,
  0x0000, 0x0000, 0x0000, 0x0000, 0x0000, 0x0000, 0x0000, 0x0000, 0x0000, 0x0000, 0x0000, 0x0000,
  0x0000, 0x0000, 0x0000, 0x0000, 0x0000, 0x0000, 0x0000, 0x0000, 0x0000, 0x0000, 0x0000, 0x0000,
  0x0000, 0x0000, 0x0000, 0x0000, 0x4108, 0x6108, 0x8208, 0x8108, 0x8110, 0x4108, 0x2000, 0x0000,
  0x2208, 0xc530, 0xa538, 0xa428, 0x6108, 0x4108, 0x0008, 0x0000, 0x0000, 0x0000, 0x6108, 0x6110,
  0x8208, 0x6100, 0x2000, 0x0008, 0x0328, 0x30c9, 0x74f1, 0x74e9, 0x54f1, 0x14f1, 0x34f1, 0x35f9,
  0x34f9, 0x53f1, 0x72e1, 0x0fb1, 0x6640, 0x6530, 0x2110, 0x2000, 0x0000, 0x0000, 0x0000, 0x0118,
  0x4430, 0x4428, 0x4430, 0x4438, 0x4640, 0x12e1, 0x34f9, 0x54f1, 0x54f9, 0x54f1, 0x34f1, 0x34f9,
  0x11d1, 0x4430, 0x0000, 0x0000, 0x0000, 0x2108, 0xcc90, 0x53e1, 0x34f1, 0x54f1, 0x55f9, 0xeea8,
  0x2110, 0x0000, 0x0000, 0x0000, 0x0000, 0x0000, 0x0000, 0x0000, 0x0000, 0x0000, 0x0000, 0x0000,
  0x0000, 0x0000, 0x0000, 0x0000, 0x0000, 0x0000, 0x0000, 0x0000, 0x0000, 0x0000, 0x0000, 0x0000,
  0x0000, 0x0000, 0x0000, 0x0000, 0x0000, 0x0000, 0x0000, 0x0000, 0x0000, 0x0000, 0x0000, 0x0000,
  0x0000, 0x0000, 0x0000, 0x0000, 0x0000, 0x0000, 0x0000, 0x0000, 0x0000, 0x0000, 0x0000, 0x2000,
  0x4108, 0x8208, 0x6108, 0x8210, 0x6110, 0x4108, 0x0108, 0x2210, 0x31c9, 0x70c9, 0x2b79, 0x8318,
  0x4110, 0x2010, 0x4000, 0x2000, 0x4000, 0x8110, 0x8110, 0x6110, 0x4108, 0x2000, 0x2008, 0x0320,
  0x30c9, 0x34f1, 0x34f1, 0x34f1, 0x74f1, 0x54f1, 0x55f1, 0x34f1, 0x34f9, 0x53f1, 0x34e9, 0x31d1,
  0x2fc1, 0x2650, 0x2100, 0x0000, 0x2000, 0x0000, 0x4650, 0x51c9, 0x11c9, 0x30c9, 0x31d1, 0xf1d0,
  0x33e9, 0x34f9, 0x34f1, 0x54f9, 0x54f1, 0x34f1, 0x34f9, 0x11d1, 0x4430, 0x0000, 0x0000, 0x0000,
  0x0108, 0xcc98, 0x54f1, 0x54f1, 0x54f1, 0x34f1, 0xcda0, 0x2110, 0x0000, 0x0000, 0x0000, 0x0000,
  0x0000, 0x0000, 0x0000, 0x0000, 0x0000, 0x0000, 0x0000, 0x0000, 0x0000, 0x0000, 0x0000, 0x0000,
  0x0000, 0x0000, 0x0000, 0x0000, 0x0000, 0x0000, 0x0000, 0x0000, 0x0000, 0x0000, 0x0000, 0x0000,
  0x0000, 0x0000, 0x0000, 0x0000, 0x0000, 0x0000, 0x0000, 0x0000, 0x0000, 0x0000, 0x0000, 0x0000,
  0x0000, 0x0000, 0x0000, 0x0000, 0x0000, 0x0000, 0x0000, 0x2000, 0x6108, 0x6210, 0x6310, 0xa108,
  0x8108, 0x4108, 0x4220, 0x53e1, 0x74e9, 0x2d99, 0x8318, 0x8218, 0x4110, 0x4108, 0x6108, 0x6110,
  0x6110, 0x8210, 0x4108, 0x0000, 0x2000, 0x0000, 0x0330, 0x10c9, 0x34f9, 0x34f9, 0x54e9, 0x74f1,
  0x53f1, 0x54f1, 0x14f1, 0x54f9, 0x14f1, 0x54f1, 0x54f1, 0x33f1, 0x4658, 0x2000, 0x0000, 0x0000,
  0x0100, 0x4858, 0x94f1, 0x14f9, 0x34f9, 0x34f9, 0x35f1, 0x53f1, 0x34f9, 0x34f9, 0x34f1, 0x54f1,
  0x54f1, 0x34f1, 0x11d1, 0x4430, 0x0000, 0x0008, 0x0000, 0x0108, 0xcc90, 0x54f1, 0x75f1, 0x34f9,
  0x34f9, 0xcda8, 0x2208, 0x0000, 0x0008, 0x0000, 0x0008, 0x0000, 0x0000, 0x0100, 0x0000, 0x0000,
  0x0000, 0x0000, 0x0000, 0x0000, 0x0000, 0x0000, 0x0000, 0x0000, 0x0000, 0x0000, 0x0000, 0x0000,
  0x0000, 0x0000, 0x0000, 0x0000, 0x0000, 0x0000, 0x0000, 0x0000, 0x0000, 0x0000, 0x0000, 0x0000,
  0x0000, 0x0000, 0x0000, 0x0000, 0x0000, 0x0000, 0x0000, 0x0000, 0x0000, 0x0000, 0x0000, 0x0000,
  0x0000, 0x0000, 0x2000, 0x4100, 0x6210, 0x8210, 0x8218, 0xc850, 0xea70, 0xe980, 0x12f1, 0x54f1,
  0x2d99, 0x8210, 0x6108, 0x6108, 0xa208, 0x6108, 0x8108, 0x8108, 0x6108, 0x4000, 0x0000, 0x2000,
  0x2000, 0x2220, 0xca70, 0xac90, 0xefb8, 0x74f1, 0x35f1, 0x54f1, 0x73f1, 0x93f9, 0xd2f2, 0xf1f2,
  0x92f2, 0x55f9, 0x34f9, 0xcd98, 0x8960, 0x6968, 0xa758, 0xa760, 0x8c98, 0x54f1, 0x34f1, 0x74f1,
  0x74f1, 0x95f9, 0x73f1, 0x34f9, 0x54f9, 0x74f1, 0x54f9, 0x54f9, 0x54f1, 0x31d1, 0x4538, 0x0000,
  0x2000, 0x0000, 0x2108, 0xcc90, 0x13f1, 0x54f1, 0x54f1, 0x54f1, 0x10c9, 0xea70, 0xa960, 0xc960,
  0xa960, 0x8860, 0x4110, 0x2000, 0x0000, 0x0000, 0x0000, 0x0000, 0x0000, 0x0000, 0x0000, 0x0000,
  0x0000, 0x0000, 0x0000, 0x0000, 0x0000, 0x0000, 0x0000, 0x0000, 0x0000, 0x0000, 0x0000, 0x0000,
  0x0000, 0x0000, 0x0000, 0x0000, 0x0000, 0x0000, 0x0000, 0x0000, 0x0000, 0x0000, 0x0000, 0x0000,
  0x0000, 0x0000, 0x0000, 0x0000, 0x0000, 0x0000, 0x0000, 0x0000, 0x2000, 0x6108, 0x6108, 0x8110,
  0xa208, 0x8428, 0x2fa9, 0xd5f1, 0xb4f1, 0xb4e9, 0x53e9, 0xab90, 0x6220, 0xa210, 0x6110, 0x8108,
  0x8208, 0x8208, 0x8108, 0x2000, 0x2000, 0x2000, 0x0008, 0x0000, 0x2000, 0x2100, 0x0208, 0x6868,
  0x13f1, 0x15f9, 0x54f1, 0x54f1, 0xf3f1, 0x90fc, 0xeffc, 0xd0fb, 0x73f9, 0x34f1, 0x55f1, 0x34f1,
  0x35f9, 0x55f1, 0x94f1, 0x53f9, 0x54f9, 0x54f1, 0x54e9, 0x33e9, 0x14f1, 0x54f1, 0x34f1, 0x34f1,
  0x54f9, 0x13f9, 0x54f9, 0x34f1, 0x30c9, 0x4430, 0x2000, 0x0000, 0x0000, 0x0110, 0xcc90, 0x33f9,
  0x74f1, 0x54f1, 0x74f1, 0x54e9, 0x53e9, 0xf4f8, 0x33f9, 0x54f1, 0x11d9, 0x4538, 0x2000, 0x0000,
  0x0000, 0x0000, 0x0000, 0x0000, 0x0000, 0x0000, 0x0000, 0x0000, 0x0000, 0x0000, 0x0000, 0x0000,
  0x0000, 0x0000, 0x0000, 0x0000, 0x0000, 0x0000, 0x0000, 0x0000, 0x0000, 0x0000, 0x0000, 0x0000,
  0x0000, 0x0000, 0x0000, 0x0000, 0x0000, 0x0000, 0x0000, 0x0000, 0x0000, 0x0000, 0x0000, 0x0000,
  0x0000, 0x0000, 0x0000, 0x4108, 0x6108, 0x8108, 0x4008, 0x2200, 0x6318, 0x2ea9, 0xb5f9, 0xb6f9,
  0x95f9, 0x53e9, 0xac98, 0x4328, 0x6310, 0x4210, 0x4110, 0x4108, 0x2108, 0x2008, 0x0000, 0x0000,
  0x0000, 0x0000, 0x0000, 0x2000, 0x0000, 0x0000, 0xa868, 0x53f1, 0x34f1, 0x54f9, 0x35f1, 0xf3f1,
  0xb0fc, 0xeffc, 0xd1fb, 0xf4f1, 0xd4e9, 0x54f1, 0x53f9, 0x73f1, 0x35f9, 0x55f9, 0x55f9, 0x14f1,
  0x54f9, 0x54f9, 0x54f9, 0x54f9, 0x15f9, 0x75f1, 0x34f1, 0x13e9, 0x12e1, 0x93e1, 0x33e9, 0xeec0,
  0x4538, 0x0000, 0x2000, 0x0000, 0x0108, 0xcc88, 0x34f9, 0x53e9, 0x34f9, 0x35f9, 0x54f1, 0x34f9,
  0x34f9, 0x54f1, 0x55f1, 0x33d9, 0x2530, 0x0000, 0x0000, 0x0000, 0x0000, 0x0000, 0x0000, 0x0000,
  0x0000, 0x0000, 0x0000, 0x0000, 0x0000, 0x0000, 0x0000, 0x0000, 0x0000, 0x0000, 0x0000, 0x0000,
  0x0000, 0x0000, 0x0000, 0x0000, 0x0000, 0x0000, 0x0000, 0x0000, 0x0000, 0x0000, 0x0000, 0x0000,
  0x0000, 0x0000, 0x0000, 0x0000, 0x0000, 0x0000, 0x0000, 0x0000, 0x0000, 0x2000, 0x4108, 0x6108,
  0x8108, 0x2008, 0x0100, 0x4218, 0x2ea1, 0xb4f1, 0xb5f9, 0x95f1, 0xb5f1, 0x51c9, 0xcc98, 0xcc90,
  0x4538, 0x0000, 0x0000, 0x0000, 0x0000, 0x2000, 0x0000, 0x0000, 0x0000, 0x0000, 0x0000, 0x0000,
  0x0000, 0x8868, 0x34e9, 0x54f1, 0x34f9, 0x35f1, 0x13ea, 0x90fc, 0xeffc, 0x90f4, 0xb1f3, 0xf1f3,
  0xd1f1, 0x14f9, 0x54f1, 0x54f1, 0x34f9, 0x75f9, 0x54e9, 0x54f9, 0x34f1, 0x54f1, 0x34f1, 0x34f9,
  0x74f1, 0x0fc1, 0x6970, 0x6760, 0xa858, 0x6860, 0x6650, 0x2218, 0x0000, 0x0008, 0x0000, 0x2108,
  0xad90, 0x14f9, 0x53e9, 0x34f9, 0x34f9, 0x33e9, 0x34f9, 0x34f1, 0x54f1, 0x35f9, 0x12e1, 0x2430,
  0x4000, 0x0000, 0x0000, 0x0000, 0x0000, 0x2000, 0x2000, 0x0000, 0x0000, 0x0000, 0x0000, 0x0000,
  0x0000, 0x0000, 0x0000, 0x0000, 0x0000, 0x0000, 0x0000, 0x0000, 0x0000, 0x0000, 0x0000, 0x0000,
  0x0000, 0x0000, 0x0000, 0x0000, 0x0000, 0x0000, 0x0000, 0x0000, 0x0000, 0x0000, 0x0000, 0x0000,
  0x0000, 0x0000, 0x0000, 0x0000, 0x2000, 0x6108, 0x6108, 0x6208, 0x2008, 0x4100, 0x2220, 0xeda0,
  0x94e9, 0x94f9, 0x75f9, 0xb5f1, 0xb4f1, 0x93e9, 0x53f1, 0x8850, 0x2000, 0x0000, 0x0000, 0x0000,
  0x0000, 0x0000, 0x0000, 0x0000, 0x2000, 0x0000, 0x2000, 0x0000, 0x8868, 0x34f1, 0x54f1, 0x34f9,
  0x54f1, 0x12f2, 0x70fc, 0x2ffd, 0x2ff5, 0xf0fc, 0xf0fc, 0x71f2, 0x15f9, 0x54f9, 0x73f1, 0x33f9,
  0x54f9, 0x73f1, 0x54f1, 0x54f1, 0x74f1, 0x54f9, 0x74f1, 0x53f1, 0xeca0, 0x2320, 0x0008, 0x0008,
  0x2008, 0x2108, 0x2000, 0x0008, 0x0000, 0x0000, 0x2100, 0xac90, 0x54f9, 0x74e9, 0x54f1, 0x34f1,
  0x74f1, 0x53f1, 0x55f1, 0x54f1, 0x35f9, 0x12e1, 0x4530, 0x4000, 0x0000, 0x0008, 0x0000, 0x0000,
  0x0000, 0x0000, 0x0000, 0x0000, 0x0000, 0x0000, 0x0000, 0x0000, 0x0000, 0x0000, 0x0000, 0x0000,
  0x0000, 0x0000, 0x0000, 0x0000, 0x0000, 0x0000, 0x0000, 0x0000, 0x0008, 0x0008, 0x0000, 0x0000,
  0x0000, 0x0000, 0x0000, 0x0000, 0x0000, 0x0000, 0x0000, 0x0000, 0x0000, 0x0000, 0x0000, 0x2000,
  0x6108, 0x6108, 0x6110, 0x2000, 0x4100, 0x0120, 0xab98, 0x31d1, 0x33e1, 0xb5f9, 0x94f1, 0x94f9,
  0xb5f1, 0x55f9, 0x8960, 0x4120, 0x2218, 0x4218, 0x4220, 0x0218, 0x2218, 0x2218, 0x2008, 0x0000,
  0x0008, 0x0000, 0x0000, 0xa860, 0x35f1, 0x34f9, 0x55f1, 0x54f1, 0xd2f9, 0xf1fb, 0xb0fc, 0xeef4,
  0x2ffd, 0xd0fc, 0x13f3, 0xb2e9, 0xb2f1, 0x35f9, 0x34f9, 0x53e9, 0x53f1, 0x34f9, 0x55f9, 0x54f1,
  0x33f9, 0x15f9, 0x34f1, 0xcea8, 0x2318, 0x0000, 0x0000, 0x0000, 0x2008, 0x0000, 0x0000, 0x2000,
  0x2000, 0x0110, 0xaa80, 0x11d9, 0xf1e0, 0x34f9, 0x55e9, 0x55f9, 0x33f1, 0x74f9, 0x33f9, 0x74f1,
  0x52d1, 0x4740, 0x0210, 0x2318, 0x2318, 0x2210, 0x2208, 0x2108, 0x0000, 0x0000, 0x0000, 0x0000,
  0x0000, 0x0000, 0x0000, 0x0000, 0x0000, 0x0000, 0x0000, 0x0000, 0x0000, 0x0000, 0x0000, 0x0000,
  0x0000, 0x2108, 0x2110, 0x4218, 0x4218, 0x2218, 0x2108, 0x0008, 0x0000, 0x0000, 0x0000, 0x0000,
  0x0000, 0x0000, 0x0000, 0x0000, 0x0000, 0x0000, 0x2000, 0x6108, 0x6108, 0x6008, 0x6008, 0x2000,
  0x0000, 0x2110, 0x2210, 0x8638, 0x53f1, 0xb5f1, 0xf6e9, 0x95f1, 0x54f9, 0x12e9, 0x52d1, 0x12d9,
  0x12d9, 0x32d9, 0x12d9, 0x32d9, 0x11d1, 0x4648, 0x0000, 0x0000, 0x0000, 0x0000, 0x8868, 0x54e9,
  0x74f1, 0x73f1, 0x55f1, 0x54f1, 0x94f9, 0xb4f1, 0xd2fa, 0xeffc, 0x2ff5, 0x90fc, 0x8efc, 0x2ffc,
  0x34ea, 0x35f9, 0x55f9, 0x35f1, 0x52f1, 0x53f1, 0x54f9, 0x54f9, 0x54e9, 0x54f1, 0xcda8, 0x2220,
  0x0000, 0x4000, 0x0008, 0x0000, 0x0008, 0x0000, 0x4000, 0x2000, 0x2000, 0x2108, 0x2218, 0x4328,
  0x10b9, 0x34f9, 0x14f9, 0x54f9, 0x34f1, 0x54f1, 0x54f9, 0x33f1, 0x12e9, 0x12e9, 0x32e1, 0x13e1,
  0xf3e8, 0x8968, 0x0000, 0x0000, 0x0000, 0x0000, 0x0000, 0x0000, 0x0000, 0x0000, 0x0000, 0x0000,
  0x0000, 0x0000, 0x0000, 0x0000, 0x0000, 0x0000, 0x0000, 0x0218, 0xcda0, 0x12e1, 0xf2e0, 0x12e1,
  0x12e1, 0x8978, 0x0108, 0x4108, 0x6108, 0x4108, 0x2000, 0x0000, 0x0000, 0x0000, 0x2000, 0x0000,
  0x0000, 0x2000, 0x6108, 0x8210, 0x6110, 0x8210, 0x6108, 0x2000, 0x0008, 0x2100, 0x8428, 0x93e1,
  0xb4f1, 0xb5f9, 0x75f1, 0x54f1, 0x53e9, 0x74f1, 0x34f1, 0x33f1, 0x54f1, 0x34f1, 0x54f1, 0x33e9,
  0x6650, 0x0000, 0x0000, 0x0000, 0x0000, 0x6868, 0x54e9, 0x34f1, 0x54f1, 0x35f1, 0x34f1, 0x54f1,
  0x54f1, 0x92fa, 0xf0fc, 0x2ffd, 0x0ffd, 0x2ffd, 0x70f4, 0x33fa, 0x54f1, 0x74f1, 0x35f1, 0x54f1,
  0x34f1, 0x35f1, 0x55f1, 0x53f9, 0x54f1, 0xeda0, 0x4218, 0x0008, 0x2000, 0x0000, 0x0000, 0x0000,
  0x0008, 0x0008, 0x0000, 0x0000, 0x0008, 0x0108, 0x2110, 0xefb8, 0x54f9, 0x54f1, 0x34f9, 0x54f1,
  0x54f1, 0x54f1, 0x54f1, 0x54f1, 0x54f1, 0x54f1, 0x54f1, 0x54f9, 0xaa70, 0x0000, 0x0000, 0x0000,
  0x0000, 0x0000, 0x0000, 0x0000, 0x0000, 0x0000, 0x0000, 0x0000, 0x0000, 0x0000, 0x0000, 0x0000,
  0x0000, 0x0000, 0x2318, 0x0eb1, 0x74f1, 0x54f1, 0x54f1, 0x74f1, 0xca80, 0x0108, 0x6108, 0x6108,
  0x6108, 0x6108, 0x4108, 0x2000, 0x2000, 0x0000, 0x0000, 0x0000, 0x2000, 0x4108, 0x6108, 0x6210,
  0x8210, 0x6208, 0x4108, 0x6108, 0x6108, 0xa428, 0xb4e9, 0x94f1, 0x94f1, 0x54f1, 0x34f1, 0x54f1,
  0x54f1, 0x34f1, 0x34f1, 0x54f9, 0x34f1, 0x34f9, 0x33e9, 0x6750, 0x0000, 0x0000, 0x0000, 0x0000,
  0x6868, 0x54e9, 0x35f9, 0x54f9, 0x35f9, 0x34f9, 0x54f9, 0x54f1, 0x93fa, 0xd0fc, 0x2ff5, 0x0ff5,
  0x10fd, 0x90fc, 0x31fb, 0xd2fa, 0x52f2, 0x54f1, 0x53f1, 0x54f1, 0x55f1, 0x54f1, 0x54f1, 0x35f9,
  0xf0c0, 0xaa70, 0x8868, 0x4430, 0x0000, 0x0000, 0x0000, 0x0000, 0x0008, 0x2000, 0x2000, 0x2000,
  0x2000, 0x4110, 0xefb8, 0x54f1, 0x54f1, 0x34f9, 0x54f9, 0x54f1, 0x34f1, 0x54f1, 0x54f1, 0x55f1,
  0x54f1, 0x54f1, 0x34f9, 0xa970, 0x0000, 0x0000, 0x2000, 0x0000, 0x0000, 0x0000, 0x0000, 0x0000,
  0x0000, 0x0000, 0x0000, 0x0000, 0x0000, 0x0000, 0x0000, 0x0000, 0x0000, 0x2218, 0xeeb0, 0x54f1,
  0x54f1, 0x34f9, 0x34f1, 0xaa80, 0x0108, 0x6108, 0x6108, 0x6108, 0x6108, 0x8210, 0x6108, 0x4108,
  0x4108, 0x0000, 0x0000, 0x0000, 0x2000, 0x6108, 0x8108, 0x6210, 0x8208, 0x6110, 0x8210, 0x8210,
  0xa430, 0x94e1, 0x75f1, 0x74e9, 0x53e9, 0x33e9, 0x34f9, 0x54e9, 0x54f1, 0x54f1, 0x74f1, 0x34f1,
  0x54f1, 0x53e9, 0x6750, 0x0000, 0x0000, 0x0000, 0x0000, 0x6868, 0x54e9, 0x35f9, 0x54f1, 0x34f1,
  0x53f9, 0x53f1, 0x54f1, 0x93fa, 0xeffc, 0x2ffd, 0xeffc, 0xf0fc, 0xf0fc, 0xd0fc, 0xd1fc, 0xb1fb,
  0x74e9, 0x34f1, 0x54f9, 0x73f1, 0x52f1, 0x54f1, 0x15f9, 0x14f1, 0x33e1, 0x32e1, 0x8968, 0x0108,
  0x0000, 0x2000, 0x2000, 0x0000, 0x0008, 0x0000, 0x0000, 0x0000, 0x2110, 0x0fb1, 0x54f9, 0x55f1,
  0x54f1, 0x54f9, 0x54f9, 0x54f1, 0x54f1, 0x54f1, 0x54f1, 0x54f1, 0x54f1, 0x34f9, 0xa970, 0x0000,
  0x0000, 0x0000, 0x0000, 0x0000, 0x0000, 0x0000, 0x0000, 0x0000, 0x0000, 0x0000, 0x0000, 0x0000,
  0x0000, 0x0000, 0x0000, 0x0000, 0x2218, 0xeeb0, 0x54f1, 0x54f1, 0x34f9, 0x54f1, 0xaa80, 0x0108,
  0x8210, 0x6108, 0x6108, 0x6108, 0x8210, 0x8210, 0x6108, 0x8210, 0x4108, 0x4108, 0x2000, 0x0000,
  0x2000, 0x6008, 0x8108, 0xa210, 0x6210, 0x6110, 0x8210, 0x8430, 0x73e1, 0x33f9, 0x54f1, 0x54f9,
  0x54e9, 0x34f9, 0x54e9, 0x34f9, 0x34f1, 0x54f9, 0x34f1, 0x34f9, 0x33e9, 0x6650, 0x0000, 0x0000,
  0x0000, 0x0000, 0x8868, 0x34e9, 0x54f1, 0x53f1, 0x54f1, 0x53f1, 0x53f1, 0x54e9, 0x93f2, 0xd1fc,
  0xf0fc, 0xeefc, 0x2ffd, 0x4ef5, 0x2ef5, 0x2ef5, 0xf0f3, 0x34e9, 0x15f9, 0x35f1, 0x54f1, 0x33f9,
  0x73f1, 0x54e9, 0x54e9, 0x74f9, 0x54f9, 0xaa68, 0x0100, 0x2000, 0x2100, 0x0100, 0x2100, 0x0000,
  0x2000, 0x0000, 0x0008, 0x2118, 0x0fb1, 0x54f9, 0x34f9, 0x74f1, 0x35f9, 0x55f9, 0x54f1, 0x54f1,
  0x54f1, 0x54f1, 0x54f9, 0x54f1, 0x34f9, 0xa970, 0x0000, 0x2000, 0x0000, 0x0000, 0x0000, 0x0000,
  0x0000, 0x0000, 0x0000, 0x0000, 0x0000, 0x0000, 0x0000, 0x0000, 0x0000, 0x0000, 0x0000, 0x2218,
  0xedb0, 0x54f1, 0x54f1, 0x34f9, 0x53f1, 0xaa80, 0x0108, 0x6108, 0x6108, 0x4108, 0x4108, 0x4108,
  0x6108, 0x6108, 0x6108, 0x8210, 0x8210, 0x6108, 0x2000, 0x0000, 0x2000, 0x2008, 0x6208, 0x6108,
  0x4108, 0x6108, 0x4218, 0xa748, 0x8860, 0xcd98, 0x32e9, 0x74e1, 0x34f9, 0x54f1, 0x34f9, 0x34f1,
  0x54f9, 0x34f9, 0x54f9, 0x33e9, 0x6650, 0x0000, 0x0000, 0x0000, 0x2000, 0x8868, 0x34e9, 0x54f9,
  0x53f1, 0x55f1, 0x54f9, 0x54f1, 0x54f1, 0xb2f2, 0xaffc, 0xeffc, 0x0efd, 0x2ffd, 0x0ffd, 0xeffc,
  0x10fd, 0xf1fb, 0x35f1, 0x55f9, 0x55f1, 0x54f1, 0x14f1, 0x33f9, 0x54f9, 0x54f1, 0x33f1, 0x54e9,
  0x10c1, 0xeca0, 0xeda8, 0xcda8, 0xada8, 0xa970, 0x0108, 0x2000, 0x0000, 0x0000, 0x2110, 0xefb8,
  0x54f9, 0x54f1, 0x54f1, 0x34f1, 0x54f1, 0x54f1, 0x54f1, 0x54f1, 0x54f1, 0x54f1, 0x34f1, 0x34f9,
  0xa970, 0x0000, 0x0000, 0x0000, 0x0000, 0x0000, 0x0000, 0x0000, 0x0000, 0x0000, 0x0000, 0x0000,
  0x0000, 0x0000, 0x0000, 0x0000, 0x0000, 0x0000, 0x2218, 0xeeb0, 0x54f1, 0x55f1, 0x54f1, 0x54f1,
  0xca80, 0x0108, 0x6108, 0x8110, 0x6108, 0x2008, 0x0000, 0x4100, 0x6108, 0x6108, 0x8210, 0x8210,
  0x6208, 0x6208, 0x6108, 0x2108, 0x0000, 0x2100, 0x2000, 0x4000, 0x4000, 0x0000, 0x2000, 0x0108,
  0x8968, 0x32e9, 0x75f9, 0x34f1, 0x54f1, 0x54f1, 0x54f1, 0x54f1, 0x54f1, 0x54f1, 0x32e1, 0x6750,
  0x0000, 0x0000, 0x0000, 0x2000, 0x8868, 0x33e9, 0x34f1, 0x53f1, 0x55f1, 0x35f9, 0x54f1, 0x54f1,
  0x92fa, 0xcffc, 0x10fd, 0x10fd, 0xf0fc, 0xf0fc, 0x10fd, 0x10fd, 0xd1fb, 0xf4f0, 0x53f9, 0x53f1,
  0x54e9, 0x35f1, 0x34f9, 0x55f1, 0x54f9, 0x34f9, 0x36f9, 0x55f9, 0x53f9, 0x54f1, 0x54f1, 0x34f9,
  0x0fb9, 0x2110, 0x2000, 0x0000, 0x0000, 0x0110, 0xefb8, 0x54f1, 0x74f1, 0x54f1, 0x54f9, 0x54f1,
  0x54f1, 0x54f1, 0x54f1, 0x54f1, 0x55f1, 0x54f1, 0x54f9, 0xa978, 0x0000, 0x0000, 0x0000, 0x0000,
  0x0000, 0x0000, 0x0000, 0x0000, 0x0000, 0x0000, 0x0000, 0x0000, 0x0000, 0x0000, 0x0000, 0x0000,
  0x0000, 0x0220, 0xeeb0, 0x34f9, 0x35f9, 0x34f1, 0x34f9, 0xca80, 0x0110, 0x2108, 0x6108, 0x8108,
  0x4108, 0x0000, 0x0000, 0x2000, 0x4108, 0x6208, 0x6208, 0x6208, 0x6208, 0x8210, 0x6208, 0x6108,
  0x4108, 0x4000, 0x2000, 0x0000, 0x0000, 0x2000, 0x0008, 0x8658, 0x0fb9, 0xf0c8, 0x32e1, 0x54f9,
  0x54f1, 0x54f1, 0x34f1, 0x54f9, 0x54f1, 0x33e9, 0x8a78, 0x2530, 0x4530, 0x4430, 0x6538, 0xcb78,
  0x34f1, 0x35f1, 0xd3f1, 0x13f2, 0xf4f9, 0x33ea, 0x33fa, 0x11fb, 0xf0fc, 0x10fd, 0x0ffd, 0xeffc,
  0x0ffd, 0x0ffd, 0x0ffd, 0x10fc, 0xf3f1, 0x32f2, 0x94f1, 0x53f1, 0x35f1, 0x54f9, 0x34f1, 0x54f1,
  0x54f1, 0x15f9, 0x35f9, 0x54f9, 0x54f1, 0x54f1, 0x35f9, 0xefc0, 0x6008, 0x0100, 0x4318, 0x6430,
  0x4540, 0x0fc1, 0x53f1, 0x55f1, 0x34f9, 0x34f9, 0x54f1, 0x54f1, 0x34f9, 0x54f9, 0x34f1, 0x54f1,
  0x54f1, 0x54f9, 0xab90, 0x4530, 0x2430, 0x0110, 0x0000, 0x0000, 0x0000, 0x0000, 0x0000, 0x0000,
  0x0000, 0x0000, 0x0000, 0x0000, 0x0000, 0x0000, 0x0000, 0x0000, 0x0218, 0xeb88, 0xf0c8, 0x11c9,
  0x10c1, 0x10c9, 0xa760, 0x0110, 0x2008, 0x4208, 0x8208, 0x8100, 0x2008, 0x0000, 0x2100, 0x6108,
  0x8210, 0x8210, 0x8210, 0x8210, 0x6108, 0x6210, 0x8210, 0x6108, 0x4008, 0x2000, 0x0000, 0x0000,
  0x0008, 0x0000, 0x4210, 0x4428, 0x2438, 0x0eb1, 0x54f9, 0x54f1, 0x54f1, 0x34f1, 0x54f9, 0x54f1,
  0x54f1, 0x52d9, 0x10c9, 0x11c9, 0x11d1, 0x11c1, 0x12d1, 0xf4f8, 0x53f9, 0x12fb, 0x70fc, 0x70fc,
  0x70f4, 0x70fc, 0xb0fc, 0xeffc, 0x10fd, 0x0ffd, 0x0ffd, 0x0ffd, 0x0ffd, 0x10f5, 0xcff4, 0x52fc,
  0x50f4, 0x93fa, 0x54f9, 0x54f1, 0x53f1, 0x54f1, 0x74f1, 0x54f1, 0x35f9, 0x54f1, 0x54f1, 0x53f9,
  0x54f1, 0x54f9, 0x0fb9, 0x4010, 0x0000, 0xaa70, 0x10c9, 0xf1d0, 0x33f1, 0x34f9, 0x54f9, 0x33f1,
  0x54f9, 0x74f1, 0x74e9, 0x54e9, 0x54f1, 0x14f1, 0x34f1, 0x34f1, 0x55f9, 0x32e1, 0x30c9, 0xeeb8,
  0x6540, 0x0000, 0x0000, 0x0000, 0x0000, 0x0000, 0x0000, 0x0000, 0x0000, 0x0000, 0x0000, 0x0000,
  0x0000, 0x0000, 0x0000, 0x2008, 0x4328, 0x2430, 0x4428, 0x4428, 0x4328, 0x2220, 0x0008, 0x0000,
  0x4108, 0x6318, 0x6210, 0x4108, 0x4100, 0x6210, 0x6108, 0x8208, 0x6108, 0x4108, 0x4108, 0x6108,
  0x8210, 0x6108, 0x4108, 0x2000, 0x0000, 0x0000, 0x0000, 0x0000, 0x2100, 0x2100, 0x4100, 0x0000,
  0x2c99, 0x34f1, 0x54f1, 0x55f1, 0x34f1, 0x34f9, 0x54f1, 0x54f1, 0x53f1, 0x53e9, 0x54f1, 0x55f9,
  0x54f1, 0x94e9, 0x74f1, 0x53f1, 0x92f3, 0x2ffd, 0x0efd, 0x0efd, 0x0ffd, 0x0ff5, 0x0ffd, 0x2ffd,
  0x0ffd, 0x0ffd, 0x0ffd, 0x0ffd, 0x2ffd, 0x0efd, 0x2ffd, 0xeef4, 0xb1f2, 0x14f1, 0x55e9, 0x53f1,
  0x54f1, 0x54f1, 0x53f1, 0x35f9, 0x55f9, 0x34f1, 0x53f1, 0x54f1, 0x74f1, 0x0fb9, 0x0118, 0x0108,
  0xeb88, 0x53e9, 0x55f9, 0x74f1, 0x75f1, 0x55f1, 0x73e9, 0x34f1, 0x35f9, 0x34f1, 0x54f9, 0x34f9,
  0x55f9, 0x94f1, 0x75f1, 0x35f9, 0x54f1, 0x54f1, 0x11d1, 0x6640, 0x0000, 0x0000, 0x0000, 0x0000,
  0x0000, 0x0000, 0x0000, 0x0000, 0x0000, 0x0000, 0x0000, 0x0000, 0x0000, 0x0000, 0x0108, 0x0000,
  0x0000, 0x0000, 0x0000, 0x0000, 0x0000, 0x0000, 0x6000, 0x6000, 0x4110, 0x6420, 0xc850, 0xc850,
  0x8640, 0x8210, 0x6108, 0x4008, 0x0000, 0x0000, 0x4008, 0x4108, 0x4108, 0x2000, 0x0000, 0x0000,
  0x0000, 0x0000, 0x0000, 0x0000, 0x0000, 0x0000, 0x0008, 0x0da1, 0x55f9, 0x54f1, 0x55f1, 0x34f1,
  0x54f9, 0x34f1, 0x54f1, 0x55f9, 0x54f1, 0x74f1, 0x33f9, 0x13f1, 0x34f1, 0x34f1, 0x74f1, 0xb2f3,
  0x30ed, 0x0ffd, 0x10fd, 0x10fd, 0x2ff5, 0x0ffd, 0x2ffd, 0x0ffd, 0x0ffd, 0x0ffd, 0x0ffd, 0xeef4,
  0xcefc, 0x10fd, 0x0efd, 0xd0f3, 0x92f2, 0x92ea, 0x93f9, 0x55f1, 0x35f9, 0x33f1, 0x54f9, 0x35f9,
  0x34f9, 0x54f9, 0x35f9, 0x33f1, 0x11c9, 0x2760, 0x6858, 0x0eb9, 0x53e9, 0x55f1, 0x54f1, 0x14f9,
  0x73f9, 0x72fa, 0x92ea, 0x73f2, 0x72f2, 0x73fa, 0x54f1, 0x35f9, 0x54f1, 0x54f1, 0x14f9, 0x34f9,
  0x35f9, 0x12d9, 0x8748, 0x0000, 0x0000, 0x0000, 0x0000, 0x0000, 0x0000, 0x0000, 0x0000, 0x0000,
  0x0000, 0x0000, 0x0000, 0x0000, 0x0000, 0x0100, 0x0000, 0x2000, 0x0000, 0x0000, 0x0000, 0x0000,
  0x2000, 0x0008, 0x0008, 0x2010, 0xc848, 0xb3e1, 0xd3e9, 0x0c99, 0x6218, 0x4108, 0x2000, 0x2000,
  0x2000, 0x0000, 0x2000, 0x0000, 0x0000, 0x0000, 0x0000, 0x0000, 0x0000, 0x0000, 0x0000, 0x2000,
  0x2000, 0x0000, 0xeda0, 0x35f9, 0x54f1, 0x54f1, 0x34f1, 0x54f9, 0x34f1, 0x54f1, 0x35f9, 0x34f1,
  0x54f1, 0x54f1, 0x35f9, 0x55f9, 0x35f9, 0x53f9, 0x71fb, 0x0ff5, 0x0ffd, 0x10fd, 0xeffc, 0x0ffd,
  0x0ffd, 0x0ffd, 0x0ffd, 0x0ffd, 0x0ffd, 0x0ffd, 0x10f5, 0x10fd, 0xf0fc, 0xeffc, 0xeffc, 0xf0fc,
  0xaffc, 0xb3f9, 0x54f1, 0x34f1, 0x53f1, 0x54f1, 0x54f9, 0x34f1, 0x74e9, 0x55f1, 0x33f1, 0x75f9,
  0x52e9, 0x53e9, 0x33f1, 0x55e9, 0x55f1, 0x54f9, 0x33f9, 0x92fa, 0x90fc, 0x0efd, 0xeffc, 0xeef4,
  0x90fc, 0x31f2, 0x53f9, 0x32f9, 0x54f1, 0x54f1, 0x94e9, 0x75f1, 0x12d9, 0x4650, 0x0000, 0x0000,
  0x0000, 0x0000, 0x0000, 0x0000, 0x0000, 0x0000, 0x0000, 0x0000, 0x0000, 0x0000, 0x0000, 0x0000,
  0x0000, 0x0000, 0x0000, 0x0000, 0x0000, 0x2000, 0x0000, 0x0000, 0x0008, 0x2000, 0x4208, 0xc850,
  0xb3e9, 0xd4e9, 0x0da1, 0x6318, 0x2110, 0x0000, 0x0000, 0x0000, 0x0000, 0x0000, 0x0000, 0x0000,
  0x0000, 0x0000, 0x0000, 0x0000, 0x0000, 0x0000, 0x0000, 0x0000, 0x0000, 0x0da1, 0x34f9, 0x54f1,
  0x54f1, 0x34f1, 0x54f9, 0x34f9, 0x54f9, 0x54f1, 0x33f1, 0x54f9, 0x54f1, 0x55f1, 0x75f1, 0x74f1,
  0xb4f1, 0xb1fb, 0x2ffd, 0x0ffd, 0x0ff5, 0x10fd, 0x2ffd, 0xf0fc, 0x0ffd, 0x0ffd, 0xeffc, 0x0ffd,
  0x0ffd, 0x0ff5, 0x0efd, 0x2ef5, 0xf0fc, 0x10fd, 0x0ff5, 0xcffc, 0x13fa, 0x74f1, 0x74f1, 0x93f1,
  0x93f1, 0x74f1, 0x54f9, 0x34f9, 0x35f9, 0x53f1, 0x54e9, 0x54f1, 0x34f1, 0x33f1, 0x74e9, 0x34f1,
  0x54f1, 0x15f9, 0x93f2, 0xeef4, 0x0ff5, 0xcffc, 0x2ffd, 0xb0fc, 0x12ea, 0x15f9, 0x34f9, 0x55f1,
  0x35f9, 0x54f9, 0x34f9, 0x32d9, 0x6648, 0x0000, 0x0000, 0x0000, 0x0000, 0x0000, 0x0000, 0x0000,
  0x0000, 0x0000, 0x0000, 0x0000, 0x0000, 0x0000, 0x0000, 0x0000, 0x0000, 0x0000, 0x0000, 0x0000,
  0x0000, 0x0000, 0x0000, 0x0108, 0x6760, 0xcc98, 0x4fb9, 0xb4e9, 0x94f1, 0x71d1, 0xeda0, 0xac98,
  0x2430, 0x0008, 0x0000, 0x2000, 0x0000, 0x0000, 0x0000, 0x0000, 0x0000, 0x0000, 0x0000, 0x0000,
  0x0000, 0x0000, 0x0000, 0x0000, 0xeea0, 0x54f9, 0x54f1, 0x54f1, 0x54f1, 0x34f9, 0x33f9, 0x54f1,
  0x55f1, 0x53f1, 0x33f9, 0x53f1, 0x54f1, 0x53f2, 0x90fb, 0xb1f3, 0x70fc, 0x0ffd, 0x0ffd, 0x10fd,
  0x0ffd, 0x0efd, 0x0ffd, 0x30f5, 0x0ffd, 0x0ffd, 0x10fd, 0x10fd, 0x30fd, 0x0ffd, 0x0ffd, 0xeffc,
  0x0ff5, 0x2ff5, 0x0ffd, 0xd1fb, 0xb0f3, 0xb0f3, 0xb0f3, 0xb1fb, 0x52f2, 0x54f9, 0x54f1, 0x34f1,
  0x54f1, 0x54f1, 0x34f9, 0x34f9, 0x54f9, 0x73f1, 0x34f9, 0x53f9, 0x34f9, 0x92f2, 0x0ef5, 0x2ff5,
  0xf0fc, 0x10fd, 0xb0f4, 0x53ea, 0x73f1, 0x73f1, 0x34f9, 0x53f1, 0x54f1, 0x35f9, 0x12d9, 0x6548,
  0x0000, 0x0000, 0x0000, 0x0000, 0x0000, 0x0000, 0x0000, 0x0000, 0x0000, 0x0000, 0x0000, 0x0000,
  0x0000, 0x0000, 0x0000, 0x0000, 0x0000, 0x0000, 0x0000, 0x0000, 0x0000, 0x0000, 0x0210, 0xcda8,
  0x33f1, 0x54f1, 0xb5f9, 0x95f9, 0xb5f1, 0x73f9, 0x32e1, 0x6538, 0x2000, 0x0000, 0x0000, 0x0000,
  0x0000, 0x0000, 0x0000, 0x0000, 0x0000, 0x0000, 0x0000, 0x0000, 0x0000, 0x0000, 0x0000, 0xeea0,
  0x55f9, 0x34f9, 0x54f1, 0x54f1, 0x34f9, 0x35f9, 0x35f9, 0x55f1, 0x74f1, 0x35f9, 0x34f9, 0x34f1,
  0xd2f2, 0xcffc, 0xeffc, 0xf1fc, 0x11fd, 0x0ffd, 0x0ffd, 0x0ffd, 0x10fd, 0x0ffd, 0x10f5, 0x0efd,
  0x0ffd, 0x10fd, 0x10fd, 0x0ffd, 0xeffc, 0xf0fc, 0xeffc, 0x30fd, 0x2ffd, 0xeffc, 0xd0fc, 0xeffc,
  0xf0fc, 0xf0fc, 0xf0fc, 0xf2fa, 0x54f1, 0x54f9, 0x34f1, 0x34f9, 0x54f9, 0x54f9, 0x54f9, 0x14f9,
  0x54f1, 0x15f9, 0x33e9, 0x14f1, 0x54f2, 0xf0fc, 0xcffc, 0xcefc, 0xeef4, 0xadfc, 0x13fa, 0x14f9,
  0x16f9, 0x35f9, 0x94f1, 0x54e9, 0x15f9, 0x12d9, 0x6648, 0x0000, 0x2000, 0x0000, 0x0008, 0x0000,
  0x0000, 0x2000, 0x0000, 0x0000, 0x0000, 0x0000, 0x0000, 0x0000, 0x0000, 0x0000, 0x0000, 0x0000,
  0x0000, 0x0000, 0x0000, 0x0000, 0x0000, 0x2108, 0xeeb0, 0x55f1, 0x54e1, 0xb4f1, 0xb5f9, 0xd6e9,
  0x75f9, 0x53e1, 0x6530, 0x4000, 0x0000, 0x0008, 0x0000, 0x0000, 0x0000, 0x0000, 0x0000, 0x0000,
  0x0000, 0x0000, 0x0000, 0x0000, 0x0000, 0x0000, 0xeea0, 0x55f9, 0x34f1, 0x53f1, 0x74f1, 0x34f1,
  0x35f1, 0x14f9, 0x34f9, 0x53f1, 0x35f9, 0x55f1, 0x54f1, 0xf1f2, 0x2ff5, 0x0ffd, 0x0ffd, 0x0ffd,
  0x0ffd, 0xf0fc, 0x0ffd, 0x30fd, 0x51fd, 0x52fd, 0xf0fc, 0xeffc, 0x10fd, 0x2ffd, 0xf0fc, 0xf0fc,
  0x92ed, 0x70f5, 0x2ffd, 0xcffc, 0xd0fc, 0x10fd, 0x2ffd, 0x2ffd, 0x0ff5, 0x30fd, 0x11f3, 0x33f1,
  0x54f9, 0x34f1, 0x34f1, 0x54f9, 0x34f1, 0x35f9, 0x74e9, 0x74f1, 0x35f9, 0xb2f9, 0xd3f1, 0xd3ea,
  0xcffc, 0x0ffd, 0x50f5, 0x72f5, 0xf1fc, 0xd3f9, 0x14f1, 0x35f9, 0x55f1, 0x54f1, 0x34f1, 0x35f9,
  0x32e1, 0x6958, 0x2318, 0x0218, 0x2000, 0x2000, 0x0000, 0x0000, 0x2000, 0x0000, 0x0000, 0x0000,
  0x0000, 0x0000, 0x0000, 0x0000, 0x0000, 0x0000, 0x0000, 0x0000, 0x0000, 0x0000, 0x0000, 0x0000,
  0x2108, 0xcda8, 0x35f1, 0x74e9, 0x73f1, 0x75f9, 0xd6f1, 0x95f1, 0x74e9, 0x4538, 0x0000, 0x0108,
  0x0000, 0x0000, 0x0000, 0x0000, 0x0000, 0x0000, 0x0000, 0x0000, 0x0000, 0x0000, 0x0000, 0x0000,
  0x0000, 0xeea8, 0x54f9, 0x54f1, 0x54f9, 0x55f9, 0x34f1, 0x54f1, 0x54f1, 0x54f9, 0x53f1, 0x54f1,
  0x74f1, 0x54f1, 0xd1fa, 0xeffc, 0x0ffd, 0x0ff5, 0x0ff5, 0x0ffd, 0xf0fc, 0x0ffd, 0xd3fd, 0x5af7,
  0x5aff, 0xd4fd, 0xeffc, 0x0ffd, 0x0ffd, 0x0ffd, 0xd3fd, 0x5bff, 0x3aff, 0xf4fd, 0x0ff5, 0x2ffd,
  0x0ffd, 0x0efd, 0x0ffd, 0x0ff5, 0x0ffd, 0x11f3, 0x54f1, 0x34f1, 0x34f1, 0x54f1, 0x54f9, 0x34f1,
  0x35f9, 0x54f9, 0x33f1, 0x94f1, 0x91fb, 0x51fc, 0x71f4, 0x2dfd, 0x0ff5, 0x35fe, 0x5bf7, 0xfbfe,
  0x96fa, 0x73f1, 0x53f1, 0x34f9, 0x33f9, 0x54f1, 0x55f1, 0x54e9, 0x51d1, 0x30c9, 0xcca0, 0x0218,
  0x0000, 0x0000, 0x0000, 0x0000, 0x0000, 0x0000, 0x0000, 0x0000, 0x0000, 0x0000, 0x0000, 0x0000,
  0x0000, 0x0000, 0x0000, 0x0000, 0x0000, 0x0000, 0x0000, 0x2210, 0xeea8, 0x35f1, 0x54f1, 0x73f1,
  0x74f9, 0xb5f1, 0x74f9, 0x72e1, 0x4540, 0x0008, 0x0108, 0x2000, 0x0000, 0x0000, 0x0000, 0x0000,
  0x0000, 0x0000, 0x0000, 0x0000, 0x0000, 0x0000, 0x0000, 0x0000, 0xeea8, 0x54f9, 0x34f9, 0x34f1,
  0x34f1, 0x34f1, 0x34f1, 0x34f1, 0x54f1, 0x73f1, 0x34f9, 0x54f1, 0x35f1, 0xd2fa, 0xeffc, 0x30fd,
  0x10f5, 0x10fd, 0x2ffd, 0xeffc, 0x0efd, 0xf4fd, 0xbeff, 0xdeff, 0xd5f5, 0xeffc, 0x2ffd, 0x0ffd,
  0x0efd, 0x14f6, 0xffff, 0x9eff, 0x16fe, 0x10f5, 0x2ffd, 0x10fd, 0x0ffd, 0x10fd, 0x0ffd, 0x0ffd,
  0xf2fa, 0x55f1, 0x54f1, 0x54f1, 0x54f9, 0x54f1, 0x54f1, 0x34f1, 0x34f9, 0x34f1, 0xb4f1, 0x30fc,
  0x2ffd, 0x0ff5, 0x0ffd, 0x51ed, 0x77fe, 0xffff, 0x7df7, 0x95f2, 0x34f1, 0x55f1, 0x54f1, 0x34f9,
  0x34f9, 0x34f1, 0x54f9, 0x54f9, 0x55f9, 0xf0c8, 0x0210, 0x2000, 0x0000, 0x0100, 0x2008, 0x0000,
  0x0000, 0x0000, 0x0000, 0x0000, 0x0000, 0x0000, 0x0000, 0x0000, 0x0000, 0x0000, 0x0000, 0x0000,
  0x0000, 0x0000, 0x0108, 0x8968, 0xada0, 0xada0, 0xed98, 0xeda0, 0x2e99, 0x0ca1, 0xcc90, 0x4328,
  0x0008, 0x0100, 0x0000, 0x0000, 0x0000, 0x0000, 0x0000, 0x0000, 0x0000, 0x0000, 0x0000, 0x0000,
  0x0000, 0x0000, 0x0000, 0xeea8, 0x35f9, 0x74f9, 0x72fa, 0xb2f2, 0x13fa, 0x54f9, 0x34f9, 0x35f1,
  0x74f1, 0x54f9, 0x53fa, 0xb2f2, 0xb1f3, 0x10fd, 0x10fd, 0x0ff5, 0x0ffd, 0x0ffd, 0xf0fc, 0x2ffd,
  0xf4fd, 0xbfff, 0xdfff, 0xb5f5, 0xeffc, 0x2ffd, 0x0ffd, 0xeefc, 0xf5fd, 0xffff, 0xbeff, 0x36fe,
  0x10fd, 0xeffc, 0xeffc, 0xeffc, 0x10fd, 0x0ffd, 0x0ffd, 0xf1f2, 0x34f1, 0x54f1, 0x54f1, 0x54f1,
  0x54f1, 0x33f1, 0x54f1, 0xf3f9, 0x92fa, 0xd3f2, 0x90f4, 0x2ffd, 0xeffc, 0xf1fc, 0x30f5, 0x56fe,
  0xdfff, 0x9eff, 0x78f4, 0x98fb, 0x18fb, 0x95e9, 0x55f1, 0xd3f9, 0x91fa, 0x92fa, 0xb3f1, 0x55f1,
  0x10c9, 0x0108, 0x2000, 0x0108, 0x0008, 0x0000, 0x0000, 0x0000, 0x0000, 0x0000, 0x0000, 0x0000,
  0x0000, 0x0000, 0x0000, 0x0000, 0x0000, 0x0000, 0x0000, 0x0000, 0x0000, 0x4000, 0x2010, 0x0110,
  0x2110, 0x4108, 0x0110, 0x2118, 0x2108, 0x0218, 0x2000, 0x0008, 0x0000, 0x0000, 0x0000, 0x0000,
  0x0000, 0x0000, 0x0000, 0x0000, 0x0000, 0x0000, 0x0000, 0x0000, 0x0000, 0x0000, 0xcea8, 0x55f9,
  0x32ea, 0x90fc, 0xeef4, 0x92f3, 0xb3e9, 0x54f1, 0x35f9, 0x34f1, 0xd2e9, 0x50fc, 0x0ffd, 0x0ff5,
  0x11fd, 0x0ffd, 0x10fd, 0x0ffd, 0xeefc, 0xeffc, 0x0ffd, 0xf4fd, 0xbdf7, 0xfef7, 0xf5f5, 0x0ffd,
  0x0ff5, 0xeff4, 0x0ffd, 0x15fe, 0xffff, 0xbdff, 0x55fe, 0x10fd, 0xf0fc, 0xeffc, 0x0ffd, 0x10fd,
  0x0ffd, 0x0ffd, 0x12fb, 0x34f1, 0x53f1, 0x34f1, 0x35f1, 0x34f1, 0x53f1, 0x73f9, 0x91f3, 0xeefc,
  0x8ffc, 0x2ffd, 0x2ffd, 0x2ffd, 0x0ff5, 0xf0fc, 0x96fe, 0xffff, 0xfff7, 0xbeff, 0x9eff, 0xdcfd,
  0x15f2, 0x74f1, 0x32fb, 0xeef4, 0xaff4, 0x72f2, 0x54f1, 0x10d1, 0x0100, 0x4000, 0x0000, 0x0000,
  0x2000, 0x0000, 0x0000, 0x0000, 0x0000, 0x0000, 0x0000, 0x0000, 0x0000, 0x0000, 0x0000, 0x0000,
  0x0000, 0x0000, 0x0000, 0x0000, 0x0000, 0x0000, 0x0000, 0x0000, 0x2000, 0x2000, 0x2000, 0x2000,
  0x0008, 0x2108, 0x2100, 0x0000, 0x0000, 0x2000, 0x0000, 0x2000, 0x0000, 0x2008, 0x0108, 0x6108,
  0x2008, 0x2008, 0x2008, 0x0010, 0x4208, 0xeea0, 0x74f9, 0x33f2, 0x70fc, 0x0ff5, 0xf0f3, 0x33f1,
  0x54f9, 0x54f1, 0x33f9, 0xf3e9, 0x52fc, 0x10fd, 0xeffc, 0xf0ec, 0x2ffd, 0x0ff5, 0x30f5, 0x0efd,
  0xf1fc, 0x10fd, 0xf4fd, 0xbeff, 0xdeff, 0xd4fd, 0x0efd, 0x2ffd, 0x0ffd, 0x0ffd, 0x15fe, 0xffff,
  0xbdff, 0x34f6, 0x2ffd, 0x2eed, 0x4ff5, 0x0ffd, 0xeffc, 0x0ffd, 0x10fd, 0xf1f2, 0x53f1, 0x54f9,
  0x55f9, 0x54e9, 0x14f9, 0x33f9, 0x73f1, 0x91fb, 0xcffc, 0xf1fc, 0xeffc, 0xeefc, 0xeefc, 0x2ff5,
  0x30fd, 0x77f6, 0xdfff, 0xdfff, 0xffff, 0xdfff, 0x1cfe, 0xf5f9, 0x53f1, 0x51f3, 0x2ffd, 0x90fc,
  0x32f2, 0x54f9, 0x11c1, 0x0118, 0x2108, 0x0008, 0x0108, 0x0108, 0x0008, 0x2108, 0x2008, 0x0008,
  0x2000, 0x0000, 0x0000, 0x4000, 0x2000, 0x0000, 0x0000, 0x0000, 0x0000, 0x0000, 0x0000, 0x0000,
  0x0000, 0x0000, 0x0000, 0x0000, 0x0000, 0x0000, 0x2000, 0x2000, 0x2000, 0x0000, 0x0000, 0x0000,
  0x0000, 0x0008, 0x2000, 0x0108, 0x6860, 0x6b90, 0xcb80, 0x6c98, 0xab88, 0xcc80, 0xab88, 0xea80,
  0x4ed2, 0x71fb, 0xd0fb, 0xcffc, 0x0ffd, 0xb0f3, 0x74f1, 0x74f1, 0xb2f2, 0x51fb, 0xb1f3, 0xd0f4,
  0x2efd, 0x2efd, 0x2ff5, 0xeefc, 0xeffc, 0x0ffd, 0x50fd, 0x57f6, 0xb7fe, 0x1af7, 0xdfff, 0xdfff,
  0xd4f5, 0xeffc, 0x2ffd, 0x10fd, 0x0ff5, 0x14f6, 0xdff7, 0xbeff, 0x16fe, 0xf0fc, 0x10fd, 0x10f5,
  0x0efd, 0x0ffd, 0x0ff5, 0x30fd, 0x31fc, 0x52fb, 0x31f3, 0xd3f1, 0x75f1, 0x15f9, 0x35f9, 0x55f1,
  0x52fa, 0xd2f2, 0x52fb, 0xb0f4, 0x30f5, 0xf0fc, 0x2ff5, 0x0ffd, 0x77f6, 0xdeff, 0xdfff, 0xffff,
  0xdeff, 0xbbfe, 0xf3f3, 0x91f3, 0x50f4, 0x2ffd, 0xb0fc, 0x71f2, 0x73f9, 0x13e1, 0xaa90, 0xcc80,
  0xab80, 0xcb80, 0xcb88, 0xac88, 0xcc88, 0x6860, 0x0210, 0x2000, 0x0000, 0x0008, 0x0000, 0x0000,
  0x0000, 0x0000, 0x0000, 0x0000, 0x0000, 0x0000, 0x0000, 0x0000, 0x0000, 0x0000, 0x0000, 0x0000,
  0x0000, 0x0000, 0x2000, 0x0000, 0x0008, 0x2000, 0x2000, 0x2000, 0x0000, 0x2000, 0x2218, 0xeda0,
  0x33f9, 0x74e9, 0x54f9, 0x33f1, 0x54f1, 0x35f9, 0x72e9, 0x91fb, 0x0ffd, 0xeffc, 0x0ffd, 0x4ef5,
  0xd0f3, 0x54f1, 0x94f9, 0xf1fb, 0x0ffd, 0x10fd, 0x2ffd, 0x0ff5, 0x0ff5, 0x10fd, 0xeffc, 0xeffc,
  0xeffc, 0x71f5, 0x9dff, 0xfeff, 0xffff, 0xffff, 0xdfff, 0xd4f5, 0xeffc, 0x10fd, 0x10fd, 0xeffc,
  0xd5fd, 0xdfff, 0xbeff, 0x36fe, 0xeffc, 0xeefc, 0x10fd, 0x0ffd, 0x0ffd, 0x0ff5, 0x30fd, 0xeffc,
  0xf0fc, 0x70fc, 0x13fa, 0x35f9, 0x13f1, 0x34f9, 0x34f1, 0x34f9, 0x54f1, 0xd2f1, 0x30fc, 0x30f5,
  0xf0fc, 0x0ef5, 0xf0fc, 0x97f6, 0xfeff, 0xffff, 0xffff, 0xfef7, 0x3bf7, 0x51f5, 0xf0fc, 0x10fd,
  0x2ffd, 0xb0fc, 0x73f2, 0x33f1, 0x16f9, 0x34f1, 0x55f1, 0x53f1, 0x74f9, 0x53f1, 0x34f9, 0x54f1,
  0xeeb0, 0x2420, 0x2000, 0x0008, 0x2000, 0x0100, 0x0000, 0x0000, 0x0000, 0x0000, 0x0000, 0x0000,
  0x0000, 0x0000, 0x0000, 0x0000, 0x0000, 0x0000, 0x0000, 0x0000, 0x0008, 0x0000, 0x0008, 0x0008,
  0x0108, 0x0328, 0x2328, 0x4320, 0x0228, 0x4540, 0xceb0, 0x34f9, 0x75f1, 0x74f1, 0x33f9, 0x34f9,
  0x55f1, 0x74e9, 0xb2fb, 0x2ff5, 0xf0fc, 0x8ffc, 0xaff4, 0xb2f3, 0xf3f1, 0xf2f1, 0x10f4, 0x0ff5,
  0x0ff5, 0x0ffd, 0xf0fc, 0x30f5, 0x0ffd, 0x10f5, 0x0ffd, 0xeffc, 0x51f5, 0x9eff, 0xffff, 0xdfff,
  0xffff, 0xdfff, 0xd4f5, 0xeefc, 0x0ffd, 0x0ffd, 0xeffc, 0xf4fd, 0xdfff, 0x9dff, 0x76f6, 0x71f5,
  0x30f5, 0x2ffd, 0xeff4, 0x10fd, 0xeffc, 0x0ffd, 0x0efd, 0x0ffd, 0x71fc, 0xb2fa, 0xf3f1, 0xd2f1,
  0x54f9, 0x55f1, 0x94f9, 0xf3f1, 0x31f2, 0x10fc, 0xeffc, 0xf0fc, 0x72fd, 0x52fd, 0xb8f6, 0xdef7,
  0xdfff, 0xffff, 0xffff, 0x5bff, 0x71fd, 0x0ffd, 0xf0fc, 0xeefc, 0xaff4, 0xd3f2, 0xf3e9, 0xd4f1,
  0xb3f9, 0xb2f1, 0x92f1, 0x55f9, 0x55f1, 0x54f1, 0x53f1, 0x0fc1, 0x4640, 0x4320, 0x0228, 0x6318,
  0x4428, 0x0110, 0x0000, 0x2000, 0x0000, 0x0000, 0x0000, 0x0000, 0x0000, 0x0000, 0x0000, 0x0000,
  0x0000, 0x0000, 0x0000, 0x0100, 0x0100, 0x0000, 0x2000, 0x6428, 0x2eb1, 0x31d1, 0x51d1, 0x10d1,
  0x51d9, 0x53e9, 0x34f1, 0x34e9, 0x54e9, 0x54f1, 0x33f9, 0x34f9, 0x33f9, 0xb2fb, 0x2ef5, 0x51f4,
  0x53fa, 0xd2f1, 0xf0ea, 0xb0fc, 0x91fc, 0xf0fc, 0x2ffd, 0x0ffd, 0x0ffd, 0xf0fc, 0x10fd, 0xeffc,
  0xf0fc, 0x0ffd, 0xeffc, 0x51fd, 0xbeff, 0xfeff, 0xffff, 0xffff, 0xdeff, 0xd4f5, 0xeefc, 0x0ff5,
  0xeffc, 0xeffc, 0x14fe, 0xffff, 0xffff, 0xbdff, 0x7cff, 0x5cff, 0x6ffd, 0xf0f4, 0xf0fc, 0xeffc,
  0xeffc, 0xeffc, 0xeffc, 0x0ffd, 0x8ffc, 0x50f4, 0x91fb, 0x53f1, 0x73f1, 0x11fb, 0x70fc, 0x90f4,
  0xf0fc, 0x0ffd, 0xb3fd, 0x3cf7, 0x5bff, 0xbdff, 0xffff, 0xffff, 0xdfff, 0xbfff, 0xfbfe, 0x51fd,
  0x0ffd, 0x10fd, 0xf0fc, 0x2ffd, 0xb0fc, 0x71fc, 0x90f4, 0xcffc, 0xb0fc, 0xd3fa, 0x33f9, 0x33f1,
  0x75f9, 0x34f1, 0x34f1, 0x31d1, 0x31d9, 0x10e1, 0x51c9, 0x2eb1, 0x4540, 0x0008, 0x2000, 0x0000,
  0x0000, 0x0000, 0x0000, 0x0000, 0x0000, 0x0000, 0x0000, 0x0000, 0x0000, 0x0000, 0x0000, 0x2100,
  0x0108, 0x2000, 0x2430, 0xf0d0, 0x14f9, 0x55f9, 0x34f1, 0x34f1, 0x35f1, 0x34f1, 0x74f1, 0x14f9,
  0x55f1, 0x74f1, 0x73e9, 0x53f1, 0xf2f3, 0x2df5, 0x50fc, 0xd2f1, 0x14f9, 0x52fa, 0x0ff5, 0x0ff5,
  0xf0fc, 0xeffc, 0xf0fc, 0xeffc, 0x0efd, 0x0efd, 0x0efd, 0xeffc, 0x0ff5, 0x0ffd, 0x51fd, 0x9eff,
  0xfef7, 0xffff, 0xffff, 0xdfff, 0xf4f5, 0x0ffd, 0x2ff5, 0x0ffd, 0x10fd, 0x34f6, 0xfef7, 0xffff,
  0xffff, 0xffff, 0x9fff, 0x91fd, 0x10fd, 0xeffc, 0x0ffd, 0xf0fc, 0x10fd, 0xeffc, 0x0ff5, 0x0efd,
  0x2ff5, 0x71fc, 0x74f1, 0x74f1, 0xb0f3, 0x0efd, 0x10fd, 0xeffc, 0xeff4, 0xd3fd, 0xbeff, 0xdfff,
  0xfff7, 0xffff, 0xffff, 0xffff, 0xffff, 0x3bff, 0x70fd, 0x0ffd, 0x2ffd, 0xf0f4, 0x0ff5, 0x0efd,
  0x2efd, 0x2ef5, 0xeffc, 0x10fd, 0x32f3, 0x53e9, 0x74f1, 0x54f9, 0x14f9, 0x15f9, 0x34f1, 0x54f9,
  0x14f9, 0x35f9, 0x33e9, 0x4650, 0x0000, 0x0000, 0x0000, 0x0008, 0x0000, 0x0000, 0x0000, 0x0000,
  0x0000, 0x0000, 0x0000, 0x0000, 0x0000, 0x0008, 0x2100, 0x2440, 0x6650, 0xa968, 0x32d9, 0x54f1,
  0x54f9, 0x74e9, 0x34f1, 0x54f1, 0x33f9, 0x72e9, 0x53f9, 0x55f9, 0x34f9, 0x34f9, 0x34f9, 0xd2fb,
  0x0efd, 0x70fc, 0xf3f2, 0x94f2, 0xf2fa, 0xcffb, 0x10fc, 0xaffc, 0x0ffd, 0x30fd, 0x0ffd, 0x0ffd,
  0x10fd, 0xf1fc, 0x0ffd, 0x2ff5, 0x0ff5, 0x52fd, 0x9eff, 0xffff, 0xffff, 0xdfff, 0xdfff, 0x77f6,
  0xd3fd, 0xb3f5, 0x30fd, 0xf0fc, 0xf5fd, 0xdfff, 0xdfff, 0xfeff, 0xfeff, 0xbef7, 0x15fe, 0xb4fd,
  0x91fd, 0x2ffd, 0x11f5, 0xf0fc, 0x0ffd, 0x0ffd, 0xeffc, 0xeff4, 0x8ffc, 0x91fa, 0x72f2, 0x10fc,
  0x0ffd, 0x10fd, 0xeffc, 0x0ffd, 0xd3fd, 0xdeff, 0xffff, 0xffff, 0xffff, 0xffff, 0xffff, 0xfff7,
  0x5bff, 0x51fd, 0xf0fc, 0x30fd, 0x0efd, 0x0ffd, 0x0ffd, 0x0efd, 0xf0fc, 0xd2fb, 0xf1f3, 0xb1f2,
  0x73f9, 0x34f9, 0x54f1, 0x54f9, 0x54f1, 0x54f1, 0x74f1, 0x54f1, 0x35f9, 0x12e1, 0x6648, 0x4000,
  0x2000, 0x2000, 0x0000, 0x0000, 0x0000, 0x0000, 0x0000, 0x2000, 0x0000, 0x0000, 0x2000, 0x0000,
  0x2000, 0x4208, 0xcdb0, 0x12e9, 0x33e1, 0x55f1, 0x54f1, 0x54f9, 0x54f1, 0x34f9, 0x34f9, 0x34f9,
  0x53e9, 0x55f1, 0x53f9, 0x34f9, 0x35f9, 0x54f1, 0xb1fb, 0x2ff5, 0xf0fc, 0xd0fc, 0xcffc, 0xb0eb,
  0xb3f1, 0xd3f9, 0xf0fb, 0xf0fc, 0x0ffd, 0x0ffd, 0x10fd, 0x10fd, 0x10fd, 0x0ff5, 0xeffc, 0xeffc,
  0x72f5, 0xbdf7, 0xffff, 0xffff, 0xffff, 0xffff, 0x9eff, 0x9dff, 0x1aff, 0x91f5, 0x0efd, 0xf4f5,
  0xffff, 0xffff, 0xffff, 0xfeff, 0xffff, 0x9dff, 0x7dff, 0xb8fe, 0x51f5, 0x0ffd, 0xcffc, 0x2ff5,
  0x0ffd, 0x0ffd, 0xeffc, 0xf0fc, 0xd0fc, 0xb0fc, 0xf0fc, 0x0ff5, 0x0ffd, 0x0ffd, 0x0ffd, 0xd4fd,
  0xbdff, 0xffff, 0xffff, 0xffff, 0xffff, 0xffff, 0xffff, 0x3bff, 0x51fd, 0xeffc, 0x10fd, 0xeffc,
  0x0ffd, 0x10fd, 0x10fd, 0x50fc, 0xf2f1, 0x93f1, 0x73f1, 0x54f9, 0x74f1, 0x54f9, 0x54f1, 0x54f1,
  0x54f1, 0x54f1, 0x54f9, 0x34f9, 0x32e1, 0x6540, 0x4000, 0x0000, 0x2000, 0x0000, 0x0000, 0x0000,
  0x0000, 0x0000, 0x2000, 0x0000, 0x0000, 0x2000, 0x0008, 0x0100, 0x0310, 0x0fb9, 0x33f1, 0x74f1,
  0x34f1, 0x54f9, 0x34f9, 0x54f1, 0x34f9, 0x34f9, 0x34f9, 0x34f1, 0x35f9, 0x33f1, 0x54f1, 0x56f1,
  0x74f1, 0xd0fb, 0x2efd, 0x0ffd, 0x30fd, 0x2ffd, 0xeff3, 0x73f1, 0x73f1, 0xd1fb, 0xf0fc, 0x0ffd,
  0x0ffd, 0x0ffd, 0x0ffd, 0x0ffd, 0x0ffd, 0x0ffd, 0x0ffd, 0x72f5, 0x9df7, 0xdfff, 0xffff, 0xfeff,
  0xffff, 0xfff7, 0xffff, 0x3cff, 0x93fd, 0xf0fc, 0xf5f5, 0xfeff, 0xfff7, 0xfff7, 0xdfff, 0xbfff,
  0xffff, 0xdfff, 0xf9fe, 0x71f5, 0x0ffd, 0xeefc, 0x0ffd, 0xf0fc, 0x0ffd, 0x2ffd, 0x30fd, 0x30fd,
  0x0ff5, 0xeffc, 0x0ffd, 0xeffc, 0x0ffd, 0x0ff5, 0xd4fd, 0xbeff, 0xffff, 0xffff, 0xffff, 0xffff,
  0xffff, 0xffff, 0x3bff, 0x50fd, 0x0ffd, 0x0ffd, 0xeefc, 0x2ffd, 0x0ef5, 0x0ef5, 0x30fc, 0x73f9,
  0x34f9, 0x34f9, 0x15f9, 0x34f9, 0x34f9, 0x54f1, 0x54f1, 0x54f1, 0x54f1, 0x54f9, 0x34f9, 0x32e1,
  0x6648, 0x0100, 0x0108, 0x2000, 0x0000, 0x0000, 0x0000, 0x0000, 0x0000, 0x2000, 0x0008, 0x0000,
  0x2000, 0x6440, 0xab98, 0xcda0, 0x52e1, 0x33f1, 0x14f9, 0x14f1, 0x54f1, 0x54f9, 0x74e9, 0x53f1,
  0x53f1, 0x53f9, 0x54f1, 0x54f1, 0x73f1, 0x72f2, 0x71fb, 0x90f3, 0x70fc, 0x30fd, 0x0ffd, 0x10fd,
  0xeffc, 0xd1fb, 0x54f9, 0xb3f1, 0xf1fb, 0xf0fc, 0x0ffd, 0x0ffd, 0x0ffd, 0xeffc, 0x0ffd, 0x2ff5,
  0x14fe, 0xd7fe, 0xf9fe, 0xdef7, 0xffff, 0xfff7, 0xdfff, 0xffff, 0xffff, 0xffff, 0xbdff, 0xfafe,
  0xd9fe, 0x97fe, 0x35fe, 0xf6fd, 0xfbfe, 0xffff, 0xfff7, 0xffff, 0xffff, 0x9dff, 0xf9fe, 0xd9fe,
  0xd9fe, 0xd8fe, 0x76fe, 0x71f5, 0x0ef5, 0xeff4, 0xeffc, 0x0ffd, 0x2ffd, 0x2ffd, 0xf0fc, 0x0ffd,
  0x2ef5, 0xf3f5, 0xbeff, 0xffff, 0xffff, 0xffff, 0xffff, 0xffff, 0xffff, 0xbeff, 0xf9fe, 0xb8fe,
  0xf4f5, 0xeffc, 0xf0fc, 0xf0fc, 0x2ffd, 0x51fc, 0x73f9, 0x54f1, 0x73f1, 0x54f9, 0x14f9, 0x54f9,
  0x54f1, 0x54f1, 0x54f1, 0x54f1, 0x54f9, 0x54f1, 0x53e9, 0x2eb1, 0xed98, 0xcb80, 0x2218, 0x2000,
  0x2000, 0x2000, 0x0000, 0x0000, 0x0000, 0x0008, 0x0000, 0x2108, 0x8760, 0x13f1, 0x74f9, 0x54e9,
  0x54e1, 0x34f1, 0x75f1, 0x74f1, 0x34f9, 0x55f1, 0x34f1, 0x54f1, 0x54f9, 0x54f9, 0x52f9, 0x55f1,
  0xd3f2, 0xeffc, 0x50fd, 0x0ffd, 0x0efd, 0x0ffd, 0x10fd, 0xeffc, 0xd1fb, 0x34f1, 0x74f9, 0xd1fb,
  0xf0fc, 0x0ffd, 0x0ffd, 0x0ffd, 0x0ffd, 0x0ffd, 0x30fd, 0x99fe, 0xdfff, 0xdeff, 0xdeff, 0xdfff,
  0xffff, 0xffff, 0xdfff, 0xdfff, 0xffff, 0xffff, 0xffff, 0xffff, 0xf9fe, 0xeff4, 0x10fd, 0x97fe,
  0xfeff, 0xdff7, 0xffff, 0xfff7, 0xffff, 0xfeff, 0xffff, 0xfff7, 0xfff7, 0x9bff, 0xd3fd, 0x30fd,
  0x10fd, 0xf0fc, 0xeffc, 0xeffc, 0x2ff5, 0x10f5, 0x10fd, 0xeefc, 0xd3fd, 0xddf7, 0xffff, 0xffff,
  0xffff, 0xffff, 0xffff, 0xffff, 0xffff, 0xffff, 0xffff, 0x98f6, 0xeff4, 0x10fd, 0x0ffd, 0x0ffd,
  0x31fc, 0x53f1, 0x34f1, 0x54f1, 0x54f1, 0x73f1, 0x54f1, 0x54f1, 0x54f1, 0x54f1, 0x54f1, 0x54f1,
  0x54f1, 0x54f9, 0x53f9, 0x53f1, 0x2fc1, 0x2218, 0x0008, 0x4108, 0x6108, 0x0000, 0x0000, 0x0000,
  0x0008, 0x0000, 0x2108, 0x8868, 0x54f1, 0x54f1, 0x55f9, 0x34f1, 0x34f1, 0x34f1, 0x34f1, 0x14f9,
  0x35f9, 0x34f9, 0xb3f1, 0xf3f1, 0xd3f1, 0xd4f1, 0xd3f1, 0x11f3, 0xcefc, 0x30fd, 0x30fd, 0x71fd,
  0x51fd, 0x2ff5, 0x0ef5, 0x2fec, 0x12ea, 0x13f2, 0x11fc, 0xeffc, 0x0ffd, 0x0ffd, 0x0ffd, 0x0ffd,
  0x0ffd, 0x2ff5, 0x57f6, 0x7dff, 0x9dff, 0xdeff, 0xffff, 0xfff7, 0xfeff, 0xffff, 0xffff, 0xffff,
  0xffff, 0xffff, 0xffff, 0x3bff, 0x52f5, 0x72fd, 0xb8f6, 0xdeff, 0xffff, 0xffff, 0xdfff, 0xffff,
  0xffff, 0xdfff, 0xffff, 0xffff, 0x9dff, 0x93fd, 0xcffc, 0xeffc, 0x10fd, 0x2ff5, 0xeffc, 0x2ffd,
  0xf0f4, 0x32fd, 0x52fd, 0x16fe, 0xdeff, 0xffff, 0xffff, 0xffff, 0xffff, 0xffff, 0xffff, 0xffff,
  0xdfff, 0xdeff, 0x76f6, 0xedfc, 0x2ffd, 0x2efd, 0x0ef5, 0x70f4, 0x12f2, 0xd4f9, 0x74f9, 0x34f1,
  0x74f1, 0x54f1, 0x54f1, 0x54f1, 0x54f1, 0x54f1, 0x54f1, 0x54f1, 0x54f1, 0x14f9, 0x34f9, 0x30d1,
  0x4318, 0x2000, 0x4108, 0x6108, 0x0000, 0x0000, 0x0000, 0x0000, 0x0000, 0x0108, 0x8860, 0x53e9,
  0x34f1, 0x34f9, 0x54f9, 0x34f9, 0x54f1, 0x54f1, 0x35f9, 0x34f1, 0xb2f1, 0xf1f2, 0xf1fb, 0x0ff4,
  0xf1f3, 0x2ff4, 0x90fc, 0x0ffd, 0x10f5, 0x54fe, 0x3af7, 0x98fe, 0x70f5, 0x0ffd, 0xcff4, 0xd0fb,
  0x10f4, 0xb0fc, 0x0ffd, 0x0ffd, 0x0ffd, 0x10fd, 0x0ffd, 0x0ffd, 0xeffc, 0x72fd, 0xd3f5, 0x15f6,
  0x7dff, 0xffff, 0xffff, 0xffff, 0xffff, 0xffff, 0xffff, 0xffff, 0xffff, 0xdfff, 0xbeff, 0xfaf6,
  0x3aff, 0x9df7, 0xffff, 0xdfff, 0xfeff, 0xffff, 0xffff, 0xffff, 0xdfff, 0xffff, 0xffff, 0x9dff,
  0x93fd, 0x2ffd, 0x2ff5, 0x10f5, 0x0ff5, 0x0ffd, 0x2ffd, 0x30f5, 0x77fe, 0x1aff, 0x3cff, 0xdfff,
  0xffff, 0xffff, 0xffff, 0xffff, 0xffff, 0xffff, 0xffff, 0xffff, 0xffff, 0x97fe, 0xeefc, 0xf0fc,
  0x0ffd, 0x0ffd, 0x0ff5, 0x10f4, 0xf1fb, 0xb2f2, 0x54f9, 0x34f1, 0x54f1, 0x54f1, 0x54f1, 0x54f1,
  0x54f1, 0x54f1, 0x54f1, 0x34f1, 0x54f1, 0x54f1, 0x10d1, 0x2220, 0x0008, 0x2000, 0x4108, 0x0000,
  0x0000, 0x0000, 0x0000, 0x0000, 0x0108, 0x8868, 0x53f1, 0x34f9, 0x54f1, 0x54f1, 0x34f9, 0x54f1,
  0x54f1, 0x34f9, 0x34f1, 0xb3f9, 0xd1fb, 0x0ffd, 0x2efd, 0x11fd, 0x0ffd, 0x0ffd, 0x0ffd, 0xf0fc,
  0xd9fe, 0xffff, 0x5bff, 0x91fd, 0xeefc, 0x0ff5, 0x10fd, 0x0ffd, 0x0ffd, 0x2ffd, 0x0ff5, 0xf0f4,
  0x0ff5, 0x2efd, 0x0efd, 0xeffc, 0x0ffd, 0xeffc, 0x52f5, 0xbcff, 0xfff7, 0xffff, 0xffff, 0xffff,
  0xffff, 0xffff, 0xffff, 0xffff, 0xffff, 0xffff, 0xffff, 0xffff, 0xffff, 0xffff, 0xffff, 0xffff,
  0xffff, 0xffff, 0xffff, 0xffff, 0xffff, 0xdfff, 0x5bff, 0xb2f5, 0x0efd, 0x0ff5, 0x10fd, 0x0ffd,
  0xeffc, 0x0ffd, 0x50ed, 0x1aff, 0xffff, 0xffff, 0xdfff, 0xffff, 0xffff, 0xffff, 0xffff, 0xffff,
  0xffff, 0xffff, 0xffff, 0xffff, 0x77fe, 0xeefc, 0xeffc, 0x0ffd, 0xf0fc, 0xf0f4, 0xf0fc, 0x0ffd,
  0x51f3, 0x94f1, 0x33f9, 0x54f1, 0x54f1, 0x34f1, 0x34f9, 0x34f1, 0x54f1, 0x54f1, 0x34f1, 0x54f1,
  0x34f9, 0x11d1, 0x2220, 0x0000, 0x0000, 0x0000, 0x0000, 0x0000, 0x0000, 0x0000, 0x0000, 0x0100,
  0x8868, 0x33f1, 0x34f9, 0x54f1, 0x74f1, 0x54f9, 0x34f9, 0x54f1, 0x54f9, 0x34f1, 0x94f9, 0xd1f3,
  0x2ff5, 0x0ffd, 0x10fd, 0x0ffd, 0x0ffd, 0x0ffd, 0x10fd, 0xd9fe, 0xffff, 0x5cff, 0x36fe, 0xf4fd,
  0x93f5, 0x10fd, 0xf0f4, 0xeffc, 0xeefc, 0xf0f4, 0x94fd, 0xb4fd, 0x93fd, 0x94fd, 0xb3f5, 0xf3f5,
  0xd3fd, 0x15fe, 0xdcff, 0xfef7, 0xffff, 0xffff, 0xffff, 0xffff, 0xffff, 0xffff, 0xffff, 0xffff,
  0xffff, 0xffff, 0xffff, 0xffff, 0xffff, 0xffff, 0xffff, 0xffff, 0xffff, 0xffff, 0xffff, 0xffff,
  0xffff, 0x7dff, 0x56f6, 0xf4fd, 0xd4fd, 0xd4fd, 0xb3fd, 0xb4fd, 0xd4fd, 0xf5f5, 0x5cff, 0xdff7,
  0xfff7, 0xffff, 0xffff, 0xffff, 0xffff, 0xffff, 0xffff, 0xffff, 0xffff, 0xffff, 0xffff, 0x77fe,
  0x0ffd, 0x0ffd, 0x0ffd, 0x0ff5, 0x30ed, 0x31fd, 0xeff4, 0x31f3, 0x74f1, 0x34f1, 0x54f1, 0x55f9,
  0x34f1, 0x54f9, 0x54f9, 0x54f1, 0x54f1, 0x54f1, 0x54f1, 0x34f9, 0x11c9, 0x2220, 0x0000, 0x0000,
  0x0000, 0x0000, 0x0000, 0x0000, 0x0000, 0x0000, 0x0100, 0x8868, 0x33e9, 0x34f9, 0x54f1, 0x54f1,
  0x54f9, 0x34f9, 0x54f1, 0x54f9, 0x54f1, 0x93f9, 0xd1f3, 0x0ff5, 0xeffc, 0x0ffd, 0x0efd, 0x0ffd,
  0x0ffd, 0x10fd, 0xd9fe, 0xffff, 0xfeff, 0xbfff, 0xdfff, 0xd8fe, 0x30fd, 0x30fd, 0x2ffd, 0xeefc,
  0x91f5, 0x3bff, 0xdfff, 0xdeff, 0xffff, 0xffff, 0xffff, 0xdeff, 0xbeff, 0xfff7, 0xffef, 0xdfff,
  0xffff, 0xffff, 0xffff, 0xffff, 0xffff, 0xffff, 0xffff, 0xffff, 0xffff, 0xffff, 0xffff, 0xffff,
  0xffff, 0xffff, 0xffff, 0xffff, 0xffff, 0xffff, 0xffff, 0xffff, 0xfff7, 0xdef7, 0xfeff, 0xfeff,
  0xfeff, 0xfeff, 0xfeff, 0xdeff, 0xbdff, 0xffff, 0xffff, 0xdfff, 0xdfff, 0xffff, 0xffff, 0xffff,
  0xffff, 0xffff, 0xffff, 0xffff, 0xffff, 0xffff, 0x77fe, 0x0ffd, 0x0ffd, 0x0ffd, 0x0ffd, 0xeefc,
  0xcffc, 0xeffc, 0x32fb, 0x55f9, 0x35f1, 0x34f1, 0x34f1, 0x35f1, 0x54f1, 0x54f1, 0x34f1, 0x34f1,
  0x54f1, 0x54f1, 0x34f9, 0x11c9, 0x2220, 0x0000, 0x0000, 0x0000, 0x0000, 0x0000, 0x0000, 0x0000,
  0x0000, 0x0000, 0x8868, 0x33f1, 0x34f9, 0x54f1, 0x54f1, 0x34f9, 0x34f9, 0x54f1, 0x54f9, 0x33f1,
  0x92f9, 0xd0f3, 0x0ff5, 0x10fd, 0x0ffd, 0x0ffd, 0x0ffd, 0x0ffd, 0x10fd, 0xd9fe, 0xffff, 0xdfff,
  0xdfff, 0xffff, 0xf9fe, 0x0ffd, 0x0ffd, 0x10f5, 0xeffc, 0x72fd, 0x5bff, 0xffff, 0xffff, 0xfff7,
  0xdfff, 0xffff, 0xdfff, 0xdfff, 0xffff, 0xffff, 0xdfff, 0xffff, 0xffff, 0xffff, 0xffff, 0xffff,
  0xffff, 0xffff, 0xffff, 0xffff, 0xffff, 0xffff, 0xffff, 0xffff, 0xffff, 0xffff, 0xffff, 0xffff,
  0xffff, 0xffff, 0xffff, 0xdfff, 0xdfff, 0xdfff, 0xdfff, 0xffff, 0xdfff, 0xffff, 0xffff, 0xffff,
  0xffff, 0xfff7, 0xfff7, 0xffff, 0xffff, 0xffff, 0xffff, 0xffff, 0xffff, 0xffff, 0xffff, 0xffff,
  0xdfff, 0x77fe, 0xeff4, 0x0ffd, 0x0ffd, 0x2ff5, 0x0ef5, 0x0ffd, 0x0ff5, 0x71f3, 0x93f1, 0x94f1,
  0x74f1, 0x34f1, 0x55f9, 0x54f1, 0x34f1, 0x34f1, 0x54f9, 0x54f1, 0x54f1, 0x34f9, 0x11c9, 0x2218,
  0x0000, 0x0000, 0x0000, 0x0000, 0x0000, 0x0000, 0x0000, 0x0000, 0x0000, 0x8868, 0x53f1, 0x34f9,
  0x54f1, 0x54f1, 0x34f9, 0x34f1, 0x54f1, 0x54f1, 0x54f1, 0xb3f9, 0xd0f3, 0x0ff5, 0xf0fc, 0x10fd,
  0x0ffd, 0x0ffd, 0x0ffd, 0x10fd, 0xd9fe, 0xffff, 0xffff, 0xdeff, 0xfeff, 0x7cff, 0x77fe, 0x97fe,
  0x79fe, 0x57fe, 0x98fe, 0x9eff, 0xffff, 0xffff, 0xffff, 0xdfff, 0xffff, 0xffff, 0xffff, 0xffff,
  0xffff, 0xffff, 0xffff, 0xffff, 0xffff, 0xffff, 0xffff, 0xffff, 0xffff, 0xffff, 0xffff, 0xffff,
  0xffff, 0xffff, 0xffff, 0xffff, 0xffff, 0xffff, 0xffff, 0xffff, 0xffff, 0xffff, 0xffff, 0xffff,
  0xffff, 0xffff, 0xffff, 0xffff, 0xffff, 0xffff, 0xffff, 0xffff, 0xffff, 0xffff, 0xffff, 0xffff,
  0xffff, 0xffff, 0xffff, 0xffff, 0xffff, 0xffff, 0xffff, 0xdfff, 0x76fe, 0xeff4, 0x0ffd, 0x0ffd,
  0x10f5, 0x0ffd, 0xf0fc, 0x10f5, 0xf4f4, 0xd9f4, 0xfaf4, 0x16fa, 0x54f1, 0x34f9, 0x34f9, 0x74f1,
  0x54f1, 0x54f9, 0x34f1, 0x54f1, 0x34f9, 0x11c9, 0x2218, 0x0000, 0x4108, 0x6108, 0x0000, 0x0000,
  0x0000, 0x0000, 0x0000, 0x0000, 0x8868, 0x53f1, 0x34f9, 0x54f1, 0x54f1, 0x34f9, 0x54f1, 0x54f1,
  0x54f1, 0x54f1, 0xb3f9, 0xd1f3, 0x0ff5, 0xeffc, 0x10fd, 0x0ffd, 0x10fd, 0x10fd, 0x10fd, 0xd8fe,
  0xffff, 0xffff, 0xddff, 0xffff, 0xdfff, 0xdfff, 0xdfff, 0xdfff, 0xfeff, 0xbeff, 0xffff, 0xffff,
  0xffff, 0xffff, 0xffff, 0xffff, 0xffff, 0xffff, 0xffff, 0xffff, 0xffff, 0xffff, 0xffff, 0xffff,
  0xffff, 0xffff, 0xffff, 0xffff, 0xffff, 0xffff, 0xffff, 0xffff, 0xffff, 0xffff, 0xffff, 0xffff,
  0xffff, 0xffff, 0xffff, 0xffff, 0xffff, 0xffff, 0xffff, 0xffff, 0xffff, 0xffff, 0xffff, 0xffff,
  0xffff, 0xffff, 0xffff, 0xffff, 0xffff, 0xfff7, 0xffff, 0xffff, 0xffff, 0xffff, 0xffff, 0xffff,
  0xffff, 0xdfff, 0xdfff, 0x76fe, 0x0ef5, 0x0ffd, 0xeffc, 0x10f5, 0x0ffd, 0xeffc, 0x0ff5, 0x57fe,
  0x9fff, 0x9ef7, 0xb7fa, 0x73e9, 0x34f9, 0x34f9, 0x74f1, 0x34f1, 0x34f1, 0x34f1, 0x54f1, 0x34f9,
  0x11c9, 0x2218, 0x2000, 0x6108, 0x6108, 0x0000, 0x0000, 0x0000, 0x0000, 0x0000, 0x0000, 0x8868,
  0x53e9, 0x34f9, 0x54f1, 0x54f1, 0x34f9, 0x54f1, 0x54f1, 0x54f1, 0x54f1, 0xb4f9, 0xf1f3, 0x2ffd,
  0xeffc, 0x10fd, 0x0ffd, 0x0ffd, 0x0ffd, 0xeff4, 0xb7f6, 0xbeff, 0xdef7, 0xfef7, 0xffff, 0xdfff,
  0xffff, 0xffff, 0xdfff, 0xfeff, 0xdef7, 0xffff, 0xdeff, 0xfeff, 0xffff, 0xffff, 0xffff, 0xffff,
  0xffff, 0xdfff, 0xffff, 0xffff, 0xffff, 0xffff, 0xffff, 0xffff, 0xffff, 0xffff, 0xffff, 0xffff,
  0xffff, 0xffff, 0xffff, 0xffff, 0xffff, 0xffff, 0xffff, 0xffff, 0xffff, 0xffff, 0xffff, 0xffff,
  0xffff, 0xffff, 0xffff, 0xdfff, 0xffff, 0xffff, 0xffff, 0xffff, 0xffff, 0xffff, 0xffff, 0xffff,
  0xffff, 0xffff, 0xffff, 0xdfff, 0xffff, 0xffff, 0xffff, 0xdeff, 0xbeff, 0xbeff, 0x76fe, 0x0ef5,
  0x0ffd, 0xeffc, 0x10f5, 0x0ffd, 0x4ffd, 0x50fd, 0x56f6, 0xdeff, 0xffff, 0xf6fa, 0xb4e9, 0x54f9,
  0x34f9, 0x54f1, 0x54f1, 0x55f9, 0x34f1, 0x54f1, 0x34f9, 0x11c9, 0x4220, 0x4100, 0x6108, 0x8210,
  0x0000, 0x0000, 0x0000, 0x0000, 0x2000, 0x0008, 0x8868, 0x34f1, 0x54f1, 0x54f1, 0x33f1, 0x54f1,
  0x54f1, 0x35f1, 0xd1fa, 0x8ff4, 0x70fc, 0xd0fc, 0x10fd, 0x0efd, 0x10fd, 0x0ff5, 0x2ffd, 0xeffc,
  0x50fd, 0x51f5, 0x72fd, 0xf6fd, 0x7dff, 0xffff, 0xffff, 0xfff7, 0xffff, 0xffff, 0xffff, 0xffff,
  0xffff, 0xffff, 0xffff, 0xffff, 0xffff, 0xffff, 0xffff, 0xffff, 0xffff, 0xffff, 0xffff, 0xffff,
  0xffff, 0xffff, 0xffff, 0xffff, 0xffff, 0xffff, 0xffff, 0xffff, 0xffff, 0xffff, 0xffff, 0xffff,
  0xffff, 0xffff, 0xffff, 0xffff, 0xffff, 0xffff, 0xffff, 0xffff, 0xffff, 0xffff, 0xffff, 0xffff,
  0xffff, 0xffff, 0xffff, 0xffff, 0xffff, 0xffff, 0xffff, 0xffff, 0xffff, 0xffff, 0xffff, 0xffff,
  0xfff7, 0xdfff, 0x1cff, 0xb5fd, 0x71f5, 0x50fd, 0x0ffd, 0x30fd, 0x2ff5, 0x0ffd, 0x52f5, 0xfcfe,
  0x1bff, 0xbef7, 0xffff, 0xdeff, 0xddfe, 0xdefe, 0x7bf5, 0xf3f1, 0x34f9, 0x54e9, 0x33f1, 0x53f1,
  0x54f9, 0x53f1, 0xf0d0, 0x4220, 0x6108, 0x8210, 0x6108, 0x0000, 0x0000, 0x0000, 0x0000, 0x0000,
  0x0008, 0x8868, 0x33f1, 0x34f9, 0x54f9, 0x54f1, 0x34f1, 0x54f1, 0x54f1, 0x11fb, 0x0ffd, 0xeffc,
  0x0ffd, 0x0ff5, 0xeffc, 0x2ffd, 0x2ef5, 0x0efd, 0xcefc, 0x0ffd, 0x0ff5, 0x10fd, 0x93f5, 0x7dff,
  0xffff, 0xffff, 0xffff, 0xffff, 0xffff, 0xffff, 0xffff, 0xffff, 0xffff, 0xffff, 0xffff, 0xffff,
  0xffff, 0xffff, 0xffff, 0xffff, 0xffff, 0xffff, 0xffff, 0xffff, 0xffff, 0xffff, 0xffff, 0xffff,
  0xffff, 0xffff, 0xffff, 0xffff, 0xffff, 0xffff, 0xffff, 0xffff, 0xffff, 0xffff, 0xffff, 0xffff,
  0xffff, 0xffff, 0xffff, 0xffff, 0xffff, 0xffff, 0xffff, 0xffff, 0xffff, 0xffff, 0xffff, 0xffff,
  0xffff, 0xffff, 0xffff, 0xffff, 0xffff, 0xdfff, 0xdfff, 0xffff, 0xffff, 0x3bff, 0x51f5, 0x10f5,
  0x0ffd, 0xf0fc, 0xf0fc, 0xf0fc, 0x0ffd, 0xd2f5, 0xbdff, 0xfeff, 0xffff, 0xffff, 0xfff7, 0xdfff,
  0xffff, 0x3cf6, 0x35f2, 0x34f1, 0x54f1, 0x34f9, 0x53f1, 0x34f1, 0x53e9, 0xf0d0, 0x4320, 0x8208,
  0x8210, 0x6108, 0x0000, 0x0000, 0x0000, 0x0000, 0x0000, 0x0108, 0x8860, 0x53e9, 0x34f9, 0x54f9,
  0x74f1, 0x34f1, 0x34f1, 0x54f1, 0x91fa, 0xf1fb, 0xf0fb, 0xaffc, 0x0ff5, 0xf0fc, 0xeffc, 0x0ffd,
  0x0ffd, 0xeffc, 0x0ffd, 0x0ff5, 0x0ffd, 0x92fd, 0x7cff, 0xffff, 0xdfff, 0xdfff, 0xdfff, 0xffff,
  0xffff, 0xffff, 0xffff, 0xffff, 0xffff, 0xffff, 0xffff, 0xffff, 0xffff, 0xffff, 0xffff, 0xffff,
  0xffff, 0xffff, 0xffff, 0xffff, 0xffff, 0xffff, 0xffff, 0xffff, 0xffff, 0xffff, 0xffff, 0xffff,
  0xffff, 0xffff, 0xffff, 0xffff, 0xffff, 0xffff, 0xffff, 0xffff, 0xffff, 0xffff, 0xffff, 0xffff,
  0xffff, 0xffff, 0xffff, 0xffff, 0xffff, 0xffff, 0xffff, 0xffff, 0xffff, 0xffff, 0xfff7, 0xdfff,
  0xdfff, 0xdeff, 0x3bff, 0xfafe, 0x96fe, 0x4ffd, 0x0ffd, 0xeffc, 0x0ffd, 0x30fd, 0x93fd, 0xf4fd,
  0x76f6, 0xdef7, 0xffff, 0xffff, 0xdfff, 0xfeff, 0x5cfe, 0xfbfd, 0xbaf4, 0xd5f1, 0x53f1, 0x53f1,
  0x54f9, 0x54f1, 0x34f9, 0x73e9, 0x11d1, 0x4320, 0x8208, 0x8208, 0x6108, 0x0000, 0x0000, 0x0000,
  0x0000, 0x0000, 0x0108, 0xa860, 0x34f1, 0x14f9, 0x34f1, 0x74e9, 0x54f9, 0x34f9, 0x54f1, 0x93f1,
  0xb4e9, 0xf2f1, 0xf0f3, 0x0ffd, 0xf0fc, 0xf0fc, 0xf0fc, 0x10fd, 0xeffc, 0xeffc, 0x0ffd, 0x0ffd,
  0x93fd, 0x7cff, 0xffff, 0xdfff, 0xffff, 0xffff, 0xffff, 0xffff, 0xffff, 0xffff, 0xffff, 0xffff,
  0xffff, 0xffff, 0xffff, 0xffff, 0xffff, 0xffff, 0xffff, 0xffff, 0xffff, 0xffff, 0xffff, 0xffff,
  0xffff, 0xffff, 0xffff, 0xffff, 0xffff, 0xffff, 0xffff, 0xffff, 0xffff, 0xffff, 0xffff, 0xffff,
  0xffff, 0xffff, 0xffff, 0xffff, 0xffff, 0xffff, 0xffff, 0xffff, 0xffff, 0xffff, 0xffff, 0xffff,
  0xffff, 0xffff, 0xffff, 0xffff, 0xffff, 0xffff, 0xdfff, 0xffff, 0x9cff, 0xd4ed, 0x51fd, 0x30fd,
  0x0ffd, 0x0ffd, 0x0ffd, 0x0ffd, 0x51fd, 0xd8fe, 0x9dff, 0x9eff, 0xdfff, 0xdfff, 0xdfff, 0xdeff,
  0xbeff, 0x77f3, 0x15f2, 0xd6f1, 0x53f1, 0x73f1, 0x53f1, 0x54f1, 0x33f1, 0x34f9, 0x74e9, 0x11d1,
  0x4320, 0x6208, 0x8210, 0x8210, 0x0000, 0x2000, 0x0000, 0x0000, 0x0000, 0x0108, 0xa860, 0x33f1,
  0x54f1, 0x75f9, 0x34f1, 0x34f1, 0x54f1, 0x55f9, 0x54f9, 0x15e9, 0x74f1, 0xd1f3, 0x2ffd, 0x0ffd,
  0x2ffd, 0xeffc, 0x0ffd, 0x30f5, 0xeffc, 0xeffc, 0x0ffd, 0x94f5, 0x5cff, 0xffff, 0xffff, 0xffff,
  0xffff, 0xffff, 0xffff, 0xffff, 0xffff, 0xffff, 0xffff, 0xffff, 0xffff, 0xffff, 0xffff, 0xffff,
  0xffff, 0xffff, 0xffff, 0xffff, 0xffff, 0xffff, 0xffff, 0xffff, 0xffff, 0xffff, 0xffff, 0xffff,
  0xffff, 0xffff, 0xffff, 0xffff, 0xffff, 0xffff, 0xffff, 0xffff, 0xffff, 0xffff, 0xffff, 0xffff,
  0xffff, 0xffff, 0xffff, 0xffff, 0xffff, 0xffff, 0xffff, 0xffff, 0xffff, 0xffff, 0xffff, 0xffff,
  0xffff, 0xdfff, 0xffff, 0x9bff, 0x92ed, 0x0ffd, 0xeffc, 0x11fd, 0x10fd, 0x0ffd, 0xeffc, 0x12f5,
  0xfaf6, 0xffff, 0xfff7, 0xdfff, 0xfff7, 0xfeff, 0xfeff, 0xdfff, 0xf6fa, 0x15f1, 0xf5f8, 0x34f1,
  0x75f1, 0x14f9, 0x34f1, 0x33f1, 0x34f1, 0x53e9, 0x10d1, 0x4320, 0x8210, 0x8210, 0x6108, 0x0000,
  0x0000, 0x0000, 0x0000, 0x2000, 0x0000, 0x6438, 0xca78, 0xcc88, 0x52d9, 0x34f9, 0x54f1, 0x34f1,
  0x34f9, 0x12fa, 0x32f3, 0x51fb, 0x70f4, 0x0ff5, 0xeffc, 0x2ffd, 0x10fd, 0x72fd, 0x55f6, 0x36f6,
  0x36f6, 0x36f6, 0xb9f6, 0xbeff, 0xffff, 0xffff, 0xfff7, 0xdfff, 0xffff, 0xffff, 0xffff, 0xffff,
  0xffff, 0xffff, 0xffff, 0xffff, 0xffff, 0xffff, 0xffff, 0xffff, 0xffff, 0xffff, 0xffff, 0xffff,
  0xffff, 0xffff, 0xffff, 0xffff, 0xffff, 0xffff, 0xffff, 0xffff, 0xffff, 0xffff, 0xffff, 0xffff,
  0xffff, 0xffff, 0xffff, 0xffff, 0xffff, 0xffff, 0xffff, 0xffff, 0xffff, 0xffff, 0xffff, 0xffff,
  0xffff, 0xffff, 0xffff, 0xffff, 0xffff, 0xffff, 0xffff, 0xffff, 0xfff7, 0xfff7, 0x9dff, 0x97ee,
  0x56f6, 0xd4f5, 0x10f5, 0xeffc, 0xb2f5, 0x77fe, 0x79fe, 0x5dff, 0xffff, 0xfff7, 0xfeff, 0xfff7,
  0x1aff, 0x76f6, 0x56f6, 0xf2eb, 0x11eb, 0x92f2, 0x92e9, 0x54e9, 0x55f9, 0x54f1, 0x74f1, 0x74f1,
  0x73e9, 0x10c9, 0x4220, 0x6208, 0x6108, 0x6108, 0x0000, 0x0000, 0x0000, 0x0000, 0x0000, 0x0000,
  0x0008, 0x0100, 0x0318, 0xeeb0, 0x34f9, 0x54f9, 0x34f1, 0x35f9, 0xf1fa, 0x30fd, 0x0ffd, 0x0ff5,
  0x0ff5, 0x10fd, 0xeffc, 0x10fd, 0x36fe, 0xbdff, 0xffff, 0xffff, 0xfef7, 0xdeff, 0xffff, 0xdfff,
  0xffff, 0xfff7, 0xdfff, 0xffff, 0xffff, 0xffff, 0xffff, 0xffff, 0xffff, 0xffff, 0xffff, 0xffff,
  0xffff, 0xffff, 0xffff, 0xffff, 0xffff, 0xffff, 0xffff, 0xffff, 0xffff, 0xffff, 0xffff, 0xffff,
  0xffff, 0xffff, 0xffff, 0xffff, 0xffff, 0xffff, 0xffff, 0xffff, 0xffff, 0xffff, 0xffff, 0xffff,
  0xffff, 0xffff, 0xffff, 0xffff, 0xffff, 0xffff, 0xffff, 0xffff, 0xffff, 0xffff, 0xffff, 0xffff,
  0xffff, 0xffff, 0xfeff, 0xfff7, 0xdfff, 0xdfff, 0xdeff, 0xffff, 0x3bff, 0x50fd, 0xeffc, 0x76fe,
  0xfeff, 0xdfff, 0xdeff, 0xdeff, 0xdff7, 0xffff, 0xdff7, 0x57fe, 0x10fd, 0x0ffd, 0xf0fc, 0x0efd,
  0x10fc, 0xd2f1, 0x54e9, 0x74f9, 0x94f1, 0xb4f1, 0xb5f9, 0xb5f1, 0x51d1, 0x4320, 0x4100, 0x6108,
  0x6108, 0x0000, 0x0000, 0x0000, 0x0000, 0x0000, 0x0000, 0x0000, 0x0008, 0x0110, 0xaeb0, 0x12d9,
  0x31d9, 0x34f1, 0x34f9, 0xd1f2, 0xd0f4, 0xaffc, 0xeff4, 0x0ff5, 0x10fd, 0xcffc, 0x2ff5, 0x35f6,
  0xbeff, 0xdfff, 0xffff, 0xffff, 0xffff, 0xffff, 0xffff, 0xffff, 0xffff, 0xffff, 0xffff, 0xffff,
  0xffff, 0xffff, 0xffff, 0xffff, 0xffff, 0xffff, 0xffff, 0xffff, 0xffff, 0xffff, 0xffff, 0xffff,
  0xffff, 0xffff, 0xffff, 0xffff, 0xffff, 0xffff, 0xffff, 0xffff, 0xffff, 0xffff, 0xffff, 0xffff,
  0xffff, 0xffff, 0xffff, 0xffff, 0xffff, 0xffff, 0xffff, 0xffff, 0xffff, 0xffff, 0xffff, 0xffff,
  0xffff, 0xffff, 0xffff, 0xffff, 0xffff, 0xffff, 0xffff, 0xffff, 0xffff, 0xfeff, 0xfff7, 0xdfff,
  0xbfff, 0x9dff, 0x7df7, 0xfafe, 0xb2f5, 0x72fd, 0xd8fe, 0xfff7, 0xffff, 0xfeff, 0xffff, 0xdfff,
  0x7ef7, 0x5dff, 0x56f6, 0x10fd, 0xeff4, 0x90fc, 0x50fc, 0xb1f3, 0xd4f1, 0x94f9, 0xb5f9, 0xb4f1,
  0xb4f1, 0x74e1, 0x94e1, 0x4fb9, 0x6328, 0x4108, 0x6108, 0x4108, 0x0000, 0x0000, 0x0000, 0x0000,
  0x0000, 0x0000, 0x0000, 0x2000, 0x4000, 0x2530, 0x4738, 0x8860, 0x31d9, 0x33f1, 0xb3f1, 0x53f2,
  0x72fa, 0x10fc, 0x0ffd, 0xf0fc, 0x10fd, 0x30f5, 0x35fe, 0xbdff, 0xffff, 0xfff7, 0xffff, 0xffff,
  0xffff, 0xffff, 0xffff, 0xffff, 0xffff, 0xffff, 0xffff, 0xffff, 0xffff, 0xffff, 0xffff, 0xffff,
  0xffff, 0xffff, 0xffff, 0xffff, 0xffff, 0xffff, 0xffff, 0xffff, 0xffff, 0xffff, 0xffff, 0xffff,
  0xffff, 0xffff, 0xffff, 0xffff, 0xffff, 0xffff, 0xffff, 0xffff, 0xffff, 0xffff, 0xffff, 0xffff,
  0xffff, 0xffff, 0xffff, 0xffff, 0xffff, 0xffff, 0xffff, 0xffff, 0xffff, 0xffff, 0xffff, 0xffff,
  0xffff, 0xffff, 0xffff, 0xffff, 0xffff, 0xdfff, 0xffff, 0xbef7, 0x15fe, 0xb3fd, 0x15fe, 0xf9fe,
  0x3aff, 0x9dff, 0xdfff, 0xdfff, 0xfeff, 0xffff, 0x7bff, 0xb3fd, 0x72fd, 0x31fd, 0x0efd, 0x0dfd,
  0x10f3, 0x72ea, 0x33f2, 0x94f1, 0xb4f1, 0x95f9, 0xb5f1, 0xb4e9, 0xeb78, 0xc748, 0xc538, 0xa210,
  0x4210, 0x2108, 0x0000, 0x0000, 0x0000, 0x0000, 0x0000, 0x0000, 0x0000, 0x0000, 0x0000, 0x0008,
  0x0100, 0x0100, 0x4430, 0x10d1, 0x73f1, 0x35f9, 0x13f9, 0x75f9, 0xd1f3, 0x2ff5, 0x10fd, 0xeefc,
  0x10f5, 0x36fe, 0xbeff, 0xffff, 0xffff, 0xdfff, 0xffff, 0xffff, 0xffff, 0xffff, 0xffff, 0xffff,
  0xffff, 0xffff, 0xffff, 0xffff, 0xffff, 0xffff, 0xffff, 0xffff, 0xffff, 0xffff, 0xffff, 0xffff,
  0xffff, 0xffff, 0xffff, 0xffff, 0xffff, 0xffff, 0xffff, 0xffff, 0xffff, 0xffff, 0xffff, 0xffff,
  0xffff, 0xffff, 0xffff, 0xffff, 0xffff, 0xffff, 0xffff, 0xffff, 0xffff, 0xffff, 0xffff, 0xffff,
  0xffff, 0xffff, 0xffff, 0xffff, 0xffff, 0xffff, 0xffff, 0xffff, 0xffff, 0xffff, 0xffff, 0xffff,
  0xdeff, 0xffff, 0xbdf7, 0x51fd, 0x0efd, 0xb3fd, 0x9dff, 0xffff, 0xffff, 0xdfff, 0xffff, 0xffff,
  0xdfff, 0x7bf7, 0x50f5, 0xeff4, 0x10f5, 0xf0f4, 0x90f4, 0x33f2, 0x35e9, 0x75f9, 0xb6f9, 0xf4f1,
  0x95f9, 0x75f1, 0x32d9, 0xc750, 0x4118, 0x6110, 0x6210, 0x8210, 0x6108, 0x2000, 0x0000, 0x0000,
  0x0000, 0x0000, 0x0000, 0x0000, 0x0000, 0x0000, 0x0000, 0x2000, 0x0000, 0x4438, 0x10d1, 0x54e9,
  0x15f9, 0x53f9, 0x94f9, 0x71f3, 0x6ffc, 0x8ffc, 0x2ffd, 0x30fd, 0xf4fd, 0x3aff, 0x7aff, 0xddff,
  0xffff, 0xffff, 0xffff, 0xffff, 0xffff, 0xffff, 0xffff, 0xffff, 0xffff, 0xffff, 0xffff, 0xffff,
  0xffff, 0xffff, 0xffff, 0xffff, 0xffff, 0xffff, 0xffff, 0xffff, 0xffff, 0xffff, 0xffff, 0xffff,
  0xffff, 0xffff, 0xffff, 0xffff, 0xffff, 0xffff, 0xffff, 0xffff, 0xffff, 0xffff, 0xffff, 0xffff,
  0xffff, 0xffff, 0xffff, 0xffff, 0xffff, 0xffff, 0xffff, 0xffff, 0xffff, 0xffff, 0xffff, 0xffff,
  0xffff, 0xffff, 0xffff, 0xffff, 0xffff, 0xffff, 0xdfff, 0xddff, 0xdeff, 0x7eff, 0xb4fd, 0xd3f5,
  0x16f6, 0x9df7, 0xfff7, 0xdfff, 0xffff, 0xfef7, 0xdfff, 0xdfff, 0x7af7, 0xb4f5, 0x72fd, 0x30fd,
  0x0ffd, 0xf0f4, 0x13f2, 0x53f1, 0x73f9, 0x95f9, 0xf3f1, 0x72f1, 0x33f1, 0x11d9, 0x6538, 0x0000,
  0x8100, 0x8310, 0x8100, 0x8108, 0x4108, 0x0000, 0x0000, 0x0000, 0x0000, 0x0000, 0x0000, 0x0000,
  0x2000, 0x0100, 0x4000, 0x0000, 0x4430, 0x11c9, 0x74f1, 0x35f9, 0x73f1, 0x34f1, 0x94f1, 0xb3f1,
  0x12fa, 0xd0fc, 0xcffc, 0x10fd, 0x50fd, 0x72f5, 0xdafe, 0xdfff, 0xffff, 0xffff, 0xffff, 0xffff,
  0xffff, 0xffff, 0xffff, 0xffff, 0xffff, 0xffff, 0xffff, 0xffff, 0xffff, 0xffff, 0xffff, 0xffff,
  0xffff, 0xffff, 0xffff, 0xffff, 0xffff, 0xffff, 0xffff, 0xffff, 0xffff, 0xffff, 0xffff, 0xffff,
  0xffff, 0xffff, 0xffff, 0xffff, 0xffff, 0xffff, 0xffff, 0xffff, 0xffff, 0xffff, 0xffff, 0xffff,
  0xffff, 0xffff, 0xffff, 0xffff, 0xffff, 0xffff, 0xffff, 0xffff, 0xffff, 0xffff, 0xffff, 0xffff,
  0xffff, 0xffff, 0xfef7, 0xfff7, 0xffff, 0x9bff, 0xddff, 0xbeff, 0xffff, 0xffff, 0xdfff, 0xffff,
  0xfff7, 0xdfff, 0xdfff, 0xffff, 0x7eff, 0x3dff, 0x35f6, 0x0ef5, 0xcdf4, 0x13f2, 0x73e9, 0xb4f1,
  0x96f9, 0xd5f1, 0x74f1, 0x53f1, 0x31d9, 0x6648, 0x0008, 0x4110, 0x2210, 0x8108, 0x8108, 0x4108,
  0x0000, 0x0000, 0x0000, 0x0000, 0x0000, 0x0000, 0x0000, 0x0000, 0x0100, 0x0000, 0x2000, 0x6530,
  0x11d1, 0x55f9, 0x14f1, 0x94e9, 0x53f1, 0x15f9, 0x14f9, 0xf3f9, 0xd0fc, 0x0ffd, 0x0ffd, 0x0ff5,
  0x0ffd, 0xb8fe, 0xdfff, 0xfeff, 0xffff, 0xdfff, 0xdfff, 0xffff, 0xffff, 0xffff, 0xffff, 0xffff,
  0xffff, 0xffff, 0xffff, 0xffff, 0xffff, 0xffff, 0xffff, 0xffff, 0xffff, 0xffff, 0xffff, 0xffff,
  0xffff, 0xffff, 0xffff, 0xffff, 0xffff, 0xffff, 0xffff, 0xffff, 0xffff, 0xffff, 0xffff, 0xffff,
  0xffff, 0xffff, 0xffff, 0xffff, 0xffff, 0xffff, 0xffff, 0xffff, 0xffff, 0xffff, 0xffff, 0xffff,
  0xffff, 0xffff, 0xffff, 0xffff, 0xffff, 0xffff, 0xffff, 0xffff, 0xffff, 0xdfff, 0xdfff, 0xffff,
  0xfeff, 0xffff, 0xdfff, 0xdfff, 0xffff, 0xfeff, 0xdfff, 0xdfff, 0xbeff, 0xdef7, 0xdeff, 0xbfff,
  0x9eff, 0x56f6, 0xf0f4, 0xd0fc, 0x12f2, 0x54e9, 0xd4f1, 0xb5f9, 0x95f1, 0x55f1, 0x53e9, 0x11d9,
  0x6648, 0x2000, 0x2000, 0x2110, 0x6210, 0x8210, 0x4108, 0x0000, 0x0000, 0x0000, 0x0000, 0x0000,
  0x0000, 0x0000, 0x0000, 0x0000, 0x0000, 0x0000, 0x6530, 0x11d1, 0x53e9, 0x54f1, 0x75f9, 0x54f1,
  0x34f9, 0x35f9, 0x94f1, 0xd2fa, 0x31f3, 0xf0f3, 0xf0fc, 0x2ffd, 0xf2f5, 0x57fe, 0x57fe, 0x56fe,
  0x77fe, 0x99f6, 0xdeff, 0xffff, 0xffff, 0xdfff, 0xffff, 0xffff, 0xffff, 0xffff, 0xffff, 0xffff,
  0xffff, 0xffff, 0xffff, 0xffff, 0xffff, 0xffff, 0xffff, 0xffff, 0xffff, 0xffff, 0xffff, 0xffff,
  0xffff, 0xffff, 0xffff, 0xffff, 0xffff, 0xffff, 0xffff, 0xffff, 0xffff, 0xffff, 0xffff, 0xffff,
  0xffff, 0xffff, 0xffff, 0xffff, 0xffff, 0xffff, 0xffff, 0xffff, 0xffff, 0xffff, 0xffff, 0xffff,
  0xffff, 0xffff, 0xffff, 0xffff, 0xdfff, 0xdfff, 0xffff, 0xffff, 0xdfff, 0xdfff, 0xffff, 0xdfff,
  0xfeff, 0xdeff, 0x7eff, 0xb9f6, 0x56f6, 0x57fe, 0x56f6, 0x57fe, 0xf3e4, 0x52eb, 0x54fb, 0xf3f1,
  0x54f1, 0x94f1, 0xb5f9, 0xd5e9, 0x51c9, 0xca78, 0xa868, 0x4328, 0x2000, 0x2000, 0x6108, 0x8110,
  0x6210, 0x4108, 0x0000, 0x0000, 0x0000, 0x0000, 0x0000, 0x0000, 0x0000, 0x0008, 0x0000, 0x0000,
  0x0000, 0x4530, 0x11d1, 0x54f9, 0x14f9, 0x14f1, 0x53e9, 0x54f1, 0x34f1, 0x74f1, 0x53f1, 0x93e9,
  0xf1f2, 0xb0fc, 0xcffc, 0x2ff5, 0x10fd, 0xeffc, 0xeffc, 0x2ffd, 0xd4fd, 0xdeff, 0xffff, 0xffff,
  0xffff, 0xffff, 0xffff, 0xffff, 0xffff, 0xffff, 0xffff, 0xffff, 0xffff, 0xffff, 0xffff, 0xffff,
  0xffff, 0xffff, 0xffff, 0xffff, 0xffff, 0xffff, 0xffff, 0xffff, 0xffff, 0xffff, 0xffff, 0xffff,
  0xffff, 0xffff, 0xffff, 0xffff, 0xffff, 0xffff, 0xffff, 0xffff, 0xffff, 0xffff, 0xffff, 0xffff,
  0xffff, 0xffff, 0xffff, 0xffff, 0xffff, 0xffff, 0xffff, 0xffff, 0xffff, 0xffff, 0xffff, 0xffff,
  0xffff, 0xfeff, 0xffff, 0xdff7, 0xfef7, 0xffff, 0xbfff, 0xddff, 0xdef7, 0x3dff, 0xb3fd, 0x10fd,
  0x30fd, 0x30f5, 0x10fd, 0xb0f3, 0xf3f1, 0xd5f1, 0x93f1, 0x54f1, 0x74f1, 0xb5f9, 0xd5f1, 0x0d91,
  0x4310, 0x2108, 0x2108, 0x0000, 0x2108, 0x6110, 0x6210, 0x8210, 0x4108, 0x0000, 0x0000, 0x0000,
  0x0000, 0x0000, 0x0000, 0x0000, 0x0000, 0x2000, 0x2000, 0x0008, 0x4438, 0x0fc1, 0x52e9, 0x13f1,
  0x35f9, 0x74f1, 0x54f9, 0x34f9, 0x73f1, 0x34f1, 0x34f1, 0xf1fa, 0xf0fc, 0x0ffd, 0x2ffd, 0x0ffd,
  0x2ffd, 0x2ff5, 0x0efd, 0xd4fd, 0xfeff, 0xfff7, 0xfff7, 0xffff, 0xffff, 0xffff, 0xffff, 0xffff,
  0xffff, 0xffff, 0xffff, 0xffff, 0xffff, 0xffff, 0xffff, 0xffff, 0xffff, 0xffff, 0xffff, 0xffff,
  0xffff, 0xffff, 0xffff, 0xffff, 0xffff, 0xffff, 0xffff, 0xffff, 0xffff, 0xffff, 0xffff, 0xffff,
  0xffff, 0xffff, 0xffff, 0xffff, 0xffff, 0xffff, 0xffff, 0xffff, 0xffff, 0xffff, 0xffff, 0xffff,
  0xffff, 0xffff, 0xffff, 0xffff, 0xffff, 0xffff, 0xdfff, 0xffff, 0xfeff, 0xdfff, 0xdff7, 0xffff,
  0xdfff, 0xdfff, 0xfeff, 0xfff7, 0x7df7, 0xb2f5, 0x0ffd, 0x4ffd, 0x51fd, 0xeffc, 0x73fb, 0xb5f9,
  0x95f1, 0x74f1, 0x55e9, 0x53e9, 0x72e9, 0xd3e1, 0x0b89, 0x6210, 0x8208, 0x6208, 0x4108, 0x6208,
  0x8210, 0x8208, 0x6108, 0x2008, 0x0000, 0x0000, 0x0000, 0x0000, 0x0000, 0x0000, 0x0000, 0x0000,
  0x0000, 0x0000, 0x0008, 0x2108, 0x8638, 0x4648, 0xada0, 0x54f1, 0x34f9, 0x34f9, 0x35f9, 0x54f1,
  0x74f9, 0x14f9, 0xd1fa, 0xeff4, 0xeff4, 0x2ffd, 0x0ffd, 0x10fd, 0x10f5, 0x0ffd, 0xb4fd, 0xfeff,
  0xffff, 0xdfff, 0xffff, 0xffff, 0xdfff, 0xffff, 0xffff, 0xffff, 0xffff, 0xffff, 0xffff, 0xffff,
  0xffff, 0xffff, 0xffff, 0xffff, 0xffff, 0xffff, 0xffff, 0xffff, 0xffff, 0xffff, 0xffff, 0xffff,
  0xffff, 0xffff, 0xffff, 0xffff, 0xffff, 0xffff, 0xffff, 0xffff, 0xffff, 0xffff, 0xffff, 0xffff,
  0xffff, 0xffff, 0xffff, 0xffff, 0xffff, 0xffff, 0xffff, 0xffff, 0xffff, 0xffff, 0xffff, 0xffff,
  0xffff, 0xffff, 0xdfff, 0xdfff, 0xdfff, 0xdfff, 0xbfff, 0xbeff, 0xdfff, 0xdfff, 0xdff7, 0x5cff,
  0xb4f5, 0xf0fc, 0x10f5, 0x71f5, 0x10fd, 0x73fb, 0xb5f9, 0x93f1, 0x74f1, 0x54e9, 0x10c1, 0xa968,
  0xc850, 0xa538, 0x8208, 0x8110, 0x6108, 0x6108, 0x8208, 0x8210, 0x6208, 0x2000, 0x0000, 0x0000,
  0x0000, 0x0000, 0x0000, 0x0000, 0x0000, 0x0000, 0x2000, 0x0000, 0x2000, 0x0010, 0x0000, 0x0100,
  0x2000, 0xaa70, 0x54f1, 0x54f9, 0x34f1, 0x35f9, 0x34f1, 0x73f1, 0x54f1, 0xf2fa, 0xf0f4, 0x10fd,
  0x2ffd, 0x0ffd, 0x0ffd, 0xeefc, 0x0ffd, 0xd4fd, 0xdeff, 0xffff, 0xffff, 0xffff, 0xffff, 0xffff,
  0xffff, 0xffff, 0xffff, 0xffff, 0xffff, 0xffff, 0xffff, 0xffff, 0xffff, 0xffff, 0xffff, 0xffff,
  0xffff, 0xffff, 0xffff, 0xffff, 0xffff, 0xffff, 0xffff, 0xffff, 0xffff, 0xffff, 0xffff, 0xffff,
  0xffff, 0xffff, 0xffff, 0xffff, 0xffff, 0xffff, 0xffff, 0xffff, 0xffff, 0xffff, 0xffff, 0xffff,
  0xffff, 0xffff, 0xffff, 0xffff, 0xffff, 0xffff, 0xffff, 0xffff, 0xffff, 0xffff, 0xdfff, 0xdff7,
  0xdfff, 0xdfff, 0xdfff, 0xdfff, 0xffff, 0xfff7, 0x7cff, 0x94f5, 0xcffc, 0x10fd, 0x70f5, 0x30fd,
  0x91f3, 0xb5f1, 0x94f1, 0x74f9, 0x54f1, 0x0fb1, 0x2428, 0x0108, 0x4110, 0x8110, 0x8108, 0x8110,
  0x6210, 0x6210, 0x4108, 0x2108, 0x0000, 0x0000, 0x0000, 0x0000, 0x0000, 0x0000, 0x0000, 0x0000,
  0x0000, 0x0000, 0x0000, 0x2000, 0x0000, 0x0000, 0x0000, 0x2000, 0x8970, 0x34f1, 0x74f9, 0x54f1,
  0x35f9, 0x55f1, 0x72e9, 0x73e9, 0xb2f2, 0xf1fb, 0x10fc, 0x30f4, 0x31f4, 0x30f4, 0xf0f3, 0x51f4,
  0xd5f4, 0x3cfe, 0x5cf6, 0xdafe, 0x1aff, 0x5bf7, 0xdeff, 0xffff, 0xffff, 0xffff, 0xffff, 0xffff,
  0xffff, 0xffff, 0xffff, 0xffff, 0xffff, 0xffff, 0xffff, 0xffff, 0xffff, 0xffff, 0xffff, 0xffff,
  0xffff, 0xffff, 0xffff, 0xffff, 0xffff, 0xffff, 0xffff, 0xffff, 0xffff, 0xffff, 0xffff, 0xffff,
  0xffff, 0xffff, 0xffff, 0xffff, 0xffff, 0xffff, 0xffff, 0xffff, 0xffff, 0xdfff, 0xffff, 0xffff,
  0xffff, 0xdfff, 0xdfff, 0xdeff, 0xffff, 0xbeff, 0x3bf7, 0x19f7, 0xfafe, 0x1aff, 0x1bff, 0xdcfe,
  0x5df6, 0x3af6, 0x52ed, 0x0ef5, 0x10fd, 0x51f4, 0x31fc, 0x32f3, 0xd5f1, 0xb5f1, 0xb4f9, 0x74f1,
  0xeeb0, 0x2220, 0x4000, 0x2000, 0x4008, 0x2008, 0x4110, 0x2108, 0x0008, 0x2000, 0x2000, 0x0000,
  0x0000, 0x0000, 0x0000, 0x0000, 0x0000, 0x0000, 0x0000, 0x0000, 0x0000, 0x0000, 0x2000, 0x0000,
  0x2000, 0x0000, 0x0000, 0x8978, 0x34f1, 0x34f9, 0x33f9, 0x14f9, 0x53f1, 0x14f9, 0x15f9, 0x54f9,
  0xb3f9, 0x73f9, 0x93f1, 0x95f1, 0x74f1, 0x74f9, 0xb3f9, 0x73f1, 0xd5f1, 0xf4f1, 0xf2fb, 0xd2fc,
  0xb5f5, 0x3cff, 0xffff, 0xffff, 0xffff, 0xffff, 0xffff, 0xffff, 0xffff, 0xffff, 0xffff, 0xffff,
  0xffff, 0xffff, 0xffff, 0xffff, 0xffff, 0xffff, 0xffff, 0xffff, 0xffff, 0xffff, 0xffff, 0xffff,
  0xffff, 0xffff, 0xffff, 0xffff, 0xffff, 0xffff, 0xffff, 0xffff, 0xffff, 0xffff, 0xffff, 0xffff,
  0xffff, 0xffff, 0xffff, 0xffff, 0xfeff, 0xffff, 0xffff, 0xffff, 0xdfff, 0xffff, 0xdef7, 0xdfff,
  0x3cff, 0xd4ed, 0x10f5, 0x11fd, 0x71fd, 0x71fd, 0xb3fb, 0xb5f1, 0x54f2, 0x10f4, 0xcff4, 0x30fc,
  0x54ea, 0xd4f1, 0xb4e9, 0x93f9, 0xb4f9, 0xd5f1, 0xb5f1, 0x4fb1, 0x4220, 0x4000, 0x0000, 0x0008,
  0x0000, 0x2000, 0x2000, 0x2000, 0x0000, 0x0008, 0x0000, 0x0000, 0x0000, 0x0000, 0x0000, 0x0000,
  0x0000, 0x0000, 0x0000, 0x0000, 0x0000, 0x0000, 0x0000, 0x0000, 0x0000, 0x0100, 0xaa70, 0x54f1,
  0x55f1, 0x54e9, 0x54f1, 0x55e9, 0x74f1, 0x54f1, 0x54f1, 0x34f1, 0x54f9, 0x54f9, 0x54f1, 0x34f1,
  0x75e9, 0x35f9, 0x54f1, 0x53f9, 0xb3f1, 0xf0f3, 0xedfc, 0x4ffd, 0x7cff, 0xffff, 0xfeff, 0xffff,
  0xffff, 0xffff, 0xffff, 0xffff, 0xffff, 0xffff, 0xffff, 0xffff, 0xffff, 0xffff, 0xffff, 0xffff,
  0xffff, 0xffff, 0xffff, 0xffff, 0xffff, 0xffff, 0xffff, 0xffff, 0xffff, 0xfff7, 0xffff, 0xfeff,
  0xffff, 0xffff, 0xfff7, 0xffff, 0xffff, 0xffff, 0xffff, 0xffff, 0xffff, 0xffff, 0xffff, 0xfeff,
  0xbfff, 0xbfff, 0xfeff, 0xfdff, 0xffff, 0xdfff, 0xdff7, 0x7cff, 0x51f5, 0x0ffd, 0x0ffd, 0x30fd,
  0x50fd, 0x51f3, 0x55e9, 0xd5f1, 0xb0f3, 0x0fed, 0xf0fb, 0x53f9, 0x53e9, 0x15f1, 0x74f9, 0x95f1,
  0xb5e9, 0xb5f1, 0x4fb1, 0xa530, 0x8100, 0xa108, 0x6000, 0x2000, 0x0000, 0x0000, 0x0000, 0x0000,
  0x0000, 0x0000, 0x0000, 0x0000, 0x0000, 0x0000, 0x0000, 0x0000, 0x0000, 0x0000, 0x0000, 0x0000,
  0x0000, 0x0000, 0x0000, 0x0000, 0x0000, 0x6540, 0xcb88, 0xcc90, 0xcb88, 0xab90, 0xaca0, 0x53f1,
  0x54f1, 0x54f9, 0x54f9, 0x54f9, 0x54f9, 0x54f1, 0x54f1, 0x73f1, 0x33f9, 0x34f1, 0x14f9, 0x74f1,
  0xf2f3, 0xf0fc, 0x51f5, 0x7dff, 0xfff7, 0xffff, 0xffff, 0xffff, 0xffff, 0xffff, 0xdfff, 0xffff,
  0xffff, 0xffff, 0xdfff, 0xdfff, 0xffff, 0xffff, 0xffff, 0xffff, 0xffff, 0xffff, 0xffff, 0xffff,
  0xffff, 0xffff, 0xffff, 0xfeff, 0xffff, 0xffff, 0xdfff, 0xdfff, 0xffff, 0xffff, 0xffff, 0xffff,
  0xffff, 0xffff, 0xffff, 0xffff, 0xdfff, 0xffff, 0xfef7, 0xf9fe, 0x97fe, 0x1aff, 0xdfff, 0xfff7,
  0x1aff, 0x98fe, 0x76fe, 0x51f5, 0x30fd, 0xf1fc, 0xd2f3, 0x92fb, 0x71fb, 0x0ff3, 0x10eb, 0x31eb,
  0x51f3, 0xf1fa, 0x74f1, 0x52e1, 0x0fb9, 0xea88, 0x0c99, 0x2c91, 0x2ca1, 0x0971, 0xa428, 0x6108,
  0x8218, 0x6210, 0x4108, 0x0000, 0x0000, 0x0000, 0x0000, 0x0000, 0x0000, 0x0000, 0x0000, 0x0000,
  0x0000, 0x0000, 0x0000, 0x0000, 0x0000, 0x0000, 0x0000, 0x0000, 0x0000, 0x0000, 0x0000, 0x2000,
  0x0000, 0x2108, 0x0108, 0x2000, 0x0108, 0x4328, 0x33e9, 0x34f1, 0x54f9, 0x35f9, 0x35f9, 0x34f9,
  0x35f9, 0x15f9, 0x53f9, 0x53f1, 0x54f1, 0x34f9, 0x94f1, 0xd1fb, 0xeffc, 0x51fd, 0x7cff, 0xdfff,
  0xffff, 0xffff, 0xffff, 0xffff, 0xffff, 0xffff, 0xffff, 0xffff, 0xffff, 0xfff7, 0xffff, 0xffff,
  0xdfff, 0xffff, 0xffff, 0xffff, 0xffff, 0xffff, 0xffff, 0xffff, 0xffff, 0xffff, 0xdfff, 0xdfff,
  0xffff, 0xffff, 0xffff, 0xffff, 0xffff, 0xffff, 0xffff, 0xffff, 0xffff, 0xffff, 0xfeff, 0xdfff,
  0xfff7, 0xdeff, 0xf3fd, 0x0efd, 0xf4f5, 0xbeff, 0xdff7, 0x56fe, 0x10fd, 0x10f5, 0x0ff5, 0x10fd,
  0x51fc, 0x34f2, 0x74e9, 0x12f3, 0xcef4, 0x70f4, 0x52f2, 0x93f1, 0xb3f1, 0x56e9, 0x73f1, 0xcb80,
  0x0110, 0x0110, 0x8208, 0x6218, 0x8210, 0x8100, 0x6108, 0x6210, 0x6208, 0x2000, 0x0000, 0x0000,
  0x0000, 0x0000, 0x0000, 0x0000, 0x0000, 0x0000, 0x0000, 0x0000, 0x0000, 0x0000, 0x0000, 0x0000,
  0x0000, 0x0000, 0x0000, 0x0000, 0x0000, 0x0000, 0x0000, 0x0000, 0x2000, 0x2008, 0x2000, 0x2000,
  0x4220, 0x31d9, 0x52e1, 0x53e1, 0x53e1, 0x33e1, 0x53e1, 0x53e1, 0x53e9, 0x75f1, 0x55e9, 0x54f1,
  0x53f1, 0x93f1, 0xb0fb, 0xcff4, 0x32fd, 0x1bff, 0x9eff, 0xdff7, 0xdfff, 0x9fff, 0x9fff, 0x9fff,
  0x9fff, 0x9fff, 0x9eff, 0xbeff, 0xddff, 0xddff, 0xdfff, 0xdfff, 0xffff, 0xffff, 0xffff, 0xffff,
  0xffff, 0xffff, 0xffff, 0xffff, 0xffff, 0xffff, 0xfeff, 0xfeff, 0xfef7, 0xfff7, 0xdfff, 0xbeff,
  0xdeff, 0xdeff, 0xdfff, 0xdeff, 0xdeff, 0xdeff, 0xfeff, 0xdef7, 0x9dff, 0x74fd, 0xd0fc, 0xb4fd,
  0x5dff, 0x7eff, 0x16fe, 0xd0f4, 0xb0fc, 0xd0fc, 0x10fd, 0x51fc, 0x13fa, 0x74f1, 0x32f3, 0xceec,
  0x90f4, 0x91ea, 0x94e1, 0x94e9, 0x75e9, 0x93f1, 0x0b89, 0x6210, 0x4100, 0x0000, 0x2108, 0x8208,
  0x8108, 0x6110, 0x6208, 0x4100, 0x0000, 0x0000, 0x0000, 0x0000, 0x0000, 0x0000, 0x0000, 0x0000,
  0x0000, 0x0000, 0x0000, 0x0000, 0x0000, 0x0000, 0x0000, 0x0000, 0x0000, 0x0000, 0x0000, 0x0000,
  0x0000, 0x0000, 0x2208, 0x2100, 0x0008, 0x0000, 0x2100, 0x0100, 0x4540, 0x4540, 0x4540, 0x2540,
  0x2540, 0x4640, 0x4540, 0x6760, 0xf1d8, 0xf5f8, 0x15f9, 0x33f1, 0x74f1, 0xd3f9, 0x33fa, 0x13fa,
  0xf7f2, 0x17f3, 0x17eb, 0xf7f2, 0x17fb, 0xf7fa, 0x17fb, 0x17fb, 0xf7fa, 0x16fb, 0xd6fb, 0x74f5,
  0xd4f5, 0xdafe, 0xbfff, 0xfff7, 0xffff, 0xffff, 0xffff, 0xffff, 0xffff, 0xffff, 0xffff, 0xffff,
  0xfef7, 0xdeff, 0xdfff, 0xdfff, 0x9dff, 0x98fe, 0xd3fd, 0xb3fd, 0xb4fd, 0xb4fd, 0xb4fd, 0xb3fd,
  0xb3fd, 0x93fd, 0xb2f5, 0x95fd, 0x53f3, 0x32f2, 0x53ea, 0xf7fa, 0xf6f2, 0xd3f2, 0x73f2, 0x54f2,
  0x33f2, 0x93f2, 0x54f2, 0xb4f1, 0xd4e9, 0x74f2, 0x53fa, 0x12ea, 0x2b81, 0xe648, 0xe650, 0xa648,
  0xc540, 0x8328, 0xa210, 0x4110, 0x0000, 0x0000, 0x2100, 0x4108, 0x4110, 0x2108, 0x0000, 0x0000,
  0x0000, 0x0000, 0x0000, 0x0000, 0x0000, 0x0000, 0x0000, 0x0000, 0x0000, 0x0000, 0x0000, 0x0000,
  0x0000, 0x0000, 0x0000, 0x0000, 0x0000, 0x0000, 0x0000, 0x0000, 0x0000, 0x2000, 0x0000, 0x0008,
  0x0000, 0x0008, 0x0110, 0x0000, 0x0000, 0x0000, 0x0000, 0x0000, 0x0000, 0x0000, 0x6538, 0x10d1,
  0x34f9, 0x55f9, 0x34f1, 0x15f9, 0x34f9, 0x34f1, 0x14f9, 0x34f9, 0x34f9, 0x54f9, 0x33f9, 0x34f1,
  0x34f1, 0x34f1, 0x34f1, 0x34f1, 0x53f1, 0x73fa, 0xb0fc, 0x2ff5, 0x99fe, 0xdfff, 0xfff7, 0xdfff,
  0xdfff, 0xffff, 0xffff, 0xffff, 0xffff, 0xffff, 0xffff, 0xffff, 0xdfff, 0xffff, 0xffff, 0xbdff,
  0x34fe, 0xeef4, 0x0ef5, 0x0ef5, 0x0ff5, 0x0ff5, 0x0ff5, 0x0ef5, 0x10fd, 0x2dfd, 0x8ffc, 0x52ea,
  0x54f1, 0x53f1, 0x54f1, 0xf4f0, 0x33f1, 0x14f1, 0x14f1, 0x33e9, 0x95f9, 0xb6f9, 0xd5f1, 0xb5e9,
  0xd5e9, 0xb4f1, 0xb2d1, 0xe850, 0x6208, 0x4210, 0x4218, 0x8208, 0x8210, 0xa210, 0x6110, 0x2000,
  0x2000, 0x2100, 0x0000, 0x0000, 0x0000, 0x0000, 0x0000, 0x0000, 0x0000, 0x0000, 0x0000, 0x0000,
  0x0000, 0x0000, 0x0000, 0x0000, 0x0000, 0x0000, 0x0000, 0x0000, 0x0000, 0x0000, 0x0000, 0x0000,
  0x0000, 0x0000, 0x0000, 0x0000, 0x2000, 0x0008, 0x2000, 0x2000, 0x2000, 0x0000, 0x0000, 0x0000,
  0x0000, 0x0000, 0x0000, 0x0000, 0x0000, 0x4430, 0xeca0, 0x0fb9, 0x31d1, 0x54f1, 0x34f9, 0x54f1,
  0x74f1, 0x74f1, 0x34f1, 0x54f1, 0x54f1, 0x54f1, 0x54f9, 0x34f1, 0x54f1, 0x54f1, 0x34f1, 0x73f1,
  0x92fa, 0xeff4, 0x2ff5, 0xd7fd, 0x7dfe, 0xbcf6, 0x1cff, 0x3bff, 0x3bff, 0x3bff, 0x3bff, 0x3bff,
  0x3bff, 0x3bff, 0x9cfe, 0x7cfe, 0xbbf6, 0x3bf7, 0x3bf7, 0xf5fd, 0x10fd, 0x0ffd, 0x10fd, 0x10fd,
  0xd0fc, 0x51fc, 0x50fc, 0xb0fc, 0x2ef5, 0xb0fc, 0x34fa, 0x15f9, 0x33f1, 0x34e9, 0x54f1, 0x54f1,
  0x54f1, 0x53f1, 0x72f1, 0x73f1, 0x74f9, 0x95f9, 0x94f9, 0xb4f1, 0x95f9, 0x92d9, 0xe750, 0x6108,
  0x4100, 0x4110, 0x8100, 0x8208, 0x6208, 0x8218, 0x4008, 0x0000, 0x0000, 0x0000, 0x2000, 0x0000,
  0x0000, 0x0000, 0x0000, 0x0000, 0x0000, 0x0000, 0x0000, 0x0000, 0x0000, 0x0000, 0x0000, 0x0000,
  0x0000, 0x0000, 0x0000, 0x0000, 0x0000, 0x0000, 0x0000, 0x0000, 0x0000, 0x0000, 0x0000, 0x0000,
  0x0000, 0x0000, 0x0000, 0x0000, 0x0000, 0x0000, 0x0000, 0x0000, 0x0000, 0x0000, 0x0000, 0x0000,
  0x2108, 0x4318, 0x6428, 0x6970, 0x53e9, 0x55f1, 0x34f1, 0x54f9, 0x54f9, 0x34f1, 0x34f9, 0x54f9,
  0x34f1, 0x35f9, 0x34f9, 0x55f9, 0x35f9, 0x34f1, 0x53f1, 0x92fa, 0xeffc, 0xd0fc, 0x53f3, 0x36fa,
  0xd4f2, 0xd2fc, 0x71fd, 0x51fd, 0x71fd, 0x71fd, 0x51fd, 0x51fd, 0x32fd, 0xd5f2, 0x36fa, 0x54fb,
  0x32f5, 0x71fd, 0x10fd, 0x0efd, 0x0efd, 0x0ffd, 0x2ef5, 0x31fc, 0xf2f1, 0xf3f9, 0xb1fb, 0x0ef5,
  0xb0fc, 0x52f2, 0x54f1, 0x54f1, 0x34f9, 0x34f1, 0x34f1, 0x54f1, 0x34f1, 0x34f1, 0x54f1, 0x74f1,
  0x95f1, 0x95f9, 0x95e9, 0x76f9, 0x52d9, 0x8648, 0x2000, 0x0000, 0x0000, 0x2000, 0x6108, 0x8210,
  0x8210, 0x2000, 0x0000, 0x0000, 0x0000, 0x0000, 0x0000, 0x0000, 0x0000, 0x0000, 0x0000, 0x0000,
  0x0000, 0x0000, 0x0000, 0x0000, 0x0000, 0x0000, 0x0000, 0x0000, 0x0000, 0x0000, 0x0000, 0x0000,
  0x0000, 0x0000, 0x0000, 0x0000, 0x0000, 0x0000, 0x0000, 0x0000, 0x0000, 0x0000, 0x0000, 0x0000,
  0x0000, 0x0000, 0x0000, 0x0000, 0x0000, 0x0000, 0x0000, 0x0000, 0x0000, 0x2100, 0x6858, 0x32f1,
  0x55f1, 0x54f1, 0x74f9, 0x74f9, 0x53f1, 0x54f9, 0x74f9, 0x53f1, 0x55f9, 0x54f9, 0x54f9, 0x55f9,
  0x54f1, 0x74f9, 0x93fa, 0xeff4, 0xf0fc, 0xd1f2, 0x35f1, 0xd3f1, 0x50fc, 0x2ffd, 0x0ffd, 0x10fd,
  0x0ffd, 0x0ffd, 0x10fd, 0xf0fc, 0x13f2, 0x54f9, 0xb4fa, 0xd1fc, 0x2ffd, 0xeffc, 0x4ff5, 0x0ffd,
  0x10fd, 0x2efd, 0x10fc, 0x92f9, 0x55f9, 0x91fb, 0x2ffd, 0xb0fc, 0x52fa, 0x54f1, 0x54f1, 0x35f9,
  0x55f1, 0x55f1, 0x55f1, 0x35f1, 0x54f1, 0x55f1, 0x54f1, 0x73f1, 0x53f9, 0x33f9, 0x34f9, 0x51d1,
  0x8648, 0x2008, 0x0000, 0x2000, 0x4108, 0x6108, 0x8210, 0x8210, 0x2000, 0x0000, 0x0000, 0x0000,
  0x0000, 0x0000, 0x0000, 0x0000, 0x0000, 0x0000, 0x0000, 0x0000, 0x0000, 0x0000, 0x0000, 0x0000,
  0x0000, 0x0000, 0x0000, 0x0000, 0x0000, 0x0000, 0x0000, 0x0000, 0x0000, 0x0000, 0x0000, 0x0000,
  0x0000, 0x0000, 0x0000, 0x0000, 0x0000, 0x0000, 0x0000, 0x0000, 0x0000, 0x0000, 0x0000, 0x0000,
  0x0000, 0x0000, 0x0000, 0x0008, 0x0000, 0x2438, 0xab88, 0xac88, 0x8c90, 0xac90, 0xac90, 0x8c90,
  0xac90, 0xac90, 0x8c90, 0xab90, 0xab90, 0xab90, 0xab90, 0xab90, 0xcb90, 0x6a91, 0x899a, 0xc992,
  0x8a89, 0xcc90, 0x0b91, 0x6a92, 0xe992, 0xc992, 0xc992, 0xc892, 0xc892, 0xc992, 0xa992, 0x2a89,
  0x8b90, 0x4a91, 0xa992, 0xe99a, 0xc99a, 0xe992, 0xc98a, 0xc892, 0x088b, 0x4a92, 0xcb88, 0xeb88,
  0xea91, 0xe992, 0xc98a, 0x6a81, 0xeb80, 0xcb88, 0xab88, 0xab90, 0xab90, 0xab90, 0x8a90, 0x8a90,
  0xab90, 0xab88, 0xab88, 0xcb88, 0xcc90, 0xcc88, 0xea68, 0x4328, 0x0000, 0x0000, 0x4108, 0x6108,
  0x6108, 0x8210, 0x4108, 0x0000, 0x0000, 0x0000, 0x0000, 0x0000, 0x0000, 0x0000, 0x0000, 0x0000,
  0x0000, 0x0000, 0x0000, 0x0000, 0x0000, 0x0000, 0x0000, 0x0000, 0x0000, 0x0000, 0x0000, 0x0000,
  0x0000, 0x0000, 0x0000, 0x0000, 0x0000, 0x0000, 0x0000, 0x0000, 0x0000, 0x0000, 0x0000, 0x0000,
  0x0000, 0x0000, 0x0000, 0x0000, 0x0000, 0x0000, 0x0000, 0x0000, 0x0000, 0x0000, 0x0008, 0x0008,
  0x0000, 0x4100, 0x0000, 0x0000, 0x0000, 0x0000, 0x0000, 0x0000, 0x0000, 0x0000, 0x0000, 0x0000,
  0x0000, 0x0000, 0x0000, 0x0000, 0x0000, 0x2008, 0x0000, 0x0000, 0x0000, 0x0000, 0x2000, 0x2000,
  0x2000, 0x2000, 0x0000, 0x0000, 0x2000, 0x0000, 0x2000, 0x0000, 0x0000, 0x0000, 0x0000, 0x0000,
  0x0000, 0x0008, 0x0108, 0x2000, 0x4000, 0x0000, 0x0000, 0x0000, 0x2000, 0x2000, 0x0108, 0x0108,
  0x0000, 0x0000, 0x2000, 0x2000, 0x0000, 0x0000, 0x0000, 0x0000, 0x0000, 0x0108, 0x0000, 0x0100,
  0x0100, 0x2100, 0x2000, 0x4008, 0x2000, 0x6108, 0x6108, 0x6108, 0x4108, 0x2000, 0x0000, 0x0000,
  0x0000, 0x0000, 0x0000, 0x0000, 0x0000, 0x0000, 0x0000, 0x0000, 0x0000, 0x0000, 0x0000, 0x0000,
  0x0000, 0x0000, 0x0000, 0x0000, 0x0000, 0x0000, 0x0000, 0x0000, 0x0000, 0x0000, 0x0000, 0x0000,
  0x0000, 0x0000, 0x0000, 0x0000, 0x0000, 0x0000, 0x0000, 0x0000, 0x0000, 0x0000, 0x0000, 0x0000,
  0x0000, 0x0000, 0x0000, 0x0000, 0x0000, 0x0000, 0x2000, 0x0000, 0x0000, 0x0000, 0x0000, 0x0000,
  0x0000, 0x0000, 0x0000, 0x0000, 0x0000, 0x0000, 0x0000, 0x0000, 0x0000, 0x0000, 0x0000, 0x0000,
  0x0000, 0x0000, 0x0100, 0x0000, 0x0000, 0x0000, 0x0000, 0x0000, 0x0000, 0x0000, 0x0000, 0x0000,
  0x0000, 0x0000, 0x0000, 0x2000, 0x0000, 0x0100, 0x0000, 0x0000, 0x0000, 0x0000, 0x0000, 0x2000,
  0x0100, 0x0000, 0x0000, 0x0000, 0x0000, 0x0000, 0x0000, 0x0000, 0x0000, 0x0000, 0x0000, 0x0000,
  0x0000, 0x0000, 0x0000, 0x0000, 0x2000, 0x0000, 0x0000, 0x0000, 0x0000, 0x0000, 0x0000, 0x0000,
  0x0000, 0x0000, 0x0000, 0x0000, 0x0000, 0x0000, 0x0000, 0x0000, 0x0000, 0x0000, 0x0000, 0x0000,
  0x0000, 0x0000, 0x0000, 0x0000, 0x0000, 0x0000, 0x0000, 0x0000, 0x0000, 0x0000, 0x0000, 0x0000,
  0x0000, 0x0000, 0x0000, 0x0000, 0x0000, 0x0000, 0x0000, 0x0000, 0x0000, 0x0000, 0x0000, 0x0000,
  0x0000, 0x0000, 0x0000, 0x0000, 0x0000, 0x0000, 0x0000, 0x0000, 0x0000, 0x0000, 0x0000, 0x0000,
  0x0000, 0x0000, 0x0000, 0x0000, 0x0000, 0x0000, 0x0000, 0x0000, 0x0000, 0x0000, 0x0000, 0x0000,
  0x0000, 0x0000, 0x0000, 0x0000, 0x0000, 0x0000, 0x0000, 0x0000, 0x2000, 0x0000, 0x0000, 0x0000,
  0x0000, 0x0000, 0x0000, 0x0000, 0x0000, 0x0000, 0x0000, 0x0000, 0x0000, 0x0000, 0x2000, 0x0000,
  0x0000, 0x0000, 0x0000, 0x0000, 0x0000, 0x0000, 0x0000, 0x0000, 0x0000, 0x0000, 0x0000, 0x0000,
  0x0000, 0x0000, 0x0000, 0x2000, 0x0000, 0x0000, 0x0000, 0x0000, 0x0000, 0x0000, 0x0000, 0x0000,
  0x0000, 0x0000, 0x0000, 0x0000, 0x0000, 0x0000, 0x0000, 0x0000, 0x0000, 0x0000, 0x0000, 0x0000,
  0x0000, 0x0000, 0x0000, 0x0000, 0x0000, 0x0000, 0x0000, 0x0000, 0x0000, 0x0000, 0x0000, 0x0000,
  0x0000, 0x0000, 0x0000, 0x0000, 0x0000, 0x0000, 0x0000, 0x0000, 0x0000, 0x0000, 0x0000, 0x0000,
  0x0000, 0x0000, 0x0000, 0x0000, 0x0000, 0x0000, 0x0000, 0x0000, 0x0000, 0x0000, 0x0000, 0x0000,
  0x0000, 0x0000, 0x0000, 0x0000, 0x0000, 0x0000, 0x0000, 0x0000, 0x0000, 0x0000, 0x0000, 0x0000,
  0x0000, 0x0000, 0x0000, 0x0000, 0x0000, 0x0000, 0x0000, 0x0000, 0x0000, 0x0000, 0x0000, 0x0000,
  0x0000, 0x0000, 0x0000, 0x0000, 0x0000, 0x0000, 0x0000, 0x0000, 0x0000, 0x0000, 0x0000, 0x0000,
  0x0000, 0x0000, 0x0000, 0x0000, 0x0000, 0x0000, 0x0000, 0x0000, 0x0000, 0x0000, 0x0000, 0x0000,
  0x0000, 0x0000, 0x0000, 0x0000, 0x0000, 0x0000, 0x0000, 0x0000, 0x0000, 0x0000, 0x0000, 0x0000,
  0x0000, 0x0000, 0x0000, 0x0000, 0x0000, 0x0000, 0x0000, 0x0000, 0x0000, 0x0000, 0x0000, 0x0000,
  0x0000, 0x0000, 0x0000, 0x0000, 0x0000, 0x0000, 0x0000, 0x0000, 0x0000, 0x0000, 0x0000, 0x0000,
  0x0000, 0x0000, 0x0000, 0x0000, 0x0000, 0x0000, 0x0000, 0x0000, 0x0000, 0x0000, 0x0000, 0x0000,
  0x0000, 0x0000, 0x0000, 0x0000, 0x0000, 0x0000, 0x0000, 0x0000, 0x0000, 0x0000, 0x0000, 0x0000,
  0x0000, 0x0000, 0x0000, 0x0000, 0x0000, 0x0000, 0x0000, 0x0000, 0x0000, 0x0000, 0x0000, 0x0000,
  0x0000, 0x0000, 0x0000, 0x0000, 0x0000, 0x0000, 0x0000, 0x0000, 0x0000, 0x0000, 0x0000, 0x0000,
  0x0000, 0x0000, 0x0000, 0x0000, 0x0000, 0x0000, 0x0000, 0x0000, 0x0000, 0x0000, 0x0000, 0x0000,
  0x0000, 0x0000, 0x0000, 0x0000, 0x0000, 0x0000, 0x0000, 0x0000, 0x0000, 0x0000, 0x0000, 0x0000,
  0x0000, 0x0000, 0x0000, 0x0000, 0x0000, 0x0000, 0x0000, 0x0000, 0x0000, 0x0000, 0x0000, 0x0000,
  0x0000, 0x0000, 0x0000, 0x0000, 0x0000, 0x0000, 0x0000, 0x0000, 0x0000, 0x0000, 0x0000, 0x0000,
  0x0000, 0x0000, 0x0000, 0x0000, 0x0000, 0x0000, 0x0000, 0x0000, 0x0000, 0x0000, 0x0000, 0x0000,
  0x0000, 0x0000, 0x0000, 0x0000, 0x0000, 0x0000, 0x0000, 0x0000, 0x0000, 0x0000, 0x0000, 0x0000,
  0x0000, 0x0000, 0x0000, 0x0000, 0x0000, 0x0000, 0x0000, 0x0000, 0x0000, 0x0000, 0x0000, 0x0000,
  0x0000, 0x0000, 0x0000, 0x0000, 0x0000, 0x0000, 0x0000, 0x0000, 0x0000, 0x0000, 0x0000, 0x0000,
  0x0000, 0x0000, 0x0000, 0x0000, 0x0000, 0x0000, 0x0000, 0x0000, 0x0000, 0x0000, 0x0000, 0x0000,
  0x0000, 0x0000, 0x0000, 0x0000, 0x0000, 0x0000, 0x0000, 0x0000, 0x0000, 0x0000, 0x0000, 0x0000,
  0x0000, 0x0000, 0x0000, 0x0000, 0x0000, 0x0000, 0x0000, 0x0000, 0x0000, 0x0000, 0x0000, 0x0000,
  0x0000, 0x0000, 0x0000, 0x0000, 0x0000, 0x0000, 0x0000, 0x0000, 0x0000, 0x0000, 0x0000, 0x0000,
  0x0000, 0x0000, 0x0000, 0x0000, 0x0000, 0x0000, 0x0000, 0x0000, 0x0000, 0x0000, 0x0000, 0x0000,
  0x0000, 0x0000, 0x0000, 0x0000, 0x0000, 0x0000, 0x0000, 0x0000, 0x0000, 0x0000, 0x0000, 0x0000,
  0x0000, 0x0000, 0x0000, 0x0000, 0x0000, 0x0000, 0x0000, 0x0000, 0x0000, 0x0000, 0x0000, 0x0000,
  0x0000, 0x0000, 0x0000, 0x0000, 0x0000, 0x0000, 0x0000, 0x0000, 0x0000, 0x0000, 0x0000, 0x0000,
  0x0000, 0x0000, 0x0000, 0x0000, 0x0000, 0x0000, 0x0000, 0x0000, 0x0000, 0x0000, 0x0000, 0x0000,
  0x0000, 0x0000, 0x0000, 0x0000, 0x0000, 0x0000, 0x0000, 0x0000, 0x0000, 0x0000, 0x0000, 0x0000,
  0x0000, 0x0000, 0x0000, 0x0000, 0x0000, 0x0000, 0x0000, 0x0000, 0x0000, 0x0000, 0x0000, 0x0000,
  0x0000, 0x0000, 0x0000, 0x0000, 0x0000, 0x0000, 0x0000, 0x0000, 0x0000, 0x0000, 0x0000, 0x0000,
  0x0000, 0x0000, 0x0000, 0x0000, 0x0000, 0x0000, 0x0000, 0x0000, 0x0000, 0x0000, 0x0000, 0x0000,
  0x0000, 0x0000, 0x0000, 0x0000, 0x0000, 0x0000, 0x0000, 0x0000, 0x0000, 0x0000, 0x0000, 0x0000,
  0x0000, 0x0000, 0x0000, 0x0000, 0x0000, 0x0000, 0x0000, 0x0000, 0x0000, 0x0000, 0x0000, 0x0000,
  0x0000, 0x0000, 0x0000, 0x0000, 0x0000, 0x0000, 0x0000, 0x0000, 0x0000, 0x0000, 0x0000, 0x0000,
  0x0000, 0x0000, 0x0000, 0x0000, 0x0000, 0x0000, 0x0000, 0x0000, 0x0000, 0x0000, 0x0000, 0x0000,
  0x0000, 0x0000, 0x0000, 0x0000, 0x0000, 0x0000, 0x0000, 0x0000, 0x0000, 0x0000, 0x0000, 0x0000,
  0x0000, 0x0000, 0x0000, 0x0000, 0x0000, 0x0000, 0x0000, 0x0000, 0x0000, 0x0000, 0x0000, 0x0000,
  0x0000, 0x0000, 0x0000, 0x0000, 0x0000, 0x0000, 0x0000, 0x0000, 0x0000, 0x0000, 0x0000, 0x0000,
  0x0000, 0x0000, 0x0000, 0x0000, 0x0000, 0x0000, 0x0000, 0x0000, 0x0000, 0x0000, 0x0000, 0x0000,
  0x0000, 0x0000, 0x0000, 0x0000, 0x0000, 0x0000, 0x0000, 0x0000, 0x0000, 0x0000, 0x0000, 0x0000,
  0x0000, 0x0000, 0x0000, 0x0000, 0x0000, 0x0000, 0x0000, 0x0000, 0x0000, 0x0000, 0x0000, 0x0000,
  0x0000, 0x0000, 0x0000, 0x0000, 0x0000, 0x0000, 0x0000, 0x0000, 0x0000, 0x0000, 0x0000, 0x0000,
  0x0000, 0x0000, 0x0000, 0x0000, 0x0000, 0x0000, 0x0000, 0x0000, 0x0000, 0x0000, 0x0000, 0x0000,
  0x0000, 0x0000, 0x0000, 0x0000, 0x0000, 0x0000, 0x0000, 0x0000, 0x0000, 0x0000, 0x0000, 0x0000,
  0x0000, 0x0000, 0x0000, 0x0000, 0x0000, 0x0000, 0x0000, 0x0000, 0x0000, 0x0000, 0x0000, 0x0000,
  0x0000, 0x0000, 0x0000, 0x0000, 0x0000, 0x0000, 0x0000, 0x0000, 0x0000, 0x0000, 0x0000, 0x0000,
  0x0000, 0x0000, 0x0000, 0x0000, 0x0000, 0x0000, 0x0000, 0x0000, 0x0000, 0x0000, 0x0000, 0x0000,
  0x0000, 0x0000, 0x0000, 0x0000, 0x0000, 0x0000, 0x0000, 0x0000, 0x0000, 0x0000, 0x0000, 0x0000,
  0x0000, 0x0000, 0x0000, 0x0000, 0x0000, 0x0000, 0x0000, 0x0000, 0x0000, 0x0000, 0x0000, 0x0000,
  0x0000, 0x0000, 0x0000, 0x0000, 0x0000, 0x0000, 0x0000, 0x0000, 0x0000, 0x0000, 0x0000, 0x0000,
  0x0000, 0x0000, 0x0000, 0x0000, 0x0000, 0x0000, 0x0000, 0x0000, 0x0000, 0x0000, 0x0000, 0x0000,
  0x0000, 0x0000, 0x0000, 0x0000, 0x0000, 0x0000, 0x0000, 0x0000, 0x0000, 0x0000, 0x0000, 0x0000,
  0x0000, 0x0000, 0x0000, 0x0000, 0x0000, 0x0000, 0x0000, 0x0000, 0x0000, 0x0000, 0x0000, 0x0000,
  0x0000, 0x0000, 0x0000, 0x0000, 0x0000, 0x0000, 0x0000, 0x0000, 0x0000, 0x0000, 0x0000, 0x0000,
  0x0000, 0x0000, 0x0000, 0x0000, 0x0000, 0x0000, 0x0000, 0x0000, 0x0000, 0x0000, 0x0000, 0x0000,
  0x0000, 0x0000, 0x0000, 0x0000, 0x0000, 0x0000, 0x0000, 0x0000, 0x0000, 0x0000, 0x0000, 0x0000,
  0x0000, 0x0000, 0x0000, 0x0000, 0x0000, 0x0000, 0x0000, 0x0000, 0x0000, 0x0000, 0x0000, 0x0000,
  0x0000, 0x0000, 0x0000, 0x0000, 0x0000, 0x0000, 0x0000, 0x0000, 0x0000, 0x0000, 0x0000, 0x0000,
  0x0000, 0x0000, 0x0000, 0x0000, 0x0000, 0x0000, 0x0000, 0x0000, 0x0000, 0x0000, 0x0000, 0x0000,
  0x0000, 0x0000, 0x0000, 0x0000, 0x0000, 0x0000, 0x0000, 0x0000, 0x0000, 0x0000, 0x0000, 0x0000,
  0x0000, 0x0000, 0x0000, 0x0000, 0x0000, 0x0000, 0x0000, 0x0000, 0x0000, 0x0000, 0x0000, 0x0000,
  0x0000, 0x0000, 0x0000, 0x0000, 0x0000, 0x0000, 0x0000, 0x0000, 0x0000, 0x0000, 0x0000, 0x0000,
  0x0000, 0x0000, 0x0000, 0x0000, 0x0000, 0x0000, 0x0000, 0x0000, 0x0000, 0x0000, 0x0000, 0x0000,
  0x0000, 0x0000, 0x0000, 0x0000, 0x0000, 0x0000, 0x0000, 0x0000, 0x0000, 0x0000, 0x0000, 0x0000,
  0x0000, 0x0000, 0x0000, 0x0000
};

#define FLAMEUNIFIED8_WIDTH 115
#define FLAMEUNIFIED8_HEIGHT 160

// Example usage:
// tft.drawRGBBitmap(x, y, FlameUnified8, FLAMEUNIFIED8_WIDTH, FLAMEUNIFIED8_HEIGHT);

#endif
