// Generated by   : Image to RGB565 Converter
// Generated from : https://palsayantan.github.io/Image-to-RGB565/
// Image Size     : 115x160 pixels
// Byte Order     : LSB

#ifndef _FLAMEUNIFIED4_H_
#define _FLAMEUNIFIED4_H_

const uint16_t FlameUnified4[18400] = {
  0x0000, 0x0000, 0x0000, 0x0000, 0x0000, 0x0000, 0x0000, 0x0000, 0x0000, 0x0000, 0x0000, 0x0000,
  0x0000, 0x0000, 0x0000, 0x0000, 0x0000, 0x0000, 0x0000, 0x0000, 0x0000, 0x0000, 0x0000, 0x0000,
  0x0000, 0x0000, 0x0000, 0x0000, 0x0000, 0x0000, 0x0000, 0x0000, 0x0000, 0x0000, 0x0008, 0x0000,
  0x0000, 0x0100, 0x0000, 0x2000, 0x0000, 0x0100, 0x0108, 0x2000, 0x2000, 0x0000, 0x0000, 0x0000,
  0x0000, 0x0000, 0x0000, 0x0000, 0x0000, 0x0000, 0x0000, 0x0000, 0x0000, 0x0000, 0x0000, 0x0000,
  0x0000, 0x0000, 0x0000, 0x0000, 0x0000, 0x0000, 0x0000, 0x0000, 0x0000, 0x0000, 0x0000, 0x0000,
  0x0000, 0x0000, 0x0000, 0x0000, 0x2000, 0x0000, 0x2108, 0x0110, 0x2108, 0x0210, 0x2110, 0x0108,
  0x4108, 0x0110, 0x2000, 0x0000, 0x0000, 0x0000, 0x0000, 0x0000, 0x0000, 0x0000, 0x0000, 0x0000,
  0x0000, 0x0000, 0x0000, 0x0000, 0x0000, 0x0000, 0x0000, 0x0000, 0x0000, 0x0000, 0x0000, 0x0000,
  0x0000, 0x0000, 0x0000, 0x0000, 0x0000, 0x0000, 0x0000, 0x0000, 0x0000, 0x0000, 0x0000, 0x0000,
  0x0000, 0x0000, 0x0000, 0x0000, 0x0000, 0x0000, 0x0000, 0x0000, 0x0000, 0x0000, 0x0000, 0x0000,
  0x0000, 0x0000, 0x0000, 0x0000, 0x0000, 0x0000, 0x0000, 0x0000, 0x0000, 0x0000, 0x0000, 0x0000,
  0x0000, 0x0000, 0x0000, 0x0000, 0x2100, 0x2000, 0x0000, 0x0000, 0x2000, 0x0000, 0x0000, 0x2000,
  0x0000, 0x2000, 0x0000, 0x2000, 0x2000, 0x0000, 0x0000, 0x0000, 0x0000, 0x0000, 0x0000, 0x0000,
  0x0000, 0x0000, 0x0000, 0x0000, 0x0000, 0x0000, 0x0000, 0x0000, 0x0000, 0x0000, 0x0000, 0x0000,
  0x0000, 0x0000, 0x0000, 0x0000, 0x0000, 0x0000, 0x0000, 0x0000, 0x0000, 0x2000, 0x0000, 0x0000,
  0x4430, 0xec90, 0xcda8, 0x0da9, 0xeea8, 0xeea8, 0xcea8, 0xcea0, 0xcb90, 0x0218, 0x0000, 0x0000,
  0x0000, 0x0000, 0x0000, 0x0000, 0x0000, 0x0000, 0x0000, 0x0000, 0x0000, 0x0000, 0x0000, 0x0000,
  0x0000, 0x0000, 0x0000, 0x0000, 0x0000, 0x0000, 0x0000, 0x0000, 0x0000, 0x0000, 0x0000, 0x0000,
  0x0000, 0x0000, 0x0000, 0x0000, 0x0000, 0x0000, 0x0000, 0x0000, 0x0000, 0x0000, 0x0000, 0x0000,
  0x0000, 0x0000, 0x0000, 0x0000, 0x0000, 0x0000, 0x0000, 0x0000, 0x0000, 0x0000, 0x0000, 0x0000,
  0x0000, 0x0000, 0x0000, 0x0000, 0x0000, 0x0000, 0x0000, 0x0000, 0x0000, 0x0000, 0x0000, 0x0000,
  0x0000, 0x2000, 0x2000, 0x2000, 0x0000, 0x0000, 0x0008, 0x2000, 0x0000, 0x0000, 0x0100, 0x0108,
  0x0000, 0x0000, 0x0000, 0x0000, 0x0000, 0x0000, 0x0000, 0x0000, 0x0000, 0x0000, 0x0000, 0x0000,
  0x0000, 0x0000, 0x0000, 0x0000, 0x0000, 0x0000, 0x0000, 0x0000, 0x0000, 0x0000, 0x0000, 0x0000,
  0x0000, 0x0000, 0x0000, 0x0000, 0x2000, 0x0000, 0x0000, 0x6748, 0x32d9, 0x35f9, 0x34f9, 0x54f1,
  0x55f1, 0x35f9, 0x55f1, 0x30d9, 0x2218, 0x2000, 0x0000, 0x0000, 0x0000, 0x0000, 0x0000, 0x0000,
  0x0000, 0x0000, 0x0000, 0x0000, 0x0000, 0x0000, 0x0000, 0x0000, 0x0000, 0x0000, 0x0000, 0x0000,
  0x0000, 0x0000, 0x0000, 0x0000, 0x0000, 0x0000, 0x0000, 0x0000, 0x0000, 0x0000, 0x0000, 0x0000,
  0x0000, 0x0000, 0x0000, 0x0000, 0x0000, 0x0000, 0x0000, 0x0000, 0x0000, 0x0000, 0x0000, 0x0000,
  0x0000, 0x0000, 0x0000, 0x0000, 0x0000, 0x0000, 0x0000, 0x0000, 0x0000, 0x0000, 0x0000, 0x0000,
  0x0000, 0x0000, 0x0000, 0x0000, 0x0000, 0x0000, 0x2000, 0x0008, 0x0100, 0x0100, 0x2008, 0x2100,
  0x8538, 0x4860, 0x4430, 0x2000, 0x2000, 0x0008, 0x0000, 0x0000, 0x0000, 0x0000, 0x0000, 0x0000,
  0x0000, 0x0000, 0x0000, 0x0000, 0x0000, 0x0000, 0x0000, 0x0000, 0x0000, 0x0000, 0x0000, 0x0000,
  0x0000, 0x0000, 0x0000, 0x0000, 0x0000, 0x0000, 0x0000, 0x0000, 0x0000, 0x0000, 0x0000, 0x0000,
  0x0000, 0x2000, 0x6640, 0x12d9, 0x55f1, 0x35f9, 0x55f9, 0x53e9, 0xf0c8, 0x10a9, 0x8ba0, 0x6108,
  0x0000, 0x0000, 0x0000, 0x0000, 0x0000, 0x0000, 0x0000, 0x0000, 0x0000, 0x0000, 0x0000, 0x0000,
  0x0000, 0x0000, 0x0000, 0x0000, 0x0000, 0x0000, 0x0000, 0x0000, 0x0000, 0x0000, 0x0000, 0x0000,
  0x0000, 0x0000, 0x0000, 0x0000, 0x0000, 0x0000, 0x0000, 0x0000, 0x0000, 0x0000, 0x0000, 0x0000,
  0x0000, 0x0000, 0x0000, 0x0000, 0x0000, 0x0000, 0x0000, 0x0000, 0x0000, 0x0000, 0x0000, 0x0000,
  0x0000, 0x0000, 0x0000, 0x0000, 0x0000, 0x0000, 0x0000, 0x0000, 0x0000, 0x0000, 0x0000, 0x0000,
  0x0000, 0x2000, 0x0000, 0x0100, 0x2008, 0x0000, 0x4428, 0xf0c0, 0xf3e8, 0x0d99, 0x4428, 0x2008,
  0x4008, 0x2000, 0x2000, 0x0000, 0x0000, 0x0000, 0x0000, 0x0000, 0x0000, 0x0000, 0x0000, 0x0000,
  0x0000, 0x0000, 0x0000, 0x0000, 0x0000, 0x0000, 0x0000, 0x0000, 0x0000, 0x0000, 0x0000, 0x0000,
  0x0000, 0x0000, 0x0000, 0x0000, 0x0000, 0x0000, 0x0100, 0x0008, 0x0000, 0x4640, 0x11d9, 0x53e9,
  0x74e1, 0x54f9, 0x30d9, 0x8758, 0x4318, 0x0118, 0x4000, 0x0000, 0x0000, 0x0000, 0x0000, 0x0000,
  0x0000, 0x0000, 0x0000, 0x0000, 0x0000, 0x0000, 0x0000, 0x0000, 0x0000, 0x0000, 0x0000, 0x0000,
  0x0000, 0x0000, 0x0000, 0x0000, 0x0000, 0x0000, 0x0000, 0x0000, 0x0000, 0x0000, 0x0000, 0x0000,
  0x0000, 0x0000, 0x0000, 0x0000, 0x0000, 0x0000, 0x0000, 0x0000, 0x0000, 0x0000, 0x0000, 0x0000,
  0x0000, 0x0000, 0x0000, 0x0000, 0x0000, 0x0000, 0x0000, 0x0000, 0x0000, 0x0000, 0x0000, 0x0000,
  0x0000, 0x0000, 0x0000, 0x0000, 0x0000, 0x0000, 0x0000, 0x0000, 0x0108, 0x0000, 0x4000, 0x2008,
  0x6640, 0x70b1, 0x94f9, 0x95f9, 0x53e9, 0xada8, 0x2430, 0x4000, 0x0000, 0x0008, 0x0000, 0x0000,
  0x0000, 0x0000, 0x0000, 0x0000, 0x0000, 0x0000, 0x0000, 0x0000, 0x0000, 0x0000, 0x0000, 0x0000,
  0x0000, 0x0000, 0x0000, 0x0000, 0x0000, 0x0000, 0x0000, 0x0000, 0x0000, 0x0000, 0x0000, 0x0000,
  0x0000, 0x0000, 0x0008, 0x0000, 0x6648, 0x31d9, 0x53e9, 0x73e9, 0x34f9, 0x31e1, 0x6540, 0x0008,
  0x0000, 0x0008, 0x0000, 0x0000, 0x0000, 0x0000, 0x0000, 0x0000, 0x0000, 0x0000, 0x0000, 0x0000,
  0x0000, 0x0000, 0x0000, 0x0000, 0x0000, 0x0000, 0x0000, 0x0000, 0x0000, 0x0000, 0x0000, 0x0000,
  0x0000, 0x0000, 0x0000, 0x0000, 0x0000, 0x0000, 0x0000, 0x0000, 0x0000, 0x0000, 0x0000, 0x0000,
  0x0000, 0x0000, 0x0000, 0x0000, 0x0000, 0x0000, 0x0000, 0x0000, 0x0000, 0x0000, 0x0000, 0x0000,
  0x0000, 0x0000, 0x0000, 0x0000, 0x0000, 0x0000, 0x0000, 0x0000, 0x0000, 0x0000, 0x0000, 0x0000,
  0x0000, 0x0000, 0x0000, 0x0000, 0x2000, 0x0110, 0x6540, 0x0fb1, 0xb4f1, 0xdbfc, 0x57f3, 0x74f1,
  0x53e1, 0xcda0, 0x0328, 0x2000, 0x0000, 0x0000, 0x0000, 0x0000, 0x0000, 0x0000, 0x0000, 0x0000,
  0x0000, 0x0000, 0x0000, 0x0000, 0x0000, 0x0000, 0x0000, 0x0000, 0x0000, 0x0000, 0x0000, 0x0000,
  0x0000, 0x0000, 0x0000, 0x0000, 0x0000, 0x0000, 0x0000, 0x0000, 0x0000, 0x0000, 0x0000, 0x2428,
  0x8b80, 0xac98, 0xcb90, 0xad90, 0xcc78, 0x4428, 0x0008, 0x4000, 0x0000, 0x0000, 0x0000, 0x0000,
  0x0000, 0x0000, 0x0000, 0x0000, 0x0000, 0x0000, 0x0000, 0x0000, 0x0000, 0x0000, 0x0000, 0x0000,
  0x0000, 0x0000, 0x0000, 0x0000, 0x0000, 0x0000, 0x0000, 0x0000, 0x0000, 0x0000, 0x0000, 0x0000,
  0x0000, 0x0000, 0x0000, 0x0000, 0x0000, 0x0000, 0x0000, 0x0000, 0x0000, 0x0000, 0x0000, 0x0000,
  0x0000, 0x0000, 0x0000, 0x0000, 0x0000, 0x0000, 0x0000, 0x0000, 0x0000, 0x0000, 0x0000, 0x0000,
  0x0000, 0x0000, 0x0000, 0x0000, 0x0000, 0x0000, 0x0000, 0x0000, 0x0000, 0x0000, 0x2000, 0x0000,
  0x2750, 0xcea8, 0x14f2, 0xbafc, 0x9fff, 0x5cf6, 0x98fb, 0x74f1, 0x12d9, 0x2430, 0x4000, 0x0100,
  0x0000, 0x0000, 0x0000, 0x0000, 0x0000, 0x0000, 0x0000, 0x0000, 0x0000, 0x0000, 0x0000, 0x0000,
  0x0000, 0x0000, 0x0000, 0x0000, 0x0000, 0x0000, 0x0000, 0x0000, 0x0000, 0x0000, 0x0000, 0x0000,
  0x0000, 0x0000, 0x0000, 0x0000, 0x0000, 0x0000, 0x0008, 0x0108, 0x0108, 0x0008, 0x0008, 0x0000,
  0x0000, 0x0000, 0x0000, 0x0000, 0x0000, 0x0000, 0x0000, 0x0000, 0x0000, 0x0000, 0x0000, 0x0000,
  0x0000, 0x0000, 0x0000, 0x0000, 0x0000, 0x0000, 0x0000, 0x0000, 0x0000, 0x0000, 0x0000, 0x0000,
  0x0000, 0x0000, 0x0000, 0x0000, 0x0000, 0x0000, 0x0000, 0x0000, 0x0000, 0x0000, 0x0000, 0x0000,
  0x0000, 0x0000, 0x0000, 0x0000, 0x0000, 0x0000, 0x0000, 0x0000, 0x0000, 0x0000, 0x0000, 0x0000,
  0x0000, 0x0000, 0x0000, 0x0000, 0x0000, 0x0000, 0x0000, 0x0000, 0x0000, 0x0000, 0x0000, 0x0000,
  0x0000, 0x0000, 0x0000, 0x0000, 0x0000, 0x0000, 0x0008, 0xab78, 0xd3f1, 0xf5f3, 0x3df7, 0xfeff,
  0xdeff, 0x5cfe, 0x57f3, 0x93f1, 0x8c70, 0x4320, 0x2000, 0x2000, 0x0000, 0x0000, 0x0000, 0x0000,
  0x0000, 0x0000, 0x0000, 0x0000, 0x0000, 0x0000, 0x0000, 0x0000, 0x0000, 0x0000, 0x0000, 0x0000,
  0x0000, 0x0000, 0x0000, 0x0000, 0x0000, 0x0000, 0x0000, 0x0000, 0x0000, 0x0000, 0x0000, 0x0000,
  0x0000, 0x0000, 0x0000, 0x0000, 0x0000, 0x0000, 0x0000, 0x0000, 0x0000, 0x0000, 0x0000, 0x0000,
  0x0000, 0x0000, 0x0000, 0x0000, 0x0000, 0x0000, 0x0000, 0x0000, 0x0000, 0x0000, 0x0000, 0x0000,
  0x0000, 0x0000, 0x0000, 0x0000, 0x0000, 0x0000, 0x0000, 0x0000, 0x0000, 0x0000, 0x0000, 0x0000,
  0x0000, 0x0000, 0x0000, 0x0000, 0x0000, 0x0000, 0x0000, 0x0000, 0x0000, 0x0000, 0x0000, 0x0000,
  0x0000, 0x0000, 0x0000, 0x0000, 0x0000, 0x0000, 0x0000, 0x0000, 0x0000, 0x0000, 0x0000, 0x0000,
  0x0000, 0x0000, 0x0000, 0x0000, 0x0000, 0x0000, 0x0000, 0x0000, 0x0000, 0x0000, 0x0000, 0x0000,
  0x0000, 0x0000, 0xea78, 0x31fa, 0xf4fc, 0x1df7, 0xfeff, 0xffff, 0x9ef7, 0xbbfd, 0x93fa, 0x73c9,
  0x2750, 0x2008, 0x2000, 0x0000, 0x0000, 0x0000, 0x0000, 0x0000, 0x0000, 0x0000, 0x0000, 0x0000,
  0x0000, 0x0000, 0x0000, 0x0000, 0x0000, 0x0000, 0x0000, 0x0000, 0x0000, 0x0000, 0x0000, 0x0000,
  0x0000, 0x0000, 0x0000, 0x0000, 0x0000, 0x0000, 0x0000, 0x0000, 0x0000, 0x0000, 0x0000, 0x0000,
  0x0000, 0x0000, 0x0000, 0x0000, 0x0000, 0x0000, 0x0000, 0x0000, 0x0000, 0x0000, 0x0000, 0x0000,
  0x0000, 0x0000, 0x0000, 0x0000, 0x0000, 0x0000, 0x0000, 0x0000, 0x0000, 0x0000, 0x0000, 0x0000,
  0x0000, 0x0000, 0x0000, 0x0000, 0x0000, 0x0000, 0x0000, 0x0000, 0x0000, 0x0000, 0x0000, 0x0000,
  0x0000, 0x0000, 0x0000, 0x0000, 0x0000, 0x0000, 0x0000, 0x0000, 0x0000, 0x0000, 0x0000, 0x0000,
  0x0000, 0x0000, 0x0000, 0x0000, 0x0000, 0x0000, 0x0000, 0x0000, 0x0000, 0x0000, 0x0000, 0x0000,
  0x0000, 0x0000, 0x0000, 0x0000, 0x0000, 0x0000, 0x0000, 0x2000, 0x0100, 0x8978, 0x53e9, 0xf6ea,
  0xbdf6, 0xdfff, 0x9dff, 0x9af5, 0xb3fa, 0x8fd3, 0xe320, 0x2108, 0x2000, 0x2000, 0x0000, 0x0000,
  0x0000, 0x0000, 0x0000, 0x0000, 0x0000, 0x0000, 0x0000, 0x0000, 0x0000, 0x0000, 0x0000, 0x0000,
  0x0000, 0x0000, 0x0000, 0x0000, 0x0000, 0x0000, 0x0000, 0x0000, 0x0000, 0x0000, 0x0000, 0x0000,
  0x0000, 0x0000, 0x0000, 0x0000, 0x0000, 0x0000, 0x0000, 0x0000, 0x0000, 0x0000, 0x0000, 0x0000,
  0x0000, 0x0000, 0x0000, 0x0000, 0x0000, 0x0000, 0x0000, 0x0000, 0x0000, 0x0000, 0x0000, 0x0000,
  0x0000, 0x0000, 0x0000, 0x0000, 0x0000, 0x0000, 0x0000, 0x0000, 0x0000, 0x0000, 0x0000, 0x0000,
  0x0000, 0x0000, 0x0000, 0x0000, 0x0000, 0x0000, 0x0000, 0x0000, 0x0000, 0x0000, 0x0000, 0x0000,
  0x0000, 0x0000, 0x0000, 0x0000, 0x0000, 0x0000, 0x0000, 0x0000, 0x0000, 0x0000, 0x0000, 0x0000,
  0x0000, 0x0000, 0x0000, 0x0000, 0x0000, 0x0000, 0x0000, 0x0000, 0x0000, 0x0000, 0x0000, 0x0000,
  0x0000, 0x0000, 0x2000, 0x0000, 0x2330, 0xcc80, 0x73e9, 0x97eb, 0x1df7, 0x5bfd, 0x96ea, 0x6fc9,
  0x8661, 0x6010, 0x0108, 0x0000, 0x2000, 0x0000, 0x0000, 0x0000, 0x0000, 0x0000, 0x0000, 0x0000,
  0x0000, 0x0000, 0x0000, 0x0000, 0x0000, 0x0000, 0x0000, 0x0000, 0x0000, 0x0000, 0x0000, 0x0000,
  0x0000, 0x0000, 0x0000, 0x0000, 0x0000, 0x0000, 0x0000, 0x0000, 0x0000, 0x0000, 0x0000, 0x0000,
  0x0000, 0x0000, 0x0000, 0x0000, 0x0000, 0x0000, 0x0000, 0x0000, 0x0000, 0x0000, 0x0000, 0x0000,
  0x0000, 0x0000, 0x0000, 0x0000, 0x0000, 0x0000, 0x0000, 0x0000, 0x0000, 0x0000, 0x0000, 0x0000,
  0x0000, 0x0000, 0x0000, 0x0000, 0x0000, 0x0000, 0x0000, 0x0000, 0x0000, 0x0000, 0x0000, 0x0000,
  0x0000, 0x0000, 0x0000, 0x0000, 0x0000, 0x0000, 0x0000, 0x0000, 0x0000, 0x0000, 0x0000, 0x0000,
  0x0000, 0x0000, 0x0000, 0x0000, 0x0000, 0x0000, 0x0000, 0x0000, 0x0000, 0x0000, 0x0000, 0x0000,
  0x0000, 0x0000, 0x0000, 0x0000, 0x0000, 0x0000, 0x0000, 0x0000, 0x0000, 0x0100, 0x2000, 0x0008,
  0x6320, 0xaa90, 0x53e1, 0xd7fb, 0x96f2, 0x35f1, 0xefb0, 0x2328, 0x0100, 0x2008, 0x0000, 0x0000,
  0x0000, 0x0000, 0x0000, 0x0000, 0x0000, 0x0000, 0x0000, 0x0000, 0x0000, 0x0000, 0x0000, 0x0000,
  0x0000, 0x0000, 0x0000, 0x0000, 0x0000, 0x0000, 0x0000, 0x0000, 0x0000, 0x0000, 0x0000, 0x0000,
  0x0000, 0x0000, 0x0000, 0x0000, 0x0000, 0x0000, 0x0000, 0x0000, 0x0000, 0x0000, 0x0000, 0x0000,
  0x0000, 0x0000, 0x0000, 0x0000, 0x0000, 0x0000, 0x0000, 0x0000, 0x0000, 0x0000, 0x0000, 0x0000,
  0x0000, 0x0000, 0x0000, 0x0000, 0x0000, 0x0000, 0x0000, 0x0000, 0x0000, 0x0000, 0x0000, 0x0000,
  0x0000, 0x0000, 0x0000, 0x0000, 0x0000, 0x0000, 0x0000, 0x0000, 0x0000, 0x0000, 0x0000, 0x0000,
  0x0000, 0x0000, 0x0000, 0x0000, 0x0000, 0x0000, 0x0000, 0x0000, 0x0000, 0x0000, 0x0000, 0x0000,
  0x0000, 0x0000, 0x0000, 0x0000, 0x0000, 0x0000, 0x0000, 0x0000, 0x0000, 0x0000, 0x0000, 0x0000,
  0x0000, 0x0000, 0x0000, 0x0000, 0x0000, 0x2000, 0x0000, 0x0000, 0x4320, 0xaa80, 0x53e9, 0x54f9,
  0x31c9, 0xa960, 0x2218, 0x0000, 0x2000, 0x0108, 0x0000, 0x0000, 0x0000, 0x0000, 0x0000, 0x0000,
  0x0000, 0x0000, 0x0000, 0x0000, 0x0000, 0x0000, 0x0000, 0x0000, 0x0000, 0x0000, 0x0000, 0x0000,
  0x0000, 0x0000, 0x0000, 0x0000, 0x0000, 0x0000, 0x0000, 0x0000, 0x0000, 0x0000, 0x0000, 0x0000,
  0x0000, 0x0000, 0x0000, 0x0000, 0x0000, 0x0000, 0x0000, 0x0000, 0x0000, 0x0000, 0x0000, 0x0000,
  0x0000, 0x0000, 0x0000, 0x0000, 0x0000, 0x0000, 0x0000, 0x0000, 0x0000, 0x0000, 0x0000, 0x0000,
  0x0000, 0x0000, 0x0000, 0x0000, 0x0000, 0x0000, 0x0000, 0x0000, 0x0000, 0x0000, 0x0000, 0x0000,
  0x0000, 0x0000, 0x0000, 0x0000, 0x0000, 0x0000, 0x0000, 0x0000, 0x0000, 0x0000, 0x0000, 0x0000,
  0x0000, 0x0000, 0x0000, 0x0000, 0x0000, 0x0000, 0x0000, 0x0000, 0x0000, 0x0000, 0x0000, 0x0000,
  0x0000, 0x0000, 0x0000, 0x0000, 0x0000, 0x0000, 0x0000, 0x0000, 0x0000, 0x0000, 0x0000, 0x0000,
  0x0000, 0x2100, 0x0008, 0x0000, 0x2428, 0xac90, 0x30d1, 0xab90, 0x0220, 0x0000, 0x2000, 0x2000,
  0x0000, 0x0000, 0x0000, 0x0000, 0x0000, 0x0000, 0x0000, 0x0000, 0x0000, 0x0000, 0x0000, 0x0000,
  0x0000, 0x0000, 0x0000, 0x0000, 0x0000, 0x0000, 0x0000, 0x0000, 0x0000, 0x0000, 0x0000, 0x0000,
  0x0000, 0x0000, 0x0000, 0x0000, 0x0000, 0x0000, 0x0000, 0x0000, 0x0000, 0x0000, 0x0000, 0x0000,
  0x0000, 0x0000, 0x0000, 0x0000, 0x0000, 0x0000, 0x0000, 0x0000, 0x0000, 0x0000, 0x0000, 0x0000,
  0x0000, 0x0000, 0x0000, 0x0000, 0x0000, 0x0000, 0x0000, 0x0000, 0x0000, 0x0000, 0x0000, 0x0000,
  0x0000, 0x0000, 0x0000, 0x0000, 0x0000, 0x0000, 0x0000, 0x0000, 0x0000, 0x0000, 0x0000, 0x0000,
  0x0000, 0x0000, 0x0000, 0x0000, 0x0000, 0x0000, 0x0000, 0x0000, 0x0000, 0x0000, 0x0000, 0x0000,
  0x0000, 0x0000, 0x0000, 0x0000, 0x0000, 0x0000, 0x0000, 0x0000, 0x0000, 0x0000, 0x0000, 0x0000,
  0x0000, 0x0000, 0x0000, 0x0000, 0x0000, 0x0000, 0x0000, 0x0000, 0x0000, 0x0000, 0x2000, 0x0000,
  0x0320, 0x0210, 0x2208, 0x0000, 0x0000, 0x0000, 0x2000, 0x2000, 0x0000, 0x0000, 0x0000, 0x0000,
  0x0000, 0x0000, 0x0000, 0x0000, 0x0000, 0x0000, 0x0000, 0x0000, 0x0000, 0x0000, 0x0000, 0x0000,
  0x0000, 0x0000, 0x0000, 0x0000, 0x0000, 0x0000, 0x0000, 0x0000, 0x0000, 0x0000, 0x0000, 0x0000,
  0x0000, 0x0000, 0x0000, 0x0000, 0x0000, 0x0000, 0x0000, 0x0000, 0x0000, 0x0000, 0x0000, 0x0000,
  0x0000, 0x0000, 0x0000, 0x0000, 0x0000, 0x0000, 0x0000, 0x0000, 0x0000, 0x0000, 0x0000, 0x0000,
  0x0000, 0x0000, 0x0000, 0x0000, 0x0000, 0x0000, 0x0000, 0x0000, 0x0000, 0x0000, 0x0000, 0x0000,
  0x0000, 0x0000, 0x0000, 0x0000, 0x0000, 0x0000, 0x0000, 0x0000, 0x0000, 0x0000, 0x0000, 0x0000,
  0x0000, 0x0000, 0x0000, 0x0000, 0x0000, 0x0000, 0x0000, 0x0000, 0x0000, 0x0000, 0x0000, 0x0000,
  0x0000, 0x0000, 0x0000, 0x0000, 0x0000, 0x0000, 0x0000, 0x0000, 0x0000, 0x0000, 0x0000, 0x0000,
  0x0000, 0x0000, 0x0000, 0x0000, 0x0000, 0x2000, 0x2000, 0x2000, 0x0000, 0x4000, 0x2000, 0x2000,
  0x0000, 0x0008, 0x2000, 0x0000, 0x0000, 0x0000, 0x0000, 0x0000, 0x0000, 0x0000, 0x0000, 0x0000,
  0x0000, 0x0000, 0x0000, 0x0000, 0x0000, 0x0000, 0x0000, 0x0000, 0x0000, 0x0000, 0x0000, 0x0000,
  0x0000, 0x0000, 0x0000, 0x0000, 0x0000, 0x0000, 0x0000, 0x0000, 0x0000, 0x0000, 0x0000, 0x0000,
  0x0000, 0x0000, 0x0000, 0x0000, 0x0000, 0x0000, 0x0000, 0x0000, 0x0000, 0x0000, 0x0000, 0x0000,
  0x0000, 0x0000, 0x0000, 0x0000, 0x0000, 0x0000, 0x0000, 0x0000, 0x0000, 0x0000, 0x0000, 0x0000,
  0x0000, 0x0000, 0x0000, 0x0000, 0x0000, 0x0000, 0x0000, 0x0000, 0x0000, 0x0000, 0x0000, 0x0000,
  0x0000, 0x0000, 0x0000, 0x0000, 0x0000, 0x0000, 0x0000, 0x0000, 0x0000, 0x0000, 0x0000, 0x0000,
  0x0000, 0x0000, 0x0000, 0x0000, 0x0000, 0x0000, 0x0000, 0x0000, 0x0000, 0x0000, 0x0000, 0x0000,
  0x0000, 0x0000, 0x0000, 0x0000, 0x0000, 0x0000, 0x0000, 0x0000, 0x0000, 0x0000, 0x0000, 0x2000,
  0x0000, 0x0000, 0x2000, 0x0000, 0x2000, 0x0000, 0x0000, 0x0000, 0x0008, 0x0000, 0x0000, 0x0000,
  0x0000, 0x0000, 0x0000, 0x0000, 0x0000, 0x0000, 0x0000, 0x0000, 0x0000, 0x0000, 0x0000, 0x0000,
  0x0000, 0x0000, 0x0000, 0x0000, 0x0000, 0x0000, 0x0000, 0x0000, 0x0000, 0x0000, 0x0000, 0x0000,
  0x0000, 0x0000, 0x0000, 0x0000, 0x0000, 0x0000, 0x0000, 0x0000, 0x0000, 0x0000, 0x0000, 0x0000,
  0x0000, 0x0000, 0x0000, 0x0000, 0x0000, 0x0000, 0x0000, 0x0000, 0x0000, 0x0000, 0x0000, 0x0000,
  0x0000, 0x0000, 0x0000, 0x0000, 0x0000, 0x0000, 0x0000, 0x0000, 0x0000, 0x0000, 0x0000, 0x0000,
  0x0000, 0x0000, 0x0000, 0x0000, 0x0000, 0x0000, 0x0000, 0x0000, 0x0000, 0x0000, 0x0000, 0x0000,
  0x0000, 0x0000, 0x0000, 0x0000, 0x0000, 0x0000, 0x0000, 0x0000, 0x0000, 0x0000, 0x0000, 0x0000,
  0x0000, 0x0000, 0x0000, 0x0000, 0x0000, 0x0000, 0x0000, 0x0000, 0x0000, 0x0000, 0x0000, 0x0000,
  0x0000, 0x0000, 0x0000, 0x0000, 0x0000, 0x0000, 0x0000, 0x0000, 0x0000, 0x0000, 0x0010, 0x0008,
  0x0000, 0x0000, 0x2000, 0x0000, 0x0000, 0x0000, 0x0000, 0x0000, 0x0000, 0x0000, 0x0000, 0x0000,
  0x0000, 0x0000, 0x0000, 0x0000, 0x0000, 0x0000, 0x0000, 0x0000, 0x0000, 0x0000, 0x0000, 0x0000,
  0x0000, 0x0000, 0x0000, 0x0000, 0x0000, 0x0000, 0x0000, 0x0000, 0x0000, 0x0000, 0x0000, 0x0000,
  0x0000, 0x0000, 0x0000, 0x0000, 0x0000, 0x0000, 0x0000, 0x0000, 0x0000, 0x0000, 0x0000, 0x0000,
  0x0000, 0x0000, 0x0000, 0x0000, 0x0000, 0x0000, 0x0000, 0x0000, 0x0000, 0x0000, 0x0000, 0x0000,
  0x0000, 0x0000, 0x0000, 0x0000, 0x0000, 0x0000, 0x0000, 0x0000, 0x0000, 0x0000, 0x0000, 0x0000,
  0x0000, 0x0000, 0x0000, 0x0000, 0x0000, 0x0000, 0x0000, 0x0000, 0x0000, 0x0000, 0x0000, 0x0000,
  0x0000, 0x0000, 0x0000, 0x0000, 0x0000, 0x0000, 0x0000, 0x0000, 0x0000, 0x0000, 0x0000, 0x0000,
  0x0000, 0x0000, 0x0000, 0x0000, 0x0000, 0x0000, 0x0000, 0x0000, 0x0000, 0x0000, 0x0000, 0x0000,
  0x0000, 0x0008, 0x0000, 0x2000, 0x0000, 0x2000, 0x0000, 0x0000, 0x0000, 0x0000, 0x0000, 0x0000,
  0x0000, 0x0000, 0x0000, 0x0000, 0x0000, 0x0000, 0x0000, 0x0000, 0x0000, 0x0000, 0x0000, 0x0000,
  0x0000, 0x0000, 0x0000, 0x0000, 0x0000, 0x2000, 0x2000, 0x2000, 0x0008, 0x0008, 0x2108, 0x2108,
  0x0008, 0x0008, 0x0000, 0x0000, 0x0000, 0x0000, 0x0000, 0x0000, 0x0000, 0x0000, 0x0000, 0x0000,
  0x0000, 0x0000, 0x0000, 0x0000, 0x0000, 0x0000, 0x0000, 0x0000, 0x0000, 0x0000, 0x0000, 0x0000,
  0x0000, 0x0000, 0x0000, 0x0000, 0x0000, 0x0000, 0x0000, 0x0000, 0x0000, 0x0000, 0x0000, 0x0000,
  0x0000, 0x0000, 0x0000, 0x0000, 0x0000, 0x0000, 0x0000, 0x0000, 0x0000, 0x0000, 0x0000, 0x0000,
  0x0000, 0x0000, 0x0000, 0x0000, 0x0000, 0x0000, 0x0000, 0x0000, 0x0000, 0x0000, 0x0000, 0x0000,
  0x0000, 0x0000, 0x0000, 0x0000, 0x0000, 0x0000, 0x0000, 0x0000, 0x0000, 0x0000, 0x0000, 0x0000,
  0x0000, 0x0000, 0x0000, 0x0000, 0x0000, 0x0000, 0x0000, 0x0000, 0x0000, 0x0000, 0x0000, 0x0000,
  0x0000, 0x0000, 0x0000, 0x0000, 0x0000, 0x0000, 0x0000, 0x0000, 0x0000, 0x0000, 0x0000, 0x0000,
  0x0000, 0x0000, 0x0000, 0x0000, 0x0000, 0x0000, 0x0000, 0x0000, 0x0100, 0x0008, 0x0008, 0x2000,
  0x4000, 0x0328, 0xaea8, 0xf1c0, 0xefc0, 0x2fb9, 0x11c9, 0x0ea9, 0x6648, 0x0108, 0x0000, 0x4000,
  0x0000, 0x0000, 0x0000, 0x0000, 0x0000, 0x0000, 0x0000, 0x0000, 0x0000, 0x0000, 0x0000, 0x0000,
  0x0000, 0x0000, 0x0000, 0x0000, 0x0000, 0x0000, 0x0000, 0x0000, 0x0000, 0x0000, 0x0000, 0x0000,
  0x0000, 0x0000, 0x0000, 0x0000, 0x0000, 0x0000, 0x0000, 0x0000, 0x0000, 0x0000, 0x0000, 0x0000,
  0x0000, 0x0000, 0x0000, 0x0000, 0x0000, 0x0000, 0x0000, 0x0000, 0x0000, 0x0000, 0x0000, 0x0000,
  0x0000, 0x0000, 0x0000, 0x0000, 0x0000, 0x0000, 0x0000, 0x0000, 0x0000, 0x0000, 0x0000, 0x0000,
  0x0000, 0x0000, 0x0000, 0x0000, 0x0000, 0x0000, 0x0000, 0x0000, 0x0000, 0x0000, 0x0000, 0x0000,
  0x0000, 0x0000, 0x0000, 0x0000, 0x0000, 0x0000, 0x0000, 0x0000, 0x0000, 0x0000, 0x0000, 0x0000,
  0x0000, 0x0000, 0x0000, 0x0000, 0x0000, 0x0000, 0x0000, 0x0000, 0x0000, 0x0000, 0x0000, 0x0000,
  0x0000, 0x0000, 0x0000, 0x0000, 0x2000, 0x2108, 0x0008, 0x6008, 0x2218, 0x91d1, 0xb7fb, 0x17fb,
  0xb6f2, 0x5afc, 0xd4f1, 0xeea0, 0x4438, 0x0008, 0x0000, 0x0000, 0x2000, 0x0000, 0x0000, 0x0000,
  0x0000, 0x0000, 0x0000, 0x0000, 0x0000, 0x0000, 0x0000, 0x0000, 0x0000, 0x0000, 0x0000, 0x0000,
  0x0000, 0x0000, 0x0000, 0x0000, 0x0000, 0x0000, 0x0000, 0x0000, 0x0000, 0x0000, 0x0000, 0x0000,
  0x0000, 0x0000, 0x0000, 0x0000, 0x0000, 0x0000, 0x0000, 0x0000, 0x0000, 0x0000, 0x0000, 0x0000,
  0x0000, 0x0000, 0x0000, 0x0000, 0x0000, 0x0000, 0x0000, 0x0000, 0x0000, 0x0000, 0x0000, 0x0000,
  0x0000, 0x0000, 0x0000, 0x0000, 0x0000, 0x0000, 0x0000, 0x0000, 0x0000, 0x0000, 0x0000, 0x0000,
  0x0000, 0x0000, 0x0000, 0x0000, 0x0000, 0x0000, 0x0000, 0x0000, 0x0000, 0x0000, 0x0000, 0x0000,
  0x0000, 0x0000, 0x0000, 0x0000, 0x0000, 0x0000, 0x0000, 0x0000, 0x0000, 0x0000, 0x0000, 0x0000,
  0x0000, 0x0000, 0x0000, 0x0000, 0x0000, 0x0000, 0x0000, 0x0000, 0x0000, 0x0000, 0x0000, 0x2100,
  0x2100, 0x2000, 0x2008, 0x2218, 0xf2d1, 0xdbfd, 0xbcfd, 0xd8f4, 0x99f6, 0x39fc, 0x15f2, 0xa970,
  0x0110, 0x2000, 0x0000, 0x0008, 0x0000, 0x2000, 0x0000, 0x0000, 0x0000, 0x0000, 0x0000, 0x0000,
  0x0000, 0x0000, 0x0000, 0x0000, 0x0000, 0x0000, 0x0000, 0x0000, 0x0000, 0x0000, 0x0000, 0x0000,
  0x0000, 0x0000, 0x0000, 0x0000, 0x0000, 0x0000, 0x0000, 0x0000, 0x0000, 0x0000, 0x0000, 0x0000,
  0x0000, 0x0000, 0x0000, 0x0000, 0x0000, 0x0000, 0x0000, 0x0000, 0x0000, 0x0000, 0x0000, 0x0000,
  0x0000, 0x0000, 0x0000, 0x0000, 0x0000, 0x0000, 0x0000, 0x0000, 0x0000, 0x0000, 0x0000, 0x0000,
  0x0000, 0x0000, 0x0000, 0x0000, 0x0000, 0x0000, 0x0000, 0x0000, 0x0000, 0x0000, 0x0000, 0x0000,
  0x0000, 0x0000, 0x0000, 0x0000, 0x0000, 0x0000, 0x0000, 0x0000, 0x0000, 0x0000, 0x0000, 0x0000,
  0x0000, 0x0000, 0x0000, 0x0000, 0x0000, 0x0000, 0x0000, 0x0000, 0x0000, 0x0000, 0x0000, 0x0000,
  0x0000, 0x0000, 0x0000, 0x0000, 0x0000, 0x2008, 0x2000, 0x2100, 0x2008, 0x4110, 0x4750, 0xd3d1,
  0xdcfd, 0x9fff, 0xbaf6, 0x94fd, 0xdbfd, 0xf7ea, 0xec88, 0x6538, 0x4428, 0x0008, 0x2000, 0x2000,
  0x0000, 0x0000, 0x0000, 0x0000, 0x0000, 0x0000, 0x0000, 0x0000, 0x0000, 0x0000, 0x0000, 0x0000,
  0x0000, 0x0000, 0x0000, 0x0000, 0x0000, 0x0000, 0x0000, 0x0000, 0x0000, 0x0000, 0x0000, 0x0000,
  0x0000, 0x0000, 0x0000, 0x0000, 0x0000, 0x0000, 0x0000, 0x0000, 0x0000, 0x0000, 0x0000, 0x0000,
  0x0000, 0x0000, 0x0000, 0x0000, 0x0000, 0x0000, 0x0000, 0x0000, 0x0000, 0x0000, 0x0000, 0x0000,
  0x0000, 0x0000, 0x0000, 0x0000, 0x0000, 0x0000, 0x0000, 0x0000, 0x0000, 0x0000, 0x0000, 0x0000,
  0x0000, 0x0000, 0x0000, 0x0000, 0x0000, 0x0000, 0x0000, 0x0000, 0x0000, 0x0000, 0x0000, 0x0000,
  0x0000, 0x0000, 0x0000, 0x0000, 0x0000, 0x0000, 0x0000, 0x0000, 0x0000, 0x0000, 0x0000, 0x0000,
  0x0000, 0x0000, 0x0000, 0x0000, 0x0000, 0x0000, 0x0000, 0x0000, 0x0000, 0x0000, 0x0000, 0x0000,
  0x2000, 0x0008, 0x2008, 0x2000, 0x6748, 0x52e9, 0x14ea, 0xfbfd, 0xdeff, 0xdfff, 0x3cf7, 0x16f3,
  0x95f1, 0x33f1, 0x31e9, 0x0ec9, 0x2330, 0x2000, 0x4000, 0x0008, 0x0000, 0x0000, 0x0000, 0x0000,
  0x0000, 0x0000, 0x0000, 0x0000, 0x0000, 0x0000, 0x0000, 0x0000, 0x0000, 0x0000, 0x0000, 0x0000,
  0x0000, 0x0000, 0x0000, 0x0000, 0x0000, 0x0000, 0x0000, 0x0000, 0x0000, 0x0000, 0x0000, 0x0000,
  0x0000, 0x0000, 0x0000, 0x0000, 0x0000, 0x0000, 0x0000, 0x0000, 0x0000, 0x0000, 0x0000, 0x0000,
  0x0000, 0x0000, 0x0000, 0x0000, 0x0000, 0x0000, 0x0000, 0x0000, 0x0000, 0x0000, 0x0000, 0x0000,
  0x0000, 0x0000, 0x0000, 0x0000, 0x0000, 0x0000, 0x0000, 0x0000, 0x0000, 0x0000, 0x0000, 0x0000,
  0x0000, 0x0000, 0x0000, 0x0000, 0x0000, 0x0000, 0x0000, 0x0000, 0x0000, 0x0000, 0x0000, 0x0000,
  0x0000, 0x0000, 0x0000, 0x0000, 0x0000, 0x0000, 0x0000, 0x0000, 0x0000, 0x0000, 0x0000, 0x0000,
  0x0000, 0x0000, 0x0000, 0x0000, 0x0000, 0x0000, 0x0000, 0x2000, 0x0110, 0x2108, 0x8868, 0x12d9,
  0x15fa, 0x3cf6, 0xbeff, 0xfff7, 0xfff7, 0xdff7, 0x3dfe, 0x38fb, 0x54f1, 0x54f9, 0x31e1, 0x2538,
  0x0108, 0x0000, 0x2000, 0x0000, 0x0000, 0x0000, 0x0000, 0x0000, 0x0000, 0x0000, 0x0000, 0x0000,
  0x0000, 0x0000, 0x0000, 0x0000, 0x0000, 0x0000, 0x0000, 0x0000, 0x0000, 0x0000, 0x0000, 0x0000,
  0x0000, 0x0000, 0x0000, 0x0000, 0x0000, 0x0000, 0x0000, 0x0000, 0x0000, 0x0000, 0x0000, 0x0000,
  0x0000, 0x0000, 0x0000, 0x0000, 0x0000, 0x0000, 0x0000, 0x0000, 0x0000, 0x0000, 0x0000, 0x0000,
  0x0000, 0x0000, 0x0000, 0x0000, 0x0000, 0x0000, 0x0000, 0x0000, 0x0000, 0x0000, 0x0000, 0x0000,
  0x0000, 0x0000, 0x0000, 0x0000, 0x0000, 0x0000, 0x0000, 0x0000, 0x0000, 0x0000, 0x0000, 0x0000,
  0x0000, 0x0000, 0x0000, 0x0000, 0x0000, 0x0000, 0x0000, 0x0000, 0x0000, 0x0000, 0x0000, 0x0000,
  0x0000, 0x0000, 0x0000, 0x0000, 0x0000, 0x0000, 0x0000, 0x0000, 0x0000, 0x0000, 0x0000, 0x0000,
  0x0000, 0x0000, 0x4100, 0x0110, 0x8750, 0x10c1, 0x77ea, 0x1bfd, 0x9eff, 0xdfff, 0xdfff, 0xfef7,
  0xfeff, 0xbeff, 0xfbf5, 0xf7f2, 0x74f1, 0x13e9, 0xcc88, 0xca80, 0x2440, 0x4200, 0x0000, 0x0000,
  0x0000, 0x0000, 0x0000, 0x0000, 0x0000, 0x0000, 0x0000, 0x0000, 0x0000, 0x0000, 0x0000, 0x0000,
  0x0000, 0x0000, 0x0000, 0x0000, 0x0000, 0x0000, 0x0000, 0x0000, 0x0000, 0x0000, 0x0000, 0x0000,
  0x0000, 0x0000, 0x0000, 0x0000, 0x0000, 0x0000, 0x0000, 0x0000, 0x0000, 0x0000, 0x0000, 0x0000,
  0x0000, 0x0000, 0x0000, 0x0000, 0x0000, 0x0000, 0x0000, 0x0000, 0x0000, 0x0000, 0x0000, 0x0000,
  0x0000, 0x0000, 0x0000, 0x0000, 0x0000, 0x0000, 0x0000, 0x0000, 0x0000, 0x0000, 0x0000, 0x0000,
  0x0000, 0x0000, 0x0000, 0x0000, 0x0000, 0x0000, 0x0000, 0x0000, 0x0000, 0x0000, 0x0000, 0x0000,
  0x0000, 0x0000, 0x0000, 0x0000, 0x0000, 0x0000, 0x0000, 0x0000, 0x0000, 0x0000, 0x0000, 0x0000,
  0x0000, 0x0000, 0x0000, 0x2000, 0x0000, 0x0000, 0x0000, 0x2000, 0x0000, 0x2108, 0x8760, 0xf0c8,
  0x13f2, 0xb5f3, 0xbbfd, 0x9ef7, 0xffff, 0xffff, 0xffff, 0xffff, 0xffff, 0xdfff, 0xdbf5, 0x77f3,
  0x15f9, 0x33f1, 0x33f1, 0xcea8, 0x6540, 0x2108, 0x4000, 0x0000, 0x0100, 0x0000, 0x2000, 0x0000,
  0x0000, 0x0000, 0x0000, 0x0000, 0x0000, 0x0000, 0x0000, 0x0000, 0x0000, 0x0000, 0x0000, 0x0000,
  0x0000, 0x0000, 0x0000, 0x0000, 0x0000, 0x0000, 0x0000, 0x0000, 0x0000, 0x0008, 0x2000, 0x0000,
  0x0000, 0x0000, 0x0000, 0x0000, 0x0000, 0x0000, 0x0000, 0x0000, 0x0000, 0x0000, 0x0000, 0x0000,
  0x0000, 0x0000, 0x0000, 0x0000, 0x0000, 0x0000, 0x0000, 0x0000, 0x0000, 0x0000, 0x0000, 0x0000,
  0x0000, 0x0000, 0x0000, 0x0000, 0x0000, 0x0000, 0x0000, 0x0000, 0x0000, 0x0000, 0x0000, 0x0000,
  0x0000, 0x0000, 0x0000, 0x0000, 0x0000, 0x0000, 0x0000, 0x0000, 0x0000, 0x0000, 0x0000, 0x0000,
  0x0000, 0x0000, 0x0000, 0x0000, 0x0000, 0x0000, 0x0000, 0x0000, 0x0000, 0x0000, 0x0000, 0x0000,
  0x0000, 0x0000, 0x2000, 0x2218, 0x6750, 0x0fd1, 0x74f2, 0x13fc, 0x54fc, 0x38fc, 0x3eff, 0xffff,
  0xffff, 0xffff, 0xffff, 0xffff, 0xffff, 0xbdf7, 0x5df6, 0x95f2, 0xb4f1, 0x56ea, 0xf5e1, 0x4ea9,
  0x4538, 0x2108, 0x0008, 0x0000, 0x0000, 0x2000, 0x0000, 0x0000, 0x0000, 0x0000, 0x0000, 0x0000,
  0x0000, 0x0000, 0x0000, 0x0000, 0x0000, 0x0000, 0x0000, 0x0000, 0x0000, 0x0000, 0x2000, 0x0000,
  0x0000, 0x0000, 0x0000, 0x0000, 0x0000, 0x2000, 0x0000, 0x0000, 0x0000, 0x0000, 0x0000, 0x0000,
  0x0000, 0x0000, 0x0000, 0x0000, 0x0000, 0x0000, 0x0000, 0x0000, 0x0000, 0x0000, 0x0000, 0x0000,
  0x0000, 0x0000, 0x0000, 0x0000, 0x0000, 0x0000, 0x0000, 0x0000, 0x0000, 0x0000, 0x0000, 0x0000,
  0x0000, 0x0000, 0x0000, 0x0000, 0x0000, 0x0000, 0x0000, 0x0000, 0x0000, 0x0000, 0x0000, 0x0000,
  0x0000, 0x0000, 0x0000, 0x0000, 0x0000, 0x0000, 0x0000, 0x0000, 0x0000, 0x0000, 0x0000, 0x0000,
  0x0000, 0x0000, 0x0000, 0x0000, 0x0000, 0x0008, 0x0000, 0x2000, 0x0000, 0x2000, 0x6538, 0x11d9,
  0xf5f1, 0x7bed, 0x9eff, 0xbeff, 0x7fff, 0xffff, 0xffff, 0xffff, 0xffff, 0xffff, 0xffff, 0xfeff,
  0xffff, 0xbfff, 0xbdf6, 0x36f3, 0x5bfd, 0xfafb, 0x54e9, 0x0eb9, 0x4330, 0x0008, 0x0000, 0x2000,
  0x0000, 0x0000, 0x0000, 0x0000, 0x0000, 0x0000, 0x0000, 0x0000, 0x0000, 0x0000, 0x0000, 0x0000,
  0x0000, 0x0000, 0x0000, 0x0000, 0x0000, 0x0000, 0x0008, 0x0000, 0x0000, 0x0000, 0x0000, 0x0000,
  0x0008, 0x0008, 0x2000, 0x0000, 0x0000, 0x0000, 0x0000, 0x0000, 0x0000, 0x0000, 0x0000, 0x0000,
  0x0000, 0x0000, 0x0000, 0x0000, 0x0000, 0x0000, 0x0000, 0x0000, 0x0000, 0x0000, 0x0000, 0x0000,
  0x0000, 0x0000, 0x0000, 0x0000, 0x0000, 0x0000, 0x0000, 0x0000, 0x0000, 0x0000, 0x0000, 0x0000,
  0x0000, 0x0000, 0x0000, 0x0000, 0x0000, 0x0000, 0x0000, 0x0000, 0x0000, 0x0000, 0x0000, 0x0000,
  0x0000, 0x0000, 0x0000, 0x0000, 0x0000, 0x0000, 0x0000, 0x0000, 0x0000, 0x0000, 0x0000, 0x0000,
  0x0008, 0x2000, 0x2000, 0x0008, 0x0100, 0x8648, 0x75f9, 0x75f1, 0x96ea, 0x9bf5, 0xdeff, 0xfdff,
  0xdfff, 0xdeff, 0xdfff, 0xffff, 0xffff, 0xffff, 0xfeff, 0xfeff, 0xbff7, 0xdfff, 0x5dfe, 0xf8f3,
  0xf5f9, 0x73f9, 0x51d9, 0x4428, 0x0000, 0x0000, 0x0000, 0x0000, 0x2000, 0x0000, 0x0000, 0x0000,
  0x0000, 0x0000, 0x0000, 0x0000, 0x0000, 0x0000, 0x0000, 0x0000, 0x0000, 0x0000, 0x0000, 0x0000,
  0x0008, 0x0000, 0x2000, 0x4538, 0xa970, 0xa960, 0x8860, 0xa970, 0x6650, 0x2100, 0x2000, 0x0000,
  0x0000, 0x0000, 0x0000, 0x0000, 0x0000, 0x0000, 0x0000, 0x0000, 0x0000, 0x0000, 0x0000, 0x0000,
  0x0000, 0x0000, 0x0000, 0x0000, 0x0000, 0x0000, 0x0000, 0x0000, 0x0000, 0x0000, 0x0000, 0x0000,
  0x0000, 0x0000, 0x0000, 0x0000, 0x0000, 0x0000, 0x0000, 0x0000, 0x0000, 0x0000, 0x0000, 0x0000,
  0x0000, 0x0000, 0x0000, 0x0000, 0x0000, 0x0000, 0x0000, 0x0000, 0x0000, 0x0000, 0x0000, 0x0000,
  0x0000, 0x0000, 0x0000, 0x0000, 0x0000, 0x0000, 0x0000, 0x0000, 0x2000, 0x2000, 0x0008, 0x0100,
  0x6648, 0x55e9, 0x74f9, 0xb7fb, 0x5dfe, 0xbeff, 0xdef7, 0xdfff, 0xdeff, 0xffff, 0xffff, 0xffff,
  0xdfff, 0xffff, 0xdeff, 0xfeff, 0x9ef7, 0x5af5, 0xbafc, 0x17f3, 0x35f1, 0x11d9, 0x2430, 0x0000,
  0x0000, 0x0000, 0x0000, 0x0000, 0x0000, 0x0000, 0x0000, 0x0000, 0x0000, 0x0000, 0x0000, 0x0000,
  0x0000, 0x0000, 0x0000, 0x0000, 0x0000, 0x0000, 0x0000, 0x0000, 0x0000, 0x0108, 0x8a78, 0x53f1,
  0x34f9, 0x54f1, 0x34f9, 0x0fb9, 0x2420, 0x0008, 0x0000, 0x0000, 0x0000, 0x0000, 0x0000, 0x0000,
  0x0000, 0x0000, 0x0000, 0x0000, 0x0000, 0x0000, 0x0000, 0x0000, 0x0000, 0x0000, 0x0000, 0x0000,
  0x0000, 0x0000, 0x0000, 0x0000, 0x0000, 0x0000, 0x0000, 0x0000, 0x0000, 0x0000, 0x0000, 0x0000,
  0x0000, 0x0000, 0x0000, 0x0000, 0x0000, 0x0000, 0x0000, 0x0000, 0x0000, 0x0000, 0x0000, 0x0000,
  0x0000, 0x0000, 0x0000, 0x0000, 0x0000, 0x0000, 0x0000, 0x0000, 0x0000, 0x0000, 0x0000, 0x0000,
  0x0000, 0x0000, 0x0000, 0x0008, 0x0000, 0x2000, 0x0000, 0x2430, 0xcc98, 0x2ca1, 0xf6d3, 0x5afe,
  0x7afe, 0xbbf5, 0x9fff, 0xffff, 0xffff, 0xffff, 0xffff, 0xffff, 0xffff, 0xffff, 0x3df7, 0x1bfd,
  0x55fa, 0x19f4, 0xf2ca, 0xad98, 0xab88, 0x2220, 0x0000, 0x0000, 0x0000, 0x2000, 0x0000, 0x0000,
  0x0000, 0x0000, 0x0000, 0x0000, 0x0000, 0x0000, 0x0000, 0x0000, 0x0000, 0x0000, 0x0000, 0x0000,
  0x0000, 0x0000, 0x0108, 0x2110, 0x2218, 0x8b88, 0x74f9, 0x14f9, 0x54f9, 0x34f9, 0x30c1, 0x0310,
  0x0000, 0x0000, 0x0000, 0x0000, 0x0000, 0x0000, 0x0000, 0x0000, 0x0000, 0x0000, 0x0000, 0x0000,
  0x0000, 0x0000, 0x0000, 0x0000, 0x0000, 0x0000, 0x0000, 0x0000, 0x0000, 0x0000, 0x0000, 0x0000,
  0x0000, 0x0000, 0x0000, 0x0000, 0x0000, 0x0000, 0x0000, 0x0000, 0x0000, 0x0000, 0x0000, 0x0000,
  0x0000, 0x0000, 0x0000, 0x0000, 0x0000, 0x0000, 0x0000, 0x0000, 0x0000, 0x0000, 0x0000, 0x0000,
  0x0000, 0x0000, 0x0000, 0x0000, 0x0000, 0x0000, 0x0000, 0x0000, 0x0000, 0x0000, 0x0000, 0x0000,
  0x0000, 0x0000, 0x0108, 0x2218, 0x2430, 0x4ea9, 0x34f3, 0x15fc, 0x57f4, 0x3eff, 0xdff7, 0xdfff,
  0xdfff, 0xfff7, 0xdfff, 0xdfff, 0x3eff, 0x1bfd, 0xb5f1, 0x11c9, 0x50b9, 0xa968, 0x4218, 0x0218,
  0x0000, 0x0000, 0x0000, 0x0000, 0x0000, 0x0000, 0x0000, 0x0000, 0x0000, 0x0000, 0x0000, 0x0000,
  0x0000, 0x0000, 0x0000, 0x0000, 0x0000, 0x0000, 0x0000, 0x0008, 0x0000, 0x4538, 0xcd98, 0xf0a8,
  0xf2d8, 0x53f1, 0x34f1, 0x55f9, 0x14f9, 0x30c9, 0x0218, 0x0000, 0x0000, 0x0000, 0x0000, 0x0000,
  0x0000, 0x0000, 0x0000, 0x0000, 0x0000, 0x0000, 0x0000, 0x0000, 0x0000, 0x0000, 0x0000, 0x0000,
  0x0000, 0x0000, 0x0000, 0x0000, 0x0000, 0x0000, 0x0000, 0x0000, 0x0000, 0x0000, 0x0000, 0x0000,
  0x0000, 0x0000, 0x0000, 0x0000, 0x0000, 0x0000, 0x0000, 0x0000, 0x0000, 0x0000, 0x0000, 0x0000,
  0x0000, 0x0000, 0x0000, 0x0000, 0x0000, 0x0000, 0x0000, 0x0000, 0x0000, 0x0000, 0x0000, 0x0000,
  0x0000, 0x0000, 0x0000, 0x0000, 0x0000, 0x0000, 0x0000, 0x0000, 0x0000, 0x0000, 0x2000, 0x2218,
  0xad98, 0x32f1, 0x55eb, 0x3eff, 0xdeef, 0xdfff, 0xdfff, 0xffff, 0xdeff, 0xffef, 0xbef7, 0xb8fc,
  0x13ea, 0x51d9, 0x4430, 0x4210, 0x2008, 0x2008, 0x0000, 0x0000, 0x0000, 0x0000, 0x0000, 0x0000,
  0x0000, 0x0000, 0x0000, 0x0000, 0x0000, 0x0000, 0x0000, 0x0000, 0x0000, 0x0000, 0x0000, 0x0000,
  0x0000, 0x0000, 0x0000, 0x2000, 0x8648, 0x12d9, 0x35f9, 0x34f9, 0x53e9, 0x34f1, 0x34f1, 0x34f1,
  0x30c1, 0x2218, 0x0000, 0x0000, 0x0000, 0x0000, 0x0000, 0x0000, 0x0000, 0x0000, 0x0000, 0x0000,
  0x0000, 0x0000, 0x0000, 0x0000, 0x0000, 0x0000, 0x0000, 0x0000, 0x0000, 0x0000, 0x0000, 0x0000,
  0x0000, 0x0000, 0x0000, 0x0000, 0x0000, 0x0000, 0x0000, 0x0000, 0x0000, 0x0000, 0x0000, 0x0000,
  0x0000, 0x0000, 0x0000, 0x0000, 0x0000, 0x0000, 0x0000, 0x0000, 0x0000, 0x0000, 0x0000, 0x0000,
  0x0000, 0x0000, 0x0000, 0x0000, 0x0000, 0x0000, 0x0000, 0x0000, 0x0000, 0x0000, 0x0000, 0x0000,
  0x0000, 0x0000, 0x0000, 0x0000, 0x0000, 0x2000, 0x2100, 0x2328, 0x6440, 0x0969, 0xb6fa, 0xd6fa,
  0x95fc, 0x9afe, 0xdfff, 0xfdf7, 0x5ff7, 0x98f4, 0xd5f9, 0x14f1, 0x50d9, 0x2330, 0x2008, 0x2000,
  0x0000, 0x0000, 0x0000, 0x0000, 0x0000, 0x0000, 0x0000, 0x0000, 0x0000, 0x0000, 0x0000, 0x0000,
  0x0000, 0x0000, 0x0000, 0x0000, 0x0000, 0x0000, 0x0000, 0x0000, 0x0000, 0x0000, 0x0000, 0x6548,
  0x0eb9, 0x10c9, 0x33e9, 0x74f1, 0x74f9, 0x54f1, 0x54f1, 0x10c9, 0x2210, 0x0000, 0x0000, 0x0000,
  0x0000, 0x0000, 0x0000, 0x0000, 0x0000, 0x0000, 0x0000, 0x0000, 0x0000, 0x0000, 0x0000, 0x0000,
  0x0000, 0x0000, 0x0000, 0x0000, 0x0000, 0x0000, 0x0000, 0x0000, 0x0000, 0x0000, 0x0000, 0x0000,
  0x0000, 0x0000, 0x0000, 0x0000, 0x0000, 0x0000, 0x0000, 0x0000, 0x0000, 0x0000, 0x0000, 0x0000,
  0x0000, 0x0000, 0x0000, 0x0000, 0x0000, 0x0000, 0x0000, 0x0000, 0x0000, 0x0000, 0x0000, 0x0000,
  0x0000, 0x0000, 0x0000, 0x0000, 0x0000, 0x0000, 0x0000, 0x0000, 0x0000, 0x0000, 0x0000, 0x0000,
  0x0010, 0x0000, 0x0000, 0x2100, 0x2648, 0x53f9, 0xb4f1, 0xf5ec, 0x3bf7, 0xdfff, 0x7dff, 0xdbfc,
  0x56f2, 0x15f9, 0x32c9, 0x8968, 0x0210, 0x2008, 0x2000, 0x0100, 0x0000, 0x0000, 0x0000, 0x0000,
  0x0000, 0x0000, 0x0000, 0x0000, 0x0000, 0x0000, 0x0000, 0x0000, 0x0000, 0x0000, 0x0000, 0x0000,
  0x0000, 0x0000, 0x0000, 0x0000, 0x2000, 0x0000, 0x0108, 0x4320, 0x0328, 0x8d98, 0x54f1, 0x54f1,
  0x54f1, 0x55f9, 0x11d1, 0x0210, 0x0000, 0x0000, 0x0000, 0x0000, 0x0000, 0x0000, 0x0000, 0x0000,
  0x0000, 0x0000, 0x0000, 0x0000, 0x0000, 0x0000, 0x0000, 0x0000, 0x0000, 0x0000, 0x0000, 0x0000,
  0x0000, 0x0000, 0x0000, 0x0000, 0x0000, 0x0000, 0x0000, 0x0000, 0x0000, 0x0000, 0x0000, 0x0000,
  0x0000, 0x0000, 0x0000, 0x0000, 0x0000, 0x0000, 0x0000, 0x0000, 0x0000, 0x0000, 0x0000, 0x0000,
  0x0000, 0x0000, 0x0000, 0x0000, 0x0000, 0x0000, 0x0000, 0x0000, 0x0000, 0x0000, 0x0000, 0x0000,
  0x0000, 0x0000, 0x0000, 0x0000, 0x0000, 0x0000, 0x0000, 0x0008, 0x2000, 0x0000, 0x2108, 0x2328,
  0xcea0, 0x74e1, 0x18fc, 0x7bf5, 0x9cf5, 0x19fd, 0x15f2, 0x54f1, 0x10c9, 0xa860, 0x0108, 0x0000,
  0x2000, 0x4000, 0x0000, 0x0000, 0x0000, 0x0000, 0x0000, 0x0000, 0x0000, 0x0000, 0x0000, 0x0000,
  0x0000, 0x0000, 0x0000, 0x0000, 0x0000, 0x0000, 0x0000, 0x0000, 0x0000, 0x0000, 0x0000, 0x0000,
  0x0000, 0x0000, 0x4000, 0x0000, 0x8a80, 0x74f1, 0x54f1, 0x53f1, 0x54f1, 0x10c9, 0x0218, 0x0000,
  0x0000, 0x0000, 0x0000, 0x0000, 0x0000, 0x0000, 0x0000, 0x0000, 0x0000, 0x0000, 0x0000, 0x0000,
  0x0000, 0x0000, 0x0000, 0x0000, 0x0000, 0x0000, 0x0000, 0x0000, 0x0000, 0x0000, 0x0000, 0x0000,
  0x0000, 0x0000, 0x0000, 0x0000, 0x0000, 0x0000, 0x0000, 0x0000, 0x0000, 0x0000, 0x0000, 0x0000,
  0x0000, 0x0000, 0x0000, 0x0000, 0x0000, 0x0000, 0x0000, 0x0000, 0x0000, 0x0000, 0x0000, 0x0000,
  0x0000, 0x0000, 0x0000, 0x0000, 0x0000, 0x0000, 0x0000, 0x0000, 0x0000, 0x0000, 0x0000, 0x0000,
  0x0000, 0x0000, 0x4000, 0x0008, 0x2008, 0x2000, 0x0108, 0x2538, 0x52d9, 0x95f9, 0x75f9, 0xb5f9,
  0xd3e9, 0x54f9, 0x53f1, 0xea78, 0x2110, 0x2000, 0x0100, 0x0100, 0x2000, 0x0008, 0x0000, 0x0000,
  0x0000, 0x0000, 0x0000, 0x0000, 0x0000, 0x0000, 0x0000, 0x0000, 0x0000, 0x0000, 0x0000, 0x0000,
  0x0000, 0x0000, 0x0000, 0x0000, 0x0000, 0x0000, 0x0000, 0x0000, 0x0000, 0x0000, 0x0008, 0x4548,
  0xcb88, 0xac90, 0xca88, 0xab88, 0xa970, 0x0110, 0x2000, 0x0000, 0x0000, 0x0000, 0x0000, 0x0000,
  0x0000, 0x0000, 0x0000, 0x0000, 0x0000, 0x0000, 0x0000, 0x0000, 0x0000, 0x0000, 0x0000, 0x0000,
  0x0000, 0x0000, 0x0000, 0x0000, 0x0000, 0x0000, 0x0000, 0x0000, 0x0000, 0x0000, 0x0000, 0x0000,
  0x0000, 0x0000, 0x0000, 0x0000, 0x0000, 0x0000, 0x0000, 0x0000, 0x0000, 0x0000, 0x0000, 0x0000,
  0x0000, 0x0000, 0x0000, 0x0000, 0x0000, 0x0000, 0x0000, 0x0000, 0x0000, 0x0000, 0x0000, 0x0000,
  0x0000, 0x0000, 0x0000, 0x0000, 0x0000, 0x0000, 0x0000, 0x0000, 0x0000, 0x0000, 0x2108, 0x2008,
  0x2000, 0x0008, 0x0220, 0x0ec1, 0x33f1, 0x54f1, 0x54f1, 0x34e9, 0x35e9, 0x34e9, 0xaa68, 0x0118,
  0x0000, 0x2000, 0x0000, 0x0000, 0x2100, 0x0000, 0x0000, 0x0000, 0x0000, 0x0000, 0x0000, 0x0000,
  0x0000, 0x0000, 0x0000, 0x0000, 0x0000, 0x0000, 0x0000, 0x0000, 0x0000, 0x0000, 0x0000, 0x0000,
  0x0000, 0x0000, 0x0000, 0x0000, 0x2000, 0x4100, 0x2100, 0x0110, 0x2110, 0x4008, 0x0110, 0x2108,
  0x2000, 0x0000, 0x0000, 0x0000, 0x0000, 0x0000, 0x0000, 0x0000, 0x0000, 0x0000, 0x0000, 0x2000,
  0x0000, 0x0000, 0x0008, 0x0000, 0x2000, 0x2000, 0x0000, 0x2000, 0x0000, 0x0000, 0x2000, 0x0000,
  0x0000, 0x0000, 0x0000, 0x0000, 0x0000, 0x0000, 0x0000, 0x0000, 0x0000, 0x0000, 0x0000, 0x0000,
  0x0000, 0x0000, 0x0000, 0x0000, 0x0000, 0x0000, 0x0000, 0x0000, 0x0000, 0x0000, 0x0000, 0x0000,
  0x0000, 0x0000, 0x0000, 0x0000, 0x0000, 0x0000, 0x0000, 0x0000, 0x0000, 0x0000, 0x0000, 0x0000,
  0x0000, 0x0000, 0x0000, 0x0000, 0x0000, 0x0000, 0x2000, 0x2000, 0x0000, 0x2110, 0x6328, 0x6438,
  0x6438, 0x6438, 0x6438, 0x6438, 0x6438, 0x4218, 0x0000, 0x0000, 0x0000, 0x0000, 0x0000, 0x0000,
  0x0000, 0x0000, 0x0000, 0x0000, 0x0000, 0x0000, 0x0000, 0x0000, 0x0000, 0x0000, 0x0000, 0x0000,
  0x0000, 0x0000, 0x0000, 0x0000, 0x0000, 0x0000, 0x0000, 0x0000, 0x0000, 0x0000, 0x0000, 0x0000,
  0x0000, 0x0000, 0x0000, 0x0000, 0x0000, 0x0000, 0x0000, 0x0000, 0x0000, 0x0000, 0x0000, 0x0000,
  0x0000, 0x0000, 0x0000, 0x0000, 0x0000, 0x0000, 0x0000, 0x0100, 0x2110, 0x2118, 0x4108, 0x2108,
  0x0108, 0x0000, 0x0000, 0x2000, 0x0000, 0x0000, 0x0000, 0x0000, 0x0000, 0x0000, 0x0000, 0x0000,
  0x0000, 0x0000, 0x0000, 0x0000, 0x0000, 0x0000, 0x0000, 0x0000, 0x0000, 0x0000, 0x0000, 0x0000,
  0x0000, 0x0000, 0x0000, 0x0000, 0x0000, 0x0000, 0x0000, 0x0000, 0x0000, 0x0000, 0x0000, 0x0000,
  0x0000, 0x0000, 0x0000, 0x0000, 0x0000, 0x0000, 0x0000, 0x0000, 0x0000, 0x0000, 0x0000, 0x0000,
  0x0000, 0x2000, 0x2000, 0x0000, 0x0000, 0x0008, 0x0000, 0x0000, 0x0000, 0x0000, 0x0000, 0x0000,
  0x0000, 0x0000, 0x0000, 0x0000, 0x0000, 0x0000, 0x0000, 0x0000, 0x0000, 0x0000, 0x0000, 0x0000,
  0x0000, 0x0000, 0x0000, 0x0000, 0x0000, 0x0000, 0x0000, 0x0000, 0x0000, 0x0000, 0x0000, 0x0000,
  0x0000, 0x0000, 0x0000, 0x0000, 0x0000, 0x0000, 0x0000, 0x0000, 0x0000, 0x0000, 0x0000, 0x0000,
  0x0000, 0x0000, 0x0000, 0x0000, 0x0000, 0x0000, 0x0000, 0x0000, 0x0000, 0x0000, 0x0000, 0x0000,
  0x0008, 0x0008, 0x4430, 0xcb88, 0xac90, 0xaa78, 0x2328, 0x0008, 0x2000, 0x2000, 0x0000, 0x0000,
  0x0000, 0x0000, 0x0000, 0x0000, 0x0000, 0x0000, 0x0000, 0x0000, 0x0000, 0x0000, 0x0000, 0x0000,
  0x0000, 0x0000, 0x0000, 0x0000, 0x0000, 0x0000, 0x0000, 0x0000, 0x0000, 0x0000, 0x0000, 0x0000,
  0x0000, 0x0000, 0x0000, 0x0000, 0x0000, 0x0000, 0x0000, 0x0000, 0x0000, 0x0000, 0x0000, 0x0000,
  0x0000, 0x0000, 0x0000, 0x0000, 0x0000, 0x0000, 0x0000, 0x0000, 0x0000, 0x2000, 0x0000, 0x0000,
  0x0000, 0x0000, 0x0000, 0x0000, 0x0000, 0x0000, 0x0000, 0x0000, 0x0000, 0x0000, 0x0000, 0x0000,
  0x0000, 0x0000, 0x0000, 0x0000, 0x0000, 0x0000, 0x0000, 0x0000, 0x0000, 0x0000, 0x0000, 0x0000,
  0x0000, 0x0000, 0x0000, 0x0000, 0x0000, 0x0000, 0x0000, 0x0000, 0x0000, 0x0000, 0x0000, 0x0000,
  0x0000, 0x0000, 0x0000, 0x0000, 0x0000, 0x0000, 0x0000, 0x0000, 0x0000, 0x0000, 0x0000, 0x0000,
  0x0000, 0x0000, 0x0000, 0x0000, 0x0000, 0x0000, 0x0000, 0x2008, 0x4218, 0xca68, 0x13e9, 0x95f9,
  0x13da, 0xe968, 0x4318, 0x0000, 0x2000, 0x2000, 0x0000, 0x2000, 0x0000, 0x0000, 0x0000, 0x0000,
  0x0000, 0x0000, 0x0000, 0x0000, 0x0000, 0x0000, 0x0000, 0x0000, 0x0000, 0x0000, 0x0000, 0x0000,
  0x0000, 0x0000, 0x0000, 0x0000, 0x0000, 0x0000, 0x0000, 0x0000, 0x0000, 0x0000, 0x0000, 0x0000,
  0x0000, 0x0000, 0x0000, 0x0000, 0x0000, 0x0000, 0x0000, 0x0000, 0x0000, 0x0000, 0x0000, 0x0000,
  0x0000, 0x0000, 0x0000, 0x0000, 0x0000, 0x0000, 0x0000, 0x0000, 0x0000, 0x2000, 0x0000, 0x0000,
  0x0000, 0x0000, 0x0000, 0x0000, 0x0000, 0x0000, 0x0000, 0x0000, 0x0000, 0x0000, 0x0000, 0x0000,
  0x0000, 0x0000, 0x0000, 0x0000, 0x0000, 0x0000, 0x0000, 0x0000, 0x0000, 0x0000, 0x0000, 0x0000,
  0x0000, 0x0000, 0x0000, 0x0000, 0x0000, 0x0000, 0x0000, 0x0000, 0x0000, 0x0000, 0x0000, 0x0000,
  0x0000, 0x0000, 0x0000, 0x0000, 0x0000, 0x0000, 0x0000, 0x0000, 0x0000, 0x0000, 0x0000, 0x0000,
  0x0000, 0x0000, 0x4218, 0xeb88, 0xd2e0, 0x13f1, 0x98ec, 0x9df6, 0xb5e2, 0xcb90, 0x4308, 0x0100,
  0x2000, 0x0000, 0x2000, 0x2000, 0x0000, 0x0000, 0x0000, 0x0000, 0x0000, 0x0000, 0x0000, 0x0000,
  0x0000, 0x0000, 0x0000, 0x0000, 0x0000, 0x0000, 0x0000, 0x0000, 0x0000, 0x0000, 0x0000, 0x0000,
  0x0000, 0x0000, 0x0000, 0x0000, 0x0000, 0x0000, 0x0000, 0x0000, 0x0000, 0x0000, 0x0000, 0x0000,
  0x0000, 0x0000, 0x0000, 0x0000, 0x0000, 0x0000, 0x0000, 0x0000, 0x0000, 0x0000, 0x0000, 0x0000,
  0x0000, 0x0000, 0x0000, 0x0000, 0x0000, 0x0000, 0x0000, 0x0000, 0x0000, 0x0000, 0x0000, 0x0000,
  0x0000, 0x0000, 0x0000, 0x0000, 0x0000, 0x0000, 0x0000, 0x0000, 0x0000, 0x0000, 0x0000, 0x0000,
  0x0000, 0x0000, 0x0000, 0x0000, 0x0000, 0x0000, 0x0000, 0x0000, 0x0000, 0x0000, 0x0000, 0x0000,
  0x0000, 0x0000, 0x0000, 0x0000, 0x0000, 0x0000, 0x0000, 0x0000, 0x0000, 0x0000, 0x0000, 0x0000,
  0x0000, 0x0000, 0x0000, 0x0000, 0x0000, 0x0000, 0x0000, 0x0000, 0x0000, 0x0320, 0xafb8, 0xf5f9,
  0x76e3, 0xfafd, 0x7eff, 0xdafc, 0x52ca, 0x8858, 0x0328, 0x0008, 0x2000, 0x0000, 0x0000, 0x0000,
  0x0000, 0x0000, 0x0000, 0x0000, 0x0000, 0x0000, 0x0000, 0x0000, 0x0000, 0x0000, 0x0000, 0x0000,
  0x0000, 0x0000, 0x0000, 0x0000, 0x0000, 0x0000, 0x0000, 0x0000, 0x0000, 0x0000, 0x0000, 0x0000,
  0x0000, 0x0000, 0x0000, 0x0000, 0x0000, 0x0000, 0x0000, 0x0000, 0x0000, 0x0000, 0x0000, 0x0000,
  0x0000, 0x0000, 0x0000, 0x0000, 0x0000, 0x0000, 0x0000, 0x0000, 0x0000, 0x0000, 0x0000, 0x0000,
  0x0000, 0x0000, 0x0000, 0x0000, 0x0000, 0x0000, 0x0000, 0x0000, 0x0000, 0x0000, 0x0000, 0x0000,
  0x0000, 0x0000, 0x0000, 0x0000, 0x0000, 0x0000, 0x0000, 0x0000, 0x0000, 0x0000, 0x0000, 0x0000,
  0x0000, 0x0000, 0x0000, 0x0000, 0x0000, 0x0000, 0x0000, 0x0000, 0x0000, 0x0000, 0x0000, 0x0000,
  0x0000, 0x0000, 0x0000, 0x0000, 0x0000, 0x0000, 0x0000, 0x0000, 0x0000, 0x0000, 0x0000, 0x0000,
  0x0000, 0x0108, 0x2110, 0x0110, 0x4530, 0x2fb1, 0xb7f3, 0x5fff, 0xdfff, 0xdfff, 0xdfff, 0x1df6,
  0x14fa, 0xea78, 0x2210, 0x2000, 0x2008, 0x0000, 0x0000, 0x0000, 0x0000, 0x0000, 0x0000, 0x0000,
  0x0000, 0x0000, 0x0000, 0x0000, 0x0000, 0x0000, 0x0000, 0x0000, 0x0000, 0x0000, 0x0000, 0x0000,
  0x0000, 0x0000, 0x0000, 0x0000, 0x0000, 0x0000, 0x0000, 0x0000, 0x0000, 0x0000, 0x0000, 0x0000,
  0x0000, 0x0000, 0x0000, 0x0000, 0x0000, 0x0000, 0x0000, 0x0000, 0x0000, 0x0000, 0x0000, 0x0000,
  0x0000, 0x0000, 0x0000, 0x0000, 0x0000, 0x0000, 0x0000, 0x0000, 0x0000, 0x0000, 0x0000, 0x0000,
  0x0000, 0x0000, 0x0000, 0x0000, 0x0000, 0x0000, 0x0000, 0x0000, 0x0000, 0x0000, 0x0000, 0x0000,
  0x0000, 0x0000, 0x0000, 0x0000, 0x0000, 0x0000, 0x0000, 0x0000, 0x0000, 0x0000, 0x0000, 0x0000,
  0x0000, 0x0000, 0x0000, 0x0000, 0x0000, 0x0000, 0x0000, 0x0000, 0x0000, 0x0000, 0x0000, 0x0000,
  0x0000, 0x0000, 0x0000, 0x0000, 0x0000, 0x0000, 0x0000, 0x0000, 0x4438, 0xca80, 0xac98, 0x4e99,
  0xf6db, 0x1cfe, 0xdfff, 0xfff7, 0xffff, 0xffff, 0x3eff, 0x7bfd, 0xf4ca, 0x8a80, 0x0428, 0x2100,
  0x2000, 0x0000, 0x0000, 0x0000, 0x0000, 0x0000, 0x0000, 0x0000, 0x0000, 0x0000, 0x0000, 0x0000,
  0x0000, 0x0000, 0x0000, 0x0000, 0x0000, 0x0000, 0x0000, 0x0000, 0x0000, 0x0000, 0x0000, 0x0000,
  0x0000, 0x0000, 0x0000, 0x0000, 0x0000, 0x0000, 0x0000, 0x0000, 0x0000, 0x0000, 0x0000, 0x0000,
  0x0000, 0x0000, 0x0000, 0x0000, 0x0000, 0x0000, 0x0000, 0x0000, 0x0000, 0x0000, 0x0000, 0x0000,
  0x0000, 0x0000, 0x0000, 0x0000, 0x0000, 0x0000, 0x0000, 0x0000, 0x0000, 0x0000, 0x0000, 0x0000,
  0x0000, 0x0000, 0x0000, 0x0000, 0x0000, 0x0000, 0x0000, 0x0000, 0x0000, 0x0000, 0x0000, 0x0000,
  0x0000, 0x0000, 0x0000, 0x0000, 0x0000, 0x0000, 0x0000, 0x0000, 0x0000, 0x0000, 0x0000, 0x0000,
  0x0000, 0x0000, 0x0000, 0x0000, 0x0000, 0x0000, 0x0000, 0x0000, 0x0000, 0x0000, 0x0000, 0x0000,
  0x2000, 0x0000, 0x0000, 0x6648, 0x32e9, 0xb6f9, 0x17f3, 0x5cf6, 0xdfff, 0x9fff, 0xdfff, 0xfff7,
  0xfff7, 0xfdff, 0xddff, 0x1afd, 0x13d2, 0xa748, 0x0000, 0x0000, 0x2000, 0x0000, 0x0000, 0x0000,
  0x0000, 0x0000, 0x0000, 0x0000, 0x0000, 0x0000, 0x0000, 0x0000, 0x0000, 0x0000, 0x0000, 0x0000,
  0x0000, 0x0000, 0x0000, 0x0000, 0x0000, 0x0000, 0x0000, 0x0000, 0x0000, 0x0000, 0x0000, 0x0000,
  0x0000, 0x0000, 0x0000, 0x0000, 0x0000, 0x0000, 0x0000, 0x0000, 0x0000, 0x0000, 0x0000, 0x0000,
  0x0000, 0x0000, 0x0000, 0x0000, 0x0000, 0x0000, 0x0000, 0x0000, 0x0000, 0x0000, 0x0000, 0x0000,
  0x0000, 0x0000, 0x0000, 0x0000, 0x0000, 0x0000, 0x0000, 0x0000, 0x0000, 0x0000, 0x0000, 0x0000,
  0x0000, 0x0000, 0x0000, 0x0000, 0x0000, 0x0000, 0x0000, 0x0000, 0x0000, 0x0000, 0x0000, 0x0000,
  0x0000, 0x0000, 0x0000, 0x0000, 0x0000, 0x0000, 0x0000, 0x0000, 0x0000, 0x0000, 0x0000, 0x0000,
  0x0000, 0x0000, 0x0000, 0x0000, 0x0000, 0x0000, 0x0000, 0x2000, 0x0000, 0x0000, 0x6640, 0x33e9,
  0x59ec, 0x3dff, 0x9eff, 0xdfff, 0xffff, 0xdfff, 0xdfff, 0xfff7, 0xfef7, 0xbfff, 0x9fff, 0x79d6,
  0x2842, 0x0000, 0x2008, 0x2000, 0x0000, 0x0000, 0x0000, 0x0000, 0x0000, 0x0000, 0x0000, 0x0000,
  0x0000, 0x0000, 0x0000, 0x0000, 0x0000, 0x0000, 0x0000, 0x0000, 0x0000, 0x0000, 0x0000, 0x0000,
  0x0000, 0x0000, 0x0000, 0x0000, 0x0000, 0x0000, 0x0000, 0x0000, 0x0000, 0x0000, 0x0000, 0x0000,
  0x0000, 0x0000, 0x0000, 0x0000, 0x0000, 0x0000, 0x0000, 0x0000, 0x0000, 0x0000, 0x0000, 0x0000,
  0x0000, 0x0000, 0x0000, 0x0000, 0x0000, 0x0000, 0x0000, 0x0000, 0x0000, 0x0000, 0x0000, 0x0000,
  0x0000, 0x0000, 0x0000, 0x0000, 0x0000, 0x0000, 0x0000, 0x0000, 0x0000, 0x0000, 0x0000, 0x0000,
  0x0000, 0x0000, 0x0000, 0x0000, 0x0000, 0x0000, 0x0000, 0x0000, 0x0000, 0x0000, 0x0000, 0x0000,
  0x0000, 0x0000, 0x0000, 0x0000, 0x0000, 0x0000, 0x0000, 0x0000, 0x0000, 0x0000, 0x0000, 0x0000,
  0x0000, 0x0000, 0x0008, 0x0000, 0x2000, 0x6648, 0x13e9, 0xb8f3, 0x7cfe, 0x9eff, 0xffff, 0xfeff,
  0xfeff, 0xdfff, 0xffff, 0xdfff, 0xdfff, 0x3eef, 0x77d5, 0xc741, 0x2000, 0x0008, 0x0000, 0x0000,
  0x0000, 0x0000, 0x0000, 0x0000, 0x0000, 0x0000, 0x0000, 0x0000, 0x0000, 0x0000, 0x0000, 0x0008,
  0x0008, 0x0110, 0x0110, 0x2208, 0x0210, 0x2218, 0x0000, 0x0000, 0x0000, 0x0000, 0x0000, 0x0000,
  0x0000, 0x0000, 0x0000, 0x0000, 0x0000, 0x0000, 0x0000, 0x0000, 0x0000, 0x0000, 0x0000, 0x0000,
  0x0000, 0x0000, 0x0000, 0x0000, 0x0000, 0x0000, 0x0000, 0x0000, 0x0000, 0x0000, 0x0000, 0x0000,
  0x0000, 0x0000, 0x0000, 0x0000, 0x0000, 0x0000, 0x0000, 0x0000, 0x0000, 0x0000, 0x0000, 0x0000,
  0x0000, 0x0000, 0x0000, 0x0000, 0x0000, 0x0000, 0x0000, 0x0000, 0x0000, 0x0000, 0x0000, 0x0000,
  0x0000, 0x0000, 0x0000, 0x0000, 0x0000, 0x0000, 0x0000, 0x0000, 0x0000, 0x0000, 0x0000, 0x0000,
  0x0000, 0x0000, 0x0000, 0x0000, 0x0000, 0x0000, 0x0000, 0x0000, 0x0000, 0x0000, 0x0000, 0x0000,
  0x6650, 0x11d1, 0x54e9, 0x55f2, 0xbbf5, 0x9ef7, 0xbeff, 0xffff, 0xfeff, 0xffff, 0xdeff, 0x7dff,
  0x58f4, 0x30c9, 0x6648, 0x2000, 0x0000, 0x0000, 0x0000, 0x0000, 0x0000, 0x0000, 0x0000, 0x0000,
  0x0000, 0x0000, 0x0000, 0x0000, 0x0000, 0x0000, 0x2000, 0x0000, 0xa868, 0xcca0, 0xeda0, 0xeca0,
  0xaa80, 0x0008, 0x0000, 0x0000, 0x0000, 0x0000, 0x0000, 0x0000, 0x0000, 0x0000, 0x0000, 0x0000,
  0x0000, 0x0000, 0x0000, 0x0000, 0x0000, 0x0000, 0x0000, 0x0000, 0x0000, 0x0000, 0x0000, 0x0000,
  0x0000, 0x0000, 0x0000, 0x0000, 0x0000, 0x0000, 0x0000, 0x0000, 0x0000, 0x0000, 0x0000, 0x0000,
  0x0000, 0x0000, 0x0000, 0x0000, 0x0000, 0x0000, 0x0000, 0x0000, 0x0000, 0x0000, 0x0000, 0x0000,
  0x0000, 0x0000, 0x0000, 0x0000, 0x0000, 0x0000, 0x0000, 0x0000, 0x0000, 0x0000, 0x0000, 0x0000,
  0x0000, 0x0000, 0x0000, 0x0000, 0x0000, 0x0000, 0x0000, 0x0000, 0x0000, 0x0000, 0x0000, 0x0000,
  0x0000, 0x0000, 0x0000, 0x0000, 0x0000, 0x0000, 0x0000, 0x2320, 0xa850, 0xceb0, 0x74f9, 0x17fb,
  0x5af5, 0xbfff, 0xffff, 0xdfff, 0xffff, 0xddf6, 0x58fc, 0x10ba, 0x8748, 0x2218, 0x0008, 0x0000,
  0x2000, 0x0000, 0x0000, 0x0000, 0x0000, 0x0000, 0x0000, 0x0000, 0x0000, 0x0000, 0x2000, 0x2000,
  0x0000, 0x2008, 0x0108, 0x0ea9, 0x54f1, 0x54f1, 0x54f1, 0x10c1, 0x0008, 0x0000, 0x0000, 0x0000,
  0x0000, 0x0000, 0x0000, 0x0000, 0x0000, 0x0000, 0x0000, 0x0000, 0x0000, 0x0000, 0x0000, 0x0000,
  0x0000, 0x0000, 0x0000, 0x0000, 0x0000, 0x0000, 0x0000, 0x0000, 0x0000, 0x0000, 0x0000, 0x0000,
  0x0000, 0x0000, 0x0000, 0x0000, 0x0000, 0x0000, 0x0000, 0x0000, 0x0000, 0x0000, 0x0000, 0x0000,
  0x0000, 0x0000, 0x0000, 0x0000, 0x0000, 0x0000, 0x0000, 0x0000, 0x0000, 0x0000, 0x0000, 0x0000,
  0x0000, 0x0000, 0x0000, 0x0000, 0x0000, 0x0000, 0x0000, 0x0000, 0x0000, 0x0000, 0x0000, 0x0000,
  0x0000, 0x0000, 0x0000, 0x0000, 0x0000, 0x0000, 0x0000, 0x0000, 0x0000, 0x0000, 0x0000, 0x0000,
  0x0008, 0x2008, 0x2100, 0x0100, 0x6870, 0x2fd1, 0x52e1, 0x17fb, 0x9efe, 0x7ef7, 0xbfff, 0x1eff,
  0x3aed, 0xb1d1, 0xa868, 0x2100, 0x2000, 0x2008, 0x0000, 0x0000, 0x0000, 0x0000, 0x0000, 0x0000,
  0x0000, 0x0000, 0x0000, 0x0000, 0x0110, 0x2100, 0x2000, 0x4218, 0xa960, 0x6b88, 0x31d1, 0x34f9,
  0x34f1, 0x74f9, 0x10c1, 0x0000, 0x0000, 0x0000, 0x0000, 0x0000, 0x0000, 0x0000, 0x0000, 0x0000,
  0x0000, 0x0000, 0x0000, 0x0000, 0x0000, 0x2000, 0x0000, 0x0108, 0x0000, 0x0000, 0x0008, 0x0000,
  0x0000, 0x0000, 0x0000, 0x0000, 0x0000, 0x0000, 0x0000, 0x0000, 0x0000, 0x0000, 0x0000, 0x0000,
  0x0000, 0x0000, 0x0000, 0x0000, 0x0000, 0x0000, 0x0000, 0x0000, 0x0000, 0x0000, 0x0000, 0x0000,
  0x0000, 0x0000, 0x0000, 0x0000, 0x0000, 0x0000, 0x0000, 0x0000, 0x0000, 0x0000, 0x0000, 0x0000,
  0x0000, 0x0000, 0x0000, 0x0000, 0x0000, 0x0000, 0x0000, 0x0000, 0x0000, 0x0000, 0x0000, 0x0000,
  0x0000, 0x0000, 0x0000, 0x0000, 0x0000, 0x0000, 0x0008, 0x0000, 0x0000, 0x0000, 0x0000, 0x0218,
  0x4540, 0xceb8, 0x35f9, 0xf5f1, 0x17f5, 0x3df7, 0x19fc, 0x6fb1, 0x2538, 0x0210, 0x0108, 0x2008,
  0x2000, 0x0000, 0x0000, 0x0000, 0x0000, 0x0000, 0x0000, 0x0000, 0x0000, 0x4000, 0x4000, 0x0000,
  0x4000, 0x0008, 0x4440, 0x0fc9, 0x12f1, 0x53f1, 0x34e9, 0x54e9, 0x34f1, 0xd0c8, 0x0008, 0x0000,
  0x0000, 0x0000, 0x0000, 0x0000, 0x0000, 0x0000, 0x0000, 0x0000, 0x0000, 0x0000, 0x0000, 0x0000,
  0x4330, 0x6860, 0x4868, 0x8860, 0xa858, 0x8750, 0x4308, 0x4000, 0x2000, 0x0000, 0x0000, 0x2000,
  0x0000, 0x0000, 0x0000, 0x0000, 0x0000, 0x0000, 0x0000, 0x0000, 0x0000, 0x0000, 0x0000, 0x0000,
  0x0000, 0x0000, 0x0000, 0x0000, 0x0000, 0x0000, 0x0000, 0x0000, 0x0000, 0x0000, 0x0000, 0x0000,
  0x0000, 0x0000, 0x0000, 0x0000, 0x0000, 0x0000, 0x0000, 0x0000, 0x0000, 0x0000, 0x0000, 0x0000,
  0x0000, 0x0000, 0x0000, 0x0000, 0x0000, 0x0000, 0x0000, 0x0000, 0x0000, 0x0000, 0x0000, 0x0000,
  0x0000, 0x0000, 0x2000, 0x2000, 0x0008, 0x2008, 0x2000, 0x4218, 0xaa80, 0x11c1, 0x54f1, 0xd7f3,
  0x7aed, 0x32c2, 0xaa80, 0x6308, 0x2100, 0x0000, 0x0000, 0x0000, 0x4100, 0x0000, 0x0000, 0x0000,
  0x0000, 0x0000, 0x0000, 0x0000, 0x0008, 0x0000, 0x0008, 0x4000, 0x0000, 0x2530, 0x31c9, 0x74f1,
  0x75f1, 0x55f9, 0x76f1, 0x75f1, 0x31c1, 0x0008, 0x0000, 0x0000, 0x0000, 0x0000, 0x0000, 0x0000,
  0x0000, 0x0000, 0x0000, 0x0000, 0x0000, 0x0000, 0x2000, 0x8860, 0x94e9, 0x74f9, 0x54f9, 0x34f9,
  0xf1d8, 0x0320, 0x0000, 0x0000, 0x0008, 0x0000, 0x2000, 0x0000, 0x0000, 0x0000, 0x0000, 0x0000,
  0x0000, 0x0000, 0x0000, 0x0000, 0x0000, 0x0000, 0x0000, 0x0000, 0x0000, 0x0000, 0x0000, 0x0000,
  0x0000, 0x0000, 0x0000, 0x0000, 0x0000, 0x0000, 0x0000, 0x0000, 0x0000, 0x0000, 0x0000, 0x0000,
  0x0000, 0x0000, 0x0000, 0x0000, 0x0000, 0x0000, 0x0000, 0x0000, 0x0000, 0x0000, 0x0000, 0x0000,
  0x0000, 0x0000, 0x0000, 0x0000, 0x0000, 0x0000, 0x0000, 0x0000, 0x0000, 0x0000, 0x2000, 0x0000,
  0x0000, 0x0000, 0x2000, 0x2108, 0x6650, 0x11e1, 0x54e9, 0x51d1, 0x8550, 0x0108, 0x0000, 0x0000,
  0x2000, 0x2000, 0x0000, 0x0000, 0x0000, 0x0000, 0x0000, 0x0000, 0x0000, 0x0000, 0x0000, 0x0000,
  0x0008, 0x0008, 0x0008, 0x0000, 0x4538, 0x11c9, 0x34f9, 0x34f9, 0x14f9, 0x34f1, 0x54f9, 0x10c1,
  0x0008, 0x0000, 0x0000, 0x0000, 0x0000, 0x0000, 0x0000, 0x0000, 0x0000, 0x0000, 0x0000, 0x0000,
  0x0000, 0x0000, 0x4760, 0x54f9, 0x35f9, 0x74f1, 0xd4f1, 0x92e9, 0x6430, 0x2210, 0x0110, 0x0000,
  0x2000, 0x2000, 0x0008, 0x0000, 0x0000, 0x0000, 0x0000, 0x0000, 0x0000, 0x0000, 0x0000, 0x0000,
  0x0000, 0x0000, 0x0000, 0x0000, 0x0000, 0x0000, 0x0000, 0x0000, 0x0000, 0x0000, 0x0000, 0x0000,
  0x0000, 0x0000, 0x0000, 0x0000, 0x0000, 0x0000, 0x0000, 0x0000, 0x0000, 0x0000, 0x0000, 0x0000,
  0x0000, 0x0000, 0x0000, 0x0000, 0x0000, 0x0000, 0x0000, 0x0000, 0x0000, 0x0000, 0x0000, 0x0000,
  0x0000, 0x0000, 0x0000, 0x0000, 0x0000, 0x0000, 0x0000, 0x0000, 0x0000, 0x0000, 0x0000, 0x4220,
  0xa858, 0x6a60, 0x6860, 0x6218, 0x2000, 0x0000, 0x0008, 0x0000, 0x0000, 0x0000, 0x0008, 0x0000,
  0x0000, 0x0000, 0x0000, 0x0000, 0x0000, 0x0000, 0x2000, 0x2218, 0x2328, 0x2328, 0x4320, 0x6750,
  0x31d1, 0x54f1, 0x31d9, 0x31d9, 0x11d9, 0x30d9, 0xcda0, 0x0000, 0x0000, 0x0000, 0x0000, 0x0000,
  0x0000, 0x0000, 0x0000, 0x0000, 0x0000, 0x0000, 0x0000, 0x0000, 0x0000, 0xa760, 0x53f1, 0x96f1,
  0xb8f3, 0x5afd, 0xd9f4, 0x4d99, 0xac90, 0x6760, 0x2108, 0x0000, 0x0000, 0x0008, 0x0000, 0x0000,
  0x0000, 0x0000, 0x0000, 0x0000, 0x0000, 0x0000, 0x0000, 0x0000, 0x0000, 0x0000, 0x0000, 0x0000,
  0x0000, 0x0000, 0x0000, 0x0000, 0x0000, 0x0000, 0x0000, 0x0000, 0x0000, 0x0000, 0x0000, 0x0000,
  0x0000, 0x0000, 0x0000, 0x0000, 0x0000, 0x0000, 0x0000, 0x0000, 0x0000, 0x0000, 0x0000, 0x0000,
  0x0000, 0x0000, 0x0000, 0x0000, 0x0000, 0x0000, 0x0000, 0x0000, 0x0000, 0x0000, 0x0000, 0x2000,
  0x0000, 0x0000, 0x0000, 0x0000, 0x0000, 0x0000, 0x0008, 0x4108, 0x0108, 0x0108, 0x2000, 0x0008,
  0x0000, 0x0008, 0x0000, 0x0000, 0x0000, 0x0000, 0x0000, 0x0000, 0x0000, 0x0000, 0x0000, 0x0000,
  0x0000, 0x2108, 0xa968, 0xefb8, 0xf0c8, 0x0fb9, 0x11d1, 0x34f1, 0x53f1, 0x8970, 0x4538, 0x6538,
  0x6530, 0x4428, 0x0000, 0x0000, 0x0000, 0x0000, 0x0000, 0x0000, 0x0000, 0x0000, 0x0000, 0x0000,
  0x0000, 0x0000, 0x0000, 0x0000, 0xc860, 0x33f9, 0xb5f9, 0x5bfd, 0xdfff, 0x3eff, 0x55ea, 0x54e9,
  0xcc98, 0x4210, 0x0008, 0x0000, 0x2000, 0x0000, 0x0000, 0x0000, 0x0000, 0x0000, 0x0000, 0x0000,
  0x0000, 0x0000, 0x0000, 0x0000, 0x0000, 0x0000, 0x0000, 0x0000, 0x0000, 0x0000, 0x0000, 0x0000,
  0x0000, 0x0000, 0x0000, 0x0000, 0x0000, 0x0000, 0x0000, 0x0000, 0x0000, 0x0000, 0x0000, 0x0000,
  0x0000, 0x0000, 0x0000, 0x0000, 0x0000, 0x0000, 0x0000, 0x0000, 0x0000, 0x0000, 0x0000, 0x0000,
  0x0000, 0x0000, 0x0000, 0x0000, 0x0000, 0x0000, 0x0000, 0x0000, 0x0000, 0x0000, 0x0000, 0x0008,
  0x0000, 0x0100, 0x2100, 0x2108, 0x6000, 0x0008, 0x2000, 0x0008, 0x2000, 0x0000, 0x0000, 0x0000,
  0x0000, 0x0000, 0x0000, 0x0000, 0x0000, 0x0000, 0x0000, 0x0000, 0x2108, 0xeb88, 0x14f1, 0x35f9,
  0x74f1, 0x14f1, 0x14f1, 0x93f9, 0x6650, 0x0000, 0x0008, 0x0000, 0x2108, 0x0000, 0x0000, 0x0000,
  0x0000, 0x0000, 0x0000, 0x0000, 0x0000, 0x0000, 0x0000, 0x0000, 0x0000, 0x0000, 0x0000, 0xaa60,
  0x14f9, 0x93f1, 0x1af5, 0x5ff7, 0xddfe, 0xd3e9, 0x12d9, 0x8b90, 0x2110, 0x0010, 0x0000, 0x0000,
  0x0000, 0x0000, 0x0000, 0x0000, 0x0000, 0x0000, 0x0000, 0x0000, 0x0000, 0x0000, 0x0000, 0x0000,
  0x0000, 0x0000, 0x0000, 0x2000, 0x2000, 0x0000, 0x0000, 0x0000, 0x0000, 0x0000, 0x0000, 0x0000,
  0x0000, 0x0000, 0x0000, 0x0000, 0x0000, 0x0000, 0x0000, 0x0000, 0x0000, 0x0000, 0x0000, 0x0000,
  0x0000, 0x0000, 0x0000, 0x0000, 0x0000, 0x0000, 0x0000, 0x0000, 0x0000, 0x0000, 0x0000, 0x0000,
  0x0000, 0x0000, 0x0000, 0x0000, 0x0000, 0x0000, 0x0000, 0x0000, 0x0000, 0x0000, 0x0000, 0x0000,
  0x0000, 0x0000, 0x0000, 0x0000, 0x0000, 0x0000, 0x0000, 0x0000, 0x0000, 0x0000, 0x0000, 0x0000,
  0x0000, 0x0000, 0x0000, 0x0108, 0xab98, 0x73e9, 0x54f1, 0x74f9, 0x54f9, 0x54f1, 0x73f1, 0x6758,
  0x0000, 0x0000, 0x0000, 0x0000, 0x0000, 0x0000, 0x0000, 0x0000, 0x0000, 0x0000, 0x0000, 0x0000,
  0x0000, 0x0000, 0x0000, 0x0000, 0x0000, 0x0000, 0x4768, 0x54f1, 0x55f1, 0xf6f1, 0x15f2, 0xf4e9,
  0x4330, 0x2220, 0x2110, 0x2108, 0x0000, 0x0000, 0x0000, 0x2000, 0x0000, 0x0000, 0x0000, 0x0000,
  0x2000, 0x0000, 0x0000, 0x4000, 0x0000, 0x2000, 0x0000, 0x0008, 0x0000, 0x2000, 0x4108, 0x6108,
  0x0000, 0x0000, 0x0000, 0x0000, 0x0000, 0x0000, 0x0000, 0x0000, 0x0000, 0x0000, 0x0000, 0x0000,
  0x0000, 0x0000, 0x0000, 0x0000, 0x0000, 0x0000, 0x0000, 0x0000, 0x0000, 0x0000, 0x0000, 0x0000,
  0x0000, 0x0000, 0x0000, 0x0000, 0x0000, 0x0000, 0x0000, 0x0000, 0x0000, 0x0000, 0x0000, 0x0000,
  0x0000, 0x0000, 0x0000, 0x0000, 0x0000, 0x0000, 0x0000, 0x0000, 0x0000, 0x0000, 0x0000, 0x0000,
  0x0000, 0x0000, 0x0000, 0x0000, 0x0000, 0x0000, 0x0000, 0x0000, 0x0000, 0x0000, 0x0108, 0xab90,
  0x53e9, 0x34f9, 0x34f1, 0x54e9, 0x55f1, 0x33f1, 0x6758, 0x2000, 0x0000, 0x0000, 0x0008, 0x0000,
  0x0000, 0x0000, 0x0000, 0x0000, 0x0000, 0x0000, 0x0000, 0x0000, 0x0000, 0x0000, 0x0000, 0x0000,
  0x2000, 0x6860, 0x53e9, 0x14f9, 0x34f1, 0x33e9, 0x12d9, 0x2220, 0x0110, 0x0000, 0x0000, 0x0000,
  0x0000, 0x0000, 0x0000, 0x0000, 0x2000, 0x0000, 0x0000, 0x0000, 0x4100, 0x0108, 0x2000, 0x0008,
  0x0000, 0x0000, 0x0000, 0x2000, 0x4108, 0x6108, 0x6108, 0x0000, 0x0000, 0x0000, 0x0000, 0x0000,
  0x0000, 0x0000, 0x0000, 0x0000, 0x0000, 0x0000, 0x0000, 0x0000, 0x0000, 0x0000, 0x0000, 0x0000,
  0x0000, 0x0000, 0x0000, 0x0000, 0x0000, 0x0000, 0x0000, 0x0000, 0x0000, 0x0000, 0x0000, 0x0000,
  0x0000, 0x0000, 0x0000, 0x0000, 0x0000, 0x0000, 0x0000, 0x0000, 0x0000, 0x0000, 0x0000, 0x0000,
  0x0000, 0x0000, 0x0000, 0x0000, 0x0000, 0x0000, 0x0000, 0x0000, 0x0000, 0x0000, 0x0000, 0x0000,
  0x0000, 0x0000, 0x0000, 0x0000, 0x0000, 0x2000, 0x6758, 0xcc90, 0xcd98, 0xcc98, 0xac98, 0xcd98,
  0xac90, 0x2438, 0x2000, 0x0000, 0x0000, 0x0000, 0x0000, 0x0000, 0x0000, 0x0000, 0x0000, 0x0000,
  0x0000, 0x0000, 0x0000, 0x0000, 0x0000, 0x0000, 0x0000, 0x2000, 0x4438, 0xec90, 0xcc98, 0xcca0,
  0xac98, 0xab88, 0x2110, 0x0000, 0x0000, 0x2000, 0x2000, 0x0000, 0x0000, 0x0000, 0x2000, 0x0000,
  0x0000, 0x2000, 0x4100, 0x8100, 0x4110, 0x6100, 0x2008, 0x0000, 0x0000, 0x2000, 0x2000, 0x6108,
  0x8210, 0x6108, 0x0000, 0x0000, 0x0000, 0x0000, 0x0000, 0x0000, 0x0000, 0x0000, 0x0000, 0x0000,
  0x0000, 0x0000, 0x0000, 0x0000, 0x0000, 0x0000, 0x0000, 0x0000, 0x0000, 0x0000, 0x0000, 0x0000,
  0x0000, 0x0000, 0x0000, 0x0000, 0x0000, 0x0000, 0x0000, 0x0000, 0x0000, 0x0000, 0x0000, 0x0000,
  0x0000, 0x0000, 0x0000, 0x0000, 0x0000, 0x0000, 0x0000, 0x0000, 0x0000, 0x0000, 0x0000, 0x0000,
  0x0000, 0x0000, 0x0000, 0x0000, 0x0000, 0x0000, 0x0000, 0x0000, 0x0000, 0x0000, 0x0000, 0x2000,
  0x2000, 0x0110, 0x0210, 0x2210, 0x2110, 0x0118, 0x0318, 0x0218, 0x0008, 0x0000, 0x0000, 0x0000,
  0x0000, 0x0000, 0x0000, 0x0000, 0x0000, 0x0000, 0x0000, 0x0000, 0x0000, 0x0000, 0x0000, 0x0000,
  0x0000, 0x0000, 0x0000, 0x0008, 0x2210, 0x2110, 0x2110, 0x2118, 0x2210, 0x0008, 0x0000, 0x0000,
  0x0000, 0x0000, 0x0000, 0x0000, 0x0000, 0x0000, 0x0008, 0x0000, 0x2000, 0x6010, 0x8110, 0x4118,
  0x6108, 0x4110, 0x2000, 0x0000, 0x0000, 0x0000, 0x6108, 0x8210, 0x6108, 0x0000, 0x0000, 0x0000,
  0x0000, 0x0000, 0x0000, 0x0000, 0x0000, 0x0000, 0x0000, 0x0000, 0x0000, 0x0000, 0x0000, 0x0000,
  0x0000, 0x0000, 0x0000, 0x0000, 0x0000, 0x0000, 0x0000, 0x0000, 0x0000, 0x0000, 0x0000, 0x0000,
  0x0000, 0x0000, 0x0000, 0x0000, 0x0000, 0x0000, 0x0000, 0x0000, 0x0000, 0x0000, 0x0000, 0x0000,
  0x0000, 0x0000, 0x0000, 0x0000, 0x0000, 0x0000, 0x0000, 0x0000, 0x0000, 0x0000, 0x0000, 0x0000,
  0x0000, 0x0000, 0x0000, 0x0000, 0x0000, 0x0000, 0x0000, 0x0000, 0x0100, 0x2100, 0x2000, 0x2000,
  0x0000, 0x0000, 0x2000, 0x2000, 0x2000, 0x0000, 0x0000, 0x0000, 0x0000, 0x0000, 0x0000, 0x0000,
  0x0000, 0x0000, 0x0000, 0x0000, 0x0000, 0x0000, 0x0000, 0x0000, 0x0000, 0x0000, 0x0000, 0x2100,
  0x2000, 0x0000, 0x0000, 0x0000, 0x0000, 0x0000, 0x0000, 0x0000, 0x0000, 0x0000, 0x0000, 0x2000,
  0x2000, 0x0008, 0x0210, 0x2100, 0x4100, 0x8108, 0x8208, 0x6208, 0x8318, 0x6210, 0x2000, 0x0000,
  0x0000, 0x6108, 0x8210, 0x6108, 0x0000, 0x0000, 0x0000, 0x0000, 0x0000, 0x0000, 0x0000, 0x0000,
  0x0000, 0x0000, 0x0000, 0x0000, 0x0000, 0x0000, 0x0000, 0x0000, 0x0000, 0x0000, 0x0000, 0x0000,
  0x0000, 0x0000, 0x0000, 0x0000, 0x0000, 0x0000, 0x0000, 0x0000, 0x0000, 0x0000, 0x0000, 0x0000,
  0x0000, 0x0000, 0x0000, 0x0000, 0x0000, 0x0000, 0x0000, 0x0000, 0x0000, 0x0000, 0x0000, 0x0000,
  0x0000, 0x0000, 0x0000, 0x0000, 0x0000, 0x0000, 0x0000, 0x0000, 0x0000, 0x0000, 0x0000, 0x0000,
  0x0000, 0x0000, 0x0000, 0x0000, 0x0000, 0x0000, 0x0000, 0x2000, 0x0000, 0x0000, 0x0000, 0x0000,
  0x0000, 0x0000, 0x0000, 0x0000, 0x0000, 0x0000, 0x0000, 0x0000, 0x0000, 0x0000, 0x0000, 0x0000,
  0x0000, 0x0000, 0x0000, 0x0000, 0x0000, 0x0000, 0x0000, 0x0000, 0x0000, 0x0000, 0x0000, 0x0000,
  0x0000, 0x0000, 0x0000, 0x0000, 0x0000, 0x0000, 0x0000, 0x0000, 0x4650, 0xeda8, 0xeea8, 0x0eb1,
  0x2fb1, 0x6fb1, 0x4fb1, 0x4ea9, 0x0969, 0x6218, 0x2000, 0x2000, 0x6108, 0x8210, 0x6108, 0x2000,
  0x2000, 0x0000, 0x0000, 0x0000, 0x0000, 0x0000, 0x0000, 0x0000, 0x0000, 0x0000, 0x0000, 0x0000,
  0x0000, 0x0000, 0x0000, 0x0000, 0x0000, 0x0000, 0x0000, 0x0000, 0x0000, 0x0000, 0x0000, 0x0000,
  0x0000, 0x0000, 0x0000, 0x0000, 0x0000, 0x0000, 0x0000, 0x0000, 0x0000, 0x0000, 0x0000, 0x0000,
  0x0000, 0x0000, 0x0000, 0x0000, 0x0000, 0x0000, 0x0000, 0x0000, 0x0000, 0x0000, 0x0000, 0x0000,
  0x0000, 0x0000, 0x0000, 0x0000, 0x0000, 0x0000, 0x0000, 0x0000, 0x0000, 0x0000, 0x0000, 0x0000,
  0x0000, 0x0000, 0x0000, 0x0000, 0x0000, 0x0000, 0x0000, 0x0000, 0x0000, 0x0000, 0x0000, 0x0000,
  0x0000, 0x0000, 0x0000, 0x0000, 0x0000, 0x0000, 0x0000, 0x0000, 0x0000, 0x0000, 0x0000, 0x0000,
  0x0000, 0x0000, 0x0000, 0x0000, 0x0000, 0x0000, 0x0000, 0x0000, 0x0000, 0x0000, 0x0000, 0x0000,
  0x0000, 0x0000, 0x0100, 0x8970, 0x53f1, 0x34f9, 0x34f1, 0x14f9, 0x95f1, 0xb6f9, 0xb4f1, 0x2d99,
  0x8320, 0x6000, 0x2108, 0x6108, 0x6110, 0x6108, 0x2108, 0x2000, 0x2000, 0x2000, 0x2000, 0x2000,
  0x2000, 0x0000, 0x0000, 0x0000, 0x0000, 0x0000, 0x0000, 0x0000, 0x0000, 0x0000, 0x0000, 0x0000,
  0x0000, 0x0000, 0x0000, 0x0000, 0x0000, 0x0000, 0x0000, 0x0000, 0x0000, 0x0000, 0x0000, 0x0000,
  0x0000, 0x0000, 0x0000, 0x0000, 0x0000, 0x0000, 0x0000, 0x0000, 0x0000, 0x0000, 0x0000, 0x0000,
  0x0000, 0x0000, 0x0000, 0x0000, 0x0000, 0x0000, 0x0000, 0x0000, 0x0000, 0x0000, 0x0000, 0x0000,
  0x0000, 0x0000, 0x0000, 0x0000, 0x0000, 0x0000, 0x0000, 0x0000, 0x0000, 0x0000, 0x0000, 0x0000,
  0x0000, 0x0000, 0x0000, 0x0000, 0x0000, 0x0000, 0x0000, 0x0000, 0x0000, 0x0000, 0x0000, 0x0000,
  0x0000, 0x0000, 0x0000, 0x0000, 0x0000, 0x0000, 0x0000, 0x0000, 0x0000, 0x0000, 0x0000, 0x0000,
  0x0000, 0x0000, 0x0000, 0x0000, 0x0000, 0x0000, 0x0000, 0x0000, 0x0000, 0x0100, 0x4758, 0xeeb8,
  0x0fc1, 0x32d9, 0x33f1, 0x93e9, 0x74f1, 0xb4f1, 0x2fb1, 0xe850, 0xc648, 0x6328, 0x6108, 0x6110,
  0x8110, 0x6210, 0x6108, 0x8108, 0x6108, 0x6108, 0x6108, 0x6108, 0x4108, 0x2000, 0x2000, 0x2000,
  0x0000, 0x0108, 0x0000, 0x2000, 0x0100, 0x0000, 0x0108, 0x0008, 0x2000, 0x0000, 0x2000, 0x0000,
  0x0000, 0x0000, 0x0000, 0x0000, 0x0000, 0x0000, 0x0000, 0x0000, 0x0000, 0x0000, 0x0000, 0x0000,
  0x0000, 0x0000, 0x0000, 0x0000, 0x0000, 0x0000, 0x0000, 0x0000, 0x0000, 0x0000, 0x0000, 0x0000,
  0x0000, 0x0000, 0x0000, 0x0000, 0x0000, 0x0000, 0x0000, 0x0000, 0x0000, 0x0000, 0x0000, 0x0000,
  0x0000, 0x0000, 0x0000, 0x0000, 0x0000, 0x0000, 0x0000, 0x0000, 0x0000, 0x0000, 0x0000, 0x0000,
  0x0000, 0x0000, 0x0000, 0x0000, 0x2000, 0x2000, 0x2000, 0x2000, 0x0000, 0x0000, 0x0000, 0x0000,
  0x0000, 0x0000, 0x0000, 0x0000, 0x0000, 0x0000, 0x0000, 0x0000, 0x0000, 0x0000, 0x0000, 0x0000,
  0x0000, 0x0000, 0x0000, 0x0000, 0x0000, 0x2118, 0x2228, 0x4538, 0xeda8, 0x73e1, 0x94f1, 0x13f9,
  0x53f9, 0x73e9, 0x92d1, 0x73d9, 0x0649, 0x6208, 0x6108, 0x6108, 0x6210, 0x8210, 0x8110, 0x6108,
  0x6108, 0x8210, 0x6108, 0x4108, 0x2000, 0x0000, 0x2000, 0x2000, 0x0000, 0x2000, 0x4210, 0x6860,
  0xa760, 0x6968, 0x4860, 0x2428, 0x0008, 0x2000, 0x2008, 0x0000, 0x0000, 0x0000, 0x0000, 0x0000,
  0x0000, 0x0000, 0x0000, 0x0000, 0x0000, 0x0000, 0x0000, 0x0000, 0x0000, 0x0000, 0x0000, 0x0000,
  0x0000, 0x0000, 0x0000, 0x0000, 0x0000, 0x0000, 0x0000, 0x0000, 0x0000, 0x0000, 0x0000, 0x0000,
  0x0000, 0x0000, 0x0000, 0x0000, 0x0000, 0x0000, 0x0000, 0x0000, 0x0000, 0x0000, 0x0000, 0x0000,
  0x0000, 0x0000, 0x0000, 0x0000, 0x0000, 0x0000, 0x0000, 0x0000, 0x2000, 0x0000, 0x0008, 0x0000,
  0x0000, 0x0000, 0x0000, 0x0000, 0x0000, 0x0000, 0x0000, 0x0000, 0x0000, 0x0000, 0x0000, 0x0000,
  0x0000, 0x0000, 0x0000, 0x0000, 0x0000, 0x0000, 0x0000, 0x0000, 0x0000, 0x0000, 0x0000, 0x0000,
  0x2000, 0x4100, 0x2418, 0xeea0, 0x95f1, 0xd6f9, 0x74f1, 0x53e9, 0x93f1, 0xd4f1, 0x75f9, 0x0859,
  0x6210, 0x8110, 0x6108, 0x4108, 0x6108, 0x6108, 0x6108, 0x8210, 0x8210, 0x6108, 0x2000, 0x0000,
  0x0108, 0x0108, 0x2000, 0x2008, 0x0008, 0x2420, 0xd0d8, 0x33e9, 0x54e9, 0x32e1, 0x4648, 0x0008,
  0x0008, 0x0000, 0x0000, 0x0000, 0x0000, 0x0000, 0x0000, 0x0000, 0x0000, 0x0000, 0x0000, 0x0000,
  0x0000, 0x0000, 0x0000, 0x0000, 0x0000, 0x0000, 0x0000, 0x0000, 0x0000, 0x0000, 0x0000, 0x0000,
  0x0000, 0x0000, 0x0000, 0x0000, 0x0000, 0x0000, 0x0000, 0x0000, 0x0000, 0x0000, 0x0000, 0x0000,
  0x0000, 0x0000, 0x0000, 0x0000, 0x0000, 0x0000, 0x0000, 0x0000, 0x0000, 0x0000, 0x0000, 0x0000,
  0x0000, 0x0000, 0x0000, 0x0000, 0x0000, 0x0000, 0x0000, 0x2430, 0x8868, 0x6858, 0x2218, 0x0000,
  0x0000, 0x0000, 0x0000, 0x0000, 0x0000, 0x0000, 0x0000, 0x0000, 0x0000, 0x0000, 0x0000, 0x0000,
  0x0000, 0x0000, 0x0000, 0x0000, 0x0000, 0x0000, 0x2000, 0x2100, 0x0108, 0x2318, 0x0a69, 0x4da1,
  0x4fb1, 0x95f1, 0x55f1, 0x54f1, 0x94f1, 0x94f9, 0x0861, 0x4210, 0x8208, 0x6100, 0x0008, 0x2000,
  0x0000, 0x4108, 0x4108, 0x4108, 0x2000, 0x0000, 0x0000, 0x0000, 0x4210, 0x6530, 0x2430, 0x2530,
  0xa950, 0xd4e2, 0xb7fa, 0x95f9, 0x33e9, 0x8a78, 0x8430, 0x0220, 0x2000, 0x0000, 0x0000, 0x0000,
  0x0000, 0x0000, 0x0000, 0x0000, 0x0000, 0x0000, 0x0000, 0x0000, 0x0000, 0x0000, 0x0000, 0x0000,
  0x0000, 0x0000, 0x0000, 0x0000, 0x0000, 0x0000, 0x0000, 0x0000, 0x0000, 0x0000, 0x0000, 0x0000,
  0x0000, 0x0000, 0x0000, 0x0000, 0x0000, 0x0000, 0x0000, 0x0000, 0x0000, 0x0000, 0x0000, 0x0000,
  0x0000, 0x0000, 0x0000, 0x0000, 0x0000, 0x0000, 0x0000, 0x0000, 0x0000, 0x0000, 0x0000, 0x0000,
  0x4000, 0x2100, 0xa970, 0x73e9, 0x31d1, 0x4640, 0x0000, 0x2000, 0x0000, 0x0000, 0x0000, 0x0000,
  0x0000, 0x0000, 0x0000, 0x0000, 0x0000, 0x0000, 0x0000, 0x0000, 0x0000, 0x0000, 0x0000, 0x0000,
  0x0000, 0x2000, 0x0000, 0x2010, 0x8108, 0x8108, 0x8110, 0x8538, 0x52e1, 0x54e9, 0x34e9, 0x54e9,
  0xb5f1, 0xe860, 0x4210, 0x8108, 0x6108, 0x4110, 0x4000, 0x0000, 0x0000, 0x0000, 0x0000, 0x0000,
  0x0000, 0x0000, 0x2000, 0x8540, 0x11d9, 0x33e9, 0x33e9, 0x54e2, 0xbdf6, 0x1eff, 0x36f3, 0x34f1,
  0x34e9, 0x72d1, 0x6760, 0x0108, 0x2000, 0x0000, 0x0000, 0x0000, 0x0000, 0x0000, 0x0000, 0x0000,
  0x0000, 0x0000, 0x0000, 0x0000, 0x0000, 0x0000, 0x0000, 0x0000, 0x0000, 0x0000, 0x0000, 0x0000,
  0x0000, 0x0000, 0x0000, 0x0000, 0x0000, 0x0000, 0x0000, 0x0000, 0x0000, 0x0000, 0x0000, 0x0000,
  0x0000, 0x0000, 0x0000, 0x0000, 0x0000, 0x0000, 0x0000, 0x0000, 0x0000, 0x0000, 0x0000, 0x0000,
  0x0000, 0x0000, 0x0000, 0x0000, 0x0000, 0x0000, 0x0108, 0x2110, 0x2220, 0x6b88, 0x54f9, 0x32e1,
  0x6640, 0x0000, 0x0000, 0x0008, 0x2000, 0x0000, 0x0000, 0x0000, 0x0000, 0x0000, 0x0000, 0x0000,
  0x0000, 0x0000, 0x0000, 0x0000, 0x0000, 0x0000, 0x0000, 0x0000, 0x2000, 0x2000, 0x2010, 0x8110,
  0x6210, 0x6210, 0x6420, 0x71e1, 0x33f1, 0x34f1, 0x53e9, 0x54f1, 0xc858, 0x4210, 0x8108, 0x8108,
  0x4110, 0x6108, 0x2000, 0x0000, 0x0000, 0x0000, 0x0000, 0x0000, 0x0000, 0x2000, 0x2648, 0x34f9,
  0x54f9, 0x34f1, 0x35f2, 0xdcfd, 0x3cf6, 0xb5f2, 0x33f1, 0x55e9, 0x55f9, 0x6870, 0x2000, 0x2000,
  0x0000, 0x0000, 0x0000, 0x0000, 0x0000, 0x0000, 0x0000, 0x0000, 0x0000, 0x0000, 0x0000, 0x0000,
  0x0000, 0x0000, 0x0000, 0x0000, 0x0000, 0x0000, 0x0000, 0x0000, 0x0000, 0x0000, 0x0000, 0x0000,
  0x0000, 0x0000, 0x0000, 0x2000, 0x0000, 0x0000, 0x0000, 0x0000, 0x0000, 0x0000, 0x0000, 0x0000,
  0x0000, 0x0000, 0x0000, 0x0000, 0x0000, 0x0000, 0x0000, 0x0000, 0x0000, 0x0000, 0x0000, 0x0008,
  0x2000, 0x4430, 0xcd98, 0xcea8, 0x11c9, 0x74f1, 0x52d9, 0xa638, 0x0000, 0x0000, 0x0000, 0x2000,
  0x0000, 0x0000, 0x0000, 0x0000, 0x0000, 0x0000, 0x0000, 0x0000, 0x0000, 0x0000, 0x0000, 0x0000,
  0x0000, 0x0000, 0x0000, 0x2000, 0x2000, 0x8208, 0x6108, 0x6110, 0x4110, 0x4320, 0x11e1, 0x33f1,
  0x13f1, 0x53e9, 0x34f1, 0x8650, 0x2108, 0x6108, 0x8210, 0x6210, 0x6108, 0x4108, 0x0000, 0x0000,
  0x0000, 0x0000, 0x0000, 0x0000, 0x0000, 0x2748, 0x53f1, 0x54f1, 0x55f9, 0x55f1, 0x36f2, 0x36f2,
  0x74f9, 0x54f9, 0x54f1, 0x33f9, 0x6868, 0x2100, 0x2000, 0x0000, 0x0000, 0x0000, 0x0000, 0x0000,
  0x0000, 0x0000, 0x0000, 0x0000, 0x0000, 0x0000, 0x0000, 0x0000, 0x0000, 0x0000, 0x0000, 0x0000,
  0x0000, 0x0000, 0x0000, 0x0000, 0x0000, 0x0000, 0x0000, 0x0000, 0x0000, 0x0000, 0x0008, 0x0008,
  0x2000, 0x2000, 0x0000, 0x0000, 0x2000, 0x0000, 0x0000, 0x0000, 0x0000, 0x0000, 0x0000, 0x0000,
  0x0000, 0x0000, 0x0000, 0x0000, 0x0000, 0x0000, 0x0008, 0x0000, 0x4650, 0x12d9, 0x34f9, 0x54f9,
  0x54f1, 0xd1e0, 0x4540, 0x0000, 0x0000, 0x2000, 0x0000, 0x0000, 0x0000, 0x0000, 0x0000, 0x0000,
  0x0000, 0x0000, 0x0000, 0x0000, 0x0000, 0x0000, 0x0000, 0x0000, 0x0000, 0x0000, 0x0000, 0x0000,
  0x8310, 0x6210, 0xa208, 0x4008, 0x4320, 0x13e1, 0x74e9, 0x33e9, 0x73e1, 0x34e9, 0x8650, 0x0000,
  0x2000, 0x6108, 0x6210, 0x6100, 0x2000, 0x0000, 0x0000, 0x0000, 0x0000, 0x0000, 0x2000, 0x0000,
  0x6748, 0x54f1, 0x34f9, 0x54e9, 0x33e9, 0x91f9, 0xb3f1, 0x93f1, 0x53f1, 0x35f1, 0x55f9, 0x8860,
  0x0008, 0x0000, 0x0000, 0x0000, 0x0000, 0x0000, 0x0000, 0x0000, 0x0000, 0x0000, 0x0000, 0x0000,
  0x0000, 0x0000, 0x0000, 0x0000, 0x0000, 0x0000, 0x0000, 0x0000, 0x0000, 0x0000, 0x0000, 0x0000,
  0x0000, 0x0000, 0x0000, 0x0000, 0x0000, 0x2100, 0x0000, 0x2000, 0x2000, 0x0000, 0x0000, 0x0000,
  0x0000, 0x0000, 0x0000, 0x0000, 0x0000, 0x0000, 0x0000, 0x0000, 0x0000, 0x0000, 0x0000, 0x0000,
  0x0000, 0x0100, 0x2000, 0x6648, 0x11d1, 0x55f9, 0x34f9, 0x34e9, 0x33e1, 0x4640, 0x0000, 0x0000,
  0x0000, 0x0000, 0x0000, 0x0000, 0x0000, 0x0000, 0x0000, 0x0000, 0x0000, 0x0000, 0x0000, 0x0000,
  0x0000, 0x0000, 0x0000, 0x2000, 0x2100, 0x0000, 0x2000, 0x6210, 0x2218, 0x6208, 0x6100, 0x6318,
  0x53e1, 0x54e9, 0x54f1, 0x53e9, 0x34f9, 0xa758, 0x2100, 0x0000, 0x2000, 0x4108, 0x4000, 0x0000,
  0x0000, 0x0000, 0x0000, 0x0000, 0x0000, 0x0000, 0x2000, 0x6748, 0x34f1, 0x54f9, 0x54e9, 0xf3f1,
  0x31fc, 0x51f4, 0x53fa, 0x55f1, 0x35f1, 0x34f9, 0xa968, 0x0008, 0x0000, 0x0000, 0x0000, 0x0000,
  0x0000, 0x0000, 0x0000, 0x0000, 0x0000, 0x0000, 0x0000, 0x0000, 0x0000, 0x0000, 0x0000, 0x0000,
  0x0000, 0x0000, 0x0000, 0x0000, 0x0000, 0x0000, 0x0000, 0x0000, 0x0000, 0x0000, 0x0000, 0x0000,
  0x2000, 0x0000, 0x0008, 0x0000, 0x0000, 0x0000, 0x0000, 0x0000, 0x0000, 0x0000, 0x0000, 0x0000,
  0x0000, 0x0000, 0x0000, 0x0000, 0x0000, 0x0000, 0x0000, 0x0000, 0x0100, 0x2000, 0x6648, 0x31d9,
  0x35f9, 0x34f9, 0x55f9, 0x32d9, 0x6638, 0x0000, 0x0000, 0x0000, 0x0000, 0x0000, 0x0000, 0x0000,
  0x0000, 0x0000, 0x0000, 0x0000, 0x0000, 0x0000, 0x0000, 0x0000, 0x0000, 0x0000, 0x0000, 0x0000,
  0x0008, 0x4000, 0x8108, 0x6210, 0xa210, 0x6108, 0x4328, 0x32e1, 0x13f1, 0x54f1, 0x73e9, 0x94f1,
  0xe760, 0x6208, 0x4000, 0x0000, 0x0000, 0x2000, 0x0000, 0x0000, 0x0000, 0x0000, 0x0000, 0x0000,
  0x0000, 0x0000, 0x6748, 0x11d9, 0x32e9, 0x14f9, 0xd3f1, 0x31f4, 0x50fc, 0x13fa, 0x55f9, 0x53e1,
  0xf1e0, 0x6860, 0x0000, 0x0000, 0x0000, 0x0000, 0x0000, 0x0000, 0x0000, 0x0000, 0x0000, 0x0000,
  0x0000, 0x0000, 0x0000, 0x0000, 0x0000, 0x0000, 0x0000, 0x0000, 0x0000, 0x0000, 0x0000, 0x0000,
  0x0000, 0x0000, 0x0000, 0x0000, 0x0000, 0x2000, 0x0000, 0x0000, 0x2000, 0x0008, 0x0000, 0x0000,
  0x2000, 0x0000, 0x0000, 0x0000, 0x0000, 0x0000, 0x0000, 0x0000, 0x0000, 0x0000, 0x0000, 0x0000,
  0x0000, 0x0000, 0x0000, 0x0108, 0x0000, 0x6648, 0x32d1, 0x34f9, 0x33f9, 0x54f1, 0x31d9, 0x6540,
  0x0000, 0x0000, 0x0000, 0x0000, 0x0000, 0x0000, 0x0000, 0x0000, 0x0000, 0x0000, 0x0000, 0x0000,
  0x0000, 0x0000, 0x0000, 0x0000, 0x0000, 0x2000, 0x0000, 0x2008, 0x0000, 0x6100, 0x8210, 0x8210,
  0x6210, 0x8538, 0x72d9, 0x53f1, 0x54f1, 0x74f1, 0xb5f1, 0xe860, 0x6208, 0x4000, 0x0000, 0x0000,
  0x0000, 0x0000, 0x0000, 0x0000, 0x0000, 0x0000, 0x0000, 0x0000, 0x0008, 0x2218, 0x8648, 0x8970,
  0x12d9, 0xb5f1, 0x54fa, 0x71f2, 0xb4f1, 0x13e9, 0xaa80, 0x6750, 0x2320, 0x2000, 0x0000, 0x0000,
  0x0000, 0x0000, 0x0000, 0x0000, 0x0000, 0x0000, 0x0000, 0x0000, 0x0000, 0x0000, 0x0000, 0x0000,
  0x0000, 0x0000, 0x0000, 0x0000, 0x0000, 0x0000, 0x0000, 0x0000, 0x0000, 0x0000, 0x0000, 0x0000,
  0x0000, 0x0110, 0x4438, 0x4530, 0x2530, 0x2320, 0x0000, 0x4000, 0x0000, 0x0000, 0x0000, 0x0000,
  0x0000, 0x0000, 0x0000, 0x0000, 0x0000, 0x0000, 0x0000, 0x0000, 0x0000, 0x2008, 0x4858, 0x8870,
  0xac98, 0x33e9, 0x34f9, 0xefc8, 0xcc90, 0x6a88, 0x2328, 0x0000, 0x0000, 0x0000, 0x0000, 0x0000,
  0x0000, 0x0000, 0x0000, 0x0000, 0x0000, 0x0000, 0x0000, 0x0000, 0x0000, 0x2000, 0x4108, 0x6108,
  0x6108, 0x4108, 0x4110, 0x4438, 0xc968, 0xea70, 0x0a71, 0xeb70, 0x2c89, 0xd4e1, 0xb4f9, 0x95f1,
  0xb4f1, 0xd5f1, 0xe860, 0x4108, 0x2000, 0x0000, 0x0000, 0x0000, 0x0000, 0x0000, 0x0000, 0x0000,
  0x0000, 0x0000, 0x0000, 0x0008, 0x0000, 0x0000, 0x4538, 0x2fc9, 0x73e9, 0x55e9, 0x73e9, 0x55f1,
  0x12e1, 0x8548, 0x2008, 0x0000, 0x2000, 0x0000, 0x0000, 0x0000, 0x0000, 0x0000, 0x0000, 0x0000,
  0x0000, 0x0000, 0x0000, 0x0000, 0x0000, 0x0000, 0x0000, 0x0000, 0x0000, 0x0000, 0x0000, 0x0000,
  0x0000, 0x0000, 0x0000, 0x0000, 0x0000, 0x4100, 0x2000, 0x0108, 0x4320, 0x2fc1, 0x32e1, 0x12e1,
  0xec90, 0x0108, 0x2000, 0x0008, 0x0000, 0x0000, 0x0000, 0x0000, 0x0000, 0x0000, 0x0000, 0x0000,
  0x0000, 0x0000, 0x0000, 0x0000, 0x4108, 0xf0b8, 0x72f1, 0x33e9, 0x35f9, 0x54f9, 0xca88, 0x2208,
  0x0208, 0x2000, 0x0008, 0x0000, 0x2000, 0x2000, 0x0000, 0x0000, 0x0000, 0x0000, 0x0000, 0x0000,
  0x0000, 0x0000, 0x0000, 0x4108, 0x6108, 0x8210, 0x8210, 0x8110, 0xa108, 0x8210, 0xca78, 0x73e9,
  0x53f1, 0x94f1, 0x95f1, 0xb4e9, 0x95f9, 0x94f9, 0x95f1, 0xd4f9, 0xb5f1, 0xc758, 0x2100, 0x2000,
  0x0000, 0x0000, 0x0000, 0x0000, 0x0000, 0x0000, 0x0000, 0x0000, 0x0000, 0x2000, 0x0100, 0x6000,
  0x0000, 0x2210, 0x6438, 0x8870, 0x32e9, 0x13f1, 0x8b80, 0x8748, 0x4210, 0x0008, 0x4100, 0x0000,
  0x0000, 0x0000, 0x0000, 0x0000, 0x0000, 0x0000, 0x0000, 0x0000, 0x0000, 0x0000, 0x0000, 0x0000,
  0x0000, 0x0000, 0x0000, 0x0000, 0x0000, 0x0000, 0x0000, 0x0000, 0x0000, 0x0000, 0x0000, 0x0000,
  0x0000, 0x2000, 0x0000, 0x4428, 0x34f1, 0x74e9, 0x54f9, 0xcfb0, 0x4728, 0x2320, 0x2000, 0x2000,
  0x0100, 0x0100, 0x0000, 0x0000, 0x0000, 0x0000, 0x0000, 0x0000, 0x0000, 0x0000, 0x0000, 0x0000,
  0x10c1, 0x55f9, 0x54e9, 0x54f1, 0x74f9, 0xaa80, 0x4108, 0x0208, 0x2000, 0x0000, 0x0100, 0x0000,
  0x0000, 0x0000, 0x0000, 0x0000, 0x0000, 0x0000, 0x0000, 0x0000, 0x0000, 0x2000, 0x6108, 0x8210,
  0x8210, 0x6108, 0x8210, 0x8218, 0x8310, 0x2b79, 0xd4f1, 0xb5f1, 0x74f1, 0x74f1, 0xf6f9, 0xb5f1,
  0xb5f1, 0xb5f1, 0x94f1, 0x73e9, 0xc650, 0x0000, 0x0000, 0x0000, 0x0000, 0x0000, 0x0000, 0x0000,
  0x0000, 0x0000, 0x0000, 0x0000, 0x0000, 0x0008, 0x0000, 0x0000, 0x0000, 0x2000, 0x0430, 0x11d1,
  0x12e1, 0x2640, 0x2000, 0x0008, 0x0000, 0x4000, 0x0000, 0x0000, 0x0000, 0x0000, 0x0000, 0x0000,
  0x0000, 0x0000, 0x0000, 0x0000, 0x0000, 0x0000, 0x0000, 0x0000, 0x0000, 0x0000, 0x0000, 0x0000,
  0x0000, 0x0000, 0x0000, 0x0000, 0x0000, 0x0000, 0x0000, 0x0000, 0x0000, 0x0000, 0x4428, 0x13f1,
  0x54f1, 0x54f9, 0x33e9, 0x31d9, 0xcca8, 0x0108, 0x0000, 0x0010, 0x0000, 0x0000, 0x0008, 0x2000,
  0x0000, 0x0000, 0x0000, 0x0000, 0x0000, 0x0000, 0x0000, 0x10c9, 0x34f9, 0x54e9, 0x54f1, 0x55f9,
  0xd0d0, 0xcca0, 0xac90, 0x4328, 0x0000, 0x0000, 0x0000, 0x0000, 0x0000, 0x0000, 0x0000, 0x0000,
  0x0000, 0x0000, 0x0000, 0x0000, 0x6108, 0x8210, 0x8210, 0x6108, 0x6108, 0x8428, 0xeb88, 0x4d99,
  0x71c9, 0x95f9, 0xb5f1, 0x74f1, 0x74f1, 0x94e9, 0x75f1, 0x74f1, 0x2fb9, 0xa968, 0x8970, 0x6218,
  0x0000, 0x0008, 0x0000, 0x0000, 0x0000, 0x0000, 0x0000, 0x0000, 0x0000, 0x0000, 0x0000, 0x0000,
  0x0000, 0x0000, 0x2000, 0x0000, 0x2000, 0x0218, 0x8868, 0x8970, 0x2220, 0x2000, 0x0000, 0x0000,
  0x2000, 0x0000, 0x0000, 0x0000, 0x0000, 0x0000, 0x0000, 0x0000, 0x0000, 0x0000, 0x0000, 0x0000,
  0x0000, 0x0000, 0x0000, 0x0000, 0x0000, 0x0000, 0x0000, 0x0000, 0x0000, 0x0000, 0x0000, 0x0000,
  0x0000, 0x0000, 0x0000, 0x0000, 0x0000, 0x4328, 0x34f1, 0x33f1, 0x54f1, 0x74e9, 0x73e9, 0x10c9,
  0x6748, 0x4428, 0x0008, 0x4000, 0x2000, 0x0000, 0x0000, 0x0000, 0x0000, 0x0000, 0x0000, 0x0000,
  0x0000, 0x2008, 0x30c9, 0x54f9, 0x54f9, 0x54f1, 0x55f1, 0x35f1, 0x53f1, 0x12d9, 0x6640, 0x0000,
  0x0000, 0x0000, 0x0000, 0x0000, 0x0000, 0x0000, 0x0000, 0x0000, 0x0000, 0x0000, 0x4108, 0x8210,
  0x6108, 0x6108, 0x4108, 0x2000, 0x4430, 0x31c9, 0xb4f1, 0x95f9, 0x95f9, 0xb5f1, 0x94f9, 0x53f1,
  0x13f1, 0x54f1, 0x53e9, 0xcb88, 0x2210, 0x0100, 0x2000, 0x2000, 0x0008, 0x0000, 0x0000, 0x0000,
  0x0000, 0x0000, 0x0000, 0x0000, 0x0000, 0x0000, 0x0000, 0x0000, 0x0000, 0x2100, 0x0000, 0x0000,
  0x0000, 0x2108, 0x2108, 0x0000, 0x0000, 0x0000, 0x0000, 0x0000, 0x0000, 0x0000, 0x0000, 0x0000,
  0x0000, 0x0000, 0x0000, 0x0000, 0x0000, 0x0000, 0x0000, 0x0000, 0x0000, 0x0000, 0x0000, 0x0000,
  0x0000, 0x0000, 0x0000, 0x0000, 0x0000, 0x0000, 0x0000, 0x0000, 0x0000, 0x0000, 0x0000, 0x0000,
  0x4328, 0x54f1, 0x54f1, 0x55f1, 0x34f1, 0x34f1, 0x54f1, 0x31c9, 0xab88, 0x0110, 0x2000, 0x0000,
  0x0000, 0x0000, 0x0000, 0x0000, 0x0000, 0x0000, 0x0000, 0x0000, 0x2008, 0x30c1, 0x54f1, 0x54f9,
  0x33f9, 0x54f1, 0x54e9, 0x74f1, 0x33d9, 0x6540, 0x0000, 0x0000, 0x0000, 0x2000, 0x0000, 0x0000,
  0x2000, 0x0000, 0x0000, 0x0000, 0x0000, 0x4108, 0x8210, 0x6108, 0x6108, 0x2000, 0x0000, 0x4430,
  0x11c9, 0x74f1, 0x74f1, 0x95f9, 0xd5f9, 0x94f1, 0x73f1, 0x33f9, 0x74e9, 0x53e9, 0xcda0, 0x4538,
  0x6428, 0x0220, 0x2000, 0x0000, 0x0000, 0x0000, 0x2000, 0x0000, 0x0000, 0x0000, 0x0000, 0x0000,
  0x0000, 0x0000, 0x0000, 0x0000, 0x0000, 0x0000, 0x0000, 0x2000, 0x2000, 0x2000, 0x2000, 0x0000,
  0x0000, 0x0000, 0x0000, 0x0000, 0x0000, 0x0000, 0x0000, 0x0000, 0x0000, 0x0000, 0x0000, 0x0000,
  0x0000, 0x0000, 0x0000, 0x0000, 0x0000, 0x0000, 0x0000, 0x0000, 0x0000, 0x0000, 0x0000, 0x0000,
  0x0000, 0x0000, 0x0000, 0x0000, 0x0000, 0x0000, 0x2000, 0x2220, 0xefb0, 0xd1c8, 0x34f1, 0x14f9,
  0xf3f8, 0x54f1, 0x94e9, 0x0ea9, 0x6750, 0x4328, 0x0000, 0x0000, 0x0100, 0x0000, 0x0000, 0x0000,
  0x0000, 0x0000, 0x0000, 0x2008, 0xf0d0, 0x34f9, 0x54f1, 0x53f9, 0x74f9, 0x54f1, 0x53e9, 0x32d9,
  0x4538, 0x2000, 0x0000, 0x2000, 0x2100, 0x2100, 0x0000, 0x0000, 0x0000, 0x0000, 0x0000, 0x0000,
  0x4108, 0x8210, 0x8210, 0x6108, 0x0000, 0x0000, 0x6438, 0x10c9, 0x73e9, 0x95f1, 0x95f9, 0xb5f1,
  0xb5f1, 0x93e1, 0x33f1, 0x54e9, 0x74e9, 0x32e9, 0x10d9, 0x50c9, 0x0550, 0x0100, 0x2000, 0x0000,
  0x0008, 0x2000, 0x2000, 0x0000, 0x0000, 0x0000, 0x0000, 0x0000, 0x0000, 0x0000, 0x0000, 0x0000,
  0x0000, 0x0000, 0x0000, 0x0000, 0x0008, 0x0000, 0x0000, 0x0000, 0x0000, 0x0000, 0x0000, 0x0000,
  0x0000, 0x0000, 0x0000, 0x0000, 0x0000, 0x0000, 0x0000, 0x0000, 0x0000, 0x0000, 0x0000, 0x0000,
  0x0000, 0x0000, 0x0000, 0x0000, 0x0000, 0x0000, 0x0000, 0x0000, 0x0000, 0x0000, 0x0000, 0x0000,
  0x0000, 0x2000, 0x0110, 0x2100, 0x4748, 0x52d9, 0xb5f1, 0x74f1, 0x14f9, 0x54f1, 0x74f1, 0x52e1,
  0xcb88, 0x4108, 0x0000, 0x0000, 0x0000, 0x0000, 0x0000, 0x0000, 0x0000, 0x0000, 0x2008, 0x10c1,
  0x34f1, 0x54f1, 0x33f1, 0x34f9, 0x14f9, 0x34f9, 0xf2e0, 0x4540, 0x0108, 0x0008, 0x2108, 0x4110,
  0x6218, 0x4210, 0x2108, 0x2108, 0x4108, 0x2008, 0x0000, 0x4108, 0x8210, 0x8210, 0x6108, 0x4108,
  0x0000, 0x4430, 0x10c9, 0x53e9, 0x54e9, 0x94f9, 0xd4f1, 0x94f1, 0x94e9, 0x54f1, 0x54f1, 0x74e9,
  0x53f1, 0x54f9, 0x54f9, 0x6758, 0x0108, 0x0008, 0x0000, 0x0000, 0x0000, 0x0000, 0x0000, 0x0000,
  0x0000, 0x0000, 0x0000, 0x0000, 0x0000, 0x0000, 0x0000, 0x0000, 0x0000, 0x0000, 0x0000, 0x0008,
  0x0000, 0x0000, 0x0000, 0x0000, 0x0000, 0x0000, 0x0000, 0x0000, 0x0000, 0x0000, 0x0000, 0x0000,
  0x0000, 0x0000, 0x0000, 0x0000, 0x0000, 0x0000, 0x0000, 0x0000, 0x0000, 0x0000, 0x0000, 0x0000,
  0x0000, 0x0000, 0x0000, 0x0000, 0x0000, 0x0000, 0x0000, 0x0000, 0x2000, 0x0008, 0x2000, 0x4430,
  0xaca0, 0xcea8, 0x0fb1, 0xefc0, 0xefb0, 0xceb0, 0x2fb1, 0x8968, 0x0108, 0x0000, 0x2000, 0x0000,
  0x0000, 0x0000, 0x0000, 0x0000, 0x0000, 0x0008, 0x30c1, 0x34f9, 0x55f9, 0x54f1, 0x54f1, 0x34f1,
  0x54f1, 0x13e9, 0xab78, 0x8858, 0x4758, 0x8758, 0xe860, 0xe960, 0xe958, 0xa750, 0x8428, 0x8210,
  0x6208, 0x2000, 0x2008, 0x6210, 0x6210, 0x6210, 0x8210, 0x4108, 0x4430, 0x10c1, 0x74e9, 0x54f1,
  0x94f1, 0xd4f1, 0xb4f9, 0x54f1, 0x14f1, 0x14f9, 0x54f9, 0x53f1, 0x54f1, 0x34f9, 0xeb80, 0x6750,
  0x6640, 0x2208, 0x0008, 0x0000, 0x2000, 0x0000, 0x0000, 0x0000, 0x0000, 0x0000, 0x0000, 0x0000,
  0x2000, 0x2000, 0x0000, 0x0000, 0x0000, 0x0000, 0x0000, 0x0000, 0x0000, 0x0000, 0x0000, 0x0000,
  0x0000, 0x0000, 0x0000, 0x0000, 0x0000, 0x0000, 0x0000, 0x0000, 0x0000, 0x0000, 0x0000, 0x0000,
  0x0000, 0x0000, 0x0000, 0x0000, 0x0000, 0x0000, 0x0000, 0x0000, 0x0000, 0x0000, 0x0000, 0x0000,
  0x0000, 0x0000, 0x0000, 0x0000, 0x0000, 0x0000, 0x2108, 0x2210, 0x2218, 0x2218, 0x2218, 0x2218,
  0x2218, 0x2218, 0x2110, 0x0008, 0x0000, 0x0000, 0x0000, 0x0000, 0x0000, 0x0000, 0x0000, 0x0000,
  0x0108, 0x31c1, 0x54f9, 0x55f1, 0x34f1, 0x74f1, 0x54f1, 0x34f1, 0x54f1, 0x33e9, 0x33e1, 0x33e1,
  0x93e9, 0x93e9, 0x94e9, 0xb4e1, 0x73e1, 0xe858, 0x8208, 0x6210, 0x4000, 0x0000, 0x6108, 0x8110,
  0x8208, 0x8108, 0x8108, 0x8538, 0x31c9, 0x94f1, 0x75f9, 0xb5f1, 0x95f9, 0x94f1, 0x74f1, 0x54f1,
  0x34f1, 0x34f9, 0x34f1, 0x34f1, 0x54f1, 0x33e9, 0x53e9, 0xefb0, 0x2428, 0x2000, 0x0010, 0x0000,
  0x0000, 0x0008, 0x0000, 0x0000, 0x0000, 0x0000, 0x0000, 0x0000, 0x0000, 0x0000, 0x0000, 0x0000,
  0x0000, 0x0000, 0x0000, 0x0000, 0x0000, 0x0000, 0x0000, 0x0000, 0x0000, 0x0000, 0x0000, 0x0000,
  0x0000, 0x0000, 0x0000, 0x0000, 0x0000, 0x0000, 0x0000, 0x0000, 0x0000, 0x0000, 0x0000, 0x0000,
  0x0000, 0x0000, 0x0000, 0x0000, 0x0000, 0x0000, 0x0000, 0x0000, 0x0000, 0x0000, 0x0000, 0x2000,
  0x2000, 0x0000, 0x0000, 0x0000, 0x0000, 0x0000, 0x0000, 0x0000, 0x0000, 0x0000, 0x0000, 0x0000,
  0x0000, 0x0000, 0x0000, 0x0000, 0x0000, 0x0000, 0x0000, 0x2108, 0x10b9, 0x73e9, 0x73f1, 0x54f1,
  0x34f1, 0x54f1, 0x73f1, 0x54f1, 0x74f1, 0x73e9, 0x73e9, 0x74e9, 0x74f1, 0x94f1, 0xd4e9, 0x93e9,
  0xe868, 0x8218, 0x4210, 0x2100, 0x0108, 0x4108, 0x8210, 0x8310, 0x8210, 0xa310, 0xe748, 0x91c9,
  0xd3e9, 0xb4f9, 0xb5f1, 0x95f1, 0x54f1, 0x54f1, 0x54f1, 0x34f1, 0x54f1, 0x54f1, 0x54f9, 0x34f1,
  0x74f1, 0x53f9, 0xefc0, 0x4538, 0x4000, 0x2008, 0x2108, 0x0118, 0x0008, 0x0000, 0x4000, 0x0000,
  0x0000, 0x0000, 0x0000, 0x0000, 0x0000, 0x0000, 0x0000, 0x0000, 0x0000, 0x0000, 0x0000, 0x0000,
  0x0000, 0x0000, 0x0000, 0x0000, 0x0000, 0x0000, 0x0000, 0x0000, 0x0000, 0x0000, 0x0000, 0x0000,
  0x0000, 0x0000, 0x0000, 0x0000, 0x0000, 0x0000, 0x0000, 0x0000, 0x0000, 0x0000, 0x0000, 0x0000,
  0x0000, 0x0000, 0x0000, 0x0000, 0x0000, 0x0000, 0x0000, 0x0008, 0x0008, 0x0008, 0x0008, 0x2008,
  0x0000, 0x0000, 0x2000, 0x0000, 0x0000, 0x2000, 0x0000, 0x0000, 0x0000, 0x0000, 0x0000, 0x2000,
  0x0000, 0x0000, 0x0008, 0x6638, 0x4650, 0x8978, 0x32e1, 0x15f9, 0x34f9, 0x33f1, 0x55f1, 0x76f1,
  0x94f1, 0x73f1, 0x34f1, 0x54f9, 0x94f9, 0xb5f1, 0x96f9, 0x71c1, 0x2ea9, 0x0fb1, 0xefa0, 0xedb0,
  0xcda8, 0xeea8, 0x2eb1, 0x2eb1, 0x2fb1, 0x0da1, 0xc968, 0xe850, 0x2ea9, 0x94f1, 0x94f1, 0x34f1,
  0x34f9, 0x54f1, 0x54f1, 0x34f1, 0x54f1, 0x54f9, 0x34f9, 0x55f1, 0x35f1, 0x34e1, 0xcfb0, 0xcea8,
  0xaeb8, 0xeea8, 0xec98, 0x6538, 0x0008, 0x0000, 0x0000, 0x0108, 0x0000, 0x0000, 0x0000, 0x0000,
  0x0000, 0x0000, 0x0000, 0x0000, 0x0000, 0x0000, 0x0000, 0x0000, 0x0000, 0x0000, 0x0000, 0x0000,
  0x0000, 0x0000, 0x0000, 0x0000, 0x0000, 0x0000, 0x0000, 0x0000, 0x0000, 0x0000, 0x0000, 0x0000,
  0x0000, 0x0000, 0x0000, 0x0000, 0x0000, 0x0000, 0x0000, 0x0000, 0x0000, 0x0000, 0x0000, 0x0000,
  0x0000, 0x0000, 0x0000, 0x0000, 0x0000, 0x0000, 0x0000, 0x0000, 0x0000, 0x0000, 0x0000, 0x0000,
  0x0000, 0x0000, 0x0000, 0x0000, 0x0000, 0x0000, 0x2000, 0x0000, 0x0000, 0x0000, 0x0008, 0x0000,
  0x8548, 0x51d9, 0x34f9, 0x74f1, 0x94f9, 0xb5f1, 0x96f1, 0xb5f9, 0x74f1, 0x35e9, 0x54f9, 0xb5f9,
  0xb4e9, 0xb5f1, 0xd5f1, 0xb4f9, 0x94f9, 0x75f9, 0x74f1, 0x33e9, 0x54f1, 0x75f1, 0x75f9, 0x95f9,
  0x72c9, 0xc630, 0x8100, 0xea70, 0x74f9, 0x33f1, 0x34f1, 0x34f1, 0x54f1, 0x54f1, 0x34e9, 0x54f1,
  0x54f1, 0x34f9, 0x54f9, 0x54f1, 0x74f1, 0x54f1, 0x34f9, 0x34f9, 0x34e9, 0x53e9, 0x8748, 0x0008,
  0x0000, 0x2000, 0x0100, 0x0000, 0x0000, 0x0000, 0x0000, 0x0000, 0x0000, 0x0000, 0x0000, 0x0000,
  0x0000, 0x0000, 0x0000, 0x0000, 0x0000, 0x0000, 0x0000, 0x0000, 0x0000, 0x0000, 0x0000, 0x0000,
  0x0000, 0x0000, 0x0000, 0x0000, 0x0000, 0x0000, 0x0000, 0x0000, 0x0000, 0x0000, 0x0000, 0x0000,
  0x0000, 0x0000, 0x0000, 0x0000, 0x0000, 0x0000, 0x0000, 0x0000, 0x0000, 0x0000, 0x0000, 0x0000,
  0x0000, 0x0000, 0x0000, 0x0000, 0x0000, 0x0000, 0x0000, 0x0000, 0x0000, 0x0000, 0x0000, 0x0000,
  0x0000, 0x0000, 0x0000, 0x0000, 0x0000, 0x2428, 0x4428, 0x8868, 0x30d1, 0x94e9, 0xb4e9, 0xb4f9,
  0xf4f1, 0x94f9, 0x95f9, 0x93e9, 0x13ea, 0x32ea, 0x33f2, 0x33f2, 0x34fa, 0xd5f9, 0xb5f1, 0xb5f1,
  0xb4f1, 0x74e9, 0x53e9, 0x73e9, 0x74e9, 0x53e9, 0x54e9, 0x30c1, 0x4430, 0x0008, 0xa968, 0x54f1,
  0x33f1, 0x74f1, 0x54f1, 0x34f1, 0x54f1, 0x34f1, 0x34f1, 0x54f1, 0x54f1, 0x54f1, 0x34f1, 0x54f9,
  0x54f1, 0x55f1, 0x55f1, 0x34f1, 0x33e1, 0x8968, 0x4330, 0x2238, 0x2008, 0x0000, 0x0000, 0x0000,
  0x0000, 0x0000, 0x0000, 0x0000, 0x0000, 0x0000, 0x0000, 0x0000, 0x0000, 0x0000, 0x0000, 0x0000,
  0x0000, 0x0000, 0x0000, 0x0000, 0x0000, 0x0000, 0x0000, 0x0000, 0x0000, 0x0000, 0x0000, 0x0000,
  0x0000, 0x0000, 0x0000, 0x0000, 0x0000, 0x0000, 0x0000, 0x0000, 0x0000, 0x0000, 0x0000, 0x0000,
  0x0000, 0x0000, 0x0000, 0x0000, 0x0000, 0x0000, 0x0000, 0x0000, 0x0000, 0x0000, 0x0000, 0x0000,
  0x0000, 0x0000, 0x0000, 0x0000, 0x0000, 0x0000, 0x0000, 0x0000, 0x0000, 0x0000, 0x0000, 0x2000,
  0xcd98, 0x10c1, 0x11d9, 0x33f1, 0xb4f1, 0xb5f1, 0x95f9, 0xb5f1, 0x74f9, 0x54f1, 0xf1e1, 0xb2fb,
  0x10f4, 0x30f4, 0x6ff4, 0xefeb, 0x93ea, 0x95f1, 0xb5f9, 0xb4f1, 0x94f9, 0x94f1, 0x74f1, 0x94f1,
  0x74f1, 0x53f1, 0x10c1, 0x6320, 0x2000, 0xca70, 0x35f9, 0x53f1, 0x74f1, 0x54f1, 0x34f1, 0x34f1,
  0x54f9, 0x54f1, 0x54f1, 0x74f1, 0x54f1, 0x54f9, 0x34f9, 0x54f1, 0x54e9, 0x54f1, 0x34f9, 0x34f1,
  0x31d1, 0x50c1, 0xedb0, 0x2328, 0x0000, 0x0000, 0x0000, 0x0000, 0x0000, 0x0000, 0x0000, 0x0000,
  0x0000, 0x0000, 0x0000, 0x0000, 0x0000, 0x0000, 0x0000, 0x0000, 0x0000, 0x0000, 0x0000, 0x0000,
  0x0000, 0x0000, 0x0000, 0x0000, 0x0000, 0x0000, 0x0000, 0x0000, 0x0000, 0x0000, 0x0000, 0x0000,
  0x0000, 0x0000, 0x0000, 0x0000, 0x0000, 0x0000, 0x0000, 0x0000, 0x0000, 0x0000, 0x0000, 0x0000,
  0x0000, 0x0000, 0x0000, 0x0000, 0x0000, 0x0000, 0x0000, 0x0000, 0x0000, 0x0000, 0x0000, 0x0000,
  0x0000, 0x0000, 0x2000, 0x0000, 0x0000, 0x0000, 0x2008, 0x0ec1, 0x74e9, 0x35f1, 0x54f9, 0x94f9,
  0xb5f1, 0xb5f9, 0x74f1, 0x34e9, 0x34f1, 0xf3e1, 0x8ef4, 0xcef4, 0xcff4, 0xeef4, 0xafec, 0x72e2,
  0x35f9, 0x94f9, 0xb5f1, 0xb5f9, 0xb5f1, 0xb4f1, 0xd4e9, 0x94f9, 0x94f1, 0x0fc1, 0x4428, 0x0100,
  0x8968, 0x53f1, 0x54f9, 0x33f1, 0x54f1, 0x54f1, 0x34f1, 0x54f1, 0x54f1, 0x54f1, 0x75f1, 0x34f9,
  0x35f1, 0x34f1, 0x34f9, 0x54f1, 0x34f1, 0x33f9, 0x54f1, 0x54f1, 0x54f1, 0x51d1, 0x2428, 0x2000,
  0x0008, 0x0000, 0x0000, 0x0000, 0x0000, 0x0000, 0x0000, 0x0000, 0x0000, 0x0000, 0x0000, 0x0000,
  0x0000, 0x0000, 0x0000, 0x0000, 0x0000, 0x0000, 0x0000, 0x0000, 0x0000, 0x0000, 0x0000, 0x0000,
  0x0000, 0x0000, 0x0000, 0x0000, 0x0000, 0x0000, 0x0000, 0x0000, 0x0000, 0x0000, 0x0000, 0x0000,
  0x0000, 0x0000, 0x0000, 0x0000, 0x0000, 0x0000, 0x0000, 0x0000, 0x0000, 0x0000, 0x0000, 0x0000,
  0x0000, 0x0000, 0x0000, 0x0000, 0x0000, 0x0000, 0x0000, 0x0000, 0x0008, 0x0000, 0x0000, 0x4430,
  0x6858, 0x8960, 0x11e1, 0x54f1, 0x34f1, 0xb4f1, 0xb3f1, 0x94f1, 0x95f1, 0x93e9, 0x54e1, 0x34f1,
  0xd4e1, 0xaff4, 0xf0f4, 0xeffc, 0xeefc, 0xeff4, 0x70e3, 0xd2f2, 0xb2ea, 0xb5e9, 0xd4f9, 0xb5f1,
  0xb5f9, 0xd5f9, 0x95f9, 0xb5e9, 0x10d1, 0x8a78, 0x6860, 0xcda0, 0x53f1, 0x54f1, 0x54f1, 0x54f1,
  0x54f1, 0x54f1, 0x54f9, 0x54f1, 0x54f1, 0x54f1, 0x31fa, 0xd2fa, 0x73fa, 0x73f1, 0x35f1, 0x35f1,
  0x54f1, 0x54f1, 0x34f1, 0x34f1, 0x32e1, 0x6a80, 0x8860, 0x4538, 0x4000, 0x0000, 0x0000, 0x0000,
  0x0000, 0x0000, 0x0000, 0x0000, 0x0000, 0x0000, 0x0000, 0x0000, 0x0000, 0x0000, 0x0000, 0x0000,
  0x0000, 0x0000, 0x0000, 0x0000, 0x0000, 0x0000, 0x0000, 0x0000, 0x0000, 0x0000, 0x0000, 0x0000,
  0x0000, 0x0000, 0x0000, 0x0000, 0x0000, 0x0000, 0x0000, 0x0000, 0x0000, 0x0000, 0x0000, 0x0000,
  0x0000, 0x0000, 0x0000, 0x0000, 0x0000, 0x0000, 0x0000, 0x0000, 0x2000, 0x0000, 0x0000, 0x0000,
  0x0000, 0x0000, 0x2000, 0x0000, 0x0000, 0x2108, 0x8a80, 0x33e9, 0x14f1, 0x35f1, 0x34f9, 0x34f1,
  0xb4f9, 0xd4f1, 0xb4f1, 0x94f1, 0x53e9, 0x53e1, 0x32f1, 0x13ea, 0xcff4, 0x50fd, 0x30f5, 0x10fd,
  0x31fd, 0xeff4, 0x0ff5, 0x10f4, 0xd4f1, 0xb6f9, 0x96f9, 0x75f9, 0x94f1, 0x74f9, 0x95e9, 0x54f1,
  0x53f1, 0x52e9, 0x33f9, 0x54f9, 0x34f1, 0x34f9, 0x54f1, 0x54f1, 0x54f1, 0x54f9, 0x34f9, 0x54f1,
  0x54f1, 0x90fb, 0xeffc, 0x10fc, 0xf3f9, 0x56f1, 0x75f1, 0x54f1, 0x34f1, 0x14f9, 0x55f9, 0x54f1,
  0x53f1, 0x53f1, 0xab88, 0x0118, 0x0000, 0x0000, 0x0008, 0x0000, 0x2000, 0x0000, 0x0000, 0x0000,
  0x0000, 0x0000, 0x0000, 0x0000, 0x0000, 0x0000, 0x0000, 0x0000, 0x0000, 0x0000, 0x0000, 0x0000,
  0x0000, 0x0000, 0x0000, 0x0000, 0x0000, 0x0000, 0x0000, 0x0000, 0x0000, 0x0000, 0x0000, 0x0000,
  0x0000, 0x0000, 0x0000, 0x0000, 0x0000, 0x0000, 0x0000, 0x0000, 0x0000, 0x0000, 0x0000, 0x0000,
  0x0000, 0x0000, 0x0000, 0x2110, 0x0110, 0x0110, 0x0110, 0x0110, 0x0110, 0x2110, 0x0110, 0x2210,
  0x2218, 0xab90, 0x74f1, 0x74f9, 0x73e9, 0x93f1, 0x73f9, 0x95f9, 0xf4f1, 0xf5f1, 0x95f1, 0x75f1,
  0x74f1, 0x73f9, 0x74f2, 0xb0fc, 0x11fd, 0x30fd, 0x50fd, 0x31fd, 0x2ffd, 0x4ff5, 0xf1f3, 0xb3f1,
  0x94e9, 0xb5f1, 0x94f1, 0xb4f1, 0x73f1, 0x54f1, 0x34f9, 0x54f1, 0x54f1, 0x54f1, 0x54f1, 0x34f1,
  0x34f1, 0x54f1, 0x54f1, 0x54f1, 0x55f9, 0x34f9, 0x34f1, 0x53f1, 0xd1fb, 0x6ef5, 0x4ff4, 0xd3f1,
  0x55f1, 0x73f1, 0x33f1, 0x54f1, 0x14f9, 0x55f9, 0x54e9, 0x34f9, 0x55f1, 0xcd98, 0x0320, 0x2210,
  0x2108, 0x0008, 0x0000, 0x2000, 0x0000, 0x0000, 0x0000, 0x0000, 0x0000, 0x0000, 0x0000, 0x0000,
  0x0000, 0x0000, 0x0000, 0x0000, 0x0000, 0x0000, 0x0000, 0x0000, 0x0000, 0x0000, 0x0000, 0x0000,
  0x0000, 0x0000, 0x0000, 0x0000, 0x0000, 0x0000, 0x0000, 0x0000, 0x0000, 0x0000, 0x0000, 0x0000,
  0x0000, 0x0000, 0x0000, 0x0000, 0x0000, 0x0000, 0x0000, 0x0000, 0x0000, 0x4328, 0xca80, 0xcb88,
  0xac90, 0xcc90, 0xcc88, 0xcb88, 0xcc98, 0x8c88, 0xcc90, 0xcb90, 0xefc8, 0x53f1, 0x73f1, 0x11eb,
  0x90f3, 0x70f3, 0x91f3, 0xd2f3, 0xf3f2, 0xb4f1, 0xb5f1, 0xb4f9, 0x94f9, 0xf5f1, 0xf2fa, 0x33f3,
  0x32fc, 0x31fd, 0x30fd, 0x30fd, 0x4ffd, 0xb0f4, 0x90eb, 0x51f3, 0x92f2, 0x73f1, 0x55f1, 0x34f1,
  0x53f1, 0x34f9, 0x54f1, 0x54f1, 0x54f1, 0x34f9, 0x35f9, 0x34f1, 0x54f1, 0x54f1, 0x54f1, 0x54f9,
  0x34f1, 0x34f1, 0x53f1, 0xb1fb, 0x2ffd, 0x50f4, 0xd4f9, 0x34f9, 0x53f1, 0x34f9, 0x55f1, 0x34f1,
  0x54f9, 0x54f1, 0x34f1, 0x54f1, 0x11d1, 0xac98, 0xcb88, 0x4540, 0x0008, 0x2000, 0x0000, 0x0000,
  0x0000, 0x0000, 0x0000, 0x0000, 0x0000, 0x0000, 0x0000, 0x0000, 0x0000, 0x0000, 0x0000, 0x0000,
  0x0000, 0x0000, 0x0000, 0x0000, 0x0000, 0x0000, 0x0000, 0x0000, 0x0000, 0x0000, 0x0000, 0x0000,
  0x0000, 0x0000, 0x0000, 0x0000, 0x0000, 0x0000, 0x0000, 0x0000, 0x0000, 0x0000, 0x0000, 0x0000,
  0x0000, 0x0000, 0x0008, 0x0108, 0x4548, 0x12d9, 0x34f1, 0x34f9, 0x54f1, 0x34f1, 0x34f1, 0x34f9,
  0x14f1, 0x34f1, 0x53e9, 0x34f1, 0x54f1, 0x94f1, 0x30fc, 0xeffc, 0xeffc, 0x0ff5, 0x2ff5, 0x93fb,
  0x94f9, 0xd5f1, 0xd5f1, 0xb5f1, 0x96f1, 0xb4f9, 0xb5f1, 0x52fb, 0x10fd, 0x30f5, 0x30fd, 0x50fd,
  0x10f5, 0xedec, 0xcffc, 0x70f3, 0x72f1, 0x15f1, 0x35f1, 0x53e9, 0x33e9, 0x33f1, 0x53e9, 0x54f1,
  0x34f1, 0x34f1, 0x54f1, 0x54f1, 0x54f1, 0x54f1, 0x54f1, 0x54f1, 0x54f1, 0x74f1, 0xd0fb, 0x0efd,
  0x30fc, 0xf3f1, 0x34f1, 0x53f1, 0x54f1, 0x54f1, 0x34f1, 0x54f9, 0x54f9, 0x33f9, 0x54f9, 0x54e9,
  0x53e9, 0x53e9, 0x8860, 0x2000, 0x2000, 0x0008, 0x0000, 0x0000, 0x0000, 0x0000, 0x0000, 0x0000,
  0x0000, 0x0000, 0x0000, 0x0000, 0x0000, 0x0000, 0x0000, 0x0000, 0x0000, 0x0000, 0x0000, 0x0000,
  0x0000, 0x0000, 0x0000, 0x0000, 0x0000, 0x0000, 0x0000, 0x0000, 0x0000, 0x0000, 0x0000, 0x0000,
  0x0000, 0x0000, 0x0000, 0x0108, 0x2110, 0x2110, 0x2110, 0x2110, 0x2110, 0x2110, 0x4218, 0x8650,
  0x52e1, 0x74f9, 0x14f9, 0x54f1, 0x54f1, 0x54f1, 0x73e9, 0x54f9, 0x34f1, 0x73e9, 0x54f1, 0x14f9,
  0x93f1, 0x2ff4, 0xeff4, 0xf0fc, 0xeffc, 0x2ef5, 0x92f3, 0x75f9, 0xb5f9, 0x93f1, 0xb4e9, 0xd5f1,
  0xb3f9, 0xb3e9, 0x31fb, 0x10fd, 0x30f5, 0x31fd, 0x31fd, 0xf1fc, 0x0dfd, 0xd1f4, 0x91f3, 0xd2f1,
  0x93f1, 0x93e9, 0xb3f1, 0x94f9, 0x94f9, 0x94f1, 0x74f9, 0x34f1, 0x75f1, 0x34f1, 0x34f9, 0x34f1,
  0x54f1, 0x74f1, 0x74f1, 0x74f1, 0x95f9, 0xf1f3, 0x0efd, 0x4ffc, 0x53f2, 0x75f9, 0x93f9, 0x93f1,
  0x74f9, 0x74f9, 0x74e9, 0x53e9, 0x34f9, 0x34f1, 0x55f1, 0x55f9, 0x34f1, 0x8960, 0x2000, 0x0000,
  0x2100, 0x0000, 0x0000, 0x0000, 0x0000, 0x0000, 0x0000, 0x0000, 0x0000, 0x0000, 0x0000, 0x0000,
  0x0000, 0x0000, 0x0000, 0x0000, 0x0000, 0x0000, 0x0000, 0x0000, 0x0000, 0x0000, 0x0000, 0x0000,
  0x0000, 0x0000, 0x0000, 0x0000, 0x0000, 0x2000, 0x0000, 0x0100, 0x0000, 0x0000, 0x4648, 0x53c9,
  0x13d1, 0x11d9, 0x51d9, 0x51d9, 0xf2e0, 0x32e1, 0x52d9, 0x34f1, 0x35f9, 0x34f1, 0x74f1, 0x55f1,
  0x15f9, 0x36f1, 0x34f9, 0x34f9, 0x54f1, 0x54e9, 0x14f1, 0x92f1, 0x50f4, 0x0ff5, 0x0ffd, 0x0ffd,
  0xf0f4, 0x51f3, 0x74f1, 0x94f1, 0x94e9, 0x74e9, 0xb4f1, 0x4fec, 0x8ff4, 0xaef4, 0xcff4, 0x31fd,
  0x30fd, 0x50fd, 0x0ff5, 0x10f5, 0xf0f4, 0xcff4, 0xaff4, 0x90f4, 0x70fc, 0x70fc, 0x70fc, 0xb0fc,
  0xb0f4, 0x12f3, 0x34f9, 0x34f9, 0x73f1, 0x13f1, 0x74f9, 0x33f9, 0x55f1, 0xd3f2, 0xaff4, 0x50fc,
  0xeffc, 0xf0fc, 0xd0fc, 0xaffc, 0xaffc, 0xaffc, 0xaffc, 0x90fc, 0x73fa, 0x34f1, 0x35f9, 0x34f1,
  0x34f1, 0x34f1, 0x74f1, 0x12f1, 0xa868, 0x0000, 0x0100, 0x0008, 0x0100, 0x0000, 0x0000, 0x0000,
  0x0000, 0x0000, 0x0000, 0x0000, 0x0000, 0x0000, 0x0000, 0x0000, 0x0000, 0x0000, 0x0000, 0x0000,
  0x0000, 0x0000, 0x0000, 0x0000, 0x0000, 0x0000, 0x0000, 0x0000, 0x0000, 0x0000, 0x0000, 0x0000,
  0x0000, 0x0000, 0x2000, 0x2000, 0x0000, 0x6660, 0x72e9, 0x34f9, 0x34f9, 0x54f1, 0x54f1, 0x15f9,
  0x35f9, 0x73e9, 0x55f1, 0x54f1, 0x54f1, 0x73f1, 0x33f1, 0x34f1, 0x74f1, 0x53f9, 0x34e9, 0x54f1,
  0x54f1, 0x35f9, 0x73f1, 0x50f4, 0xeffc, 0xcff4, 0xf0fc, 0xeff4, 0x51f3, 0x33f1, 0x14f9, 0x34f1,
  0x52f1, 0xf2f9, 0x8fec, 0xd0f4, 0xeff4, 0x0ff5, 0x51fd, 0x50f5, 0x30f5, 0xeff4, 0xd0fc, 0xeffc,
  0xeefc, 0xeefc, 0xeffc, 0x0ffd, 0x0ffd, 0x0ffd, 0x2ffd, 0x2ffd, 0x71f3, 0x53f1, 0x14f1, 0x34f1,
  0x54f1, 0x55f1, 0x54f1, 0x53f9, 0xf1fa, 0xcffc, 0x11fd, 0x0ffd, 0x0ffd, 0x0ffd, 0x0ffd, 0x0ffd,
  0x10fd, 0xeffc, 0xb0fc, 0x93fa, 0x54f1, 0x55f9, 0x54f1, 0x34f1, 0x34f1, 0x75f1, 0x33f1, 0x8868,
  0x0000, 0x0100, 0x0000, 0x0000, 0x0000, 0x0000, 0x0000, 0x0000, 0x0000, 0x0000, 0x0000, 0x0000,
  0x0000, 0x0000, 0x0000, 0x0000, 0x0000, 0x0000, 0x0000, 0x0000, 0x0000, 0x0000, 0x0000, 0x0000,
  0x0000, 0x0000, 0x0000, 0x0000, 0x0000, 0x0000, 0x0000, 0x0000, 0x0000, 0x0008, 0x6640, 0x6858,
  0xac98, 0x52f1, 0x53f9, 0x35f9, 0x54f1, 0x54f1, 0x35f1, 0x54f1, 0xd3f1, 0x93fa, 0xb2f2, 0xf3f1,
  0x34f9, 0x34f9, 0x54f1, 0x54f1, 0x53f9, 0x15f1, 0x54f1, 0x12f2, 0x92fa, 0xd1ea, 0x70f4, 0x0ffd,
  0x8ff4, 0xf2f3, 0xaff3, 0xb3fa, 0x34f1, 0x73f1, 0x33fa, 0x71f2, 0xf2f2, 0xcff4, 0xeff4, 0x10fd,
  0x30fd, 0x30fd, 0x30fd, 0x30f5, 0xeff4, 0xf0fc, 0xf1fc, 0xf0fc, 0xf0fc, 0xf0fc, 0x10f5, 0x0ff5,
  0xcff4, 0x10f4, 0xd0fb, 0xb2f2, 0x53f1, 0x55f1, 0x55f9, 0x53f9, 0x54f1, 0xb3f2, 0xb1fa, 0xb0fb,
  0xcffc, 0x10fd, 0x0ffd, 0x0ffd, 0x0ffd, 0x0ffd, 0x0ffd, 0x0ffd, 0x0ffd, 0xd0fc, 0x92fa, 0x53f1,
  0x54f1, 0x54f1, 0x54f1, 0x34f1, 0x34f1, 0x34f1, 0x8860, 0x2000, 0x2000, 0x0000, 0x0000, 0x0000,
  0x0000, 0x0000, 0x0000, 0x0000, 0x0000, 0x0000, 0x0000, 0x0000, 0x0000, 0x0000, 0x0000, 0x0000,
  0x0000, 0x0000, 0x0000, 0x0000, 0x0000, 0x0000, 0x0000, 0x0000, 0x0000, 0x0000, 0x0000, 0x0000,
  0x0000, 0x0000, 0x0108, 0x2000, 0x2210, 0x0eb1, 0x53e1, 0x33e9, 0x34f9, 0x54f1, 0x35e9, 0x54f1,
  0x53f9, 0x54f9, 0x34f9, 0x33fa, 0x70fc, 0xd0fc, 0x11eb, 0x14f1, 0x15f9, 0x54e9, 0x53e9, 0x54f9,
  0x15f9, 0x73f1, 0x12eb, 0x91fc, 0xefec, 0xcff4, 0x2ef5, 0x10f4, 0x13ea, 0xb2f1, 0x74f1, 0x54f1,
  0xb3e9, 0xf1f3, 0x8ff4, 0x90fc, 0x0ffd, 0x0ffd, 0x31fd, 0x51fd, 0x30fd, 0x0ffd, 0xf0fc, 0xeff4,
  0x2ef5, 0x0ffd, 0x0ffd, 0x0efd, 0x0ffd, 0x0ffd, 0x0ffd, 0x50fc, 0x33fa, 0x93f9, 0x74f1, 0x14f1,
  0x54f9, 0x35f9, 0x53f9, 0xb3f9, 0xb1f4, 0xb1fc, 0xf0f4, 0x10f5, 0x2ef5, 0x0ffd, 0x0ffd, 0x0ffd,
  0x0ffd, 0x0ffd, 0x0ffd, 0x0ffd, 0xd0fc, 0xb2fa, 0x53f1, 0x54f1, 0x54f1, 0x54f1, 0x54f1, 0x34f9,
  0x34f1, 0x8868, 0x2000, 0x0000, 0x0008, 0x0000, 0x0000, 0x0000, 0x0000, 0x0000, 0x0000, 0x0000,
  0x0000, 0x0000, 0x0000, 0x0000, 0x0000, 0x0000, 0x0000, 0x0000, 0x0000, 0x0000, 0x0000, 0x0000,
  0x0000, 0x0000, 0x0000, 0x0000, 0x0000, 0x0000, 0x0000, 0x0000, 0x0000, 0x2108, 0x4000, 0x4210,
  0xcfc0, 0xf4f8, 0x34f1, 0x74e9, 0x74f1, 0x54f1, 0x34f9, 0x13f1, 0x73f1, 0x53e9, 0x33fa, 0xaefc,
  0x0ef5, 0x31f3, 0x54f1, 0x35f9, 0x36f9, 0x54f1, 0x34f9, 0x52f1, 0x72f1, 0x30f3, 0xb0fc, 0xcef4,
  0xd0fc, 0xeff4, 0xd1f3, 0xb4f1, 0x15f9, 0x13f1, 0x73e9, 0xb2e9, 0x11f4, 0x10f5, 0xf1fc, 0x11fd,
  0x2ffd, 0x30f5, 0x71fd, 0x2ff5, 0x10f5, 0xf1fc, 0xf0fc, 0x0dfd, 0xf0f4, 0x0ff5, 0x0ffd, 0xf0fc,
  0xf1fc, 0xf0fc, 0x31fc, 0xd3f1, 0x34f1, 0x55f1, 0x53f1, 0x53f1, 0x54f1, 0x74f1, 0xd4f9, 0xeffc,
  0xeffc, 0x0ffd, 0xf0fc, 0x0efd, 0x10fd, 0x10fd, 0x10fd, 0x10fd, 0x0ffd, 0x0ffd, 0x10fd, 0xd0fc,
  0x92fa, 0x53f1, 0x34f1, 0x54f1, 0x54f1, 0x34f1, 0x54f9, 0x53e1, 0x8968, 0x2100, 0x4200, 0x6000,
  0x0000, 0x0000, 0x0000, 0x0000, 0x0000, 0x0000, 0x0000, 0x0000, 0x0000, 0x0000, 0x0000, 0x0000,
  0x0000, 0x0000, 0x0000, 0x0000, 0x0000, 0x0000, 0x0000, 0x0000, 0x0000, 0x0000, 0x0000, 0x0000,
  0x0000, 0x0000, 0x0000, 0x2108, 0x4750, 0xcb88, 0xcc90, 0x33e1, 0x74f1, 0x54f9, 0x14f9, 0x54f1,
  0x53f1, 0x34f1, 0x94f1, 0x33fb, 0x91f3, 0xf1fb, 0xf0fc, 0x0ff5, 0x30f4, 0x70f3, 0x30eb, 0xf1e9,
  0x53f1, 0xf3e9, 0x90eb, 0x91f3, 0x71fc, 0x30fd, 0x32fd, 0x2ffd, 0x0ff5, 0x90f4, 0xb0eb, 0x71f3,
  0x4ff3, 0x70eb, 0x51f3, 0x8ff4, 0x0efd, 0x2df5, 0x2ffd, 0x30fd, 0x30f5, 0x30fd, 0x10f5, 0xd4f5,
  0x78f6, 0x15fe, 0x0ffd, 0x10fd, 0x0ffd, 0x0ffd, 0xeffc, 0xeffc, 0xeffc, 0xcffc, 0xd0f3, 0x71fb,
  0xb0f3, 0x70f3, 0x51fb, 0x71f3, 0x90eb, 0xb1f3, 0xf0f4, 0x0ffd, 0x0ffd, 0x2ffd, 0x2ffd, 0x0ffd,
  0x0ffd, 0x0ffd, 0x0ffd, 0x0ffd, 0x0ffd, 0x0ffd, 0xb0fc, 0x93fa, 0x53f1, 0x34f9, 0x54f1, 0x34f1,
  0x34f9, 0x54f9, 0x54e9, 0xcfc0, 0x8c98, 0x8a80, 0x0118, 0x0000, 0x0000, 0x0000, 0x0000, 0x0000,
  0x0000, 0x0000, 0x0000, 0x0000, 0x0000, 0x0000, 0x0000, 0x0000, 0x0000, 0x0000, 0x0000, 0x0000,
  0x0000, 0x0000, 0x0000, 0x0000, 0x0000, 0x0000, 0x0000, 0x0000, 0x0000, 0x0000, 0x2108, 0xac90,
  0x34f9, 0x34f9, 0x35f1, 0x54e9, 0x74f1, 0x34f1, 0x34f9, 0x74f9, 0x34f9, 0xd3f1, 0x70fc, 0x2dfd,
  0xeefc, 0xf0fc, 0x0ffd, 0xd0fc, 0x0ffd, 0x90f4, 0x73f2, 0x13f1, 0x33f2, 0xf0f4, 0x30fd, 0x2ffd,
  0x2ffd, 0x52f5, 0x30fd, 0x30fd, 0x10fd, 0x2ff5, 0x0ff5, 0x0efd, 0x0ffd, 0x0ff5, 0xeff4, 0xf0fc,
  0x0ff5, 0x10fd, 0x10fd, 0x10fd, 0xeffc, 0x0ffd, 0xb8f6, 0xfeff, 0x1aff, 0x30f5, 0xf0fc, 0x0ffd,
  0x0ffd, 0x0ff5, 0x0ff5, 0x0efd, 0x2ffd, 0x10fd, 0x0ffd, 0x0ef5, 0x10fd, 0x11fd, 0x0ffd, 0x0ffd,
  0x0ffd, 0x30f5, 0x2ffd, 0x0ffd, 0x0ffd, 0xd1fc, 0x0ffd, 0x0ffd, 0x0ffd, 0x0ffd, 0x0ffd, 0x0ffd,
  0x0ffd, 0xd0fc, 0x92fa, 0x54f1, 0x54f9, 0x33f1, 0x54f9, 0x34f1, 0x54f1, 0x54f1, 0x34f9, 0x54f9,
  0x31c9, 0x2228, 0x0000, 0x0000, 0x0000, 0x0000, 0x0000, 0x0000, 0x0000, 0x0000, 0x0000, 0x0000,
  0x0000, 0x0000, 0x0000, 0x0000, 0x0000, 0x0000, 0x0000, 0x0000, 0x0000, 0x0000, 0x0000, 0x0000,
  0x0000, 0x2000, 0x0000, 0x0000, 0x0000, 0x0008, 0xad98, 0x34f9, 0x54f1, 0x74f1, 0x54f1, 0x54f1,
  0x54f1, 0x34f9, 0x54f1, 0x34f9, 0xb3f1, 0xf0fb, 0x90f4, 0x90fc, 0xeffc, 0x0efd, 0xeffc, 0x0ff5,
  0x8ff4, 0xd2f2, 0xd3f1, 0xf2f2, 0xf1fc, 0x50fd, 0x50fd, 0x10fd, 0x31fd, 0x50fd, 0x30fd, 0x30fd,
  0x10fd, 0xeff4, 0xeff4, 0x0ffd, 0xeff4, 0xeff4, 0xeffc, 0x0ffd, 0xeffc, 0x0ffd, 0x10fd, 0xeff4,
  0x0ff5, 0xd9f6, 0xdfff, 0x1bff, 0x50fd, 0xeffc, 0x0ffd, 0x0ffd, 0x0ff5, 0x0ffd, 0xeffc, 0x0ffd,
  0x0ffd, 0x10fd, 0xeffc, 0x0ffd, 0x0ffd, 0x0ffd, 0x10fd, 0xeff4, 0x0ffd, 0x0ffd, 0x0ffd, 0x10fd,
  0xf0fc, 0x0ffd, 0x0ffd, 0x0ffd, 0x0ffd, 0x0ffd, 0x0ffd, 0x0ffd, 0xd0fc, 0x11f3, 0x14fa, 0xf2f1,
  0x54f1, 0x34f1, 0x55f9, 0x34f1, 0x54f1, 0x34f1, 0x55f9, 0x31d1, 0x2220, 0x0000, 0x0000, 0x0000,
  0x0000, 0x0000, 0x0000, 0x0000, 0x0000, 0x0000, 0x0000, 0x0000, 0x0000, 0x0000, 0x0000, 0x0000,
  0x0000, 0x0000, 0x0000, 0x0000, 0x0000, 0x0000, 0x0000, 0x0000, 0x0000, 0x0000, 0x0000, 0x0000,
  0x0108, 0xcd90, 0x34f9, 0x54f1, 0x54f1, 0x54f1, 0x54f1, 0x54f1, 0x34f9, 0x54f1, 0x54f1, 0x54f1,
  0x12f2, 0x34f2, 0xd3fa, 0xcff4, 0x0ff5, 0x0ff5, 0x0fed, 0x0df5, 0x6ffc, 0xf1fb, 0x71fc, 0x51fd,
  0x50fd, 0x10f5, 0xeff4, 0x2ffd, 0x30fd, 0x30fd, 0x30fd, 0x10fd, 0xeff4, 0xeff4, 0x0ffd, 0xeff4,
  0xeff4, 0xeffc, 0x0ffd, 0xeff4, 0xeffc, 0x0ffd, 0x0ff5, 0x2ff5, 0xf9f6, 0xdeff, 0x1aff, 0x4ff5,
  0x0ffd, 0x0ffd, 0x0ffd, 0x0ffd, 0x0ffd, 0x0ffd, 0x0ffd, 0xeffc, 0xeffc, 0xeffc, 0x0ffd, 0xeffc,
  0x0ffd, 0x10fd, 0xeffc, 0x0ffd, 0x0ffd, 0x0ffd, 0x0ffd, 0x0ffd, 0x0ffd, 0x0ffd, 0x0ffd, 0x0ffd,
  0x0ffd, 0x0ffd, 0x0ffd, 0x0ffd, 0x6ffc, 0x30fc, 0xf0fb, 0xf4f1, 0x34f9, 0x34f9, 0x34f1, 0x54f1,
  0x54f1, 0x55f1, 0x31c9, 0x2220, 0x0000, 0x0000, 0x0000, 0x0000, 0x0000, 0x0000, 0x0000, 0x0000,
  0x0000, 0x0000, 0x0000, 0x0000, 0x0000, 0x0000, 0x0000, 0x0000, 0x0000, 0x0000, 0x0000, 0x0000,
  0x0000, 0x0000, 0x0000, 0x0000, 0x0000, 0x0000, 0x0000, 0x0108, 0xed90, 0x54f1, 0x54f1, 0x54f1,
  0x34f1, 0x54f1, 0x54f1, 0x35f1, 0x34f1, 0x54f1, 0x55f9, 0x32f1, 0x55f9, 0x32f2, 0x8ffc, 0x0ffd,
  0xd0fc, 0xf0fc, 0x0ff5, 0xeffc, 0x30fd, 0x2ffd, 0x50fd, 0x30fd, 0xf0f4, 0xeff4, 0x0ef5, 0x10fd,
  0x30fd, 0x10fd, 0xeff4, 0x0ff5, 0x0ff5, 0x0ff5, 0x0ff5, 0xeff4, 0xeff4, 0xeff4, 0xeff4, 0x0ffd,
  0x0efd, 0xeffc, 0xd0fc, 0xb9fe, 0xffff, 0x5cff, 0x31fd, 0x0ff5, 0x0ffd, 0x0ffd, 0x0ffd, 0x0ffd,
  0x0ffd, 0x2ffd, 0x2ffd, 0x10fd, 0x0ff5, 0x30fd, 0x30fd, 0x10f5, 0xeff4, 0xeffc, 0xeffc, 0x0ffd,
  0x0ffd, 0x0ffd, 0x0ffd, 0x0ffd, 0x0ffd, 0x0ffd, 0x0ffd, 0x0ffd, 0x0ffd, 0x0ffd, 0x0ffd, 0x10fd,
  0x0ffd, 0xb0f4, 0x13ea, 0x53f9, 0x53f1, 0x54f1, 0x54f1, 0x34f9, 0x34f9, 0x30c9, 0x4218, 0x0000,
  0x0000, 0x0000, 0x0000, 0x0000, 0x0000, 0x0000, 0x0000, 0x0000, 0x0000, 0x0000, 0x0000, 0x0000,
  0x0000, 0x0000, 0x0000, 0x0000, 0x0000, 0x0000, 0x0000, 0x0000, 0x0000, 0x0000, 0x2000, 0x0000,
  0x0000, 0x2000, 0x2108, 0xed90, 0x54f1, 0x54f1, 0x54f1, 0x34f1, 0x54f1, 0x54f1, 0x93e9, 0x74e9,
  0x53f1, 0x74f1, 0xd2f9, 0x53fa, 0x10f3, 0xb1fc, 0x10fd, 0xeffc, 0xd0fc, 0xcffc, 0xcef4, 0x2ff5,
  0x50fd, 0x30fd, 0x2ffd, 0x0ff5, 0x0ff5, 0x30fd, 0x51fd, 0x30fd, 0x0ff5, 0xeff4, 0x0ff5, 0x0ff5,
  0x0ff5, 0xeff4, 0xeff4, 0x0ffd, 0x0ffd, 0x0ffd, 0x0ffd, 0x70f5, 0xb4f5, 0xb5fd, 0xfbfe, 0xdff7,
  0x1bf7, 0xf1fc, 0x0ff5, 0x0ffd, 0x0ffd, 0x0ffd, 0x0ffd, 0x0ffd, 0x0ffd, 0x0ffd, 0xf0fc, 0xefec,
  0x0ff5, 0xeffc, 0x72f5, 0xd4f5, 0xd4fd, 0x0ff5, 0x0ffd, 0x10fd, 0xeffc, 0x0ffd, 0x0ffd, 0x0ffd,
  0x0ffd, 0x0ffd, 0x0ffd, 0x0ffd, 0x0ffd, 0x10fd, 0x10fd, 0x0ffd, 0x90fc, 0xd4e9, 0x53f9, 0x53f9,
  0x54f9, 0x54f1, 0x54f1, 0x74f1, 0x10c9, 0x0220, 0x0000, 0x0000, 0x0000, 0x0000, 0x0000, 0x0000,
  0x0000, 0x0000, 0x0000, 0x0000, 0x0000, 0x0000, 0x0000, 0x0000, 0x0000, 0x0000, 0x0000, 0x0000,
  0x0000, 0x0000, 0x0000, 0x0000, 0x0000, 0x2000, 0x0000, 0x0000, 0x0000, 0x0108, 0xcc90, 0x33f9,
  0x54f1, 0x54f1, 0x54f1, 0x34f1, 0x54f1, 0x34f1, 0x14f9, 0x14f9, 0xd3f1, 0xf1fb, 0xd1f4, 0x0ff5,
  0x0ef5, 0x2eed, 0xedf4, 0xeffc, 0xf0f4, 0xd0f4, 0xf0f4, 0x31fd, 0x10fd, 0x30fd, 0x0ff5, 0x50fd,
  0x51fd, 0x30fd, 0x10f5, 0xeff4, 0xeff4, 0x30fd, 0x30fd, 0x10fd, 0x0ffd, 0xeff4, 0xeffc, 0x0ffd,
  0xeff4, 0x0ffd, 0x55fe, 0x9df7, 0xbdff, 0xfeff, 0xffff, 0x1bff, 0x30fd, 0x0ffd, 0x0ffd, 0x0ffd,
  0x0ffd, 0x0ffd, 0x0ffd, 0x0ffd, 0x0ffd, 0x10fd, 0x2ff5, 0x2ffd, 0x10fd, 0x97fe, 0x9dff, 0x1aff,
  0x51f5, 0x0ffd, 0x10fd, 0x10fd, 0xeffc, 0x0ffd, 0x0ffd, 0x0ffd, 0x0ffd, 0x0ffd, 0x0ffd, 0x0ffd,
  0x0ffd, 0x0ffd, 0x0efd, 0x8ffc, 0xf4f1, 0x35f9, 0x54f9, 0x54f1, 0x54f1, 0x34f9, 0x54f9, 0x10d1,
  0x2320, 0x0000, 0x0000, 0x0000, 0x0000, 0x0000, 0x0000, 0x0000, 0x0000, 0x0000, 0x0000, 0x0000,
  0x0000, 0x0000, 0x0000, 0x0000, 0x0000, 0x0000, 0x0000, 0x0000, 0x0000, 0x0000, 0x0000, 0x0000,
  0x0000, 0x0000, 0x0008, 0x2100, 0x2110, 0xcc98, 0x33f9, 0x54f1, 0x54f1, 0x54f1, 0x54f1, 0x54f1,
  0x54f1, 0x34f1, 0x14f9, 0xd2e9, 0x8ff4, 0x0ff5, 0xeffc, 0xeef4, 0xf0f4, 0xcffc, 0xcff4, 0x0ff5,
  0xeef4, 0xcefc, 0x30fd, 0x30f5, 0x50fd, 0x30fd, 0x50fd, 0x10fd, 0xeff4, 0xcff4, 0xeff4, 0x0ff5,
  0x30fd, 0x30fd, 0x30fd, 0x0ffd, 0x0ffd, 0x0ffd, 0x10fd, 0x10fd, 0x30fd, 0x76fe, 0xdff7, 0xfff7,
  0xffff, 0xffff, 0x3cff, 0x30fd, 0x0ffd, 0x0ffd, 0x0ffd, 0x0ffd, 0x0ffd, 0x0ffd, 0x0ffd, 0xeffc,
  0xf0fc, 0x0ff5, 0x0efd, 0x31fd, 0xfaf6, 0xffff, 0x7cff, 0x51ed, 0x0efd, 0x0ffd, 0x0ffd, 0x0ffd,
  0x0ffd, 0x0ffd, 0x0ffd, 0x0ffd, 0x0ffd, 0x0ffd, 0x0ffd, 0x0ffd, 0x10fd, 0x0ffd, 0x8ffc, 0x13f2,
  0x34f1, 0x74f1, 0x54f1, 0x55f1, 0x34f9, 0x54f9, 0x10d1, 0x2328, 0x0108, 0x0108, 0x0000, 0x0000,
  0x0000, 0x0000, 0x0000, 0x0000, 0x0000, 0x0000, 0x0000, 0x0000, 0x0000, 0x0000, 0x0000, 0x0000,
  0x0000, 0x0000, 0x0000, 0x0000, 0x0000, 0x0000, 0x2000, 0x0100, 0x0000, 0x2328, 0xcb88, 0xaca0,
  0xf1d8, 0x35f9, 0x54f1, 0x34f1, 0x54f1, 0x54f1, 0x54f1, 0x73e9, 0x74f1, 0x35f1, 0xb2f1, 0x70fc,
  0x0eed, 0xd0fc, 0xf0f4, 0x10f5, 0xeff4, 0xcffc, 0xeff4, 0xeff4, 0xeff4, 0x10fd, 0x30fd, 0x31fd,
  0x30fd, 0x30fd, 0x10fd, 0xeff4, 0x0ff5, 0x10fd, 0x31fd, 0x51fd, 0x30f5, 0x10fd, 0x30f5, 0x36fe,
  0xb9f6, 0xd9f6, 0xd8fe, 0xd8f6, 0x5bff, 0xdeff, 0xffff, 0xffff, 0xffff, 0x1bff, 0x31fd, 0x0ffd,
  0x0ffd, 0x0ffd, 0x10fd, 0x10fd, 0x0ffd, 0x0ffd, 0x0ffd, 0x0ffd, 0x10fd, 0x0ffd, 0x10fd, 0xdaf6,
  0xffff, 0x7dff, 0x50fd, 0x0ffd, 0x0ffd, 0x0ffd, 0x0ffd, 0x0ffd, 0x0ffd, 0x0ffd, 0xeffc, 0x0ffd,
  0x0ffd, 0x10fd, 0x0ffd, 0x2ef5, 0x50f5, 0xd0fc, 0xb1fb, 0x91fb, 0xd2fa, 0x53f1, 0x35f1, 0x54f9,
  0x54f1, 0x33e9, 0xcda0, 0xab90, 0x8860, 0x0110, 0x0000, 0x0100, 0x2000, 0x0000, 0x0000, 0x0000,
  0x0000, 0x0000, 0x0000, 0x0000, 0x0000, 0x0000, 0x0000, 0x0000, 0x0000, 0x0000, 0x0000, 0x0000,
  0x0000, 0x0108, 0x0000, 0x2000, 0x6540, 0x52e1, 0x53f1, 0x34f1, 0x54e9, 0x53e9, 0x53f1, 0x54f9,
  0x35f9, 0x15f1, 0x75f1, 0x95f9, 0x55f1, 0xb2e9, 0x4ff4, 0x2eed, 0xeff4, 0xeffc, 0x30fd, 0x30fd,
  0x30fd, 0x10fd, 0x10fd, 0x0ff5, 0x0ff5, 0x10fd, 0x30fd, 0x50fd, 0x30fd, 0x30fd, 0x10f5, 0x2ffd,
  0x30fd, 0x10fd, 0x2ffd, 0x0efd, 0xcefc, 0x31f5, 0xfafe, 0xdeff, 0xdfff, 0xdeff, 0xdeff, 0xfeff,
  0xdfff, 0xffff, 0xffff, 0xffff, 0x1bff, 0x10f5, 0x2ffd, 0x2ff5, 0x2ffd, 0x0ffd, 0x10fd, 0x0ffd,
  0x0efd, 0x0efd, 0x0efd, 0xeefc, 0x0efd, 0x2ffd, 0xd9fe, 0xffff, 0x7dff, 0x50fd, 0x0ffd, 0x0ffd,
  0x0ffd, 0x0ffd, 0x0ffd, 0x0ffd, 0x0ffd, 0x0ffd, 0x0ffd, 0x0ffd, 0x0ffd, 0x0ffd, 0xeffc, 0xeffc,
  0xeffc, 0xeffc, 0x0efd, 0x71fb, 0x73f1, 0x15f1, 0x53f9, 0x54f9, 0x55f9, 0x72e1, 0x54f1, 0x0d99,
  0x2110, 0x0000, 0x2208, 0x2000, 0x0008, 0x2000, 0x0000, 0x0000, 0x0000, 0x0000, 0x0000, 0x0000,
  0x0000, 0x0000, 0x0000, 0x0000, 0x0000, 0x0000, 0x0000, 0x0000, 0x0108, 0x2118, 0x0118, 0x4750,
  0x13e9, 0x54f1, 0x94f1, 0x54f1, 0x53f1, 0x34f9, 0x34f9, 0x54f1, 0xd3f1, 0xb4f9, 0xf4f9, 0xf4f1,
  0x32f2, 0x30fc, 0xf0f4, 0xf1fc, 0x2ffd, 0x30fd, 0x31fd, 0x51f5, 0x50f5, 0x30fd, 0x10fd, 0x0ff5,
  0x0ff5, 0x30fd, 0x50fd, 0x50fd, 0x30fd, 0x71fd, 0x50fd, 0x50fd, 0x92f5, 0x71f5, 0x50fd, 0x31fd,
  0x93f5, 0x3bff, 0xffff, 0xfff7, 0xdfff, 0xffff, 0xffff, 0xdfff, 0xffff, 0xfff7, 0xfff7, 0x3bff,
  0x0ffd, 0x0ffd, 0x0ffd, 0x0ffd, 0x0ffd, 0xeffc, 0x0ffd, 0x0ffd, 0x31f5, 0x71f5, 0x50f5, 0x70f5,
  0x91f5, 0xb9fe, 0xdeff, 0x7dff, 0x50fd, 0x0ffd, 0x0ffd, 0x0ffd, 0x0ffd, 0x0ffd, 0x0ffd, 0x0ffd,
  0x0ffd, 0x0ffd, 0x0ffd, 0x0ffd, 0x0ffd, 0xf1fc, 0x10fd, 0x2ff5, 0x10fd, 0xf0fc, 0x52fb, 0x94f9,
  0x55f1, 0x53f1, 0x54f1, 0x34f9, 0x53f1, 0x15f9, 0xeea0, 0x2320, 0x2118, 0x0108, 0x2000, 0x0100,
  0x2000, 0x0000, 0x0000, 0x0000, 0x0000, 0x0000, 0x0000, 0x0000, 0x0000, 0x0000, 0x0000, 0x0000,
  0x0000, 0x0000, 0x0000, 0x4328, 0xcb98, 0x0eb1, 0x31c9, 0x35f9, 0x34f9, 0x53f1, 0x14f9, 0x15f9,
  0x14f1, 0x34f1, 0x72f2, 0x11fc, 0x91fc, 0x71f4, 0x72f4, 0x71fc, 0x0ff5, 0x0ff5, 0x11fd, 0x4ff5,
  0x50f5, 0x30f5, 0x50fd, 0x50fd, 0x50fd, 0x30fd, 0x30fd, 0x0ff5, 0x0ff5, 0x30fd, 0x30fd, 0x30fd,
  0x50fd, 0x2ffd, 0xb3f5, 0xd9fe, 0x1bf7, 0x1bf7, 0x1bff, 0x1aff, 0xbdff, 0xdfff, 0xffff, 0xffff,
  0xffff, 0xfff7, 0xffff, 0xffff, 0xffff, 0xffff, 0x3bff, 0x2ffd, 0xeffc, 0x0ffd, 0x0ffd, 0xeffc,
  0xeffc, 0x10fd, 0x72fd, 0xb9fe, 0x5bff, 0x1bff, 0x3aff, 0x5bff, 0xbeff, 0xffff, 0x7dff, 0x50fd,
  0x0ffd, 0x0ffd, 0x0ffd, 0x0ffd, 0x0ffd, 0x0ffd, 0x0ffd, 0x0ffd, 0x0ffd, 0x0ffd, 0x0ffd, 0x0efd,
  0xf0fc, 0x2ffd, 0xaefc, 0xb2fa, 0x32fa, 0xf2f1, 0x53f9, 0x54f1, 0x54f1, 0x74f1, 0x34f9, 0x74f1,
  0x15f9, 0x33e1, 0x2eb9, 0x0eb1, 0x4650, 0x0000, 0x0000, 0x0000, 0x0000, 0x0000, 0x0000, 0x0000,
  0x0000, 0x0000, 0x0000, 0x0000, 0x0000, 0x0000, 0x0000, 0x0000, 0x0000, 0x0000, 0x4430, 0x11c9,
  0x55f9, 0x54f9, 0x54f1, 0x34f1, 0x74f1, 0x34f9, 0x34f9, 0x53f1, 0x53f1, 0xb2f2, 0xf0fc, 0x30fd,
  0x30fd, 0x51fd, 0x10fd, 0x30fd, 0x30f5, 0x10fd, 0x30fd, 0x30fd, 0x0ffd, 0x0ffd, 0x10fd, 0x30fd,
  0x30fd, 0x30fd, 0x30fd, 0x0ff5, 0xeff4, 0x0ff5, 0x10fd, 0x10fd, 0x0ffd, 0xd4f5, 0x7dff, 0xffff,
  0xdff7, 0xfff7, 0xfef7, 0xffff, 0xdfff, 0xffff, 0xffff, 0xffff, 0xfff7, 0xffff, 0xffff, 0xffff,
  0xffff, 0x3bff, 0x30fd, 0x0efd, 0x0ffd, 0x0ffd, 0x0ffd, 0x0ef5, 0x0ffd, 0x92fd, 0x7cff, 0xffff,
  0xdfff, 0xffff, 0xffff, 0xffff, 0xffff, 0x7dff, 0x50fd, 0x0ffd, 0xeffc, 0x0ffd, 0x0ffd, 0x0ffd,
  0x0ffd, 0x0ffd, 0x0ffd, 0x0ffd, 0x0ffd, 0x0ffd, 0x0ffd, 0xeffc, 0x2ff5, 0x8efc, 0xb4f9, 0x35f1,
  0x74f1, 0x14f9, 0x55f9, 0x54f1, 0x54f1, 0x14f1, 0x54f1, 0x74e9, 0x34f9, 0x34f9, 0x55f1, 0x6758,
  0x2000, 0x2000, 0x0000, 0x0000, 0x0000, 0x0000, 0x0000, 0x0000, 0x0000, 0x0000, 0x0000, 0x0000,
  0x0000, 0x0000, 0x0000, 0x0000, 0x0000, 0x4320, 0xab88, 0xcea8, 0xefb8, 0x33f1, 0x34f9, 0x74e9,
  0x14e9, 0x53f1, 0x52e9, 0x54f1, 0x93fa, 0xcff4, 0x10f5, 0x30fd, 0x50fd, 0x30fd, 0x30fd, 0x70f5,
  0x50fd, 0x10fd, 0xf0fc, 0x31f5, 0xb4f5, 0x93f5, 0x31fd, 0x30fd, 0x30fd, 0x30fd, 0x10f5, 0xeff4,
  0xeff4, 0xeff4, 0xeff4, 0xcefc, 0xb3f5, 0x7cff, 0xdfff, 0xbeff, 0xdfff, 0xfff7, 0xffff, 0xffff,
  0xffff, 0xffff, 0xffff, 0xffff, 0xffff, 0xffff, 0xfeff, 0xffff, 0x7cff, 0xf6f5, 0xf3fd, 0xd4fd,
  0xd4fd, 0xd3fd, 0xd3fd, 0xd4f5, 0x36fe, 0x9dff, 0xffff, 0xffff, 0xffff, 0xffff, 0xffff, 0xffff,
  0x7dff, 0x50fd, 0x0ffd, 0xeffc, 0x0ffd, 0x10fd, 0x0ffd, 0x0ffd, 0x0ffd, 0x0ffd, 0x0ffd, 0xeffc,
  0x0ffd, 0xeffc, 0x30fc, 0xd1fb, 0x51fb, 0xb4f9, 0x34f1, 0x55f1, 0x14f9, 0x34f9, 0x34f1, 0x54f1,
  0x34f9, 0x74f1, 0x74f1, 0x34f9, 0x15f9, 0x36f9, 0x8750, 0x0000, 0x0000, 0x0000, 0x0000, 0x0000,
  0x0000, 0x0000, 0x0000, 0x0000, 0x0000, 0x0000, 0x0000, 0x0000, 0x2000, 0x0000, 0x0000, 0x0000,
  0x0008, 0x2108, 0x0110, 0xa640, 0x33f1, 0x34f9, 0x74f1, 0x14f1, 0x55f9, 0x54e9, 0x35f1, 0x72fa,
  0xedf4, 0x10f5, 0xeff4, 0x30f5, 0x31fd, 0x11fd, 0x31fd, 0x50fd, 0x0ff5, 0xeff4, 0x36f6, 0xbdef,
  0x5bef, 0xb2f5, 0x10f5, 0x30fd, 0x30fd, 0x10fd, 0xeff4, 0xeff4, 0xf0f4, 0x0fed, 0x0ffd, 0xb3f5,
  0x7df7, 0xdfff, 0xbfff, 0xdfff, 0xffff, 0xffff, 0xffff, 0xffff, 0xffff, 0xffff, 0xffff, 0xdfff,
  0xffff, 0xffff, 0xdeff, 0xffff, 0x7dff, 0xddff, 0xbeff, 0xbeff, 0xddff, 0xddff, 0xdeff, 0xbeff,
  0xdfff, 0xfff7, 0xfeff, 0xfeff, 0xdfff, 0xffff, 0xffff, 0x9dff, 0x50fd, 0x0ffd, 0xeffc, 0x0ffd,
  0x10fd, 0x30fd, 0x30fd, 0x0ff5, 0x0ff5, 0xeffc, 0xeffc, 0xeffc, 0xcffc, 0xd3ea, 0x72f1, 0x33f1,
  0x93f1, 0x54f1, 0x75f1, 0x34f9, 0x54f9, 0x34f1, 0x54f1, 0x34f9, 0x34f1, 0x34f1, 0x53f1, 0x54f1,
  0x34e9, 0xa658, 0x0000, 0x0100, 0x0000, 0x0000, 0x0000, 0x0000, 0x0000, 0x0000, 0x0000, 0x0000,
  0x0000, 0x0000, 0x0000, 0x0000, 0x0000, 0x0000, 0x0000, 0x0100, 0x0108, 0x0008, 0x4548, 0x33e9,
  0x54f1, 0x53e9, 0x35f1, 0x54f1, 0x54f1, 0x54f1, 0xb2f2, 0xeffc, 0xeff4, 0xeff4, 0xeff4, 0x30fd,
  0x30fd, 0x30fd, 0x50fd, 0x30fd, 0xeff4, 0x36f6, 0xdff7, 0x5df7, 0xd4ed, 0x30fd, 0x51f5, 0x10fd,
  0x2ffd, 0xf0f4, 0xefec, 0xcefc, 0xeffc, 0xf0fc, 0xb4f5, 0x7cff, 0xfff7, 0xfff7, 0xfff7, 0xffff,
  0xffff, 0xffff, 0xffff, 0xffff, 0xffff, 0xffff, 0xffff, 0xffff, 0xffff, 0xffff, 0xffff, 0xffff,
  0xffff, 0xffff, 0xffff, 0xffff, 0xffff, 0xffff, 0xffff, 0xdfff, 0xffff, 0xfff7, 0xffff, 0xdeff,
  0xfff7, 0xffff, 0xbef7, 0x0ffd, 0x0ff5, 0x10fd, 0x0ff5, 0x0ffd, 0x0ffd, 0xf0fc, 0xf0fc, 0x0ffd,
  0x4fed, 0x0ff5, 0x0ffd, 0xeffc, 0xb3f2, 0x54f9, 0x36f9, 0x33f9, 0x74f1, 0x35f9, 0x54f1, 0x53f1,
  0x35f1, 0x34f1, 0x53f1, 0x54f1, 0x54f1, 0x53f9, 0x54f1, 0x54f1, 0x8758, 0x0000, 0x0000, 0x0000,
  0x0000, 0x0000, 0x0000, 0x0000, 0x0000, 0x0000, 0x0000, 0x0000, 0x0000, 0x0000, 0x0000, 0x0000,
  0x0000, 0x0000, 0x2218, 0x8968, 0xaa78, 0xcea0, 0x54e9, 0x54f1, 0x53f1, 0x35f1, 0x54f1, 0x54f1,
  0x54f1, 0x92f2, 0xcff4, 0xeff4, 0xeff4, 0xeff4, 0xeff4, 0x30fd, 0x30fd, 0x30fd, 0x30fd, 0x50f5,
  0x56f6, 0x9ef7, 0x5df7, 0xb8f6, 0x77fe, 0x36fe, 0x11fd, 0x50f5, 0xeff4, 0xeffc, 0xeefc, 0x15fe,
  0x77fe, 0xd9f6, 0xbeff, 0xdfff, 0xffff, 0xffff, 0xffff, 0xffff, 0xffff, 0xffff, 0xffff, 0xffff,
  0xffff, 0xffff, 0xffff, 0xffff, 0xffff, 0xffff, 0xffff, 0xffff, 0xffff, 0xffff, 0xffff, 0xffff,
  0xffff, 0xffff, 0xffff, 0xffff, 0xffff, 0xffff, 0xdeff, 0xffff, 0xdfff, 0x9eff, 0x30fd, 0x10fd,
  0x10fd, 0x0ff5, 0x10fd, 0xf4fd, 0x97f6, 0x15fe, 0x30fd, 0x0ff5, 0x10fd, 0x0ffd, 0xf0fc, 0xd1fb,
  0x51fb, 0x31f3, 0x93f1, 0x34f1, 0x35f9, 0x54f9, 0x54f1, 0x54f1, 0x54f1, 0x54f1, 0x54f1, 0x54f1,
  0x53f9, 0x54f1, 0x54f1, 0x8758, 0x0000, 0x0000, 0x0000, 0x0000, 0x0000, 0x0000, 0x0000, 0x0000,
  0x0000, 0x0000, 0x0000, 0x0000, 0x0000, 0x0000, 0x0000, 0x0000, 0x0000, 0x4428, 0xf0c8, 0x34f1,
  0x54f1, 0x54e9, 0x14f9, 0x54f1, 0x55f1, 0x54f1, 0x34f1, 0x34f1, 0x92f2, 0xcff4, 0xeff4, 0xeff4,
  0xcff4, 0xcff4, 0x0ffd, 0x30fd, 0x30fd, 0x30fd, 0x30f5, 0x97fe, 0xdef7, 0xbfef, 0xbdf7, 0xdeff,
  0x3aff, 0x52fd, 0x50ed, 0xeff4, 0xeffc, 0x0ff5, 0x5cff, 0xdeff, 0xdef7, 0xffff, 0xdfff, 0xffff,
  0xffff, 0xffff, 0xffff, 0xffff, 0xffff, 0xffff, 0xffff, 0xffff, 0xffff, 0xffff, 0xffff, 0xffff,
  0xffff, 0xffff, 0xffff, 0xffff, 0xffff, 0xffff, 0xffff, 0xffff, 0xffff, 0xffff, 0xffff, 0xffff,
  0xffff, 0xffff, 0xdfff, 0xffff, 0x9ef7, 0x50fd, 0x0ffd, 0x0ffd, 0x0ffd, 0x0ffd, 0xd9fe, 0xfdf7,
  0x39f7, 0x52fd, 0x0ffd, 0x10fd, 0x0efd, 0x2ff5, 0xeffc, 0x2ffd, 0xaefc, 0xf4f1, 0x35f9, 0x35f9,
  0x34f1, 0x54f1, 0x54f1, 0x54f1, 0x54f1, 0x35f1, 0x54f1, 0x53f9, 0x54f1, 0x54f1, 0x8758, 0x0000,
  0x0000, 0x0000, 0x0000, 0x0000, 0x0000, 0x0000, 0x0000, 0x0000, 0x0000, 0x0000, 0x0000, 0x0000,
  0x0000, 0x0000, 0x0000, 0x0000, 0x6428, 0xcfc0, 0x11e1, 0x51d9, 0x53f9, 0x34f1, 0x54f1, 0x35f1,
  0x33f1, 0x33f1, 0x54f1, 0xb2f2, 0xeffc, 0x0ffd, 0x0ff5, 0x0ff5, 0xeff4, 0xeff4, 0xeff4, 0x30fd,
  0x51fd, 0x52fd, 0x98fe, 0xdeff, 0xdff7, 0xdff7, 0xffff, 0x1aff, 0x51fd, 0xf0fc, 0x10fd, 0x31f5,
  0x32ed, 0x7df7, 0xdef7, 0xfff7, 0xffff, 0xdfff, 0xffff, 0xffff, 0xffff, 0xffff, 0xffff, 0xffff,
  0xffff, 0xffff, 0xffff, 0xffff, 0xffff, 0xffff, 0xffff, 0xffff, 0xffff, 0xffff, 0xffff, 0xffff,
  0xffff, 0xffff, 0xffff, 0xffff, 0xffff, 0xffff, 0xffff, 0xfff7, 0xffff, 0xbdff, 0x7cff, 0x1bf7,
  0x50fd, 0x0ffd, 0x0ffd, 0x0ffd, 0x0ffd, 0xdafe, 0xfff7, 0x3bf7, 0x52fd, 0x0ffd, 0x2ffd, 0xeffc,
  0x10fd, 0x0ffd, 0x2ffd, 0x8ff4, 0x32f2, 0x93f1, 0x93f1, 0x33f1, 0x34f9, 0x54f9, 0x54f1, 0x54f1,
  0x55f9, 0x54f1, 0x53f9, 0x54f1, 0x54f1, 0x8758, 0x0000, 0x0000, 0x0000, 0x0000, 0x0000, 0x0000,
  0x0000, 0x0000, 0x0000, 0x0000, 0x0000, 0x0000, 0x0000, 0x0000, 0x0000, 0x0000, 0x0000, 0x0118,
  0x4520, 0x2428, 0x8860, 0x32f1, 0x54e9, 0x73e9, 0x35f1, 0x53f1, 0x33f1, 0x54f1, 0xd3f2, 0x10fd,
  0x50fd, 0x30fd, 0x50fd, 0x30fd, 0xeff4, 0xeff4, 0x93fd, 0xfafe, 0x3bff, 0x9dff, 0xdfff, 0xdfff,
  0xfef7, 0xfff7, 0x39ef, 0x90ed, 0x10f5, 0x14f6, 0xf8f6, 0x5aff, 0xdeff, 0xdeff, 0xffff, 0xffff,
  0xffff, 0xffff, 0xffff, 0xffff, 0xffff, 0xffff, 0xffff, 0xffff, 0xffff, 0xffff, 0xffff, 0xffff,
  0xffff, 0xffff, 0xffff, 0xffff, 0xffff, 0xffff, 0xffff, 0xffff, 0xffff, 0xffff, 0xffff, 0xffff,
  0xffff, 0xffff, 0xfff7, 0x9dff, 0x57f6, 0x93f5, 0x94fd, 0xeefc, 0xeffc, 0xeefc, 0x0efd, 0x2ff5,
  0xdafe, 0xffff, 0x3bff, 0x72fd, 0xeef4, 0x0ffd, 0xeffc, 0x0ff5, 0x2ffd, 0x30f5, 0x10f5, 0x70fc,
  0x70fc, 0xf2fa, 0x73f1, 0x55f9, 0x54f9, 0x54f1, 0x54f1, 0x54f9, 0x54f1, 0x53f9, 0x54f1, 0x54f1,
  0x8758, 0x0000, 0x0000, 0x0000, 0x0000, 0x0000, 0x0000, 0x0000, 0x0000, 0x0000, 0x0000, 0x0000,
  0x0000, 0x0000, 0x0000, 0x0000, 0x0000, 0x0000, 0x0000, 0x2100, 0x0108, 0x4640, 0x53f1, 0x54f1,
  0x53e9, 0x34f1, 0x53f1, 0x74f1, 0x95f1, 0xf3fa, 0x30fd, 0x30fd, 0x30fd, 0x31fd, 0x31fd, 0x30fd,
  0x30fd, 0xd3f5, 0x9df7, 0xfff7, 0xfff7, 0xffff, 0xdfff, 0xfef7, 0xffff, 0x3bff, 0x50ed, 0xf0fc,
  0x37f6, 0xbeff, 0xffff, 0xdef7, 0xdeff, 0xdfff, 0xffff, 0xffff, 0xffff, 0xffff, 0xffff, 0xffff,
  0xffff, 0xffff, 0xffff, 0xffff, 0xffff, 0xffff, 0xffff, 0xffff, 0xffff, 0xffff, 0xffff, 0xffff,
  0xffff, 0xffff, 0xffff, 0xffff, 0xffff, 0xffff, 0xffff, 0xffff, 0xffff, 0xffff, 0xbdff, 0xf4fd,
  0xeefc, 0xf1fc, 0xeefc, 0xf0fc, 0x10fd, 0x0ffd, 0x30fd, 0xd9fe, 0xffff, 0x3bff, 0x92fd, 0x0efd,
  0x30fd, 0x30fd, 0xf0fc, 0x10fd, 0xf0fc, 0xeffc, 0x0ffd, 0x0ff5, 0x71fb, 0x92e9, 0x55f9, 0x34f1,
  0x54f1, 0x54f1, 0x34f9, 0x54f1, 0x53f9, 0x54f1, 0x54f1, 0x8758, 0x0000, 0x0000, 0x0000, 0x0000,
  0x0000, 0x0000, 0x0000, 0x0000, 0x0000, 0x0000, 0x0000, 0x0000, 0x0000, 0x0000, 0x0000, 0x0000,
  0x2000, 0x2108, 0x6430, 0x4648, 0x6a70, 0x73e9, 0x14f1, 0x33f1, 0x54f1, 0x74f1, 0x94f1, 0xb5f9,
  0xf3fa, 0x10fd, 0x30fd, 0x30fd, 0x30fd, 0x31fd, 0x51fd, 0x31fd, 0xd3fd, 0x7cff, 0xbeff, 0xdfff,
  0xffff, 0xbfff, 0xffff, 0xdfff, 0x5cff, 0xd4ed, 0xd4fd, 0xbaf6, 0xdfff, 0xfef7, 0xfff7, 0xffff,
  0xffff, 0xffff, 0xffff, 0xffff, 0xdfff, 0xffff, 0xffff, 0xffff, 0xffff, 0xffff, 0xffff, 0xffff,
  0xffff, 0xffff, 0xffff, 0xffff, 0xffff, 0xffff, 0xffff, 0xffff, 0xffff, 0xffff, 0xffff, 0xffff,
  0xffff, 0xffff, 0xffff, 0xdfff, 0xfff7, 0xbdff, 0x77fe, 0xf2fd, 0xd3f5, 0x0efd, 0x10fd, 0x71f5,
  0xb3fd, 0xb4fd, 0x5bff, 0xffff, 0x3bf7, 0x72fd, 0xeffc, 0xeffc, 0x0ff5, 0x0efd, 0x2ff5, 0x0ffd,
  0x0efd, 0x0ffd, 0x10fd, 0x91fb, 0x92e9, 0x34f1, 0x34f1, 0x54f1, 0x54f1, 0x53f9, 0x54f1, 0x54f9,
  0x54f1, 0x54f1, 0x8758, 0x0000, 0x0000, 0x0000, 0x0000, 0x0000, 0x0000, 0x0000, 0x0000, 0x0000,
  0x0000, 0x0000, 0x0000, 0x0000, 0x0000, 0x0000, 0x0000, 0x2000, 0x6430, 0xefb0, 0x32d9, 0x32e1,
  0x53e9, 0x34f1, 0x54f1, 0x32e9, 0x95f9, 0x95f1, 0xb5f9, 0xd2f2, 0xeffc, 0xeff4, 0x0ff5, 0x30fd,
  0x30fd, 0x30fd, 0x31fd, 0xf4fd, 0x9dff, 0xdef7, 0xbfff, 0xdfff, 0xffff, 0xffff, 0xfeff, 0xbeff,
  0x7dff, 0x7dff, 0xbeff, 0xdfff, 0xffff, 0xdfff, 0xffff, 0xffff, 0xffff, 0xffff, 0xffff, 0xffff,
  0xffff, 0xffff, 0xffff, 0xffff, 0xffff, 0xffff, 0xffff, 0xffff, 0xffff, 0xffff, 0xffff, 0xffff,
  0xffff, 0xffff, 0xffff, 0xffff, 0xffff, 0xffff, 0xffff, 0xffff, 0xffff, 0xffff, 0xffff, 0xffff,
  0xffff, 0xbeff, 0x9eff, 0x7bf7, 0x2ff5, 0x0ffd, 0x14f6, 0x9bff, 0x9dff, 0xdfff, 0xfeff, 0x3bff,
  0x71fd, 0xeffc, 0x0ffd, 0x0ffd, 0x0ffd, 0x10fd, 0x0ffd, 0x0ffd, 0x0ffd, 0x2ffd, 0x91fb, 0x54f1,
  0x34f9, 0x54f1, 0x54f1, 0x54f1, 0x34f9, 0x54f1, 0x54f9, 0x54f1, 0x34f1, 0x8858, 0x0000, 0x0000,
  0x0000, 0x0000, 0x0000, 0x0000, 0x0000, 0x0000, 0x0000, 0x0000, 0x0000, 0x0000, 0x0000, 0x0000,
  0x0000, 0x0000, 0x4000, 0x8538, 0x51d1, 0x74f1, 0x74f1, 0x33f1, 0x53e9, 0x34e9, 0x32e9, 0xb6f9,
  0xb5f9, 0xb5f9, 0xb2f2, 0xcff4, 0xeff4, 0xeff4, 0xeff4, 0x0ffd, 0x30fd, 0x51fd, 0xf4fd, 0x9dff,
  0xdef7, 0xbfff, 0xdfff, 0xdfff, 0xdeff, 0xdeff, 0xdeff, 0xfeff, 0xffff, 0xffff, 0xffff, 0xffff,
  0xdfff, 0xffff, 0xffff, 0xffff, 0xffff, 0xffff, 0xffff, 0xffff, 0xffff, 0xffff, 0xffff, 0xffff,
  0xffff, 0xffff, 0xffff, 0xffff, 0xffff, 0xffff, 0xffff, 0xffff, 0xffff, 0xffff, 0xffff, 0xffff,
  0xffff, 0xffff, 0xffff, 0xffff, 0xffff, 0xffff, 0xffff, 0xffff, 0xffff, 0xdfff, 0x9cff, 0x51f5,
  0xf0fc, 0x36fe, 0xddff, 0xfff7, 0xffff, 0xfeff, 0x3bff, 0x71fd, 0xeffc, 0x0ffd, 0x0ffd, 0x0ffd,
  0x10fd, 0x0ffd, 0x0ffd, 0x0ffd, 0x0ffd, 0x91fb, 0x54f1, 0x34f9, 0x54f1, 0x54f1, 0x54f1, 0x34f9,
  0x54f1, 0x54f9, 0x54f1, 0x34f1, 0x8858, 0x0000, 0x0000, 0x0000, 0x0000, 0x0000, 0x0000, 0x0000,
  0x0000, 0x0000, 0x0000, 0x0000, 0x0000, 0x0000, 0x0000, 0x0000, 0x2000, 0x8108, 0xa638, 0x71c9,
  0x94e9, 0x34e9, 0x14f9, 0x54f1, 0x54e9, 0x52f1, 0xb5f9, 0x95f1, 0x94f1, 0xd2f2, 0xcff4, 0xeff4,
  0xcff4, 0xcff4, 0xeff4, 0x30fd, 0x51fd, 0xf4fd, 0x9dff, 0xdef7, 0xbfff, 0xdfff, 0xdfff, 0xdfff,
  0xdfff, 0xdfff, 0xffff, 0xffff, 0xffff, 0xffff, 0xffff, 0xffff, 0xffff, 0xffff, 0xffff, 0xffff,
  0xffff, 0xffff, 0xffff, 0xffff, 0xffff, 0xffff, 0xffff, 0xffff, 0xffff, 0xffff, 0xffff, 0xffff,
  0xffff, 0xffff, 0xffff, 0xffff, 0xffff, 0xffff, 0xffff, 0xffff, 0xffff, 0xffff, 0xffff, 0xffff,
  0xffff, 0xffff, 0xffff, 0xffff, 0xdfff, 0xbeff, 0x97fe, 0x57fe, 0x1aff, 0xfeff, 0xdfff, 0xffff,
  0xfeff, 0x3bff, 0x71fd, 0x10fd, 0x0ffd, 0x0ffd, 0x0ffd, 0x0ffd, 0x0ffd, 0x0ffd, 0x0ffd, 0x0ffd,
  0x91fb, 0x74f1, 0x34f9, 0x54f1, 0x54f1, 0x54f1, 0x34f1, 0x54f1, 0x34f9, 0x54f1, 0x34f1, 0x8858,
  0x0000, 0x0000, 0x0000, 0x0000, 0x0000, 0x0000, 0x0000, 0x0000, 0x0000, 0x0000, 0x0000, 0x0000,
  0x0000, 0x0000, 0x0000, 0x2000, 0x6208, 0xa640, 0xb2c9, 0xb5f9, 0x74f1, 0x55f1, 0x54e9, 0x54f1,
  0x72f1, 0x95f1, 0x95f1, 0xb5f9, 0xf3fa, 0xcff4, 0xcff4, 0xcff4, 0xcff4, 0xeff4, 0x10f5, 0x51fd,
  0xf4fd, 0xbdff, 0xfff7, 0xdfff, 0xdfff, 0xdff7, 0xdfff, 0xdfff, 0xdfff, 0xffff, 0xffff, 0xffff,
  0xffff, 0xffff, 0xffff, 0xffff, 0xffff, 0xffff, 0xffff, 0xffff, 0xffff, 0xffff, 0xffff, 0xffff,
  0xffff, 0xffff, 0xffff, 0xffff, 0xffff, 0xffff, 0xffff, 0xffff, 0xffff, 0xffff, 0xffff, 0xffff,
  0xffff, 0xffff, 0xffff, 0xffff, 0xffff, 0xffff, 0xffff, 0xffff, 0xffff, 0xffff, 0xffff, 0xffff,
  0xffff, 0xfeff, 0xffff, 0xfff7, 0xffff, 0xffff, 0xffff, 0xfeff, 0x3bff, 0x71fd, 0x10fd, 0x0ffd,
  0x0ffd, 0x0ffd, 0x0ffd, 0x0ffd, 0x0ffd, 0x0ffd, 0x0ffd, 0x91fb, 0x74f1, 0x34f9, 0x54f1, 0x54f1,
  0x54f1, 0x34f1, 0x54f1, 0x54f1, 0x54f1, 0x34f1, 0x8858, 0x0000, 0x0000, 0x0000, 0x0000, 0x0000,
  0x0000, 0x0000, 0x0000, 0x0000, 0x0000, 0x0000, 0x0000, 0x0000, 0x0000, 0x0000, 0x0000, 0x4108,
  0x8538, 0x6fb1, 0x71d9, 0xb2d9, 0xb5e9, 0x74e9, 0x34f1, 0x72f1, 0x95f1, 0xb5f1, 0xb5f9, 0xf3fa,
  0xeff4, 0xcff4, 0xcff4, 0xcff4, 0xeff4, 0x10f5, 0x51fd, 0xf4fd, 0xbeff, 0xfff7, 0xdfff, 0xdfff,
  0xfff7, 0xffff, 0xdfff, 0xdfff, 0xdfff, 0xffff, 0xffff, 0xffff, 0xdfff, 0xffff, 0xffff, 0xffff,
  0xffff, 0xffff, 0xffff, 0xffff, 0xffff, 0xffff, 0xffff, 0xffff, 0xffff, 0xffff, 0xffff, 0xffff,
  0xffff, 0xffff, 0xffff, 0xffff, 0xffff, 0xffff, 0xffff, 0xffff, 0xffff, 0xffff, 0xffff, 0xffff,
  0xffff, 0xffff, 0xffff, 0xffff, 0xffff, 0xffff, 0xffff, 0xffff, 0xffff, 0xffff, 0xdfff, 0xffff,
  0xffff, 0xffff, 0xfeff, 0x3bff, 0x71fd, 0x10fd, 0x10fd, 0x0ffd, 0x0ffd, 0x0ffd, 0x0ffd, 0x0ffd,
  0x0ffd, 0x0ffd, 0x91fb, 0x54f1, 0x34f9, 0x54f1, 0x54f1, 0x54f1, 0x34f9, 0x55f1, 0x54f1, 0x54f1,
  0x54f9, 0x8858, 0x0000, 0x2000, 0x0000, 0x0000, 0x0000, 0x0000, 0x0000, 0x0000, 0x0000, 0x0000,
  0x0000, 0x0000, 0x0000, 0x0000, 0x0000, 0x0000, 0x2000, 0x4218, 0xa740, 0xc750, 0x0b81, 0xb4e9,
  0x94f9, 0x54f1, 0x52e9, 0x74f1, 0x95f1, 0xb4f1, 0xf3fa, 0x30fd, 0x10f5, 0x0ff5, 0xeff4, 0x0ff5,
  0x30fd, 0x51fd, 0xf4fd, 0x9eff, 0xdfff, 0xdfff, 0xdfff, 0xffff, 0xffff, 0xdfff, 0xdfff, 0xffff,
  0xffff, 0xffff, 0xffff, 0xffff, 0xffff, 0xffff, 0xffff, 0xffff, 0xffff, 0xffff, 0xffff, 0xffff,
  0xffff, 0xffff, 0xffff, 0xffff, 0xffff, 0xffff, 0xffff, 0xffff, 0xffff, 0xffff, 0xffff, 0xffff,
  0xffff, 0xffff, 0xffff, 0xffff, 0xffff, 0xffff, 0xffff, 0xffff, 0xffff, 0xffff, 0xffff, 0xffff,
  0xffff, 0xffff, 0xdfff, 0xffff, 0xdfff, 0xffff, 0xffff, 0xffff, 0xffff, 0xffff, 0x1bff, 0x71fd,
  0x10fd, 0x0ffd, 0x0ffd, 0x0ffd, 0x0ffd, 0x0ffd, 0x0ffd, 0x0ffd, 0x0ffd, 0x91fb, 0x54f1, 0x34f9,
  0x54f1, 0x54f1, 0x54f1, 0x34f9, 0x54f1, 0x54f1, 0x54f1, 0x54f1, 0x8858, 0x0000, 0x0000, 0x0000,
  0x0000, 0x0000, 0x0000, 0x0000, 0x0000, 0x0000, 0x0000, 0x0000, 0x0000, 0x0000, 0x0000, 0x0000,
  0x0000, 0x2000, 0x2008, 0x4110, 0x6208, 0xa850, 0xb3e9, 0x94f9, 0xb5f1, 0x74f1, 0x34e9, 0x94f1,
  0xb5f1, 0xf3fa, 0x10fd, 0x50fd, 0x30fd, 0x0ff5, 0x30fd, 0x30fd, 0x31fd, 0xd4fd, 0x9dff, 0xffff,
  0xdfff, 0xffff, 0xdeff, 0xdfff, 0xdfff, 0xffff, 0xffff, 0xffff, 0xffff, 0xffff, 0xffff, 0xffff,
  0xffff, 0xffff, 0xffff, 0xffff, 0xffff, 0xffff, 0xffff, 0xffff, 0xffff, 0xffff, 0xffff, 0xffff,
  0xffff, 0xffff, 0xffff, 0xffff, 0xffff, 0xffff, 0xffff, 0xffff, 0xffff, 0xffff, 0xffff, 0xffff,
  0xffff, 0xffff, 0xffff, 0xffff, 0xffff, 0xffff, 0xffff, 0xffff, 0xffff, 0xffff, 0xffff, 0xffff,
  0xffff, 0xffff, 0xffff, 0xffff, 0xffff, 0x1bff, 0x71fd, 0xeffc, 0xeffc, 0xeffc, 0x0ffd, 0x10fd,
  0x30fd, 0x0efd, 0x0ffd, 0x0ffd, 0x91fb, 0x54f9, 0x54f1, 0x54f1, 0x34f1, 0x75f1, 0x54f9, 0x54f1,
  0x54f1, 0x55f9, 0x54f1, 0x6860, 0x0000, 0x0000, 0x0000, 0x0000, 0x0000, 0x0000, 0x0000, 0x0000,
  0x0000, 0x0000, 0x0000, 0x0000, 0x0000, 0x0000, 0x0000, 0x0000, 0x0000, 0x2008, 0x6110, 0xa210,
  0xc748, 0x8fb9, 0x70c9, 0x93d9, 0xb4f1, 0x54f1, 0x53e9, 0x95f1, 0xf3fa, 0xf1fc, 0x30fd, 0x30fd,
  0x30fd, 0x30fd, 0x30fd, 0x30fd, 0x92fd, 0xf8f6, 0x3aff, 0x9dff, 0xfff7, 0xdef7, 0xffff, 0xffff,
  0xffff, 0xffff, 0xffff, 0xffff, 0xffff, 0xffff, 0xffff, 0xffff, 0xffff, 0xffff, 0xffff, 0xffff,
  0xffff, 0xffff, 0xffff, 0xffff, 0xffff, 0xffff, 0xffff, 0xffff, 0xffff, 0xffff, 0xffff, 0xffff,
  0xffff, 0xffff, 0xffff, 0xffff, 0xffff, 0xffff, 0xffff, 0xffff, 0xffff, 0xffff, 0xffff, 0xffff,
  0xffff, 0xffff, 0xffff, 0xffff, 0xffff, 0xffff, 0xffff, 0xffff, 0xffff, 0xffff, 0xffff, 0xffff,
  0x1bff, 0xf5f5, 0x93fd, 0xb4fd, 0xb3fd, 0xb2fd, 0x50f5, 0x0ffd, 0xeffc, 0x10fd, 0x10fd, 0x91f3,
  0x54f1, 0x34f1, 0x54f9, 0x34f9, 0x54f1, 0xefc0, 0xf0d8, 0xf0d0, 0xf0c8, 0xeeb8, 0x4648, 0x2100,
  0x0000, 0x0000, 0x0000, 0x0000, 0x0000, 0x0000, 0x0000, 0x0000, 0x0000, 0x0000, 0x0000, 0x0000,
  0x0000, 0x0000, 0x0000, 0x2100, 0x6210, 0x8110, 0x8100, 0x6208, 0x4320, 0x6428, 0x2fa1, 0xb4f1,
  0x95f9, 0x53e9, 0x54e9, 0xd2fa, 0xf1fc, 0x30fd, 0x30fd, 0x30fd, 0x30fd, 0x30fd, 0x0ff5, 0xeff4,
  0x30f5, 0x30f5, 0x37fe, 0xdeff, 0xffff, 0xdfff, 0xdfff, 0xffff, 0xffff, 0xffff, 0xffff, 0xffff,
  0xffff, 0xffff, 0xffff, 0xffff, 0xffff, 0xffff, 0xffff, 0xffff, 0xffff, 0xffff, 0xffff, 0xffff,
  0xffff, 0xffff, 0xffff, 0xffff, 0xffff, 0xffff, 0xffff, 0xffff, 0xffff, 0xffff, 0xffff, 0xffff,
  0xffff, 0xffff, 0xffff, 0xffff, 0xffff, 0xffff, 0xffff, 0xffff, 0xffff, 0xffff, 0xffff, 0xffff,
  0xffff, 0xffff, 0xffff, 0xffff, 0xffff, 0xdfff, 0xdff7, 0xffff, 0xdeff, 0xfeff, 0xfeff, 0xfdff,
  0x9cff, 0xf4fd, 0x10fd, 0xcffc, 0x10fd, 0x30fd, 0xb1fb, 0x73f9, 0x34f9, 0x53e9, 0x33f1, 0x10d1,
  0x6528, 0x0100, 0x0108, 0x2208, 0x2218, 0x0108, 0x2000, 0x0008, 0x0000, 0x0000, 0x0000, 0x0000,
  0x0000, 0x0000, 0x0000, 0x0000, 0x0000, 0x0000, 0x0000, 0x0000, 0x0000, 0x0000, 0x4108, 0x8210,
  0x8108, 0x6108, 0x4108, 0x2008, 0x8210, 0x4ea1, 0xb3f1, 0xb5f9, 0xb5f1, 0x54e9, 0x91f2, 0xd0fc,
  0x10fd, 0x10fd, 0x10fd, 0x0ffd, 0x0ffd, 0xeffc, 0xeffc, 0xeff4, 0x30f5, 0x77fe, 0xdeff, 0xdfff,
  0xfff7, 0xffff, 0xffff, 0xffff, 0xffff, 0xffff, 0xffff, 0xffff, 0xffff, 0xffff, 0xffff, 0xffff,
  0xffff, 0xffff, 0xffff, 0xffff, 0xffff, 0xffff, 0xffff, 0xffff, 0xffff, 0xffff, 0xffff, 0xffff,
  0xffff, 0xffff, 0xffff, 0xffff, 0xffff, 0xffff, 0xffff, 0xffff, 0xffff, 0xffff, 0xffff, 0xffff,
  0xffff, 0xffff, 0xffff, 0xffff, 0xffff, 0xffff, 0xffff, 0xffff, 0xffff, 0xffff, 0xffff, 0xffff,
  0xffff, 0xffff, 0xffff, 0xdfff, 0xdff7, 0xffff, 0xdeff, 0x9ef7, 0x14f6, 0x30fd, 0xeffc, 0xeffc,
  0xeffc, 0x90fb, 0x73f1, 0x54f9, 0x54f1, 0x54f9, 0x10d9, 0x2218, 0x2000, 0x2000, 0x2000, 0x2000,
  0x0000, 0x2000, 0x0000, 0x0000, 0x0000, 0x0000, 0x0000, 0x0000, 0x0000, 0x0000, 0x0000, 0x0000,
  0x0000, 0x0000, 0x0000, 0x0000, 0x0000, 0x6108, 0x6108, 0x6108, 0x2108, 0x2000, 0x2000, 0x6208,
  0x2e99, 0xb4f1, 0xb5f9, 0xb5f1, 0x95f1, 0xb2fa, 0xaff4, 0xcff4, 0xeff4, 0xeff4, 0xeff4, 0xeffc,
  0x0ffd, 0xf0fc, 0xf0fc, 0xeffc, 0xb3f5, 0x77f6, 0x98fe, 0x9dff, 0xffff, 0xffff, 0xffff, 0xffff,
  0xffff, 0xffff, 0xffff, 0xffff, 0xffff, 0xffff, 0xffff, 0xffff, 0xffff, 0xffff, 0xffff, 0xffff,
  0xffff, 0xffff, 0xffff, 0xffff, 0xffff, 0xffff, 0xffff, 0xffff, 0xffff, 0xffff, 0xffff, 0xffff,
  0xffff, 0xffff, 0xffff, 0xffff, 0xffff, 0xffff, 0xffff, 0xffff, 0xffff, 0xffff, 0xffff, 0xffff,
  0xffff, 0xffff, 0xffff, 0xffff, 0xffff, 0xffff, 0xffff, 0xffff, 0xffff, 0xffff, 0xffff, 0xdff7,
  0x5cff, 0x77fe, 0x57fe, 0x71fd, 0x2ffd, 0x0ff5, 0x10fd, 0x10f5, 0x91fb, 0x74e9, 0x55f9, 0x55f1,
  0x74e9, 0x30c9, 0x4218, 0x0000, 0x0008, 0x0000, 0x0000, 0x0000, 0x4000, 0x0000, 0x0000, 0x0000,
  0x0000, 0x0000, 0x0000, 0x0000, 0x0000, 0x0000, 0x0000, 0x0000, 0x0000, 0x0000, 0x0000, 0x2000,
  0x6108, 0x8108, 0x6210, 0x2108, 0x0000, 0x0008, 0x2110, 0xed98, 0xb3f1, 0xb5f9, 0x94f1, 0xb5f1,
  0xf3fa, 0xcff4, 0xeff4, 0xeff4, 0x0ffd, 0x0ffd, 0xeffc, 0xeffc, 0xeffc, 0x0ff5, 0xeefc, 0x2ff5,
  0x30ed, 0x72fd, 0x3aff, 0xfeff, 0xffff, 0xffff, 0xffff, 0xffff, 0xffff, 0xffff, 0xffff, 0xffff,
  0xffff, 0xffff, 0xffff, 0xffff, 0xffff, 0xffff, 0xffff, 0xffff, 0xffff, 0xffff, 0xffff, 0xffff,
  0xffff, 0xffff, 0xffff, 0xffff, 0xffff, 0xffff, 0xffff, 0xffff, 0xffff, 0xffff, 0xffff, 0xffff,
  0xffff, 0xffff, 0xffff, 0xffff, 0xffff, 0xffff, 0xffff, 0xffff, 0xffff, 0xffff, 0xffff, 0xffff,
  0xffff, 0xffff, 0xffff, 0xffff, 0xffff, 0xffff, 0xdfff, 0xb8fe, 0x30ed, 0x10fd, 0x0ffd, 0x0ffd,
  0x0ffd, 0x30fd, 0x10f5, 0x92fb, 0x54f1, 0x34f9, 0x34f1, 0x35f1, 0xf0d0, 0x2228, 0x2000, 0x0008,
  0x0000, 0x0000, 0x0000, 0x2000, 0x0000, 0x0000, 0x0000, 0x0000, 0x0000, 0x0000, 0x0000, 0x0000,
  0x0000, 0x0000, 0x0000, 0x0000, 0x0000, 0x0000, 0x2000, 0x6108, 0x6110, 0x6210, 0x4100, 0x2000,
  0x2000, 0x2008, 0xed90, 0x73e9, 0x95f9, 0xd5f1, 0xb5f1, 0xf2fa, 0xeffc, 0xeef4, 0xeff4, 0xeff4,
  0xeff4, 0xeff4, 0xeffc, 0x10fd, 0x30f5, 0xeffc, 0x0ffd, 0x0ef5, 0x51fd, 0x1bff, 0xdfff, 0xffff,
  0xffff, 0xffff, 0xffff, 0xffff, 0xffff, 0xffff, 0xffff, 0xffff, 0xffff, 0xffff, 0xffff, 0xffff,
  0xffff, 0xffff, 0xffff, 0xffff, 0xffff, 0xffff, 0xffff, 0xffff, 0xffff, 0xffff, 0xffff, 0xffff,
  0xffff, 0xffff, 0xffff, 0xffff, 0xffff, 0xffff, 0xffff, 0xffff, 0xffff, 0xffff, 0xffff, 0xffff,
  0xffff, 0xffff, 0xffff, 0xffff, 0xffff, 0xffff, 0xffff, 0xffff, 0xffff, 0xffff, 0xffff, 0xdeff,
  0xffff, 0xdfff, 0xb8fe, 0x0ff5, 0xeffc, 0x10f5, 0x0ffd, 0xeefc, 0x0ffd, 0xcefc, 0x71fb, 0x74f9,
  0x34f9, 0x34f1, 0x55f9, 0x10d1, 0x4210, 0x0000, 0x2000, 0x0000, 0x0008, 0x0000, 0x4000, 0x0000,
  0x0000, 0x0000, 0x0000, 0x0000, 0x0000, 0x0000, 0x0000, 0x0000, 0x0000, 0x0000, 0x0000, 0x0000,
  0x0000, 0x0000, 0x4108, 0x8208, 0x8210, 0x6108, 0x4000, 0x0000, 0x0110, 0xec90, 0x53e9, 0xb4e9,
  0x94f1, 0xd4f1, 0xf4f9, 0xf3f9, 0x53f2, 0xb0fb, 0xf0fc, 0xf0f4, 0xeffc, 0x0ffd, 0xf0fc, 0xeefc,
  0x0efd, 0x0fed, 0x2ff5, 0x0ffd, 0x53fd, 0x94fd, 0x36f6, 0xfeff, 0xfdff, 0xfeff, 0xdeff, 0xffff,
  0xffff, 0xffff, 0xffff, 0xffff, 0xffff, 0xffff, 0xffff, 0xffff, 0xffff, 0xffff, 0xffff, 0xffff,
  0xffff, 0xffff, 0xffff, 0xffff, 0xffff, 0xffff, 0xffff, 0xffff, 0xffff, 0xffff, 0xffff, 0xffff,
  0xffff, 0xffff, 0xffff, 0xffff, 0xffff, 0xffff, 0xffff, 0xffff, 0xffff, 0xffff, 0xffff, 0xfff7,
  0xfff7, 0xfff7, 0xffff, 0xffff, 0xbfff, 0xdff7, 0x5df7, 0xd5fd, 0xb3f5, 0x91f5, 0x4df5, 0x0ff5,
  0xeffc, 0x0efd, 0xcef4, 0x74fa, 0x33f2, 0xd3f9, 0x55f9, 0x54e9, 0x53f1, 0x35f1, 0xf2d8, 0x2328,
  0x0000, 0x0000, 0x0000, 0x0000, 0x0000, 0x0000, 0x0000, 0x0000, 0x0000, 0x0000, 0x0000, 0x0000,
  0x0000, 0x0000, 0x0000, 0x0000, 0x0000, 0x0000, 0x0000, 0x0000, 0x0000, 0x6108, 0x8208, 0x8110,
  0x6108, 0x6108, 0x2008, 0x2110, 0xcc90, 0x74f1, 0xb5f1, 0xb6f9, 0xb5e9, 0x94f1, 0x53e9, 0x34f1,
  0x32f3, 0x0ff5, 0x0ffd, 0xf0fc, 0xf0fc, 0xf0fc, 0xf0fc, 0xeffc, 0xf0fc, 0xf0fc, 0x0efd, 0x2efd,
  0x0efd, 0xb3fd, 0xfff7, 0xdfff, 0xffff, 0xdff7, 0xffff, 0xffff, 0xffff, 0xffff, 0xffff, 0xffff,
  0xffff, 0xffff, 0xffff, 0xffff, 0xffff, 0xffff, 0xffff, 0xffff, 0xffff, 0xffff, 0xffff, 0xffff,
  0xffff, 0xffff, 0xffff, 0xffff, 0xffff, 0xffff, 0xffff, 0xffff, 0xffff, 0xffff, 0xffff, 0xffff,
  0xffff, 0xffff, 0xffff, 0xffff, 0xffff, 0xffff, 0xffff, 0xfeff, 0xffff, 0xffff, 0xffff, 0xfeff,
  0xfeff, 0x3bf7, 0x70fd, 0x0efd, 0xf0fc, 0xeffc, 0xf0fc, 0xf0fc, 0x0ffd, 0x8fec, 0xd4f1, 0x33f9,
  0x53f1, 0x34f1, 0x54f9, 0x53f9, 0x35f9, 0x11d1, 0x2210, 0x0000, 0x0000, 0x0000, 0x0000, 0x0000,
  0x0000, 0x0000, 0x0000, 0x0000, 0x0000, 0x0000, 0x0000, 0x0000, 0x0000, 0x0000, 0x0000, 0x0000,
  0x0000, 0x0000, 0x0000, 0x0000, 0x2000, 0x6108, 0x6110, 0x8210, 0x8210, 0x8210, 0x6210, 0xea78,
  0x6fb9, 0x50b9, 0x94e9, 0x75f1, 0x75f1, 0x54f1, 0x53f9, 0xb2f2, 0xd0fb, 0x0ffc, 0xf0f4, 0x30f5,
  0x2efd, 0x0ff5, 0xeffc, 0xf0fc, 0xcffc, 0x2ff5, 0x2ff5, 0x0efd, 0x72fd, 0xfbfe, 0xfbfe, 0x7cff,
  0xdeff, 0xffff, 0xffff, 0xffff, 0xffff, 0xffff, 0xffff, 0xffff, 0xffff, 0xffff, 0xffff, 0xffff,
  0xffff, 0xffff, 0xffff, 0xffff, 0xffff, 0xffff, 0xffff, 0xffff, 0xffff, 0xffff, 0xffff, 0xffff,
  0xffff, 0xffff, 0xffff, 0xffff, 0xffff, 0xffff, 0xffff, 0xffff, 0xffff, 0xffff, 0xffff, 0xffff,
  0xffff, 0xffff, 0xffff, 0xffff, 0xffff, 0xdfff, 0x7cff, 0xfbfe, 0x98f6, 0x51f5, 0x0ffd, 0x10fd,
  0x10f5, 0xeffc, 0xeffc, 0x0ffd, 0xaff4, 0xf3f1, 0x54f1, 0x54f1, 0x35f9, 0x33f1, 0x30c9, 0xefb8,
  0xcc98, 0x4210, 0x0000, 0x0000, 0x0000, 0x0000, 0x0000, 0x0000, 0x0000, 0x0000, 0x0000, 0x0000,
  0x0000, 0x0000, 0x0000, 0x0000, 0x0000, 0x0000, 0x0000, 0x0000, 0x2000, 0x0000, 0x0000, 0x0000,
  0x4108, 0x6110, 0x8210, 0x8210, 0x6108, 0x6110, 0x8320, 0xc528, 0xa638, 0x70c9, 0x94f1, 0x54f1,
  0x34f1, 0x55f1, 0xb4e9, 0xb3f1, 0x32f2, 0x91f4, 0x0ff5, 0xeefc, 0x0ff5, 0x10f5, 0x10fd, 0xeef4,
  0x2ff5, 0xf0fc, 0xf0f4, 0x30fd, 0x52fd, 0x71fd, 0xb8fe, 0xdeff, 0xffff, 0xffff, 0xffff, 0xffff,
  0xffff, 0xffff, 0xffff, 0xffff, 0xffff, 0xffff, 0xffff, 0xffff, 0xffff, 0xffff, 0xffff, 0xffff,
  0xffff, 0xffff, 0xffff, 0xffff, 0xffff, 0xffff, 0xffff, 0xffff, 0xffff, 0xffff, 0xffff, 0xffff,
  0xffff, 0xffff, 0xffff, 0xffff, 0xfff7, 0xffff, 0xffff, 0xffff, 0xffff, 0xffff, 0xffff, 0xffff,
  0xffff, 0x75f6, 0x52fd, 0x51f5, 0x10fd, 0x0ffd, 0x0ffd, 0x0ffd, 0x0ffd, 0xeffc, 0xf0fc, 0x6ffc,
  0xd3f1, 0x13f1, 0x54f1, 0x55f9, 0x14e9, 0xab78, 0x2328, 0x0328, 0x2000, 0x0000, 0x0000, 0x0000,
  0x0000, 0x0000, 0x0000, 0x0000, 0x0000, 0x0000, 0x0000, 0x0000, 0x0000, 0x0000, 0x0000, 0x0000,
  0x0000, 0x0000, 0x2000, 0x6108, 0x4108, 0x2000, 0x2000, 0x0000, 0x2108, 0x6208, 0x6108, 0x6108,
  0x8110, 0x8218, 0x8200, 0x4418, 0x0fc1, 0x53f9, 0x34f9, 0x34f9, 0x14f9, 0x34f1, 0x14f9, 0xb2f1,
  0xaffc, 0x2ffd, 0x2ff5, 0x0ffd, 0x10f5, 0x4ffd, 0x2efd, 0x2ffd, 0x0ffd, 0x0ff5, 0x4ffd, 0xcefc,
  0x2ff5, 0x98ee, 0xdfff, 0xfeff, 0xdfff, 0xffff, 0xffff, 0xffff, 0xffff, 0xffff, 0xffff, 0xffff,
  0xffff, 0xffff, 0xffff, 0xffff, 0xffff, 0xffff, 0xffff, 0xffff, 0xffff, 0xffff, 0xffff, 0xffff,
  0xffff, 0xffff, 0xffff, 0xffff, 0xffff, 0xffff, 0xffff, 0xffff, 0xffff, 0xdfff, 0xfff7, 0xffff,
  0xdfff, 0xdeff, 0xffff, 0xffff, 0xffff, 0xffff, 0xdfff, 0xdeff, 0x55fe, 0xf1fc, 0x0ffd, 0x0ffd,
  0x2ffd, 0x0ffd, 0x10fd, 0x2dfd, 0x2ffd, 0x10fd, 0x90f4, 0x13fa, 0x34f9, 0x54f9, 0x54f9, 0x33f1,
  0x8868, 0x2000, 0x4000, 0x0000, 0x0000, 0x0000, 0x0000, 0x0000, 0x0000, 0x0000, 0x0000, 0x0000,
  0x0000, 0x0000, 0x0000, 0x0000, 0x0000, 0x0000, 0x0000, 0x0000, 0x0000, 0x2000, 0x8210, 0x6108,
  0x6108, 0x4108, 0x2000, 0x0000, 0x2108, 0x4108, 0x6108, 0x6110, 0x4108, 0x2108, 0x4210, 0xa868,
  0xeb88, 0xcb80, 0xeb80, 0x8b90, 0x10c1, 0x54f1, 0x74f9, 0x11f3, 0x52f3, 0x92f3, 0x70fb, 0x70f3,
  0x8ff3, 0x72fb, 0x92fb, 0xb0f4, 0xeffc, 0xeefc, 0xeffc, 0x0ffd, 0xb4fd, 0x57fe, 0x76fe, 0xbeff,
  0xdfff, 0xffff, 0xffff, 0xffff, 0xffff, 0xffff, 0xffff, 0xffff, 0xffff, 0xffff, 0xffff, 0xffff,
  0xffff, 0xffff, 0xffff, 0xffff, 0xffff, 0xffff, 0xffff, 0xffff, 0xffff, 0xffff, 0xffff, 0xffff,
  0xffff, 0xffff, 0xffff, 0xffff, 0xffff, 0xffff, 0xdeff, 0xfafe, 0x97fe, 0x78fe, 0x98fe, 0x98fe,
  0x98fe, 0x98fe, 0x98fe, 0x72fd, 0xeffc, 0xaefc, 0x8ff3, 0x70f3, 0x8ff3, 0x92f3, 0x71fb, 0x71fb,
  0x52f3, 0x50e3, 0x93f1, 0x33f1, 0xf0d0, 0xec88, 0xea88, 0x4448, 0x0000, 0x0000, 0x0000, 0x0000,
  0x0000, 0x0000, 0x0000, 0x0000, 0x0000, 0x0000, 0x0000, 0x0000, 0x0000, 0x0000, 0x0000, 0x0000,
  0x0000, 0x0000, 0x0000, 0x0000, 0x2000, 0x8210, 0x6108, 0x8210, 0x8208, 0x6108, 0x4108, 0x2108,
  0x0000, 0x0000, 0x0000, 0x0000, 0x0000, 0x2000, 0x0100, 0x0100, 0x0000, 0x2000, 0x4008, 0xcb78,
  0x54e9, 0x15f9, 0x53f1, 0x55f9, 0x54f1, 0x35f1, 0x54f1, 0x33f1, 0x35f9, 0xb3f9, 0xf0fb, 0x10fd,
  0xeffc, 0x30f5, 0x0efd, 0xeffc, 0x0ffd, 0x4ff5, 0x7dff, 0xdeff, 0xffff, 0xffff, 0xffff, 0xffff,
  0xffff, 0xffff, 0xffff, 0xffff, 0xffff, 0xffff, 0xffff, 0xffff, 0xffff, 0xffff, 0xffff, 0xffff,
  0xffff, 0xffff, 0xffff, 0xffff, 0xffff, 0xffff, 0xffff, 0xffff, 0xffff, 0xffff, 0xffff, 0xffff,
  0xffff, 0x9dff, 0x15f6, 0x0ff5, 0xeefc, 0x0ffd, 0x0ffd, 0x0ffd, 0x0ffd, 0x0ffd, 0x0ff5, 0x0ffd,
  0x4ffc, 0xf3f1, 0x36f9, 0x53f9, 0x54f1, 0x34f9, 0x34f9, 0x34f9, 0xb3f1, 0x14f9, 0x55f9, 0xcd90,
  0x0208, 0x0000, 0x0008, 0x0100, 0x0100, 0x0000, 0x0000, 0x0000, 0x0000, 0x0000, 0x0000, 0x0000,
  0x0000, 0x0000, 0x0000, 0x0000, 0x0000, 0x0000, 0x0000, 0x0000, 0x0000, 0x0000, 0x0000, 0x2000,
  0x6108, 0x8210, 0x8210, 0x8210, 0x6108, 0x6108, 0x6108, 0x4108, 0x2000, 0x0000, 0x0000, 0x0000,
  0x0000, 0x0000, 0x0000, 0x0000, 0x0000, 0x2008, 0x8a78, 0x34f1, 0x54f1, 0x33f9, 0x54f9, 0x34f1,
  0x54f1, 0x54f1, 0x14f9, 0x54f1, 0xd3f1, 0xd1fb, 0xd0fc, 0xb0fc, 0xd0fc, 0xb0fc, 0x90fc, 0xb0fc,
  0xd0fc, 0xfafe, 0x9dff, 0x9eff, 0xffff, 0xdfff, 0xdfff, 0xffff, 0xffff, 0xffff, 0xffff, 0xffff,
  0xffff, 0xffff, 0xffff, 0xffff, 0xffff, 0xffff, 0xffff, 0xffff, 0xffff, 0xffff, 0xffff, 0xffff,
  0xffff, 0xffff, 0xffff, 0xffff, 0xdfff, 0xffff, 0xffff, 0xdfff, 0xbdff, 0xf5fd, 0x0ffd, 0x0ffd,
  0x0ffd, 0x0ffd, 0x0ffd, 0x10fd, 0xf0fc, 0x0ff5, 0xaffc, 0x10f4, 0xd3f1, 0x55f1, 0x52f9, 0x54f1,
  0x54f1, 0x34f9, 0x34f9, 0x54f1, 0x33e1, 0x32d9, 0xaa80, 0x0108, 0x2000, 0x0008, 0x2000, 0x0000,
  0x0000, 0x0000, 0x0000, 0x0000, 0x0000, 0x0000, 0x0000, 0x0000, 0x0000, 0x0000, 0x0000, 0x0000,
  0x0000, 0x0000, 0x0000, 0x0000, 0x0000, 0x0000, 0x2000, 0x6108, 0x6108, 0x6108, 0x6108, 0x6108,
  0x6108, 0x6108, 0x6108, 0x4108, 0x0000, 0x0000, 0x0000, 0x0000, 0x0000, 0x0000, 0x0000, 0x0000,
  0x2008, 0xaa80, 0x54f1, 0x54e9, 0x54f1, 0x54f1, 0x34f1, 0x34f1, 0x75e9, 0x34f1, 0x54e9, 0x54f1,
  0x12fa, 0x72fa, 0x72f2, 0x72f2, 0x72f2, 0x72fa, 0x92f2, 0xb2f2, 0x33fd, 0xf5fd, 0x57fe, 0x9dff,
  0xffff, 0xfeff, 0xfeff, 0xfff7, 0xfff7, 0xffff, 0xffff, 0xffff, 0xffff, 0xffff, 0xffff, 0xffff,
  0xffff, 0xffff, 0xffff, 0xffff, 0xffff, 0xffff, 0xffff, 0xffff, 0xffff, 0xffff, 0xffff, 0xffff,
  0xffff, 0xffff, 0xdfff, 0xbdff, 0xf4fd, 0x0ffd, 0x0ff5, 0x0ff5, 0x0ff5, 0x0ff5, 0x0ff5, 0x10fd,
  0x51fb, 0x53f2, 0x33f2, 0x54f9, 0x34f9, 0x53f9, 0x34f1, 0x54f1, 0x34f9, 0x54f9, 0x31d9, 0x4970,
  0x6648, 0x2338, 0x0000, 0x2000, 0x0000, 0x2000, 0x0000, 0x0000, 0x0000, 0x0000, 0x0000, 0x0000,
  0x0000, 0x0000, 0x0000, 0x0000, 0x0000, 0x0000, 0x0000, 0x0000, 0x0000, 0x0000, 0x0000, 0x0000,
  0x0000, 0x4108, 0x8210, 0x6108, 0x2000, 0x2000, 0x4108, 0x8210, 0x6108, 0x4108, 0x0000, 0x0000,
  0x0000, 0x0000, 0x0000, 0x0000, 0x2000, 0x2000, 0x2000, 0x2108, 0xcb78, 0x55f9, 0x35f9, 0x14f9,
  0x14f9, 0x34f9, 0x54f9, 0x34f1, 0xf4f8, 0x54f9, 0x54f9, 0x35f9, 0x15f9, 0x14f1, 0x35f9, 0x34f9,
  0x34f9, 0x54f9, 0x54f1, 0x2efc, 0x0ffd, 0xd3fd, 0x7dff, 0xfff7, 0xffff, 0xffff, 0xdfff, 0xffff,
  0xffff, 0xffff, 0xffff, 0xffff, 0xffff, 0xffff, 0xffff, 0xffff, 0xffff, 0xffff, 0xffff, 0xffff,
  0xffff, 0xffff, 0xffff, 0xffff, 0xffff, 0xffff, 0xffff, 0xffff, 0xfff7, 0xffff, 0xbdff, 0xf4f5,
  0x0ffd, 0x10fd, 0x10fd, 0x10fd, 0x0ffd, 0x0ffd, 0x10fd, 0x91fa, 0x14f1, 0x34f9, 0x53f9, 0x54f9,
  0x54f9, 0x34f1, 0x54f9, 0x34f1, 0x74f9, 0x10d1, 0x0430, 0x0000, 0x0000, 0x0000, 0x0000, 0x0000,
  0x2000, 0x0000, 0x0000, 0x0000, 0x0000, 0x0000, 0x0000, 0x0000, 0x0000, 0x0000, 0x0000, 0x0000,
  0x0000, 0x0000, 0x0000, 0x0000, 0x0000, 0x0000, 0x0000, 0x0000, 0x4108, 0x6108, 0x2000, 0x0000,
  0x0000, 0x0000, 0x4108, 0x4108, 0x0000, 0x0000, 0x0000, 0x0000, 0x0000, 0x0000, 0x0000, 0x0000,
  0x0000, 0x0000, 0x0110, 0x8868, 0x10c9, 0x11d1, 0x31c9, 0x10d1, 0x31d1, 0x11d1, 0xf2d0, 0x12d9,
  0x30d1, 0x31c9, 0x15e9, 0x55f1, 0x53f1, 0x53f1, 0x53f1, 0x54f1, 0x74f1, 0x95f9, 0xf1f3, 0x90fc,
  0x13fd, 0x7bfe, 0xfef6, 0xfefe, 0xfdfe, 0xfdfe, 0xfdfe, 0xfdfe, 0xfefe, 0xfefe, 0xfefe, 0xfefe,
  0xfefe, 0xfefe, 0xfefe, 0xfefe, 0xfefe, 0xfefe, 0xfefe, 0xfefe, 0xfefe, 0xfefe, 0xfefe, 0xfefe,
  0xfefe, 0xdefe, 0xbefe, 0xdefe, 0xdefe, 0x9dfe, 0x56fd, 0x70fc, 0x50fc, 0x50fc, 0x4ffc, 0x4ffc,
  0x4ffc, 0x50fc, 0x72f2, 0x55f1, 0x53f1, 0x30c9, 0xf2c8, 0xf3d8, 0xf1d0, 0x10c9, 0xf1d0, 0x11d1,
  0xeeb8, 0x2430, 0x2100, 0x2000, 0x2000, 0x0008, 0x0000, 0x0000, 0x0000, 0x0000, 0x0000, 0x0000,
  0x0000, 0x0000, 0x0000, 0x0000, 0x0000, 0x0000, 0x0000, 0x0000, 0x0000, 0x0000, 0x0000, 0x0000,
  0x0000, 0x0000, 0x0000, 0x2000, 0x2000, 0x0000, 0x0000, 0x0000, 0x0000, 0x0000, 0x0000, 0x0000,
  0x0000, 0x0000, 0x0000, 0x0000, 0x0000, 0x0000, 0x0000, 0x0000, 0x2000, 0x2000, 0x2110, 0x2328,
  0x2320, 0x4318, 0x0220, 0x2318, 0x2320, 0x2218, 0x4210, 0x0118, 0x4440, 0xefc0, 0x54f1, 0x54f1,
  0x34f9, 0x34f1, 0x54f1, 0x34f1, 0x34f9, 0xb4f1, 0xb3f1, 0xb3f1, 0x35f2, 0x35f2, 0x14fa, 0x14f2,
  0x15f2, 0x15f2, 0x15f2, 0x15f2, 0x15f2, 0x15f2, 0x15f2, 0x15f2, 0x15f2, 0x15f2, 0x15f2, 0x15f2,
  0x15f2, 0x15f2, 0x15f2, 0x15f2, 0x15f2, 0x15f2, 0x15f2, 0x15f2, 0x35f2, 0x36fa, 0x55f2, 0x35f2,
  0x15f2, 0xb2f1, 0xb2f1, 0xd3f1, 0xd3f1, 0xd3f1, 0xd3f1, 0xd3f1, 0xd3f1, 0x94f1, 0x35f9, 0xf0c8,
  0x6548, 0x2318, 0x4218, 0x6120, 0x2328, 0x2220, 0x2318, 0x2220, 0x0000, 0x2000, 0x2000, 0x0000,
  0x0000, 0x0000, 0x0000, 0x0000, 0x0000, 0x0000, 0x0000, 0x0000, 0x0000, 0x0000, 0x0000, 0x0000,
  0x0000, 0x0000, 0x0000, 0x0000, 0x0000, 0x0000, 0x0000, 0x0000, 0x0000, 0x0000, 0x0000, 0x0000,
  0x0000, 0x0000, 0x0000, 0x0000, 0x0000, 0x0000, 0x0000, 0x0000, 0x0000, 0x0000, 0x0000, 0x0000,
  0x0000, 0x0000, 0x0000, 0x0000, 0x0008, 0x2000, 0x0000, 0x0000, 0x0000, 0x0008, 0x2000, 0x0000,
  0x0000, 0x2100, 0x0100, 0x4320, 0x0eb1, 0x54f1, 0x54f1, 0x34f9, 0x54f1, 0x54f1, 0x54f1, 0x34f9,
  0x54f9, 0x34e9, 0x34f9, 0x54f9, 0x34f9, 0x34f9, 0x53f1, 0x34f9, 0x34f9, 0x34f9, 0x34f9, 0x34f1,
  0x34f1, 0x34f1, 0x34f1, 0x34f1, 0x34f1, 0x34f1, 0x34f1, 0x34f1, 0x34f1, 0x34f1, 0x34f1, 0x34f1,
  0x34f1, 0x34f1, 0x34f1, 0x34f1, 0x14f9, 0x53f1, 0x33f1, 0x34f1, 0x34f1, 0x53f9, 0x34f1, 0x34f1,
  0x34f1, 0x33f1, 0x34f1, 0x34f1, 0x53f1, 0x35f9, 0xf0c0, 0x6428, 0x0000, 0x0000, 0x2000, 0x0000,
  0x0008, 0x0008, 0x0008, 0x2000, 0x2000, 0x0000, 0x0008, 0x0000, 0x0000, 0x0000, 0x2000, 0x0000,
  0x0000, 0x0000, 0x0000, 0x0000, 0x0000, 0x0000, 0x0000, 0x0000, 0x0000, 0x0000, 0x0000, 0x0000,
  0x0000, 0x0000, 0x0000, 0x0000, 0x0000, 0x0000, 0x0000, 0x0000, 0x0000, 0x0000, 0x0000, 0x0000,
  0x0000, 0x0000, 0x0000, 0x0000, 0x0000, 0x0000, 0x0000, 0x0000, 0x0000, 0x0000, 0x0000, 0x0000,
  0x0000, 0x0000, 0x0000, 0x0000, 0x0000, 0x0000, 0x0000, 0x0000, 0x2000, 0x0000, 0x2218, 0xa758,
  0xcb80, 0xac88, 0xac80, 0xab88, 0xefc0, 0x54f9, 0x73f1, 0x34f9, 0x34f1, 0x54f9, 0x54f9, 0x35f9,
  0x55f9, 0x54f1, 0x54f1, 0x54f1, 0x54f1, 0x54f1, 0x54f1, 0x54f1, 0x54f1, 0x54f1, 0x54f1, 0x54f1,
  0x54f1, 0x54f1, 0x54f1, 0x54f1, 0x54f1, 0x54f1, 0x54f1, 0x54f1, 0x54f1, 0x54f1, 0x54f9, 0x14f9,
  0x14f9, 0x34f9, 0x54f1, 0x54f9, 0x54f1, 0x12f1, 0xab88, 0xaa88, 0xab88, 0xab88, 0xab88, 0xaa88,
  0xaa80, 0x8860, 0x4220, 0x0000, 0x0000, 0x0000, 0x0000, 0x0000, 0x0000, 0x0000, 0x0000, 0x0000,
  0x0000, 0x0000, 0x0000, 0x0000, 0x0000, 0x0000, 0x0000, 0x0000, 0x0000, 0x0000, 0x0000, 0x0000,
  0x0000, 0x0000, 0x0000, 0x0000, 0x0000, 0x0000, 0x0000, 0x0000, 0x0000, 0x0000, 0x0000, 0x0000,
  0x0000, 0x0000, 0x0000, 0x0000, 0x0000, 0x0000, 0x0000, 0x0000, 0x0000, 0x0000, 0x0000, 0x0000,
  0x0000, 0x0000, 0x0000, 0x0000, 0x0000, 0x0000, 0x0000, 0x0000, 0x0000, 0x0000, 0x0000, 0x0000,
  0x0000, 0x0000, 0x0000, 0x0000, 0x0000, 0x0108, 0x0118, 0x2110, 0x0108, 0x2108, 0x2210, 0xaa80,
  0x13f1, 0x33f1, 0x54f1, 0x53f1, 0x53f1, 0x53f1, 0x54f1, 0x54f1, 0x54f1, 0x34f9, 0x34f9, 0x34f9,
  0x34f9, 0x34f9, 0x34f9, 0x34f9, 0x34f9, 0x34f9, 0x34f9, 0x34f9, 0x34f9, 0x34f9, 0x34f9, 0x34f9,
  0x34f9, 0x34f9, 0x34f9, 0x34f9, 0x34f1, 0x54f1, 0x75f1, 0x55f9, 0x74f1, 0x54e9, 0x34f1, 0x75f1,
  0x11d9, 0x2318, 0x0208, 0x0208, 0x2208, 0x0108, 0x0108, 0x2108, 0x2108, 0x0000, 0x0000, 0x0000,
  0x0000, 0x0000, 0x0000, 0x0000, 0x0000, 0x0000, 0x0000, 0x0000, 0x0000, 0x0000, 0x0000, 0x0000,
  0x0000, 0x0000, 0x0000, 0x0000, 0x0000, 0x0000, 0x0000, 0x0000, 0x0000, 0x0000, 0x0000, 0x0000,
  0x0000, 0x0000, 0x0000, 0x0000, 0x0000, 0x0000, 0x0000, 0x2000, 0x2000, 0x0000, 0x0000, 0x0000,
  0x0000, 0x0000, 0x0000, 0x0000, 0x0000, 0x0000, 0x0000, 0x0000, 0x0000, 0x0000, 0x0000, 0x0000,
  0x0000, 0x0000, 0x0000, 0x0000, 0x0000, 0x0000, 0x0000, 0x0000, 0x0000, 0x0000, 0x2000, 0x2000,
  0x0000, 0x0000, 0x0000, 0x0008, 0x2000, 0x2108, 0xcb78, 0x34f1, 0x35f9, 0x55f1, 0x54f1, 0x54f1,
  0x54f1, 0x54f1, 0x54f1, 0x54f1, 0x34f1, 0x34f1, 0x34f1, 0x54f1, 0x54f1, 0x54f1, 0x54f1, 0x54f1,
  0x54f1, 0x54f1, 0x54f1, 0x54f1, 0x54f1, 0x54f1, 0x54f1, 0x54f1, 0x54f1, 0x54f1, 0x54f1, 0x34f9,
  0x54f9, 0x54e9, 0x33f1, 0x54f1, 0x54f1, 0x54f1, 0x73e9, 0xefc8, 0x2310, 0x0000, 0x0000, 0x0000,
  0x0000, 0x0000, 0x2000, 0x2000, 0x2000, 0x2000, 0x0000, 0x0000, 0x0000, 0x0000, 0x0000, 0x0000,
  0x0000, 0x0000, 0x0000, 0x0000, 0x0000, 0x0000, 0x0000, 0x0000, 0x0000, 0x0000, 0x0000, 0x0000,
  0x0000, 0x0000, 0x0000, 0x0000, 0x0000, 0x0000, 0x0000, 0x0000, 0x0000, 0x0000, 0x0000, 0x0000,
  0x0000, 0x0000, 0x2000, 0x2000, 0x0000, 0x0000, 0x0000, 0x0000, 0x0000, 0x0000, 0x0000, 0x0000,
  0x0000, 0x0000, 0x0000, 0x0000, 0x0000, 0x0000, 0x0000, 0x0000, 0x0000, 0x0000, 0x0000, 0x0000,
  0x0000, 0x0000, 0x0000, 0x0000, 0x0000, 0x0000, 0x0000, 0x0000, 0x2000, 0x0000, 0x0100, 0x0108,
  0x2108, 0xaa78, 0x13f1, 0x54f1, 0x34f9, 0x34f9, 0x34f9, 0x34f9, 0x34f9, 0x34f9, 0x34f9, 0x54f1,
  0x54f1, 0x54f1, 0x54f1, 0x54f1, 0x54f1, 0x54f1, 0x54f1, 0x54f1, 0x54f1, 0x54f1, 0x54f1, 0x54f1,
  0x54f1, 0x54f1, 0x54f1, 0x54f1, 0x54f1, 0x54f1, 0x54f9, 0x54f9, 0x54f1, 0x54f1, 0x54f9, 0x32e9,
  0xcc90, 0x6858, 0x4658, 0x2108, 0x0000, 0x0008, 0x2008, 0x2000, 0x0008, 0x0008, 0x0000, 0x0000,
  0x0000, 0x0000, 0x0000, 0x0000, 0x0000, 0x0000, 0x0000, 0x0000, 0x0000, 0x0000, 0x0000, 0x0000,
  0x0000, 0x0000, 0x0000, 0x0000, 0x0000, 0x0000, 0x0000, 0x0000, 0x0000, 0x0000, 0x0000, 0x0000,
  0x0000, 0x0000, 0x0000, 0x0000, 0x0000, 0x0000, 0x0000, 0x0000, 0x0000, 0x2000, 0x2000, 0x0000,
  0x0000, 0x0000, 0x0000, 0x0000, 0x0000, 0x0000, 0x0000, 0x0000, 0x0000, 0x0000, 0x0000, 0x0000,
  0x0000, 0x0000, 0x0000, 0x0000, 0x0000, 0x0000, 0x0000, 0x0000, 0x0000, 0x0000, 0x0000, 0x0000,
  0x0000, 0x0000, 0x0000, 0x0000, 0x0000, 0x0000, 0x0008, 0x0008, 0xaa80, 0x53f1, 0x54f9, 0x54f9,
  0x54f9, 0x54f9, 0x54f9, 0x54f9, 0x54f9, 0x54f9, 0x54f9, 0x54f9, 0x54f9, 0x54f9, 0x54f9, 0x54f9,
  0x55f9, 0x55f9, 0x55f9, 0x55f9, 0x55f9, 0x55f9, 0x55f9, 0x54f9, 0x54f9, 0x54f9, 0x54f9, 0x54f9,
  0x54f9, 0x55f9, 0x54f9, 0x35f9, 0x55f1, 0x15f9, 0x32e1, 0x8750, 0x0000, 0x0008, 0x0000, 0x0000,
  0x2000, 0x0000, 0x0000, 0x2000, 0x2000, 0x0000, 0x0000, 0x0000, 0x0000, 0x0000, 0x0000, 0x0000,
  0x0000, 0x0000, 0x0000, 0x0000, 0x0000, 0x0000, 0x0000, 0x0000, 0x0000, 0x0000, 0x0000, 0x0000,
  0x0000, 0x0000, 0x0000, 0x0000, 0x0000, 0x0000, 0x0000, 0x0000, 0x0000, 0x0000, 0x0000, 0x0000,
  0x0000, 0x0000, 0x0000, 0x0000, 0x0000, 0x0000, 0x0000, 0x0000, 0x0000, 0x0000, 0x0000, 0x0000,
  0x0000, 0x0000, 0x0000, 0x0000, 0x0000, 0x0000, 0x0000, 0x0000, 0x0000, 0x0000, 0x0000, 0x0000,
  0x0000, 0x0000, 0x0000, 0x0000, 0x0000, 0x0000, 0x0000, 0x0000, 0x0000, 0x0000, 0x0000, 0x0000,
  0x2000, 0x0000, 0x0108, 0x8860, 0x0fb9, 0xefb8, 0xf0c0, 0xf0c0, 0xf0c0, 0xf0c0, 0xf0c0, 0xf0c0,
  0xefc0, 0xefc0, 0xefc0, 0xefc0, 0xefc0, 0xefc0, 0xefc0, 0xefc8, 0xf0c8, 0xf0c8, 0xf0c8, 0xf0c8,
  0xf0c8, 0xf0c8, 0xefc8, 0xefc8, 0xefc8, 0xefc8, 0xefc8, 0xefc8, 0xefc0, 0xefc0, 0x0fc1, 0x10c1,
  0xf0c0, 0xceb0, 0x6548, 0x0008, 0x0000, 0x0000, 0x0000, 0x0000, 0x0000, 0x0000, 0x0000, 0x0000,
  0x0000, 0x0000, 0x0000, 0x0000, 0x0000, 0x0000, 0x0000, 0x0000, 0x0000, 0x0000, 0x0000, 0x0000,
  0x0000, 0x0000, 0x0000, 0x0000, 0x0000, 0x0000, 0x0000, 0x0000, 0x0000, 0x0000, 0x0000, 0x0000,
  0x0000, 0x0000, 0x0000, 0x0000, 0x0000, 0x0000, 0x0000, 0x0000, 0x0000, 0x0000, 0x0000, 0x0000,
  0x0000, 0x0000, 0x0000, 0x0000, 0x0000, 0x0000, 0x0000, 0x0000, 0x0000, 0x0000, 0x0000, 0x0000,
  0x0000, 0x0000, 0x0000, 0x0000, 0x0000, 0x0000, 0x0000, 0x0000, 0x0000, 0x0000, 0x0000, 0x0000,
  0x0000, 0x0000, 0x0000, 0x0000, 0x0000, 0x0000, 0x0008, 0x2000, 0x0000, 0x2000, 0x0108, 0x2110,
  0x4110, 0x2110, 0x2110, 0x0110, 0x0110, 0x0110, 0x0110, 0x0110, 0x2110, 0x2110, 0x2110, 0x2110,
  0x2110, 0x2110, 0x2110, 0x0110, 0x0110, 0x0110, 0x0110, 0x0110, 0x0110, 0x2110, 0x2110, 0x2110,
  0x2110, 0x2110, 0x2110, 0x2210, 0x2210, 0x2110, 0x0110, 0x2110, 0x2110, 0x2008, 0x0000, 0x0000,
  0x0100, 0x0000, 0x0000, 0x0000, 0x2000, 0x0000, 0x0000, 0x0000, 0x0000, 0x0000, 0x0000, 0x0000,
  0x0000, 0x0000, 0x0000, 0x0000, 0x0000, 0x0000, 0x0000, 0x0000, 0x0000, 0x0000, 0x0000, 0x0000,
  0x0000, 0x0000, 0x0000, 0x0000, 0x0000, 0x0000, 0x0000, 0x0000, 0x0000, 0x0000, 0x0000, 0x0000,
  0x0000, 0x0000, 0x0000, 0x0000
};

#define FLAMEUNIFIED4_WIDTH 115
#define FLAMEUNIFIED4_HEIGHT 160

// Example usage:
// tft.drawRGBBitmap(x, y, FlameUnified4, FLAMEUNIFIED4_WIDTH, FLAMEUNIFIED4_HEIGHT);

#endif
