// Generated by   : Image to RGB565 Converter
// Generated from : https://palsayantan.github.io/Image-to-RGB565/
// Image Size     : 115x160 pixels
// Byte Order     : LSB

#ifndef _FLAMEUNIFIED6_H_
#define _FLAMEUNIFIED6_H_

const uint16_t FlameUnified6[18400] = {
  0x0000, 0x0000, 0x0000, 0x0000, 0x0000, 0x0000, 0x0000, 0x0000, 0x0000, 0x0000, 0x0000, 0x0000,
  0x0000, 0x0000, 0x0000, 0x0000, 0x0000, 0x0000, 0x0000, 0x0000, 0x0000, 0x0000, 0x0000, 0x0000,
  0x0000, 0x0000, 0x0000, 0x0000, 0x0000, 0x0000, 0x0000, 0x0000, 0x0000, 0x0000, 0x0000, 0x0000,
  0x0000, 0x0000, 0x0000, 0x0000, 0x0008, 0x2000, 0x0000, 0x2000, 0x0000, 0x0000, 0x0000, 0x0000,
  0x0000, 0x0000, 0x0000, 0x0000, 0x0000, 0x0000, 0x0000, 0x0000, 0x0000, 0x0000, 0x0000, 0x0000,
  0x0000, 0x0000, 0x0000, 0x0000, 0x0000, 0x0000, 0x0000, 0x0000, 0x0000, 0x0000, 0x0000, 0x0000,
  0x0000, 0x0000, 0x0000, 0x0000, 0x0000, 0x0000, 0x0000, 0x0000, 0x0000, 0x0000, 0x0000, 0x0000,
  0x0000, 0x0000, 0x0000, 0x0000, 0x0000, 0x0000, 0x0000, 0x0000, 0x0000, 0x0000, 0x0000, 0x0000,
  0x0000, 0x0000, 0x0000, 0x0000, 0x0000, 0x0000, 0x0000, 0x0000, 0x0000, 0x0000, 0x0000, 0x0000,
  0x0000, 0x0000, 0x0000, 0x0000, 0x0000, 0x0000, 0x0000, 0x0000, 0x0000, 0x0000, 0x0000, 0x0000,
  0x0000, 0x0000, 0x0000, 0x0000, 0x0000, 0x0000, 0x0000, 0x0000, 0x0000, 0x0000, 0x0000, 0x0000,
  0x0000, 0x0000, 0x0000, 0x0000, 0x0000, 0x0000, 0x0000, 0x0000, 0x0000, 0x0000, 0x0000, 0x0000,
  0x0000, 0x0000, 0x0000, 0x0000, 0x0000, 0x0000, 0x0000, 0x0000, 0x0000, 0x0000, 0x0000, 0x0000,
  0x2000, 0x0000, 0x0000, 0x0000, 0x0000, 0x0000, 0x0000, 0x0000, 0x0000, 0x0000, 0x0000, 0x0000,
  0x0000, 0x0000, 0x0000, 0x0000, 0x0000, 0x0000, 0x0000, 0x0000, 0x0000, 0x0000, 0x0000, 0x0000,
  0x0000, 0x0000, 0x0000, 0x0000, 0x0000, 0x0000, 0x0000, 0x0000, 0x0000, 0x0000, 0x0000, 0x0000,
  0x0000, 0x0000, 0x0000, 0x0000, 0x0000, 0x0000, 0x0000, 0x0000, 0x0000, 0x0000, 0x0000, 0x0000,
  0x0000, 0x0000, 0x0000, 0x0000, 0x0000, 0x0000, 0x0000, 0x0000, 0x0000, 0x0000, 0x0000, 0x0000,
  0x0000, 0x0000, 0x0000, 0x0000, 0x0000, 0x0000, 0x0000, 0x0000, 0x0000, 0x0000, 0x0000, 0x0000,
  0x0000, 0x0000, 0x0000, 0x0000, 0x0000, 0x0000, 0x0000, 0x0000, 0x0000, 0x0000, 0x0000, 0x0000,
  0x0000, 0x0000, 0x0000, 0x0000, 0x0000, 0x0000, 0x0000, 0x0000, 0x0000, 0x0000, 0x0000, 0x0000,
  0x0000, 0x0000, 0x0000, 0x0000, 0x0000, 0x0000, 0x0000, 0x0000, 0x0000, 0x0000, 0x0000, 0x0000,
  0x0000, 0x0000, 0x0000, 0x0000, 0x0000, 0x0000, 0x0000, 0x0000, 0x0000, 0x0000, 0x0000, 0x0008,
  0x0000, 0x0000, 0x0000, 0x0000, 0x0000, 0x0000, 0x0000, 0x0000, 0x0000, 0x0000, 0x0000, 0x0000,
  0x0000, 0x0000, 0x0000, 0x0000, 0x0000, 0x0000, 0x2000, 0x4108, 0x4108, 0x2000, 0x2000, 0x2000,
  0x0000, 0x0000, 0x0000, 0x2000, 0x4108, 0x2000, 0x0000, 0x0000, 0x0000, 0x0000, 0x0000, 0x0000,
  0x0000, 0x0000, 0x0000, 0x0000, 0x0000, 0x0000, 0x0000, 0x0000, 0x0000, 0x0000, 0x0000, 0x0000,
  0x0000, 0x0000, 0x0000, 0x0000, 0x0000, 0x0000, 0x0000, 0x0000, 0x0000, 0x0000, 0x0000, 0x0000,
  0x0000, 0x0000, 0x0000, 0x0000, 0x0000, 0x0000, 0x0000, 0x0000, 0x0000, 0x0000, 0x0000, 0x0000,
  0x0000, 0x0000, 0x0000, 0x0000, 0x0000, 0x0000, 0x0000, 0x0000, 0x0000, 0x0000, 0x0000, 0x0000,
  0x0000, 0x0000, 0x0000, 0x0000, 0x0000, 0x0000, 0x0000, 0x0000, 0x0000, 0x0000, 0x0000, 0x0000,
  0x0000, 0x0000, 0x0000, 0x0000, 0x0000, 0x0000, 0x0000, 0x0000, 0x0000, 0x0000, 0x0000, 0x0000,
  0x0000, 0x2000, 0x0000, 0x0000, 0x0000, 0x0000, 0x0000, 0x0000, 0x0000, 0x0000, 0x0000, 0x0000,
  0x0000, 0x0000, 0x0000, 0x0000, 0x0000, 0x0000, 0x0000, 0x0000, 0x0000, 0x0000, 0x0000, 0x0000,
  0x0000, 0x2000, 0x6108, 0x6108, 0x8210, 0x8210, 0x6108, 0x2000, 0x0000, 0x0000, 0x6108, 0x8210,
  0x6108, 0x2000, 0x0000, 0x0000, 0x0000, 0x0000, 0x0000, 0x0000, 0x0000, 0x0000, 0x0000, 0x0000,
  0x0000, 0x0000, 0x0000, 0x0000, 0x0000, 0x0000, 0x0000, 0x0000, 0x0000, 0x0000, 0x0000, 0x0000,
  0x0000, 0x0000, 0x0000, 0x0000, 0x0000, 0x0000, 0x0000, 0x0000, 0x0000, 0x0000, 0x0000, 0x0000,
  0x0000, 0x0000, 0x0000, 0x0000, 0x0000, 0x0000, 0x0000, 0x0000, 0x0000, 0x0000, 0x0000, 0x0000,
  0x0000, 0x0000, 0x0000, 0x0000, 0x0000, 0x0000, 0x0000, 0x0000, 0x0000, 0x0000, 0x0000, 0x0000,
  0x0000, 0x0000, 0x0000, 0x0000, 0x0000, 0x0000, 0x0000, 0x0000, 0x0000, 0x0000, 0x0000, 0x0000,
  0x0000, 0x0000, 0x0000, 0x0000, 0x0000, 0x0000, 0x0000, 0x0000, 0x0008, 0x0000, 0x2000, 0x0000,
  0x2000, 0x0000, 0x2000, 0x0000, 0x0000, 0x0000, 0x0000, 0x0000, 0x0000, 0x0000, 0x0000, 0x0000,
  0x0000, 0x0000, 0x0000, 0x0000, 0x0000, 0x0000, 0x0000, 0x0000, 0x0000, 0x2000, 0x4108, 0x8210,
  0x6108, 0x8210, 0x6108, 0x2000, 0x0000, 0x4108, 0x8210, 0x6108, 0x4108, 0x2000, 0x0000, 0x0000,
  0x0000, 0x0000, 0x0000, 0x0000, 0x0000, 0x0000, 0x0000, 0x0000, 0x0000, 0x0000, 0x0000, 0x0000,
  0x0000, 0x0000, 0x0000, 0x0000, 0x0000, 0x0000, 0x0000, 0x0000, 0x0000, 0x0000, 0x0000, 0x0000,
  0x0000, 0x0000, 0x0000, 0x0000, 0x0000, 0x0000, 0x0000, 0x0000, 0x0000, 0x0000, 0x0000, 0x0000,
  0x0000, 0x0000, 0x0000, 0x0000, 0x0000, 0x0000, 0x0000, 0x0000, 0x0000, 0x0000, 0x0000, 0x0000,
  0x0000, 0x0000, 0x0000, 0x0000, 0x0000, 0x0000, 0x0000, 0x0000, 0x0000, 0x0000, 0x0000, 0x0000,
  0x0000, 0x0000, 0x0000, 0x0000, 0x0000, 0x0000, 0x0000, 0x0000, 0x0000, 0x0000, 0x0000, 0x0000,
  0x0000, 0x0000, 0x0000, 0x0218, 0x4430, 0x4428, 0x4530, 0x0108, 0x0000, 0x0000, 0x0000, 0x0000,
  0x0000, 0x0000, 0x0000, 0x0000, 0x0000, 0x0000, 0x0000, 0x0000, 0x0000, 0x0000, 0x0000, 0x0000,
  0x0000, 0x0000, 0x0000, 0x0000, 0x0000, 0x0000, 0x4108, 0x6108, 0x6108, 0x8210, 0x6108, 0x2000,
  0x4108, 0x6108, 0x6108, 0x6108, 0x4108, 0x4108, 0x4108, 0x2000, 0x2000, 0x2000, 0x2000, 0x0000,
  0x0000, 0x0000, 0x0000, 0x0000, 0x0000, 0x0000, 0x0000, 0x0000, 0x0000, 0x0000, 0x0000, 0x0000,
  0x0000, 0x0000, 0x0000, 0x0000, 0x0000, 0x0000, 0x0000, 0x0000, 0x0000, 0x0000, 0x0000, 0x0000,
  0x0000, 0x0000, 0x0000, 0x0000, 0x0000, 0x0000, 0x0000, 0x0000, 0x0000, 0x0000, 0x0000, 0x0000,
  0x0000, 0x0000, 0x0000, 0x0000, 0x0000, 0x0000, 0x0000, 0x0000, 0x0000, 0x0000, 0x0000, 0x0000,
  0x0000, 0x0000, 0x0000, 0x0000, 0x0000, 0x0000, 0x0000, 0x0000, 0x0000, 0x0000, 0x0000, 0x0000,
  0x0000, 0x0000, 0x0000, 0x0000, 0x0000, 0x0000, 0x0000, 0x0000, 0x0000, 0x0000, 0xcc80, 0x32e9,
  0x33e9, 0x30c1, 0x2520, 0x0100, 0x0000, 0x0000, 0x0000, 0x0000, 0x0000, 0x0000, 0x0000, 0x0000,
  0x0000, 0x0000, 0x0000, 0x0000, 0x0000, 0x0000, 0x0000, 0x0000, 0x0000, 0x0000, 0x0000, 0x0000,
  0x2000, 0x2000, 0x6108, 0x6108, 0x6108, 0x6108, 0x6108, 0x6108, 0x6108, 0x8210, 0x6108, 0x6108,
  0x8210, 0x6108, 0x6108, 0x8210, 0x6108, 0x6108, 0x2000, 0x0000, 0x0000, 0x0000, 0x0000, 0x0000,
  0x0000, 0x0000, 0x0000, 0x0000, 0x0000, 0x0000, 0x0000, 0x0000, 0x0000, 0x0000, 0x0000, 0x0000,
  0x0000, 0x0000, 0x0000, 0x0000, 0x0000, 0x0000, 0x0000, 0x0000, 0x0000, 0x0000, 0x0000, 0x0000,
  0x0000, 0x0000, 0x0000, 0x0000, 0x0000, 0x0000, 0x0000, 0x0000, 0x0000, 0x0000, 0x0000, 0x0000,
  0x0000, 0x0000, 0x0000, 0x0000, 0x0000, 0x0000, 0x0000, 0x0000, 0x0000, 0x0000, 0x0000, 0x0000,
  0x0000, 0x0000, 0x0000, 0x0000, 0x0000, 0x0000, 0x0000, 0x0000, 0x0000, 0x0000, 0x0000, 0x0000,
  0x0000, 0x0000, 0x0000, 0x0000, 0x0008, 0xcc88, 0x34f9, 0x35f9, 0x32d9, 0x2428, 0x0000, 0x0000,
  0x2000, 0x2000, 0x0000, 0x0000, 0x0000, 0x0000, 0x0000, 0x0000, 0x0000, 0x0000, 0x0000, 0x0000,
  0x0000, 0x0000, 0x0000, 0x0000, 0x0000, 0x0000, 0x4108, 0x4108, 0x0000, 0x2000, 0x4108, 0x8210,
  0x8210, 0x6108, 0x6108, 0x8210, 0x8210, 0x6108, 0x6108, 0x6108, 0x6108, 0x6108, 0x6108, 0x6108,
  0x4108, 0x0000, 0x0000, 0x0000, 0x0000, 0x0000, 0x0000, 0x0000, 0x0000, 0x0000, 0x0000, 0x0000,
  0x0000, 0x0000, 0x0000, 0x0000, 0x0000, 0x0000, 0x0000, 0x0000, 0x0000, 0x0000, 0x0000, 0x0000,
  0x0000, 0x0000, 0x0000, 0x0000, 0x0000, 0x0000, 0x0000, 0x0000, 0x0000, 0x0000, 0x0000, 0x0000,
  0x0000, 0x0000, 0x0000, 0x0000, 0x0000, 0x0000, 0x0000, 0x0000, 0x0000, 0x0000, 0x0000, 0x0000,
  0x0000, 0x0000, 0x0000, 0x0000, 0x0000, 0x0000, 0x0000, 0x0000, 0x0000, 0x0000, 0x0000, 0x0000,
  0x0000, 0x0000, 0x0000, 0x0000, 0x0000, 0x0000, 0x2000, 0x0000, 0x0000, 0x0100, 0x0100, 0x2000,
  0xac88, 0x54f1, 0x54f1, 0x51d9, 0x2430, 0x0000, 0x2000, 0x0100, 0x2000, 0x0000, 0x0000, 0x0000,
  0x2000, 0x0000, 0x0000, 0x0000, 0x0000, 0x0000, 0x0000, 0x0000, 0x0000, 0x0000, 0x0000, 0x2000,
  0x4108, 0x8210, 0x6108, 0x4108, 0x2000, 0x2000, 0x4108, 0x6108, 0x8210, 0x6108, 0x6108, 0x6108,
  0x4108, 0x4108, 0x6108, 0x6108, 0x6108, 0x6108, 0x2000, 0x0000, 0x0000, 0x0000, 0x0000, 0x0000,
  0x0000, 0x0000, 0x0000, 0x0000, 0x0000, 0x0000, 0x0000, 0x0000, 0x0000, 0x0000, 0x0000, 0x0000,
  0x0000, 0x0000, 0x0000, 0x0000, 0x0000, 0x0000, 0x0000, 0x0000, 0x0000, 0x0000, 0x0000, 0x0000,
  0x0000, 0x0000, 0x0000, 0x0000, 0x0000, 0x0000, 0x0000, 0x0000, 0x0000, 0x0000, 0x0000, 0x0000,
  0x0000, 0x0000, 0x0000, 0x0000, 0x0000, 0x0000, 0x0000, 0x0000, 0x0000, 0x0000, 0x0000, 0x0000,
  0x0000, 0x0000, 0x0000, 0x0000, 0x0000, 0x0000, 0x0000, 0x0000, 0x0000, 0x0000, 0x0000, 0x0000,
  0x0100, 0x2000, 0x0000, 0x2330, 0x8a70, 0xab80, 0xc980, 0xf2c8, 0x35f9, 0x34f1, 0x32e9, 0xac98,
  0x6b88, 0xab88, 0x6758, 0x0210, 0x0000, 0x0000, 0x0000, 0x0000, 0x0000, 0x0000, 0x0000, 0x0000,
  0x0000, 0x0000, 0x0000, 0x0000, 0x0000, 0x0000, 0x2000, 0x6108, 0x8210, 0x6108, 0x6108, 0x2000,
  0x0000, 0x2000, 0x4108, 0x8210, 0x8210, 0x8210, 0x6108, 0x2000, 0x0000, 0x0000, 0x0000, 0x2000,
  0x2000, 0x0000, 0x0000, 0x0000, 0x0000, 0x0000, 0x0000, 0x0000, 0x0000, 0x0000, 0x0000, 0x0000,
  0x0000, 0x0000, 0x0000, 0x0000, 0x0000, 0x0000, 0x0000, 0x0000, 0x0000, 0x0000, 0x0000, 0x0000,
  0x0000, 0x0000, 0x0000, 0x0000, 0x0000, 0x0000, 0x0000, 0x0000, 0x0000, 0x0000, 0x0000, 0x0000,
  0x0000, 0x0000, 0x0000, 0x0000, 0x0000, 0x0000, 0x0000, 0x0000, 0x0000, 0x0000, 0x0000, 0x0000,
  0x0000, 0x0000, 0x0000, 0x0000, 0x0000, 0x0000, 0x0000, 0x0000, 0x0000, 0x0000, 0x0000, 0x0000,
  0x0000, 0x0000, 0x0000, 0x0000, 0x0000, 0x0000, 0x0000, 0x0000, 0x0000, 0x0000, 0x6650, 0x32e9,
  0x54f9, 0x73f9, 0x75f1, 0x35f9, 0x75f1, 0x54f1, 0x94e9, 0x55f9, 0x54f9, 0xedb0, 0x2320, 0x2000,
  0x2000, 0x0000, 0x0000, 0x0000, 0x0000, 0x0000, 0x0000, 0x0000, 0x0000, 0x0000, 0x0000, 0x0000,
  0x2000, 0x4108, 0x8210, 0x6108, 0x4108, 0x2000, 0x0000, 0x0000, 0x0000, 0x2000, 0x4108, 0x6108,
  0x8210, 0x6108, 0x4108, 0x2000, 0x0000, 0x0000, 0x0000, 0x0000, 0x0000, 0x0000, 0x0000, 0x0000,
  0x0000, 0x0000, 0x0000, 0x0000, 0x0000, 0x0000, 0x0000, 0x0000, 0x0000, 0x0000, 0x0000, 0x0000,
  0x0000, 0x0000, 0x0000, 0x0000, 0x0000, 0x0000, 0x0000, 0x0000, 0x0000, 0x0000, 0x0000, 0x0000,
  0x0000, 0x0000, 0x0000, 0x0000, 0x0000, 0x0000, 0x0000, 0x0000, 0x0000, 0x0000, 0x0000, 0x0000,
  0x0000, 0x0000, 0x0000, 0x0000, 0x0000, 0x0000, 0x0000, 0x0000, 0x0000, 0x0000, 0x0000, 0x0000,
  0x0000, 0x0000, 0x0000, 0x0000, 0x0000, 0x0000, 0x0000, 0x0000, 0x0000, 0x0000, 0x0000, 0x0000,
  0x0000, 0x0000, 0x0000, 0x0000, 0x2000, 0x6748, 0x32e1, 0x34f1, 0x55f9, 0x33f1, 0x13f9, 0x54f9,
  0x34f1, 0x74f1, 0x35f9, 0x34f1, 0xeda0, 0x2318, 0x0000, 0x2000, 0x0000, 0x0000, 0x0000, 0x0000,
  0x0000, 0x0000, 0x0000, 0x0000, 0x0000, 0x0000, 0x0000, 0x4108, 0x6108, 0x8210, 0x6108, 0x2000,
  0x0000, 0x0000, 0x0000, 0x0000, 0x0000, 0x2000, 0x4108, 0x6108, 0x8210, 0x8210, 0x6108, 0x2000,
  0x0000, 0x0000, 0x0000, 0x0000, 0x0000, 0x0000, 0x0000, 0x0000, 0x0000, 0x0000, 0x0000, 0x0000,
  0x0000, 0x0000, 0x0000, 0x0000, 0x0000, 0x0000, 0x0000, 0x0000, 0x0000, 0x0000, 0x0000, 0x0000,
  0x0000, 0x0000, 0x0000, 0x0000, 0x0000, 0x0000, 0x0000, 0x0000, 0x0000, 0x0000, 0x0000, 0x0000,
  0x0000, 0x0000, 0x0000, 0x0000, 0x0000, 0x0000, 0x0000, 0x0000, 0x0000, 0x0000, 0x0000, 0x0000,
  0x0000, 0x0000, 0x0000, 0x0000, 0x0000, 0x0000, 0x0000, 0x0000, 0x0000, 0x0000, 0x0000, 0x0000,
  0x0000, 0x0000, 0x0000, 0x0000, 0x0000, 0x0000, 0x0000, 0x0000, 0x0000, 0x2000, 0x2000, 0x0100,
  0x6648, 0x2fc9, 0x33e9, 0x34f1, 0x75e9, 0x34f9, 0x34f1, 0x75f1, 0x34f1, 0x55f9, 0x74f1, 0xeea0,
  0x2318, 0x0008, 0x2000, 0x0000, 0x0000, 0x0000, 0x0000, 0x0000, 0x0000, 0x0000, 0x0000, 0x0000,
  0x0000, 0x0000, 0x4108, 0x8210, 0x8210, 0x4108, 0x0000, 0x0000, 0x0000, 0x0000, 0x0000, 0x0000,
  0x0000, 0x2000, 0x4108, 0x6108, 0x8210, 0x6108, 0x2000, 0x0000, 0x0000, 0x0000, 0x0000, 0x0000,
  0x0000, 0x0000, 0x0000, 0x0000, 0x0000, 0x0000, 0x0000, 0x0000, 0x0000, 0x0000, 0x0000, 0x0000,
  0x0000, 0x0000, 0x0000, 0x0000, 0x0000, 0x0000, 0x0000, 0x0000, 0x0000, 0x0000, 0x0000, 0x0000,
  0x0000, 0x0000, 0x0000, 0x0000, 0x0000, 0x0000, 0x0000, 0x0000, 0x0000, 0x0000, 0x0000, 0x0000,
  0x0000, 0x0000, 0x0000, 0x0000, 0x0000, 0x0000, 0x0000, 0x0000, 0x0000, 0x0000, 0x0000, 0x0000,
  0x0000, 0x0000, 0x0000, 0x0000, 0x0000, 0x0000, 0x0000, 0x0000, 0x0000, 0x0000, 0x0000, 0x0000,
  0x0000, 0x0000, 0x0000, 0x0000, 0x0000, 0x0108, 0x0000, 0x2218, 0x6638, 0xcd98, 0x14f1, 0x74f1,
  0x53e9, 0x54f1, 0x74e9, 0x34f1, 0x14f9, 0x34f9, 0xceb0, 0x0220, 0x2000, 0x2000, 0x2000, 0x0000,
  0x0000, 0x0000, 0x0000, 0x0000, 0x0000, 0x0000, 0x0000, 0x0000, 0x2000, 0x4108, 0x6108, 0x8210,
  0x4108, 0x0000, 0x0000, 0x0000, 0x0000, 0x0000, 0x0000, 0x0000, 0x0000, 0x2000, 0x4108, 0x6108,
  0x4108, 0x0000, 0x0000, 0x0000, 0x0000, 0x0000, 0x0000, 0x0000, 0x0000, 0x0000, 0x0000, 0x0000,
  0x0000, 0x0000, 0x0000, 0x0000, 0x0000, 0x0000, 0x0000, 0x0000, 0x0000, 0x0000, 0x0000, 0x0000,
  0x0000, 0x0000, 0x0000, 0x0000, 0x0000, 0x0000, 0x0000, 0x0000, 0x0000, 0x0000, 0x0000, 0x0000,
  0x0000, 0x0000, 0x0000, 0x0000, 0x0000, 0x0000, 0x0000, 0x0000, 0x0000, 0x0000, 0x0000, 0x0000,
  0x0000, 0x0000, 0x0000, 0x0000, 0x0000, 0x0000, 0x0000, 0x0000, 0x0000, 0x0000, 0x0000, 0x0000,
  0x0000, 0x0000, 0x0000, 0x0000, 0x0000, 0x0000, 0x0000, 0x0000, 0x0000, 0x0000, 0x0000, 0x0000,
  0x2108, 0x4000, 0x0008, 0x0100, 0xc958, 0x91d1, 0x53e9, 0x34f9, 0x34f9, 0x54f1, 0x52d9, 0x51d9,
  0x72d9, 0x0c91, 0x4320, 0x2000, 0x0000, 0x0000, 0x0000, 0x0000, 0x0000, 0x0000, 0x0000, 0x0000,
  0x0000, 0x0000, 0x0000, 0x2000, 0x4108, 0x6108, 0x8210, 0x4108, 0x2000, 0x0000, 0x0000, 0x0000,
  0x0000, 0x2000, 0x4108, 0x4108, 0x2000, 0x2000, 0x4108, 0x2000, 0x0000, 0x0000, 0x0000, 0x0000,
  0x0000, 0x0000, 0x0000, 0x0000, 0x0000, 0x0000, 0x0000, 0x0000, 0x0000, 0x0000, 0x0000, 0x0000,
  0x0000, 0x0000, 0x0000, 0x0000, 0x0000, 0x0000, 0x0000, 0x0000, 0x0000, 0x0000, 0x0000, 0x0000,
  0x0000, 0x0000, 0x0000, 0x0000, 0x0000, 0x0000, 0x0000, 0x0000, 0x0000, 0x0000, 0x0000, 0x0000,
  0x0000, 0x0000, 0x0000, 0x0000, 0x0000, 0x0000, 0x0000, 0x0000, 0x0000, 0x0000, 0x0000, 0x0000,
  0x0000, 0x0000, 0x0000, 0x0000, 0x0000, 0x0000, 0x0000, 0x0000, 0x0000, 0x0000, 0x0000, 0x0000,
  0x0000, 0x0000, 0x0000, 0x0000, 0x0000, 0x0000, 0x0000, 0x0000, 0x2000, 0x0008, 0x0000, 0x0210,
  0x0330, 0xae98, 0x34f9, 0x54f9, 0x32e1, 0x6750, 0x2318, 0x2320, 0x0320, 0x0000, 0x0000, 0x0008,
  0x0000, 0x0000, 0x0000, 0x0000, 0x0000, 0x0000, 0x0000, 0x0000, 0x0000, 0x0000, 0x0000, 0x4108,
  0x8210, 0x6108, 0x4108, 0x4108, 0x0000, 0x0000, 0x0000, 0x2000, 0x4108, 0x6108, 0x6108, 0x4108,
  0x0000, 0x0000, 0x0000, 0x0000, 0x0000, 0x0000, 0x0000, 0x0000, 0x0000, 0x0000, 0x0000, 0x0000,
  0x0000, 0x0000, 0x0000, 0x0000, 0x0000, 0x0000, 0x0000, 0x0000, 0x0000, 0x0000, 0x0000, 0x0000,
  0x0000, 0x0000, 0x0000, 0x0000, 0x0000, 0x0000, 0x0000, 0x0000, 0x0000, 0x0000, 0x0000, 0x0000,
  0x0000, 0x0000, 0x0000, 0x0000, 0x0000, 0x0000, 0x0000, 0x0000, 0x0000, 0x0000, 0x0000, 0x0000,
  0x0000, 0x0000, 0x0000, 0x0000, 0x0000, 0x0000, 0x0000, 0x0000, 0x0000, 0x0000, 0x0000, 0x0000,
  0x0000, 0x0000, 0x0000, 0x0000, 0x0000, 0x0000, 0x0000, 0x0000, 0x0000, 0x0000, 0x0000, 0x0000,
  0x0000, 0x0000, 0x2000, 0x4000, 0x0000, 0x0000, 0x2000, 0x0000, 0x8970, 0x0fc1, 0x0fb1, 0xcca8,
  0x2320, 0x0000, 0x0000, 0x0000, 0x0000, 0x0000, 0x0100, 0x0000, 0x2000, 0x0000, 0x0000, 0x0000,
  0x0000, 0x2000, 0x2000, 0x2000, 0x2000, 0x0000, 0x4108, 0x6108, 0x6108, 0x6108, 0x6108, 0x4108,
  0x2000, 0x2000, 0x4108, 0x6108, 0x8210, 0x6108, 0x4108, 0x0000, 0x0000, 0x0000, 0x0000, 0x0000,
  0x0000, 0x0000, 0x0000, 0x0000, 0x0000, 0x0000, 0x0000, 0x0000, 0x0000, 0x0000, 0x0000, 0x0000,
  0x0000, 0x0000, 0x0000, 0x0000, 0x0000, 0x0000, 0x0000, 0x0000, 0x0000, 0x0000, 0x0000, 0x0000,
  0x0000, 0x0000, 0x0000, 0x0000, 0x0000, 0x0000, 0x0000, 0x0000, 0x0000, 0x0000, 0x0000, 0x0000,
  0x0000, 0x0000, 0x0000, 0x0000, 0x0000, 0x0000, 0x0000, 0x0000, 0x0000, 0x0000, 0x0000, 0x0000,
  0x0000, 0x0000, 0x0000, 0x0000, 0x0000, 0x0000, 0x0000, 0x0000, 0x0000, 0x0000, 0x0000, 0x0000,
  0x0000, 0x0000, 0x0000, 0x0000, 0x0000, 0x0000, 0x0000, 0x0000, 0x0000, 0x0000, 0x0000, 0x0000,
  0x0000, 0x2000, 0x2000, 0x2218, 0x4428, 0x2420, 0x2320, 0x0000, 0x2000, 0x0000, 0x2000, 0x0000,
  0x0000, 0x2000, 0x0000, 0x0000, 0x0000, 0x0000, 0x2000, 0x4108, 0x6108, 0x6108, 0x6108, 0x6108,
  0x4108, 0x2000, 0x4108, 0x6108, 0x8210, 0x8210, 0x8210, 0x6108, 0x6108, 0x8210, 0x8210, 0x6108,
  0x4108, 0x2000, 0x0000, 0x0000, 0x0000, 0x0000, 0x0000, 0x0000, 0x0000, 0x0000, 0x0000, 0x0000,
  0x0000, 0x0000, 0x0000, 0x0000, 0x0000, 0x0000, 0x0000, 0x0000, 0x0000, 0x0000, 0x0000, 0x0000,
  0x0000, 0x0000, 0x0000, 0x0000, 0x0000, 0x0000, 0x0000, 0x0000, 0x0000, 0x0000, 0x0000, 0x0000,
  0x0000, 0x0000, 0x0000, 0x0000, 0x0000, 0x0000, 0x0000, 0x0000, 0x0000, 0x0000, 0x0000, 0x0000,
  0x0000, 0x0000, 0x0000, 0x0000, 0x0000, 0x0000, 0x0000, 0x0000, 0x0000, 0x0000, 0x0000, 0x0000,
  0x0000, 0x0000, 0x0000, 0x0000, 0x0000, 0x0000, 0x0000, 0x0000, 0x0000, 0x0000, 0x0000, 0x0000,
  0x0000, 0x0000, 0x0000, 0x0000, 0x0000, 0x0000, 0x0000, 0x0000, 0x0000, 0x0000, 0x2000, 0x2000,
  0x0000, 0x0000, 0x0000, 0x2000, 0x2000, 0x0000, 0x0000, 0x0000, 0x0000, 0x0000, 0x0000, 0x2000,
  0x4108, 0x6108, 0x8210, 0x8210, 0x6108, 0x6108, 0x8210, 0x6108, 0x4108, 0x4108, 0x6108, 0x6108,
  0x8210, 0x6108, 0x6108, 0x6108, 0x8210, 0x6108, 0x4108, 0x0000, 0x0000, 0x0000, 0x0000, 0x0000,
  0x0000, 0x0000, 0x0000, 0x0000, 0x0000, 0x0000, 0x0000, 0x0000, 0x0000, 0x0000, 0x0000, 0x0000,
  0x0000, 0x0000, 0x0000, 0x0000, 0x0000, 0x0000, 0x0000, 0x0000, 0x0000, 0x0000, 0x0000, 0x0000,
  0x0000, 0x0000, 0x0000, 0x0000, 0x0000, 0x0000, 0x0000, 0x0000, 0x0000, 0x0000, 0x0000, 0x0000,
  0x0000, 0x0000, 0x0000, 0x0000, 0x0000, 0x0000, 0x0000, 0x0000, 0x0000, 0x0000, 0x0000, 0x0000,
  0x0000, 0x0000, 0x0000, 0x0000, 0x0000, 0x0000, 0x0000, 0x0000, 0x0000, 0x0000, 0x0000, 0x0000,
  0x0000, 0x0000, 0x0000, 0x0000, 0x0000, 0x0000, 0x0000, 0x0000, 0x0000, 0x0000, 0x0000, 0x2000,
  0x0008, 0x0000, 0x0000, 0x0000, 0x0000, 0x0000, 0x0008, 0x0000, 0x0000, 0x0000, 0x0008, 0x0000,
  0x0000, 0x0000, 0x0000, 0x0000, 0x0000, 0x2000, 0x4100, 0x6108, 0x8210, 0x6108, 0x6108, 0x6108,
  0x8210, 0x8210, 0x6108, 0x6108, 0x4108, 0x4108, 0x4108, 0x6108, 0x6108, 0x8210, 0x6108, 0x6108,
  0x4108, 0x2000, 0x0000, 0x0000, 0x0000, 0x0000, 0x0000, 0x0000, 0x0000, 0x0000, 0x0000, 0x0000,
  0x0000, 0x0000, 0x0000, 0x0000, 0x0000, 0x0000, 0x0000, 0x0000, 0x0000, 0x0000, 0x0000, 0x0000,
  0x0000, 0x0000, 0x0000, 0x0000, 0x0000, 0x0000, 0x0000, 0x0000, 0x0000, 0x0000, 0x0000, 0x0000,
  0x0000, 0x0000, 0x0000, 0x0000, 0x0000, 0x0000, 0x0000, 0x0000, 0x0000, 0x0000, 0x0000, 0x0000,
  0x0000, 0x0000, 0x0000, 0x0000, 0x0000, 0x0000, 0x0000, 0x0000, 0x0000, 0x0000, 0x0000, 0x0000,
  0x0000, 0x0000, 0x0000, 0x0000, 0x0000, 0x0000, 0x0000, 0x0000, 0x0000, 0x0000, 0x0000, 0x0000,
  0x0000, 0x0000, 0x0000, 0x0000, 0x0000, 0x0000, 0x0000, 0x0000, 0x0000, 0x0000, 0x0000, 0x0000,
  0x0000, 0x0000, 0x0000, 0x2000, 0x0000, 0x0000, 0x0000, 0x0000, 0x0000, 0x0000, 0x0000, 0x0000,
  0x2000, 0x6108, 0x6108, 0x6108, 0x6108, 0x2000, 0x2000, 0x6108, 0x6108, 0x6108, 0x8210, 0x6108,
  0x4108, 0x0000, 0x0000, 0x2000, 0x2000, 0x2000, 0x2000, 0x0000, 0x0000, 0x0000, 0x0000, 0x0000,
  0x0000, 0x0000, 0x0000, 0x0000, 0x0000, 0x0000, 0x0000, 0x0000, 0x0000, 0x0000, 0x0000, 0x0000,
  0x0000, 0x0000, 0x0000, 0x0000, 0x0000, 0x0000, 0x0000, 0x0000, 0x0000, 0x0000, 0x0000, 0x0000,
  0x0000, 0x0000, 0x0000, 0x0000, 0x0000, 0x0000, 0x0000, 0x0000, 0x0000, 0x0000, 0x0000, 0x0000,
  0x0000, 0x0000, 0x0000, 0x0000, 0x0000, 0x0000, 0x0000, 0x0000, 0x0000, 0x0000, 0x0000, 0x0000,
  0x0000, 0x0000, 0x0000, 0x0000, 0x0000, 0x0000, 0x0000, 0x0000, 0x0000, 0x0000, 0x0000, 0x0000,
  0x0000, 0x0000, 0x0000, 0x0000, 0x0000, 0x0000, 0x0000, 0x0000, 0x0000, 0x0000, 0x0000, 0x0000,
  0x0000, 0x0000, 0x0000, 0x0000, 0x0000, 0x0000, 0x0000, 0x0000, 0x0000, 0x0000, 0x0000, 0x0000,
  0x0000, 0x0000, 0x0000, 0x0000, 0x0000, 0x0000, 0x0000, 0x4108, 0x6108, 0x6108, 0x6108, 0x2000,
  0x0000, 0x0000, 0x0000, 0x4108, 0x6108, 0x8210, 0x6108, 0x4108, 0x0000, 0x0000, 0x0000, 0x0000,
  0x0000, 0x0000, 0x0000, 0x0000, 0x0000, 0x0000, 0x0000, 0x0000, 0x0000, 0x0000, 0x0000, 0x0000,
  0x0000, 0x0000, 0x0000, 0x0000, 0x0000, 0x0000, 0x0000, 0x0000, 0x0000, 0x0000, 0x0000, 0x0000,
  0x0000, 0x0000, 0x0000, 0x0000, 0x0000, 0x0000, 0x0000, 0x0000, 0x0000, 0x0000, 0x0000, 0x0000,
  0x0000, 0x0000, 0x0000, 0x0000, 0x0000, 0x0000, 0x0000, 0x0000, 0x0000, 0x0000, 0x0000, 0x0000,
  0x0000, 0x0000, 0x0000, 0x0000, 0x0000, 0x0000, 0x0000, 0x0000, 0x0000, 0x0000, 0x0000, 0x0000,
  0x0000, 0x0000, 0x0000, 0x0000, 0x0000, 0x0000, 0x0000, 0x0000, 0x0000, 0x0000, 0x0000, 0x0000,
  0x0000, 0x0000, 0x0000, 0x0000, 0x0000, 0x0000, 0x0000, 0x0000, 0x0000, 0x0000, 0x0000, 0x0000,
  0x0000, 0x0000, 0x0000, 0x0000, 0x0000, 0x0000, 0x0000, 0x0000, 0x0000, 0x0000, 0x0000, 0x0000,
  0x0000, 0x0000, 0x4108, 0x6108, 0x8210, 0x6108, 0x0000, 0x0000, 0x0000, 0x0000, 0x2000, 0x4108,
  0x6108, 0x8210, 0x6108, 0x2000, 0x0000, 0x0000, 0x0000, 0x0000, 0x0000, 0x0000, 0x0000, 0x0000,
  0x0000, 0x0000, 0x0000, 0x0000, 0x0000, 0x0000, 0x0000, 0x0000, 0x0000, 0x0000, 0x0000, 0x0000,
  0x0000, 0x0000, 0x0000, 0x0000, 0x0000, 0x0000, 0x0000, 0x0000, 0x0000, 0x0000, 0x0000, 0x0000,
  0x0000, 0x0000, 0x0000, 0x0000, 0x0000, 0x0000, 0x0000, 0x0000, 0x0000, 0x0000, 0x0000, 0x0000,
  0x0000, 0x0000, 0x0000, 0x0000, 0x0000, 0x0000, 0x0000, 0x0000, 0x0000, 0x0000, 0x0000, 0x0000,
  0x0000, 0x0000, 0x0000, 0x0000, 0x0000, 0x0000, 0x0000, 0x0000, 0x0000, 0x0000, 0x0000, 0x0000,
  0x0000, 0x0000, 0x0000, 0x0000, 0x0000, 0x0000, 0x0000, 0x0000, 0x0000, 0x0000, 0x0000, 0x0000,
  0x0000, 0x0000, 0x0000, 0x0000, 0x0000, 0x0000, 0x0000, 0x0000, 0x0000, 0x0000, 0x0000, 0x0000,
  0x0000, 0x2000, 0x4108, 0x2000, 0x0000, 0x0000, 0x2000, 0x2000, 0x0000, 0x4108, 0x6108, 0x8210,
  0x6108, 0x2000, 0x0000, 0x0000, 0x0000, 0x0000, 0x2000, 0x6108, 0x8210, 0x6108, 0x2000, 0x0000,
  0x0000, 0x0000, 0x0000, 0x0000, 0x0000, 0x0000, 0x0000, 0x0000, 0x0000, 0x0000, 0x0000, 0x0000,
  0x0000, 0x0000, 0x0000, 0x0000, 0x0000, 0x0000, 0x0000, 0x0000, 0x0000, 0x0000, 0x0000, 0x0000,
  0x0000, 0x0000, 0x0000, 0x0000, 0x0000, 0x0000, 0x0000, 0x0000, 0x0000, 0x0000, 0x0000, 0x0000,
  0x0000, 0x0000, 0x0000, 0x0000, 0x0000, 0x0000, 0x0000, 0x0000, 0x0000, 0x0000, 0x0000, 0x0000,
  0x0000, 0x0000, 0x0000, 0x0000, 0x0000, 0x0000, 0x0000, 0x0000, 0x0000, 0x0000, 0x0000, 0x0000,
  0x0000, 0x0000, 0x0000, 0x0000, 0x0000, 0x0000, 0x0000, 0x0000, 0x0000, 0x0000, 0x0000, 0x0000,
  0x0000, 0x0000, 0x0000, 0x0000, 0x0000, 0x0000, 0x0000, 0x0000, 0x0000, 0x0000, 0x0000, 0x0000,
  0x0000, 0x0000, 0x0000, 0x0000, 0x0000, 0x0000, 0x0000, 0x2000, 0x6108, 0x8210, 0x6108, 0x2000,
  0x4108, 0x4108, 0x4108, 0x2000, 0x2000, 0x6108, 0x8210, 0x6108, 0x4108, 0x0000, 0x0000, 0x0000,
  0x0000, 0x2000, 0x6108, 0x8210, 0x6108, 0x2000, 0x0000, 0x0000, 0x0000, 0x0000, 0x0000, 0x0000,
  0x0000, 0x0000, 0x0000, 0x0000, 0x0000, 0x0000, 0x0000, 0x0000, 0x0000, 0x0000, 0x0000, 0x0000,
  0x0000, 0x0000, 0x0000, 0x0000, 0x0000, 0x0000, 0x0000, 0x0000, 0x0000, 0x0000, 0x0000, 0x0000,
  0x0000, 0x0000, 0x0000, 0x0000, 0x0000, 0x0000, 0x0000, 0x0000, 0x0000, 0x0000, 0x0000, 0x0000,
  0x0000, 0x0000, 0x0000, 0x0000, 0x0000, 0x0000, 0x0000, 0x0000, 0x0000, 0x0000, 0x0000, 0x0000,
  0x0000, 0x0000, 0x0000, 0x0000, 0x0000, 0x0000, 0x0000, 0x0000, 0x0000, 0x0000, 0x0000, 0x0000,
  0x0000, 0x0000, 0x0000, 0x0000, 0x0000, 0x0000, 0x0000, 0x0000, 0x0000, 0x0000, 0x0000, 0x0000,
  0x0000, 0x0000, 0x0000, 0x0000, 0x0000, 0x0000, 0x0000, 0x0000, 0x0000, 0x0000, 0x0000, 0x0000,
  0x0000, 0x0000, 0x2000, 0x6108, 0x8210, 0x6108, 0x6108, 0x6108, 0x8210, 0x6108, 0x2000, 0x2000,
  0x6108, 0x6108, 0x6108, 0x6108, 0x4108, 0x2000, 0x0000, 0x0000, 0x2000, 0x6108, 0x6108, 0x6108,
  0x2000, 0x0000, 0x0000, 0x0000, 0x0000, 0x0000, 0x0000, 0x0000, 0x0000, 0x0000, 0x0000, 0x0000,
  0x0000, 0x0000, 0x0000, 0x0000, 0x0000, 0x0000, 0x0000, 0x0000, 0x0000, 0x0000, 0x0000, 0x0000,
  0x0000, 0x0000, 0x0000, 0x0000, 0x0000, 0x0000, 0x0000, 0x0000, 0x0000, 0x0000, 0x0000, 0x0000,
  0x0000, 0x0000, 0x0000, 0x0000, 0x0000, 0x0000, 0x0000, 0x0000, 0x0000, 0x0000, 0x0000, 0x0000,
  0x0000, 0x0000, 0x0000, 0x0000, 0x0000, 0x0000, 0x0000, 0x0000, 0x0000, 0x2000, 0x0000, 0x2000,
  0x0108, 0x0100, 0x0000, 0x0000, 0x0000, 0x0000, 0x0000, 0x0000, 0x0000, 0x0000, 0x0000, 0x0000,
  0x0000, 0x0000, 0x0000, 0x0000, 0x0000, 0x0000, 0x0000, 0x0000, 0x0000, 0x0000, 0x0000, 0x0000,
  0x0000, 0x0000, 0x0000, 0x0000, 0x0000, 0x0000, 0x0000, 0x0000, 0x0000, 0x2000, 0x6108, 0x8210,
  0x6108, 0x6108, 0x6108, 0x8210, 0x6108, 0x2000, 0x0000, 0x4108, 0x6108, 0x6110, 0x6210, 0x6208,
  0x6108, 0x4108, 0x6108, 0x6108, 0x8210, 0x6108, 0x4108, 0x0000, 0x0000, 0x0000, 0x0000, 0x0000,
  0x0000, 0x0000, 0x0000, 0x0000, 0x0000, 0x0000, 0x0000, 0x0000, 0x0000, 0x0000, 0x0000, 0x0000,
  0x0000, 0x0000, 0x0000, 0x0000, 0x0000, 0x0000, 0x0000, 0x0000, 0x0000, 0x0000, 0x0000, 0x0000,
  0x0000, 0x0000, 0x0000, 0x0000, 0x0000, 0x0000, 0x0000, 0x0000, 0x0000, 0x0000, 0x0000, 0x0000,
  0x0000, 0x0000, 0x0000, 0x0000, 0x0000, 0x0000, 0x0000, 0x0000, 0x0000, 0x0000, 0x0000, 0x0000,
  0x0000, 0x0000, 0x0000, 0x0000, 0x2008, 0x0000, 0x2008, 0x4758, 0x6750, 0x2010, 0x0000, 0x0000,
  0x0000, 0x2000, 0x0000, 0x0000, 0x0000, 0x0000, 0x0000, 0x0000, 0x0000, 0x0000, 0x0000, 0x0000,
  0x0000, 0x0000, 0x0000, 0x0000, 0x0000, 0x0000, 0x0000, 0x0000, 0x0000, 0x0000, 0x0000, 0x0000,
  0x0000, 0x4108, 0x0000, 0x0000, 0x0000, 0x2000, 0x8210, 0x8210, 0x6108, 0x6108, 0x8108, 0x4100,
  0x2000, 0x0000, 0x2100, 0x2010, 0x4010, 0x6210, 0x8208, 0x8110, 0x6108, 0x8108, 0x8108, 0x6108,
  0x4108, 0x0000, 0x0000, 0x0000, 0x0000, 0x0000, 0x0000, 0x0000, 0x0000, 0x0000, 0x0000, 0x0000,
  0x0000, 0x0000, 0x0000, 0x0000, 0x0000, 0x0000, 0x0000, 0x0000, 0x0000, 0x0000, 0x0000, 0x0000,
  0x0000, 0x0000, 0x0000, 0x0000, 0x0000, 0x0000, 0x0000, 0x0000, 0x0000, 0x0000, 0x0000, 0x0000,
  0x0000, 0x0000, 0x0000, 0x0000, 0x0000, 0x0000, 0x0000, 0x0000, 0x0000, 0x0000, 0x0000, 0x0000,
  0x0000, 0x0000, 0x0000, 0x0000, 0x0000, 0x0000, 0x0000, 0x0000, 0x0000, 0x0000, 0x0000, 0x0008,
  0x0000, 0x2118, 0xefb8, 0x0fb9, 0x2328, 0x2100, 0x0108, 0x0000, 0x0000, 0x0008, 0x0000, 0x0000,
  0x0000, 0x0000, 0x0000, 0x0000, 0x0000, 0x0000, 0x0000, 0x0000, 0x0000, 0x0000, 0x0000, 0x0000,
  0x0000, 0x0000, 0x0000, 0x0000, 0x0000, 0x0000, 0x2000, 0x4108, 0x8210, 0x4108, 0x2000, 0x0000,
  0x2000, 0x6108, 0x6108, 0x6108, 0x6108, 0x6108, 0x6108, 0x4000, 0x2000, 0x0000, 0x2008, 0x6000,
  0x4210, 0x8208, 0x8110, 0x4110, 0x8210, 0x6108, 0x4108, 0x2000, 0x0000, 0x0000, 0x0000, 0x0000,
  0x0000, 0x0000, 0x0000, 0x0000, 0x0000, 0x0000, 0x0000, 0x0000, 0x0000, 0x0000, 0x0000, 0x0000,
  0x0000, 0x2000, 0x0000, 0x0000, 0x0000, 0x0000, 0x0000, 0x0000, 0x0000, 0x0000, 0x0000, 0x0000,
  0x0000, 0x0000, 0x0000, 0x0000, 0x0000, 0x0000, 0x0000, 0x0000, 0x0000, 0x0000, 0x0000, 0x0000,
  0x0000, 0x0000, 0x0000, 0x0000, 0x0000, 0x0000, 0x0000, 0x0000, 0x0000, 0x0000, 0x0000, 0x0000,
  0x0000, 0x0000, 0x0000, 0x0000, 0x0000, 0x2000, 0x4008, 0xa758, 0x0ea1, 0x33e1, 0xf4e0, 0xcea0,
  0x6650, 0x0108, 0x2000, 0x2000, 0x0000, 0x0008, 0x0000, 0x0000, 0x0000, 0x0000, 0x0000, 0x0000,
  0x0000, 0x0000, 0x0000, 0x0000, 0x0000, 0x0000, 0x0000, 0x0000, 0x0000, 0x0000, 0x0000, 0x0000,
  0x2000, 0x4108, 0x8210, 0x6108, 0x6108, 0x6108, 0x2000, 0x2000, 0x6108, 0x8208, 0x6108, 0x6108,
  0x6210, 0x6118, 0x4110, 0x2008, 0x2000, 0x2000, 0x2000, 0x0108, 0x2000, 0x6008, 0x4108, 0x4108,
  0x2000, 0x0000, 0x0000, 0x0000, 0x0000, 0x0000, 0x0000, 0x0000, 0x0000, 0x0000, 0x0000, 0x0000,
  0x0000, 0x0000, 0x0000, 0x0000, 0x0000, 0x0000, 0x0000, 0x0008, 0x2000, 0x0000, 0x0000, 0x2000,
  0x0000, 0x2000, 0x0000, 0x0000, 0x0000, 0x0000, 0x0000, 0x0000, 0x0000, 0x0000, 0x0000, 0x0000,
  0x0000, 0x0000, 0x0000, 0x0000, 0x0000, 0x0000, 0x0000, 0x0000, 0x0000, 0x0000, 0x0000, 0x0000,
  0x0000, 0x0000, 0x0000, 0x0000, 0x0000, 0x0000, 0x0000, 0x0000, 0x0000, 0x0000, 0x0000, 0x0000,
  0x0000, 0x0008, 0xed98, 0x35f9, 0xd4f1, 0xb4f9, 0xd3f9, 0x2b99, 0x0110, 0x0000, 0x0008, 0x0000,
  0x0008, 0x0000, 0x0000, 0x0000, 0x0000, 0x0000, 0x0000, 0x0000, 0x0000, 0x0000, 0x0000, 0x0000,
  0x0000, 0x0000, 0x0000, 0x0000, 0x0000, 0x0000, 0x2000, 0x4108, 0x6108, 0x8210, 0x8210, 0x6108,
  0x4108, 0x0000, 0x0000, 0x4108, 0x6108, 0x6108, 0x4108, 0x6110, 0x6110, 0x6110, 0x6108, 0x4218,
  0xa978, 0xab80, 0x8758, 0x0110, 0x0000, 0x2000, 0x0000, 0x0000, 0x0000, 0x0000, 0x0000, 0x0000,
  0x0000, 0x0000, 0x0000, 0x0000, 0x0000, 0x0000, 0x0000, 0x0000, 0x0000, 0x0000, 0x0000, 0x0000,
  0x0000, 0x0000, 0x0008, 0x2000, 0x2008, 0x0000, 0x2000, 0x2000, 0x0000, 0x0000, 0x0000, 0x0000,
  0x0000, 0x0000, 0x0000, 0x0000, 0x0000, 0x0000, 0x0000, 0x0000, 0x0000, 0x0000, 0x0000, 0x0000,
  0x0000, 0x0000, 0x0000, 0x0000, 0x0000, 0x0000, 0x0000, 0x0000, 0x0000, 0x0000, 0x0000, 0x0000,
  0x0000, 0x0000, 0x0000, 0x0000, 0x0000, 0x0000, 0x0000, 0x2000, 0x2208, 0xae98, 0x54f9, 0x9bf5,
  0xf9f5, 0x52fc, 0x2b8a, 0x2108, 0x0000, 0x0008, 0x2000, 0x2000, 0x2000, 0x0000, 0x0000, 0x0000,
  0x0000, 0x0000, 0x0000, 0x0000, 0x0000, 0x0000, 0x0000, 0x0000, 0x0000, 0x0000, 0x0000, 0x0000,
  0x2000, 0x4108, 0x8210, 0x6108, 0x6108, 0x4108, 0x2000, 0x0000, 0x0000, 0x0000, 0x2000, 0x0000,
  0x0000, 0x4000, 0x8108, 0x8208, 0x8208, 0x8208, 0x6438, 0x51d1, 0x75f9, 0x4ea9, 0x4320, 0x0000,
  0x0000, 0x0000, 0x0000, 0x0000, 0x0000, 0x0000, 0x0000, 0x0000, 0x0000, 0x0000, 0x0000, 0x0000,
  0x0000, 0x0000, 0x0000, 0x0000, 0x0000, 0x0000, 0x0000, 0x0000, 0x0000, 0x2100, 0x0008, 0x0000,
  0x0000, 0x0000, 0x0000, 0x0008, 0x0000, 0x0000, 0x0000, 0x0000, 0x0000, 0x0000, 0x0000, 0x0000,
  0x0000, 0x0000, 0x0000, 0x0000, 0x0000, 0x0000, 0x0000, 0x0000, 0x0000, 0x0000, 0x0000, 0x0000,
  0x0000, 0x0000, 0x0000, 0x0000, 0x0000, 0x0000, 0x0000, 0x0000, 0x0000, 0x0000, 0x0000, 0x0000,
  0x0000, 0x0000, 0x2218, 0x6750, 0xcfb8, 0xb5f1, 0xfdfe, 0x3aff, 0x51fd, 0x0da3, 0x8558, 0x4220,
  0x2000, 0x0008, 0x0000, 0x0000, 0x0000, 0x0000, 0x0000, 0x0000, 0x0000, 0x0000, 0x0000, 0x0000,
  0x0000, 0x0000, 0x0000, 0x0000, 0x0000, 0x0000, 0x0000, 0x2000, 0x6108, 0x8210, 0x6108, 0x4108,
  0x0000, 0x0000, 0x0000, 0x0000, 0x0000, 0x2000, 0x2000, 0x2000, 0x2000, 0x4108, 0x4210, 0x8328,
  0xa538, 0xc750, 0x93d9, 0x96f1, 0x4ea9, 0x8318, 0x2000, 0x0000, 0x0000, 0x0000, 0x0000, 0x0000,
  0x0000, 0x0000, 0x0000, 0x0000, 0x0000, 0x0000, 0x0000, 0x0000, 0x0000, 0x0000, 0x0000, 0x0000,
  0x0000, 0x0000, 0x0000, 0x0000, 0x2108, 0x4440, 0x2218, 0x0000, 0x0008, 0x0000, 0x0000, 0x0000,
  0x0000, 0x0000, 0x0000, 0x0000, 0x0000, 0x0000, 0x0000, 0x0000, 0x0000, 0x0000, 0x0000, 0x0000,
  0x0000, 0x0000, 0x0000, 0x0000, 0x0000, 0x0000, 0x0000, 0x0000, 0x0000, 0x0000, 0x0000, 0x0000,
  0x0000, 0x0000, 0x0000, 0x0000, 0x0000, 0x0000, 0x0000, 0x0000, 0x0100, 0x6548, 0x10d1, 0x13e9,
  0xb5f9, 0xbdf6, 0x5af7, 0x70f5, 0x32eb, 0x30d9, 0x6850, 0x2100, 0x0000, 0x0000, 0x2000, 0x0000,
  0x0000, 0x0000, 0x0000, 0x0000, 0x0000, 0x0000, 0x0000, 0x0000, 0x0000, 0x0000, 0x0000, 0x0000,
  0x0000, 0x0000, 0x4108, 0x6108, 0x6108, 0x4108, 0x2000, 0x0000, 0x0000, 0x0000, 0x2000, 0x2000,
  0x4108, 0x4108, 0x4008, 0x2000, 0x0100, 0x2110, 0xea78, 0x71c1, 0x71c9, 0x95f1, 0xb6e9, 0x6ea9,
  0x6220, 0x2000, 0x6000, 0x2000, 0x0000, 0x0000, 0x0000, 0x0000, 0x0000, 0x0000, 0x0000, 0x0000,
  0x0000, 0x0000, 0x0000, 0x0000, 0x0000, 0x0108, 0x2000, 0x4000, 0x0000, 0x0000, 0x0108, 0x8750,
  0xaeb0, 0x8758, 0x2108, 0x2000, 0x2000, 0x0000, 0x0000, 0x0000, 0x0000, 0x0000, 0x0000, 0x0000,
  0x0000, 0x0000, 0x0000, 0x0000, 0x0000, 0x0000, 0x0000, 0x0000, 0x0000, 0x0000, 0x0000, 0x0000,
  0x0000, 0x0000, 0x0000, 0x0000, 0x0000, 0x0000, 0x0000, 0x0000, 0x0000, 0x0000, 0x0000, 0x0000,
  0x0000, 0x4000, 0x0000, 0x0210, 0xcda8, 0x34f1, 0x72f2, 0x33fb, 0xddfe, 0x1bff, 0x51fd, 0x30f4,
  0x50f3, 0x2669, 0x0010, 0x0008, 0x0008, 0x0000, 0x0008, 0x0008, 0x0000, 0x0000, 0x0000, 0x0000,
  0x0000, 0x0000, 0x0000, 0x0000, 0x0000, 0x0000, 0x0000, 0x0000, 0x0000, 0x4108, 0x6108, 0x8210,
  0x4108, 0x2000, 0x2000, 0x2000, 0x4108, 0x6108, 0x6108, 0x8210, 0x8210, 0x8108, 0x6108, 0x4108,
  0x2108, 0xec90, 0x94f1, 0xd5e9, 0xb5f9, 0x75f1, 0x2eb1, 0x0228, 0x0110, 0x0008, 0x2000, 0x2000,
  0x0000, 0x0000, 0x2000, 0x0000, 0x0000, 0x0000, 0x0000, 0x0000, 0x0000, 0x0000, 0x0000, 0x2108,
  0x0008, 0x0100, 0x0308, 0x2220, 0x0118, 0x4750, 0x31d9, 0x92f1, 0x31d9, 0x4750, 0x0108, 0x2208,
  0x0000, 0x0000, 0x0000, 0x0000, 0x0000, 0x0000, 0x0000, 0x0000, 0x0000, 0x0000, 0x0000, 0x0000,
  0x0000, 0x0000, 0x0000, 0x0000, 0x0000, 0x0000, 0x0000, 0x0000, 0x0000, 0x0000, 0x0000, 0x0000,
  0x0000, 0x0000, 0x0000, 0x0000, 0x0000, 0x0000, 0x2000, 0x0000, 0x0000, 0x0000, 0x2218, 0x93e9,
  0xd3e9, 0xf0f3, 0x31f5, 0x9bff, 0x5bff, 0x71f5, 0xf0fc, 0x31fd, 0x2562, 0x2110, 0x4108, 0x2008,
  0x0100, 0x2000, 0x0000, 0x0000, 0x2000, 0x0000, 0x0000, 0x0000, 0x0000, 0x0000, 0x0000, 0x0000,
  0x0000, 0x0000, 0x0000, 0x0000, 0x4108, 0x6108, 0x8210, 0x6108, 0x4108, 0x4108, 0x6108, 0x6108,
  0x8210, 0x8210, 0x8210, 0x8210, 0x6108, 0x6108, 0x6210, 0x2110, 0xcb88, 0x74f1, 0x34f9, 0x94f9,
  0x74e9, 0xeeb0, 0x4640, 0x6638, 0x2118, 0x0000, 0x0000, 0x2100, 0x0000, 0x0000, 0x0000, 0x0000,
  0x0000, 0x0000, 0x0000, 0x0000, 0x0000, 0x0000, 0x2000, 0x4000, 0x2008, 0x0110, 0x8958, 0x90c9,
  0x52e1, 0x36fa, 0xf3fb, 0x73ea, 0x12d9, 0x8548, 0x0008, 0x0000, 0x0000, 0x0000, 0x0000, 0x0000,
  0x0000, 0x0000, 0x0000, 0x0000, 0x0000, 0x0000, 0x0000, 0x0000, 0x0000, 0x0000, 0x0000, 0x0000,
  0x0000, 0x0000, 0x0000, 0x0000, 0x0000, 0x0000, 0x0000, 0x0000, 0x0000, 0x0000, 0x0000, 0x0000,
  0x0000, 0x2000, 0x0000, 0x0000, 0x0008, 0x6218, 0x15f4, 0x19fd, 0x18f6, 0xb8fe, 0x9cff, 0xbdff,
  0xd9f6, 0xd4fd, 0x2ff5, 0xcabb, 0xaa92, 0x8b89, 0xa868, 0x0110, 0x2100, 0x0000, 0x0000, 0x0000,
  0x0000, 0x0000, 0x0000, 0x0000, 0x0000, 0x0000, 0x0000, 0x0000, 0x0000, 0x0000, 0x0000, 0x2000,
  0x4108, 0x6108, 0x8210, 0x6108, 0x6108, 0x6108, 0x6108, 0x6108, 0x6108, 0x6108, 0x6108, 0x6108,
  0x8110, 0x8210, 0x4110, 0xcb88, 0x34e9, 0x34f1, 0x73e9, 0x74f9, 0x53e9, 0x32e1, 0x32e1, 0x8658,
  0x4000, 0x0000, 0x0000, 0x0000, 0x0000, 0x0000, 0x0000, 0x0000, 0x0000, 0x0000, 0x0000, 0x0000,
  0x0000, 0x0108, 0x4000, 0x0008, 0x8658, 0x50ca, 0xf1f2, 0x18f3, 0xdbfd, 0xdbf6, 0xfaf5, 0xd7fa,
  0x11c1, 0x6868, 0x2108, 0x0000, 0x0000, 0x0000, 0x0000, 0x0000, 0x0000, 0x0000, 0x0000, 0x0000,
  0x0000, 0x0000, 0x0000, 0x0000, 0x0000, 0x0000, 0x0000, 0x0000, 0x0000, 0x0000, 0x0000, 0x0000,
  0x0000, 0x0000, 0x0000, 0x0000, 0x0000, 0x0000, 0x0000, 0x0000, 0x0000, 0x0000, 0x0000, 0x0000,
  0x8218, 0x54f5, 0x1bff, 0x5cf7, 0x5cff, 0x9fff, 0xdfff, 0xfeff, 0xf9fe, 0x52ed, 0x91fd, 0x13fd,
  0x54f3, 0xf1c1, 0x4538, 0x2430, 0x2430, 0x2210, 0x2000, 0x0000, 0x0008, 0x0000, 0x0000, 0x0000,
  0x0000, 0x0000, 0x0000, 0x0000, 0x0000, 0x0000, 0x0000, 0x2000, 0x4108, 0x6108, 0x8210, 0x6108,
  0x6108, 0x6108, 0x6108, 0x4108, 0x4108, 0x2100, 0x6108, 0x8210, 0x8208, 0x6210, 0xcc90, 0x34e9,
  0x14f1, 0x53e9, 0x54f9, 0x53f1, 0x54f1, 0x34f1, 0x8860, 0x2100, 0x0008, 0x2000, 0x4000, 0x0000,
  0x0000, 0x0000, 0x0000, 0x0000, 0x0000, 0x0000, 0x0000, 0x0000, 0x0000, 0x0100, 0x4210, 0x8978,
  0xf4e9, 0x15f4, 0x5cfd, 0xdaf4, 0xfdfe, 0xfbf4, 0x3cfd, 0x15fb, 0x2fc9, 0x6650, 0x2100, 0x0000,
  0x0000, 0x0000, 0x0000, 0x0000, 0x0000, 0x0000, 0x0000, 0x0000, 0x0000, 0x0000, 0x0000, 0x0000,
  0x0000, 0x0000, 0x0000, 0x0000, 0x0000, 0x0000, 0x0000, 0x0000, 0x0000, 0x0000, 0x0000, 0x0000,
  0x0000, 0x0000, 0x0000, 0x0000, 0x0000, 0x2000, 0x2000, 0x4218, 0x70f3, 0x73f5, 0x72f5, 0x93fd,
  0x5dff, 0xfef7, 0xfeff, 0xbdff, 0x5cf7, 0x5cff, 0x3bff, 0xdcfe, 0x1ae5, 0x91c9, 0x0fc9, 0x0db1,
  0x6650, 0x0108, 0x0000, 0x0008, 0x0000, 0x0000, 0x0000, 0x0000, 0x0000, 0x0000, 0x0000, 0x0000,
  0x0000, 0x0000, 0x2000, 0x4108, 0x4108, 0x6108, 0x6108, 0x4108, 0x4108, 0x2000, 0x0000, 0x0000,
  0x0000, 0x4108, 0x6108, 0x6208, 0x6210, 0xcc90, 0x54f1, 0x34f1, 0x54f1, 0x35f9, 0x54f9, 0x54f1,
  0x55f1, 0x0ea9, 0xab90, 0x6980, 0x2330, 0x0008, 0x0000, 0x2000, 0x0000, 0x0000, 0x0000, 0x0000,
  0x0000, 0x0000, 0x0000, 0x0000, 0x0208, 0x6860, 0x10c9, 0x57f3, 0x7bee, 0x7ff7, 0x5cf6, 0x3cff,
  0xbef6, 0x7ef7, 0x5cfe, 0xd7ea, 0xaa78, 0x0108, 0x0000, 0x0000, 0x2000, 0x0000, 0x0000, 0x0000,
  0x0000, 0x0000, 0x0000, 0x0000, 0x0000, 0x0000, 0x0000, 0x0000, 0x0000, 0x0000, 0x0000, 0x0000,
  0x0000, 0x0000, 0x0000, 0x0000, 0x0000, 0x0000, 0x0000, 0x0000, 0x0000, 0x0000, 0x0100, 0x0000,
  0x0008, 0x0000, 0x4318, 0x14fa, 0x10fc, 0xcffc, 0x0efd, 0x9dff, 0xdfff, 0xdfff, 0x9eff, 0x1aff,
  0x39ff, 0x3cff, 0x7dfe, 0x39e5, 0x4ec1, 0xafc0, 0x0eb1, 0x6648, 0x0100, 0x2000, 0x0008, 0x0000,
  0x0000, 0x0000, 0x0000, 0x0000, 0x0000, 0x0000, 0x0000, 0x0000, 0x0000, 0x0000, 0x0000, 0x0000,
  0x0000, 0x0000, 0x0000, 0x0000, 0x0000, 0x0000, 0x2000, 0x2100, 0x6208, 0x6208, 0xa310, 0x6210,
  0xab88, 0x54f1, 0x54f9, 0x33e9, 0x55e9, 0x34f9, 0x53f1, 0x55f9, 0x33f1, 0x34e9, 0x10c9, 0x4638,
  0x2000, 0x0000, 0x2000, 0x0008, 0x0000, 0x0000, 0x0000, 0x0000, 0x0000, 0x0000, 0x2000, 0x0008,
  0x6228, 0xeda9, 0xb5f3, 0x5bfd, 0x1eff, 0x5cfc, 0xdefe, 0x7af5, 0x1dff, 0x19fd, 0x75ea, 0xa980,
  0x0100, 0x0000, 0x0000, 0x0000, 0x0000, 0x0000, 0x0000, 0x0000, 0x0000, 0x0000, 0x0000, 0x0000,
  0x0000, 0x0000, 0x0000, 0x0000, 0x0000, 0x0000, 0x0000, 0x0000, 0x0000, 0x0000, 0x0000, 0x0000,
  0x0000, 0x0000, 0x0000, 0x0000, 0x0000, 0x0000, 0x0000, 0x0008, 0x0000, 0x2420, 0x73f1, 0xb3f1,
  0x91f3, 0xd1fc, 0x7bff, 0xddff, 0xdfff, 0xd8fe, 0x10fd, 0xf0fc, 0x71f4, 0x52f2, 0xf0b0, 0x4210,
  0x0008, 0x0000, 0x0000, 0x2100, 0x2100, 0x0000, 0x0000, 0x0000, 0x0000, 0x0000, 0x0000, 0x0000,
  0x0000, 0x0000, 0x0000, 0x0000, 0x0000, 0x0000, 0x0000, 0x0000, 0x0000, 0x0000, 0x0000, 0x0000,
  0x0000, 0x0000, 0x2108, 0x6210, 0x6108, 0x6108, 0x4108, 0xeb88, 0x53f1, 0x33f9, 0x93e9, 0x73e9,
  0x53e9, 0x33f9, 0x33f1, 0x74e9, 0x55f1, 0x31d1, 0x6648, 0x4110, 0x0008, 0x0000, 0x0000, 0x2000,
  0x0000, 0x0000, 0x0000, 0x0000, 0x2000, 0x6008, 0x0100, 0x4100, 0x4439, 0xedb9, 0xb5f2, 0xdaec,
  0x38f5, 0xfefe, 0x3af5, 0xbafc, 0x76ea, 0xadb0, 0x8448, 0x0000, 0x2000, 0x2000, 0x0000, 0x0000,
  0x0000, 0x0000, 0x0000, 0x0000, 0x0000, 0x0000, 0x0000, 0x0000, 0x0000, 0x0000, 0x0000, 0x0000,
  0x0000, 0x0000, 0x0000, 0x0000, 0x0000, 0x0000, 0x0000, 0x0000, 0x0000, 0x0000, 0x0000, 0x0000,
  0x0000, 0x0000, 0x0000, 0x2000, 0x0210, 0xeeb0, 0x53f1, 0xd1ea, 0x90f3, 0xf6fd, 0xdafe, 0xbeff,
  0xb8fe, 0x30f5, 0xaabb, 0x8a92, 0x4a91, 0x8970, 0x0108, 0x0000, 0x0000, 0x0000, 0x0000, 0x0000,
  0x0000, 0x0000, 0x0000, 0x0000, 0x0000, 0x0000, 0x0000, 0x0000, 0x0000, 0x0000, 0x0000, 0x0000,
  0x0000, 0x0000, 0x0000, 0x0000, 0x0000, 0x0000, 0x0000, 0x2000, 0x4108, 0x8208, 0x8210, 0x8108,
  0x4008, 0x0108, 0xcc90, 0x34f1, 0x55f1, 0x54f1, 0x35f1, 0x55f9, 0x34f9, 0x54f9, 0x34f9, 0x15f9,
  0x34e9, 0xf0c8, 0xefb8, 0x8a80, 0x0100, 0x0000, 0x0000, 0x0000, 0x0000, 0x2000, 0x2000, 0x0108,
  0x0000, 0x4008, 0x0000, 0x0008, 0x8540, 0x2da9, 0x35fa, 0xbcfd, 0x3df7, 0xbbfd, 0x35f2, 0xefb8,
  0x2638, 0x2200, 0x0000, 0x0000, 0x0000, 0x0000, 0x0000, 0x0000, 0x0000, 0x0000, 0x0000, 0x0000,
  0x0000, 0x0000, 0x0000, 0x0000, 0x0000, 0x0000, 0x0000, 0x0000, 0x0000, 0x0000, 0x0000, 0x0000,
  0x0000, 0x0000, 0x0000, 0x0000, 0x0000, 0x0000, 0x0000, 0x0000, 0x0000, 0x0000, 0x0000, 0x0100,
  0x4860, 0x12d9, 0x55e9, 0x92f1, 0x31fc, 0x93f5, 0x7dff, 0x59fe, 0xefe4, 0xe461, 0x2000, 0x2000,
  0x0008, 0x0000, 0x0000, 0x0000, 0x0000, 0x0000, 0x0000, 0x0000, 0x0000, 0x0000, 0x0000, 0x0000,
  0x0000, 0x0000, 0x0000, 0x0000, 0x0000, 0x0000, 0x0000, 0x0000, 0x0000, 0x0000, 0x0000, 0x2000,
  0x2000, 0x4108, 0x6108, 0x6108, 0x6210, 0x4110, 0x4110, 0x2000, 0x0208, 0xcc90, 0x53f1, 0x54f1,
  0x14f9, 0x34f9, 0x54f1, 0x54e9, 0x74f1, 0x54f1, 0x74f1, 0x74e9, 0x34f9, 0x55f9, 0xcea8, 0x0100,
  0x2000, 0x0000, 0x2000, 0x0000, 0x0000, 0x0000, 0x0000, 0x0100, 0x2000, 0x2000, 0x0100, 0x0108,
  0x4548, 0xceb0, 0x15fa, 0x9bf4, 0x75ea, 0xeeb0, 0x4438, 0x0000, 0x4000, 0x0000, 0x0000, 0x0000,
  0x0000, 0x0000, 0x0000, 0x0000, 0x0000, 0x0000, 0x0000, 0x0000, 0x0000, 0x0000, 0x0000, 0x0000,
  0x0000, 0x0000, 0x0000, 0x0000, 0x0000, 0x0000, 0x0000, 0x0000, 0x0000, 0x0000, 0x0000, 0x0000,
  0x0000, 0x0000, 0x0000, 0x0000, 0x0000, 0x0000, 0x2000, 0x2218, 0x6748, 0xefb8, 0x54f9, 0x52f2,
  0xd5fb, 0x3df7, 0x33b5, 0x0552, 0xa218, 0x0100, 0x2000, 0x2000, 0x2000, 0x0000, 0x0000, 0x0000,
  0x0000, 0x0000, 0x0000, 0x0000, 0x0000, 0x0000, 0x2000, 0x2000, 0x4108, 0x2000, 0x2000, 0x2000,
  0x0000, 0x0000, 0x2000, 0x0000, 0x0000, 0x0000, 0x0000, 0x2000, 0x6108, 0x8210, 0x8210, 0x6108,
  0x4208, 0x2108, 0x0000, 0x0108, 0x8868, 0xeda8, 0x0ea9, 0x0eb1, 0x2ea9, 0xf0c8, 0x33f1, 0x34f1,
  0x34f9, 0x54f1, 0x54f9, 0x34f9, 0x74f9, 0x2fb9, 0x4650, 0x6550, 0x2328, 0x2000, 0x0008, 0x0008,
  0x0000, 0x2000, 0x0100, 0x0000, 0x2000, 0x0000, 0x2000, 0x2108, 0x4430, 0x2db1, 0x10b9, 0x0ea1,
  0x6540, 0x2008, 0x0000, 0x0000, 0x0000, 0x0000, 0x0000, 0x0000, 0x0000, 0x0000, 0x0000, 0x0000,
  0x0000, 0x0000, 0x0000, 0x0000, 0x0000, 0x0000, 0x0000, 0x0000, 0x0000, 0x0000, 0x0000, 0x0000,
  0x0000, 0x0000, 0x0000, 0x0000, 0x0000, 0x0000, 0x0000, 0x0000, 0x0000, 0x0000, 0x0000, 0x0000,
  0x0008, 0x0000, 0x2000, 0x4108, 0xac98, 0x14e1, 0x33e9, 0xd7fa, 0xfefe, 0xd18c, 0x8108, 0x0108,
  0x0108, 0x0000, 0x0100, 0x0000, 0x0000, 0x0000, 0x0000, 0x0000, 0x0000, 0x0000, 0x0000, 0x2000,
  0x4108, 0x6108, 0x6108, 0x6108, 0x6108, 0x4110, 0x2108, 0x2000, 0x2000, 0x2000, 0x0000, 0x0008,
  0x0000, 0x0000, 0x0000, 0x4108, 0x6108, 0x6108, 0x4108, 0x0100, 0x0008, 0x0000, 0x0000, 0x0110,
  0x2210, 0x0110, 0x2110, 0x2218, 0x6860, 0x52e9, 0x54f9, 0x74f9, 0x75e1, 0x55f9, 0x14f1, 0x54f1,
  0x54f1, 0x12e9, 0x31d9, 0xa868, 0x4108, 0x0000, 0x2008, 0x0000, 0x0000, 0x0000, 0x0100, 0x0000,
  0x2008, 0x2000, 0x2000, 0x2000, 0x2108, 0x0110, 0x0110, 0x0000, 0x0100, 0x0108, 0x0000, 0x0000,
  0x0000, 0x0000, 0x0000, 0x0000, 0x0000, 0x0000, 0x0000, 0x0000, 0x0000, 0x0000, 0x0000, 0x0000,
  0x0000, 0x0000, 0x0000, 0x0000, 0x0000, 0x0000, 0x0000, 0x0000, 0x0000, 0x0000, 0x0000, 0x0000,
  0x0000, 0x0000, 0x0000, 0x0000, 0x0000, 0x0000, 0x2000, 0x0008, 0x0000, 0x2000, 0x0000, 0x0210,
  0x2528, 0x50c1, 0xf6fa, 0xfcf6, 0x5194, 0x4110, 0x0100, 0x0000, 0x0008, 0x0108, 0x2000, 0x0000,
  0x0000, 0x0000, 0x0000, 0x0000, 0x0000, 0x2000, 0x4108, 0x6108, 0x8210, 0x8210, 0x8210, 0x8210,
  0x6108, 0x4108, 0x2210, 0x0110, 0x0108, 0x0000, 0x0000, 0x0000, 0x0000, 0x0000, 0x0000, 0x0000,
  0x2000, 0x2000, 0x2000, 0x0000, 0x0000, 0x0000, 0x2000, 0x4000, 0x2000, 0x4000, 0x0000, 0x6750,
  0x53e9, 0x34f9, 0x54f1, 0x34f1, 0x54f9, 0x34f1, 0x55f1, 0x35f9, 0x35f1, 0x33e9, 0x8970, 0x0100,
  0x0000, 0x2000, 0x0000, 0x2000, 0x0000, 0x0000, 0x2100, 0x0000, 0x2000, 0x0000, 0x0000, 0x0100,
  0x0008, 0x2000, 0x0000, 0x2000, 0x2000, 0x0000, 0x0000, 0x0000, 0x0000, 0x0000, 0x0000, 0x0000,
  0x0000, 0x0000, 0x0000, 0x0000, 0x0000, 0x0000, 0x0000, 0x0000, 0x0000, 0x0000, 0x0000, 0x0000,
  0x0000, 0x0000, 0x0000, 0x0000, 0x0000, 0x0000, 0x0000, 0x0000, 0x0000, 0x0000, 0x0000, 0x0000,
  0x0000, 0x0000, 0x0000, 0x0000, 0x0000, 0x0008, 0x2000, 0x2108, 0xf0c8, 0x56fa, 0x5bfd, 0x9183,
  0x6110, 0x0000, 0x2000, 0x0000, 0x0100, 0x0000, 0x0000, 0x0000, 0x0000, 0x0000, 0x0000, 0x0000,
  0x4100, 0x6108, 0x6210, 0x8210, 0x6108, 0x6108, 0x8210, 0xa108, 0xa210, 0xe750, 0xc978, 0x8758,
  0x2218, 0x2000, 0x0000, 0x0000, 0x0000, 0x0000, 0x0000, 0x0000, 0x0000, 0x0000, 0x2000, 0x0000,
  0x0000, 0x0000, 0x0000, 0x0000, 0x2000, 0x2000, 0x6750, 0x32e1, 0x34f1, 0x55f1, 0x54f9, 0x53e9,
  0x54f1, 0x54f1, 0x14f9, 0x54f1, 0x33e9, 0x8970, 0x0108, 0x0008, 0x0000, 0x0000, 0x0000, 0x0000,
  0x0000, 0x0000, 0x0000, 0x0000, 0x2000, 0x2000, 0x0000, 0x0000, 0x2000, 0x0000, 0x0000, 0x0000,
  0x0000, 0x0000, 0x0000, 0x0000, 0x0000, 0x0000, 0x0000, 0x0000, 0x0000, 0x0000, 0x0000, 0x0000,
  0x0000, 0x0000, 0x0000, 0x0000, 0x0000, 0x0000, 0x0000, 0x0000, 0x0000, 0x0000, 0x0000, 0x0000,
  0x0000, 0x0000, 0x0000, 0x0000, 0x0000, 0x0000, 0x0000, 0x0000, 0x0000, 0x0000, 0x0000, 0x0000,
  0x2108, 0x2000, 0x0208, 0xf0c8, 0x74f1, 0xd4f1, 0x4b81, 0x0118, 0x0000, 0x2000, 0x0000, 0x0000,
  0x0000, 0x0000, 0x0000, 0x0000, 0x0000, 0x0000, 0x0000, 0x6108, 0x8108, 0x6110, 0x4110, 0x0008,
  0x4000, 0x6110, 0xa210, 0x6208, 0x2ca1, 0x54f9, 0xf0c0, 0x4328, 0x2000, 0x0000, 0x0000, 0x0000,
  0x0000, 0x0000, 0x0000, 0x0000, 0x0000, 0x0000, 0x0000, 0x0000, 0x0000, 0x0000, 0x0000, 0x0000,
  0x4000, 0x6750, 0x32e9, 0x33f9, 0x56f1, 0x54f9, 0x54f1, 0x54f1, 0x54f1, 0x53f9, 0x34f9, 0x33f1,
  0x8970, 0x0008, 0x0000, 0x0000, 0x0000, 0x0000, 0x0000, 0x0000, 0x0000, 0x0000, 0x0000, 0x0000,
  0x2000, 0x0000, 0x0000, 0x0000, 0x0000, 0x0000, 0x0000, 0x0000, 0x0000, 0x0000, 0x0000, 0x0000,
  0x0000, 0x0000, 0x0000, 0x0000, 0x0000, 0x0000, 0x0000, 0x0000, 0x0000, 0x0000, 0x0000, 0x0000,
  0x0000, 0x0000, 0x0000, 0x0000, 0x0000, 0x0000, 0x0000, 0x0000, 0x0000, 0x0000, 0x0000, 0x0000,
  0x0000, 0x0000, 0x0000, 0x0000, 0x0000, 0x0000, 0x0000, 0x2000, 0x0000, 0x0108, 0x6868, 0x8970,
  0x8978, 0x6540, 0x0008, 0x2000, 0x2000, 0x0000, 0x0000, 0x0000, 0x0000, 0x0000, 0x0000, 0x0000,
  0x0000, 0x0000, 0x6210, 0x8208, 0xa108, 0x2000, 0x0218, 0x6318, 0x8320, 0xa320, 0x6520, 0xec90,
  0x53e1, 0x0fb1, 0x2330, 0x2000, 0x0000, 0x0000, 0x0000, 0x0000, 0x0000, 0x0000, 0x0000, 0x0000,
  0x0000, 0x0000, 0x0000, 0x0000, 0x0000, 0x0100, 0x0100, 0x0000, 0x4750, 0x31d1, 0x51d9, 0x36f1,
  0x54f9, 0x54f1, 0x54f1, 0x54f1, 0x53f9, 0x54f9, 0x33e9, 0x8970, 0x0008, 0x0000, 0x0008, 0x0000,
  0x0000, 0x0000, 0x0000, 0x0000, 0x0000, 0x0000, 0x0000, 0x2000, 0x0000, 0x0000, 0x0000, 0x0000,
  0x0000, 0x0000, 0x0000, 0x0000, 0x0000, 0x0000, 0x0000, 0x0000, 0x0000, 0x0000, 0x0000, 0x0000,
  0x0000, 0x0000, 0x0000, 0x0000, 0x0000, 0x0000, 0x0000, 0x0000, 0x0000, 0x0000, 0x0000, 0x0000,
  0x0000, 0x0000, 0x0000, 0x0000, 0x0000, 0x0000, 0x0000, 0x0000, 0x0000, 0x0000, 0x0000, 0x0000,
  0x0000, 0x0000, 0x0000, 0x2000, 0x0000, 0x0008, 0x0000, 0x0108, 0x0100, 0x0000, 0x2000, 0x0000,
  0x0000, 0x0000, 0x0000, 0x0000, 0x0000, 0x0000, 0x0000, 0x0000, 0x0000, 0x6210, 0x6110, 0x8100,
  0x4320, 0x2ea1, 0x72c9, 0x71c9, 0x52d1, 0x10c1, 0x6870, 0xa538, 0xa430, 0x2110, 0x0200, 0x0000,
  0x0000, 0x0000, 0x0000, 0x0000, 0x0000, 0x0000, 0x0000, 0x0000, 0x0000, 0x0000, 0x0000, 0x0000,
  0x0000, 0x2008, 0x2008, 0x2210, 0x4428, 0x6530, 0xaeb0, 0x54f9, 0x54f1, 0x54f1, 0x54f1, 0x54f9,
  0x54f9, 0x33e9, 0x8970, 0x0008, 0x0000, 0x0000, 0x0000, 0x0000, 0x0000, 0x0000, 0x0000, 0x0000,
  0x0000, 0x0000, 0x2000, 0x0000, 0x0000, 0x0000, 0x0000, 0x0000, 0x0000, 0x0000, 0x0000, 0x0000,
  0x0000, 0x0000, 0x0000, 0x0000, 0x0000, 0x0000, 0x0000, 0x0000, 0x0000, 0x0000, 0x0000, 0x0000,
  0x0000, 0x0000, 0x0000, 0x0000, 0x0000, 0x0000, 0x0000, 0x0000, 0x0000, 0x0000, 0x0000, 0x0000,
  0x0000, 0x0000, 0x0000, 0x0000, 0x0000, 0x0000, 0x0000, 0x0000, 0x0000, 0x0000, 0x0100, 0x0000,
  0x0000, 0x0008, 0x0000, 0x0000, 0x2000, 0x2000, 0x0000, 0x0000, 0x0000, 0x0000, 0x0000, 0x0000,
  0x0000, 0x0000, 0x0000, 0x0000, 0x8210, 0x8318, 0x8208, 0x6530, 0xb3e1, 0x95f9, 0x73f1, 0x73e9,
  0x53e9, 0x4760, 0x4100, 0x8208, 0x6110, 0x2000, 0x0000, 0x0000, 0x0000, 0x0000, 0x0000, 0x0000,
  0x0000, 0x0000, 0x0000, 0x0000, 0x0000, 0x0000, 0x0000, 0x0000, 0x2000, 0x2000, 0x0000, 0x2000,
  0x2000, 0xac98, 0x54f9, 0x54f9, 0x54f1, 0x54f1, 0x54f9, 0x54f9, 0x33e9, 0x8968, 0x0000, 0x0000,
  0x0000, 0x0000, 0x0000, 0x0000, 0x0000, 0x0000, 0x0000, 0x0000, 0x0000, 0x0000, 0x0000, 0x0000,
  0x0000, 0x0000, 0x0000, 0x0000, 0x0000, 0x0000, 0x0000, 0x0000, 0x0000, 0x0000, 0x0000, 0x0000,
  0x0000, 0x0000, 0x0000, 0x0000, 0x0000, 0x0000, 0x0000, 0x0000, 0x0000, 0x0000, 0x0000, 0x0000,
  0x0000, 0x0000, 0x0000, 0x0000, 0x0000, 0x0000, 0x0000, 0x0000, 0x0000, 0x0000, 0x0000, 0x0000,
  0x0000, 0x0000, 0x0000, 0x0000, 0x0000, 0x2000, 0x2008, 0x0000, 0x0000, 0x0000, 0x0000, 0x0000,
  0x0000, 0x0000, 0x0000, 0x0000, 0x0000, 0x0000, 0x0000, 0x0000, 0x0000, 0x0000, 0x2000, 0x6110,
  0xa430, 0xe648, 0xc960, 0x93e9, 0x74f1, 0x74f1, 0x53e9, 0x94e9, 0xc858, 0x8110, 0x8208, 0x6100,
  0x2000, 0x0000, 0x0000, 0x0000, 0x0000, 0x0000, 0x0000, 0x0000, 0x0000, 0x0000, 0x0000, 0x0000,
  0x0000, 0x0000, 0x0000, 0x0000, 0x2008, 0x0000, 0x0000, 0x2000, 0x0d91, 0x54f9, 0x54f9, 0x54f9,
  0x54f9, 0x54f9, 0x54f9, 0x33e9, 0x8968, 0x0000, 0x0000, 0x0000, 0x0000, 0x0000, 0x0000, 0x0000,
  0x0000, 0x0000, 0x0000, 0x0000, 0x0000, 0x0000, 0x0000, 0x0000, 0x0000, 0x0000, 0x0000, 0x0000,
  0x0000, 0x0000, 0x0000, 0x0000, 0x0000, 0x0000, 0x0000, 0x0000, 0x0000, 0x0000, 0x0000, 0x0000,
  0x0000, 0x0000, 0x0000, 0x0000, 0x0000, 0x0000, 0x0000, 0x0000, 0x0000, 0x0000, 0x0000, 0x0000,
  0x0000, 0x0000, 0x0000, 0x0000, 0x0000, 0x0000, 0x0000, 0x0000, 0x0000, 0x0000, 0x0000, 0x0000,
  0x2000, 0x0000, 0x0000, 0x0008, 0x0000, 0x0000, 0x0000, 0x0000, 0x0000, 0x0000, 0x0000, 0x0000,
  0x2100, 0x2100, 0x2000, 0x2000, 0x4108, 0x2000, 0x4218, 0x0c91, 0xb2d1, 0x72d9, 0x74f9, 0xb4f1,
  0x74f1, 0x73f1, 0x95f1, 0xe960, 0x8110, 0x6210, 0x4108, 0x0000, 0x0000, 0x0000, 0x0000, 0x0000,
  0x0000, 0x0000, 0x0000, 0x0000, 0x0000, 0x0000, 0x0000, 0x0000, 0x0000, 0x2000, 0x0000, 0x0000,
  0x2000, 0x0008, 0x0000, 0xcd98, 0x54f9, 0x54f9, 0x54f9, 0x54f9, 0x54f9, 0x54f9, 0x33e9, 0x8968,
  0x0000, 0x0000, 0x0000, 0x0000, 0x0000, 0x0000, 0x0000, 0x0000, 0x0000, 0x0000, 0x0000, 0x0000,
  0x0000, 0x0000, 0x0000, 0x0000, 0x0000, 0x0000, 0x0000, 0x0000, 0x0000, 0x0000, 0x0000, 0x0000,
  0x0000, 0x0000, 0x0000, 0x0000, 0x0000, 0x0000, 0x0000, 0x0000, 0x0000, 0x0000, 0x0000, 0x0000,
  0x0000, 0x0000, 0x0000, 0x0000, 0x0000, 0x0000, 0x0000, 0x0000, 0x0000, 0x0000, 0x0000, 0x0000,
  0x0000, 0x0000, 0x0000, 0x0000, 0x0000, 0x0000, 0x0000, 0x0000, 0x0000, 0x0000, 0x2000, 0x4108,
  0x6108, 0x4108, 0x2000, 0x0000, 0x0000, 0x2000, 0x4108, 0x6208, 0x6200, 0x6118, 0x8210, 0x6208,
  0x2108, 0x4210, 0x2e99, 0xb4f1, 0xb5f9, 0xb4f1, 0xd4e9, 0x95f9, 0x95f1, 0x95f9, 0xe960, 0x6108,
  0x4108, 0x2000, 0x2000, 0x0000, 0x0000, 0x0000, 0x0000, 0x0000, 0x0000, 0x0000, 0x2000, 0x2000,
  0x0008, 0x0000, 0x2000, 0x2100, 0x0000, 0x0100, 0x0100, 0x0000, 0x2100, 0x0208, 0xec98, 0x34f9,
  0x34f9, 0x54f1, 0x54f1, 0x54f1, 0x54f9, 0x33e9, 0x8970, 0x0000, 0x0000, 0x0000, 0x0000, 0x0000,
  0x0008, 0x2000, 0x0008, 0x2000, 0x2000, 0x2000, 0x2000, 0x0108, 0x2000, 0x0000, 0x0000, 0x0008,
  0x0000, 0x0000, 0x0000, 0x0000, 0x0000, 0x0000, 0x0000, 0x0000, 0x0000, 0x0000, 0x0000, 0x0000,
  0x0000, 0x0000, 0x0000, 0x0000, 0x0000, 0x0000, 0x0000, 0x0000, 0x0000, 0x0000, 0x0000, 0x0000,
  0x0000, 0x0000, 0x0000, 0x0000, 0x0000, 0x0000, 0x0000, 0x0000, 0x0000, 0x0000, 0x0000, 0x0000,
  0x0000, 0x0000, 0x0000, 0x0000, 0x0000, 0x4108, 0x6108, 0x6108, 0x6108, 0x4108, 0x0000, 0x0000,
  0x4108, 0x6108, 0x6210, 0xa208, 0x8110, 0x6110, 0xc740, 0x0b81, 0x0b89, 0x30c1, 0x74f1, 0x74f1,
  0xf5f9, 0xd4f1, 0xb5f1, 0xd5f1, 0xf5f9, 0xe860, 0x4108, 0x2108, 0x0000, 0x0100, 0x0000, 0x0000,
  0x0000, 0x0000, 0x0000, 0x0000, 0x0000, 0x0000, 0x0008, 0x0108, 0x0008, 0x8540, 0xaa80, 0xaa80,
  0xa970, 0xaa78, 0x8978, 0xaa78, 0x8a78, 0xd0c8, 0x54f9, 0x54f1, 0x54f1, 0x54f1, 0x34f1, 0x34f1,
  0x33e9, 0x8970, 0x0008, 0x0000, 0x0000, 0x0000, 0x0000, 0x0000, 0x0100, 0x2650, 0x6980, 0x8a80,
  0x6a80, 0xaa80, 0x6760, 0x2110, 0x0000, 0x2100, 0x0000, 0x2000, 0x0000, 0x0000, 0x0000, 0x0000,
  0x0000, 0x0000, 0x0000, 0x0000, 0x0000, 0x0000, 0x0000, 0x0000, 0x0000, 0x0000, 0x0000, 0x0000,
  0x0000, 0x0000, 0x0000, 0x0000, 0x0000, 0x0000, 0x0000, 0x0000, 0x0000, 0x0000, 0x0000, 0x0000,
  0x0000, 0x0000, 0x0000, 0x0000, 0x0000, 0x0000, 0x0000, 0x0000, 0x0000, 0x0000, 0x0000, 0x0000,
  0x4108, 0x6108, 0x6108, 0x8210, 0x6108, 0x4108, 0x4108, 0x8210, 0x8210, 0x4110, 0x8108, 0x8008,
  0x6108, 0x2b79, 0xb4f9, 0x94f9, 0x95f9, 0x95e9, 0x54f1, 0x95f9, 0xb4f1, 0x94f9, 0x74f1, 0xd5f9,
  0x8758, 0x0100, 0x2100, 0x2000, 0x0000, 0x0000, 0x0000, 0x0000, 0x0000, 0x0000, 0x0000, 0x2000,
  0x0000, 0x0000, 0x0100, 0x2108, 0xcb88, 0x54f1, 0x74f9, 0x53f1, 0x74f1, 0x54f9, 0x33f9, 0x74f1,
  0x34f9, 0x74f9, 0x54f1, 0x54f1, 0x54f1, 0x54f1, 0x54f9, 0x33e9, 0x8970, 0x0008, 0x0000, 0x0000,
  0x0000, 0x0000, 0x4100, 0x2200, 0xab88, 0x73f1, 0x54f9, 0x34f9, 0x74f9, 0x0ec1, 0x2218, 0x0000,
  0x2000, 0x2000, 0x0000, 0x0000, 0x0000, 0x0000, 0x0000, 0x0000, 0x0000, 0x0000, 0x0000, 0x0000,
  0x0000, 0x0000, 0x0000, 0x0000, 0x0000, 0x0000, 0x0000, 0x0000, 0x0000, 0x0000, 0x0000, 0x0000,
  0x0000, 0x0000, 0x0000, 0x0000, 0x0000, 0x0000, 0x0000, 0x0000, 0x0000, 0x0000, 0x0000, 0x0000,
  0x0000, 0x0000, 0x0000, 0x0000, 0x0000, 0x0000, 0x0000, 0x2000, 0x4108, 0x6108, 0x6108, 0x6108,
  0x8210, 0x6108, 0x6108, 0x8210, 0x6108, 0x2108, 0x4000, 0x6108, 0xeb80, 0xb5f9, 0xb5f1, 0xb5f9,
  0x74e9, 0x75f1, 0x33e9, 0x74f1, 0x93e9, 0x52e1, 0x52d9, 0x8750, 0x0000, 0x2000, 0x2000, 0x0000,
  0x0000, 0x0000, 0x0000, 0x0000, 0x0000, 0x0000, 0x2000, 0x0000, 0x2000, 0x2100, 0x0108, 0x8c98,
  0x34f9, 0x34f1, 0x34f1, 0x35f9, 0x34f9, 0x14f9, 0x55f9, 0x35e9, 0x54f1, 0x54f1, 0x54f1, 0x54f9,
  0x34f9, 0x34f9, 0x33e9, 0x8970, 0x0008, 0x0000, 0x0000, 0x0000, 0x0000, 0x0000, 0x0000, 0x8b90,
  0x74f9, 0x35f9, 0x34f1, 0x54f1, 0x10c1, 0x0208, 0x0000, 0x0008, 0x0000, 0x0000, 0x0000, 0x0000,
  0x0000, 0x0000, 0x0000, 0x0000, 0x0000, 0x0000, 0x0000, 0x0000, 0x0000, 0x0000, 0x0000, 0x0000,
  0x0000, 0x0000, 0x0000, 0x0000, 0x0000, 0x0000, 0x0000, 0x0000, 0x0000, 0x0000, 0x0000, 0x0000,
  0x0000, 0x0000, 0x0000, 0x0000, 0x0000, 0x0000, 0x0000, 0x0000, 0x0000, 0x0000, 0x0000, 0x0000,
  0x0000, 0x0000, 0x0000, 0x2000, 0x4108, 0x6108, 0x8210, 0x8210, 0x6108, 0x6108, 0x6108, 0x2108,
  0x0100, 0x2000, 0x2000, 0xa970, 0xb5f9, 0xd5f1, 0xb5f9, 0x94f1, 0x74f1, 0x33e9, 0x12f1, 0xeeb0,
  0x8858, 0x6648, 0x4218, 0x0000, 0x0000, 0x0000, 0x0000, 0x0000, 0x0000, 0x0000, 0x0000, 0x0000,
  0x0000, 0x0000, 0x0000, 0x2000, 0x2000, 0x2008, 0xcc90, 0x34f1, 0x54f1, 0x54f9, 0x34f9, 0x34f1,
  0x54f1, 0x34f9, 0x35f9, 0x54f9, 0x54f9, 0x34f9, 0x54f9, 0x54f9, 0x54f9, 0x53e9, 0x8970, 0x0008,
  0x0000, 0x0000, 0x0000, 0x0000, 0x0000, 0x0000, 0xcb88, 0x74f1, 0x55f1, 0x55f1, 0x54f1, 0xefc0,
  0x2210, 0x2000, 0x0000, 0x2000, 0x0000, 0x0000, 0x0000, 0x0000, 0x0000, 0x0000, 0x0000, 0x0000,
  0x0000, 0x0000, 0x0000, 0x0000, 0x0000, 0x0000, 0x0000, 0x0000, 0x0000, 0x0000, 0x0000, 0x0000,
  0x0000, 0x0000, 0x0000, 0x0000, 0x0000, 0x0000, 0x0000, 0x0000, 0x0000, 0x0000, 0x0000, 0x0000,
  0x0000, 0x0000, 0x0000, 0x0000, 0x0000, 0x0000, 0x0000, 0x0000, 0x0000, 0x0000, 0x0000, 0x0000,
  0x4108, 0x6108, 0x6108, 0x6108, 0x8210, 0x4108, 0x0008, 0x0100, 0x2000, 0x0000, 0x8970, 0x94f9,
  0xb5f9, 0x94f9, 0x94f1, 0x53e9, 0x74e9, 0x33f1, 0xac88, 0x2210, 0x0000, 0x2000, 0x0008, 0x0100,
  0x0008, 0x0100, 0x0000, 0x0000, 0x0000, 0x0000, 0x0000, 0x0000, 0x0108, 0x0000, 0x0000, 0x0108,
  0x2108, 0x0c89, 0x54f1, 0x54f1, 0x54f1, 0x34f1, 0x34f1, 0x94e9, 0x34f1, 0x54f9, 0x54f1, 0x54f1,
  0x54f9, 0x55f9, 0x54f1, 0x73f1, 0x52e1, 0x8968, 0x2008, 0x0100, 0x0000, 0x0000, 0x2000, 0x0000,
  0x0100, 0xac88, 0x34f9, 0x35f9, 0x55f9, 0x34f9, 0xeeb8, 0x2218, 0x2000, 0x0000, 0x4000, 0x2000,
  0x0000, 0x0000, 0x0000, 0x0000, 0x0000, 0x0000, 0x0000, 0x0000, 0x0000, 0x0000, 0x0000, 0x0000,
  0x0000, 0x0000, 0x0000, 0x0000, 0x0000, 0x0000, 0x0000, 0x0000, 0x0000, 0x0000, 0x0000, 0x0000,
  0x0000, 0x0000, 0x0000, 0x0000, 0x0000, 0x0000, 0x0000, 0x0000, 0x0000, 0x0000, 0x0000, 0x0000,
  0x0000, 0x0000, 0x0000, 0x0000, 0x0000, 0x0000, 0x0000, 0x0000, 0x4108, 0x8210, 0x8210, 0x6108,
  0x6108, 0x6008, 0x2000, 0x0000, 0x0000, 0xa970, 0x94e9, 0xd6f1, 0xb5f1, 0x94f9, 0x54f1, 0x54e1,
  0x54f1, 0xcda0, 0x4540, 0x4538, 0x0110, 0x0008, 0x2000, 0x2000, 0x2000, 0x0000, 0x0000, 0x0000,
  0x0000, 0x0000, 0x2110, 0x4320, 0x4430, 0x6428, 0x2540, 0x2438, 0xeda0, 0x54f9, 0x54f9, 0x34f1,
  0x75f1, 0x14f9, 0x54e9, 0x34f1, 0x54f1, 0x54f1, 0x54f1, 0x55f1, 0x54f1, 0x33e1, 0x11d9, 0xf0c8,
  0x6760, 0x2000, 0x2100, 0x0000, 0x0000, 0x0000, 0x0000, 0x2000, 0xa968, 0x30c9, 0x30c9, 0x30c1,
  0x10c9, 0xec98, 0x0118, 0x0000, 0x0000, 0x2000, 0x2000, 0x0000, 0x0000, 0x0000, 0x0000, 0x0000,
  0x0000, 0x0000, 0x0000, 0x0000, 0x0000, 0x0000, 0x0000, 0x0000, 0x0000, 0x0000, 0x0000, 0x0000,
  0x0000, 0x0000, 0x0000, 0x0000, 0x0000, 0x0000, 0x0000, 0x0000, 0x0000, 0x0000, 0x0000, 0x0000,
  0x0000, 0x0000, 0x0000, 0x0000, 0x0000, 0x0000, 0x0000, 0x0000, 0x0000, 0x0000, 0x0000, 0x0000,
  0x0000, 0x0000, 0x0000, 0x2000, 0x6108, 0x6108, 0x8108, 0xa110, 0x6108, 0x4100, 0x0000, 0x2000,
  0x6970, 0x34f9, 0xb5f9, 0xb5f9, 0x95f9, 0x33e9, 0x53f1, 0x33f9, 0x33e9, 0x53e1, 0x14f9, 0x6758,
  0x4000, 0x2000, 0x0000, 0x2000, 0x0008, 0x0100, 0x2008, 0x0000, 0x0000, 0x2210, 0x50c9, 0x13f1,
  0x13f1, 0x33e1, 0x53e9, 0x74e9, 0x54e9, 0x34f1, 0x75f1, 0x34f9, 0x34f9, 0x55f1, 0x53f9, 0x35f1,
  0x94e9, 0x14f1, 0x74f1, 0x54f9, 0xceb0, 0x2108, 0x2108, 0x2108, 0x2000, 0x0000, 0x0000, 0x0000,
  0x2000, 0x0008, 0x0008, 0x0108, 0x0108, 0x0108, 0x0108, 0x2108, 0x0218, 0x2000, 0x2000, 0x2000,
  0x0000, 0x2000, 0x0000, 0x0000, 0x0000, 0x2000, 0x0108, 0x0000, 0x0000, 0x0000, 0x2000, 0x0000,
  0x0000, 0x2000, 0x2000, 0x0000, 0x0000, 0x0000, 0x0000, 0x0000, 0x0000, 0x0000, 0x0000, 0x0000,
  0x0000, 0x0000, 0x0000, 0x0000, 0x0000, 0x0000, 0x0000, 0x0000, 0x0000, 0x0000, 0x0000, 0x0000,
  0x0000, 0x0000, 0x0000, 0x0000, 0x0000, 0x0000, 0x0000, 0x0000, 0x0000, 0x0000, 0x0000, 0x0000,
  0x4108, 0x6108, 0x6108, 0x8210, 0x6210, 0x2008, 0x2000, 0xa970, 0x94f1, 0xd5e9, 0xb5f1, 0x75f1,
  0x33e9, 0x53f1, 0x33f1, 0x54f1, 0x74f1, 0x54f9, 0x6968, 0x0108, 0x0108, 0x0000, 0x0000, 0x4000,
  0x0100, 0x0000, 0x0000, 0x0108, 0x0428, 0x31d1, 0x73f1, 0x53f9, 0x73f1, 0x32f9, 0x53f1, 0x54f1,
  0x53f1, 0x54f1, 0x54f1, 0x54f1, 0x34f9, 0x33f1, 0x55f1, 0x53f1, 0x14f9, 0x53f9, 0x54f1, 0xeea8,
  0x2100, 0x0000, 0x0000, 0x0000, 0x2000, 0x2000, 0x0000, 0x0000, 0x0000, 0x0000, 0x0000, 0x0000,
  0x0000, 0x0000, 0x2000, 0x0100, 0x0000, 0x0000, 0x0000, 0x0008, 0x0000, 0x0008, 0x2108, 0x0108,
  0x0008, 0x0008, 0x0008, 0x2008, 0x0108, 0x0100, 0x0000, 0x0000, 0x2000, 0x0000, 0x0000, 0x0000,
  0x0000, 0x0000, 0x0000, 0x0000, 0x0000, 0x0000, 0x0000, 0x0000, 0x0000, 0x0000, 0x0000, 0x0000,
  0x0000, 0x0000, 0x0000, 0x0000, 0x0000, 0x0000, 0x0000, 0x0000, 0x0000, 0x0000, 0x0000, 0x0000,
  0x2000, 0x4108, 0x4108, 0x4108, 0x4108, 0x2108, 0x2000, 0x2100, 0x4108, 0x6210, 0x8210, 0x8208,
  0x6108, 0x6108, 0xca70, 0xb5f9, 0xb5f1, 0x95f1, 0x74f1, 0x54f1, 0x34f1, 0x53f1, 0x34f1, 0x53f1,
  0x34f9, 0xcd98, 0xa970, 0x6758, 0x2110, 0x0000, 0x2000, 0x0000, 0x2008, 0x8540, 0x8970, 0x8a80,
  0x33e1, 0x34f1, 0x34f1, 0x55f9, 0x34f1, 0x53f2, 0xf3fa, 0xb2fa, 0x93f1, 0x74f1, 0x54f1, 0x54f9,
  0x34f1, 0x55f9, 0x53e9, 0x55f9, 0x54f1, 0x74f1, 0xeea8, 0x0000, 0x0000, 0x0000, 0x0000, 0x0000,
  0x0000, 0x0000, 0x0000, 0x0000, 0x0000, 0x0000, 0x0000, 0x0000, 0x0000, 0x0000, 0x0000, 0x2000,
  0x0000, 0x2000, 0x2000, 0x0108, 0x4658, 0x8970, 0x8a78, 0x8978, 0xa970, 0x8978, 0x8978, 0x8968,
  0x2318, 0x0108, 0x0000, 0x0008, 0x0000, 0x0000, 0x0000, 0x0000, 0x0000, 0x0000, 0x0000, 0x0000,
  0x0000, 0x0000, 0x0000, 0x0000, 0x0000, 0x0000, 0x0000, 0x0000, 0x0000, 0x0000, 0x0000, 0x0000,
  0x0000, 0x0000, 0x0000, 0x0000, 0x0000, 0x2000, 0x4108, 0x6108, 0x6108, 0x8210, 0x8210, 0x6210,
  0x6110, 0x4108, 0x2100, 0x2100, 0x4208, 0x4118, 0x6208, 0x8108, 0x8210, 0xeb78, 0xb5f9, 0x95f9,
  0x94f1, 0x54f1, 0x54f1, 0x34f9, 0x33f1, 0x54f1, 0x54f1, 0x35f9, 0x33e1, 0x53e9, 0xefb8, 0x4328,
  0x2000, 0x0008, 0x0008, 0x0118, 0xec90, 0x53f1, 0x32e9, 0x55f9, 0x34f9, 0x34f1, 0x35f9, 0x54f1,
  0x71f3, 0xd0fc, 0x32fc, 0xb3f9, 0x53f1, 0x54f9, 0x54f9, 0x34f1, 0x34f9, 0x54f1, 0x55f1, 0x34f1,
  0x55f9, 0xaeb0, 0x0008, 0x0000, 0x0000, 0x0000, 0x0000, 0x0000, 0x0000, 0x0000, 0x0000, 0x0000,
  0x0000, 0x0000, 0x0000, 0x0000, 0x0000, 0x0000, 0x0000, 0x0000, 0x2000, 0x2000, 0x0218, 0xedb0,
  0x53e1, 0x53e9, 0x33e9, 0x53d9, 0x33e9, 0x34f1, 0x51d1, 0x2428, 0x0000, 0x0008, 0x0008, 0x0000,
  0x0000, 0x0000, 0x0000, 0x0000, 0x0000, 0x0000, 0x0000, 0x0000, 0x0000, 0x0000, 0x0000, 0x0000,
  0x0000, 0x0000, 0x0000, 0x0000, 0x0000, 0x0000, 0x0000, 0x0000, 0x0000, 0x0000, 0x0000, 0x0000,
  0x4108, 0x6108, 0x8210, 0x8210, 0x8210, 0x8210, 0x6210, 0x6110, 0x8210, 0x6108, 0x2100, 0x2000,
  0x8110, 0xa210, 0x8108, 0x6210, 0x2b71, 0xf4e1, 0xb3e1, 0x73e9, 0x33f1, 0x74e9, 0x34f9, 0x33f1,
  0x54e9, 0x54f1, 0x35f9, 0x54f1, 0x35f9, 0xd0c8, 0x2328, 0x0000, 0x0000, 0x0000, 0x0110, 0xcda0,
  0x35f9, 0x74f1, 0x75e9, 0x35f1, 0x74f1, 0x54f9, 0x73f1, 0xaff3, 0x2efd, 0xb1fc, 0xd3f1, 0x53f9,
  0x14f9, 0x34f1, 0x54f9, 0x72e9, 0x13f9, 0x14f9, 0x33f1, 0x53e9, 0xaca0, 0x2008, 0x2000, 0x0000,
  0x0000, 0x0000, 0x0000, 0x0000, 0x0000, 0x0000, 0x0000, 0x0000, 0x0000, 0x0000, 0x0000, 0x0000,
  0x4000, 0x0000, 0x0000, 0x0000, 0x0000, 0x0218, 0xeeb0, 0x14f9, 0x14f9, 0x34f9, 0x75f9, 0x74f1,
  0x53e9, 0x51e1, 0x2538, 0x2100, 0x2000, 0x0000, 0x0000, 0x2000, 0x0000, 0x0000, 0x0000, 0x0000,
  0x0000, 0x0000, 0x0000, 0x0000, 0x0000, 0x0000, 0x0000, 0x0000, 0x0000, 0x0000, 0x0000, 0x0000,
  0x0000, 0x0000, 0x0000, 0x0000, 0x0000, 0x0000, 0x2000, 0x6108, 0x8210, 0x8210, 0x6108, 0x4108,
  0x6108, 0x6108, 0x8210, 0x8210, 0x8210, 0x6108, 0x2000, 0x0000, 0x2108, 0x6210, 0x8210, 0x8530,
  0xa750, 0x8758, 0x0fb9, 0x33f9, 0x54e9, 0x54f1, 0x54f1, 0x54f1, 0x34f1, 0x34f1, 0x74f1, 0x35f1,
  0xf1c8, 0x4330, 0x0000, 0x2000, 0x2000, 0x0110, 0xcda0, 0x55e9, 0x54f9, 0x34f9, 0x34f9, 0x72f1,
  0x33f9, 0x34f9, 0x70fb, 0xeffc, 0x50fc, 0xb3e9, 0x74f1, 0x35f9, 0x54f1, 0x54f1, 0xac98, 0x8638,
  0x6740, 0x6648, 0x6748, 0x4538, 0x0000, 0x0000, 0x0000, 0x0000, 0x0000, 0x0000, 0x0000, 0x0000,
  0x0000, 0x0000, 0x0000, 0x0000, 0x0000, 0x0000, 0x0000, 0x0000, 0x0000, 0x0000, 0x0000, 0x2000,
  0x0318, 0x0eb1, 0x54f9, 0x54f9, 0x54f1, 0x53f1, 0xcda8, 0x4750, 0x6540, 0x0108, 0x0000, 0x0000,
  0x0000, 0x0000, 0x0000, 0x0000, 0x0000, 0x0000, 0x0000, 0x0000, 0x0000, 0x0000, 0x0000, 0x0000,
  0x0000, 0x0000, 0x0000, 0x0000, 0x0000, 0x0000, 0x0000, 0x0000, 0x0000, 0x0000, 0x0000, 0x0000,
  0x0000, 0x4108, 0x6108, 0x8210, 0x4108, 0x2000, 0x0000, 0x0000, 0x4108, 0x8210, 0x6110, 0x8110,
  0x8110, 0x4008, 0x4000, 0x0100, 0x4108, 0x6110, 0x2108, 0x0008, 0x2210, 0xcc98, 0x33f1, 0x33e9,
  0x53e9, 0x74f1, 0x34f1, 0x54f9, 0x34f9, 0x54f1, 0x54f1, 0xf0c0, 0x2328, 0x0000, 0x0008, 0x0000,
  0x2110, 0xeda0, 0x34f1, 0x33f9, 0x34f9, 0x55f1, 0x54e9, 0x35f1, 0x36f9, 0x90f3, 0x2efd, 0x90fc,
  0xf4f1, 0x74e9, 0x35f1, 0x54f1, 0x54e9, 0x6860, 0x0000, 0x0000, 0x0008, 0x0000, 0x2100, 0x4000,
  0x0008, 0x0000, 0x0000, 0x0000, 0x0000, 0x0000, 0x0000, 0x0000, 0x0000, 0x0000, 0x0000, 0x0000,
  0x0000, 0x0000, 0x0008, 0x2000, 0x2000, 0x0000, 0x2000, 0x0210, 0xeeb8, 0x54f1, 0x15f9, 0x35f1,
  0x73e9, 0xaa80, 0x0108, 0x2000, 0x0008, 0x0008, 0x0000, 0x2000, 0x0000, 0x0000, 0x0000, 0x0000,
  0x0000, 0x0000, 0x0000, 0x0000, 0x0000, 0x0000, 0x0000, 0x0000, 0x0000, 0x0000, 0x0000, 0x0000,
  0x0000, 0x0000, 0x0000, 0x0000, 0x0000, 0x0000, 0x0000, 0x0000, 0x6108, 0x6108, 0x8210, 0x4108,
  0x0000, 0x0000, 0x0000, 0x0000, 0x2208, 0x8428, 0xe748, 0xc748, 0x4228, 0x2100, 0x0000, 0x2000,
  0x2008, 0x2000, 0x2000, 0x2218, 0xada0, 0x33f1, 0x33f9, 0x54f1, 0x34f9, 0x34f1, 0x54e9, 0x34f9,
  0x35f9, 0x54f1, 0x10d1, 0x6860, 0x6540, 0x6640, 0x4540, 0x4750, 0xefb0, 0x15f9, 0x53f9, 0x74e9,
  0x54f1, 0x93f1, 0x52f2, 0x53fa, 0xf0f3, 0x0ffd, 0x70fc, 0xf3f1, 0x54f1, 0x54f1, 0x54f9, 0x54f1,
  0x6760, 0x2000, 0x2000, 0x2000, 0x0000, 0x0000, 0x2000, 0x0000, 0x0000, 0x0000, 0x0000, 0x2000,
  0x0008, 0x0000, 0x0000, 0x0000, 0x0000, 0x0000, 0x0000, 0x0000, 0x0000, 0x0000, 0x0000, 0x0000,
  0x0000, 0x0000, 0x0210, 0xeeb8, 0x94f1, 0x35f9, 0x15f9, 0x74f1, 0xcda0, 0x6640, 0x6438, 0x2208,
  0x0008, 0x0000, 0x2000, 0x2000, 0x0000, 0x0000, 0x0000, 0x0000, 0x0000, 0x0000, 0x0000, 0x0000,
  0x0000, 0x0000, 0x0000, 0x0000, 0x0000, 0x0000, 0x0000, 0x0000, 0x0000, 0x0000, 0x0000, 0x0000,
  0x0000, 0x0000, 0x0000, 0x4108, 0x6108, 0x8210, 0x4108, 0x0000, 0x0000, 0x2000, 0x2000, 0x0110,
  0xc858, 0x92c9, 0x91c1, 0xa648, 0x0000, 0x2000, 0x0000, 0x0000, 0x0000, 0x0000, 0x2210, 0xcd98,
  0x34f1, 0x54f1, 0x35e9, 0x34f9, 0x54f9, 0x74f1, 0x13f9, 0x55f1, 0x55f1, 0x14f1, 0x31d9, 0x10d1,
  0x50c9, 0x10d1, 0x12d1, 0x33e9, 0x35f9, 0x74f1, 0x54e9, 0x34f9, 0x92fa, 0x91fc, 0x71fc, 0xcff4,
  0x30fd, 0x70fc, 0xd3f1, 0x54f9, 0x34f9, 0x34f9, 0x54f1, 0x6860, 0x0000, 0x0000, 0x0000, 0x0000,
  0x0000, 0x2000, 0x2000, 0x2000, 0x0000, 0x4000, 0x0000, 0x0008, 0x0000, 0x0000, 0x0000, 0x2000,
  0x0000, 0x2000, 0x0000, 0x2000, 0x0000, 0x0000, 0x0000, 0x0000, 0x0000, 0x0218, 0xeeb8, 0x34f1,
  0x34f1, 0x54f1, 0x54f1, 0x12e9, 0x30d1, 0x0ec1, 0x4530, 0x0100, 0x0008, 0x0000, 0x0000, 0x2000,
  0x0000, 0x0000, 0x0000, 0x0000, 0x0000, 0x0000, 0x0000, 0x0000, 0x0000, 0x0000, 0x0000, 0x0000,
  0x0000, 0x0000, 0x0000, 0x0000, 0x0000, 0x0000, 0x0000, 0x0000, 0x0000, 0x0000, 0x4108, 0x6108,
  0x8210, 0x6108, 0x2000, 0x0000, 0x2000, 0x2000, 0x0008, 0x8860, 0x95f9, 0xb4f1, 0xc648, 0x0000,
  0x4100, 0x0000, 0x2100, 0x2108, 0x0008, 0x4210, 0xcd98, 0x33f9, 0x74f1, 0x75f1, 0x54f1, 0x33f1,
  0x54f1, 0x13f9, 0x54f1, 0x54e9, 0x14f9, 0x55f9, 0x34f9, 0x55f1, 0x35f9, 0x75f9, 0x53f1, 0x35f9,
  0x14f9, 0x34f9, 0x34f1, 0xb3f2, 0x10fd, 0x2efd, 0x2efd, 0x2efd, 0x8ffc, 0xd3f1, 0x54f9, 0x34f9,
  0x34f9, 0x54f1, 0x6860, 0x0000, 0x0000, 0x0008, 0x0000, 0x0000, 0x0000, 0x0000, 0x0008, 0x0008,
  0x2000, 0x2000, 0x0000, 0x0000, 0x0008, 0x0000, 0x0000, 0x0000, 0x0008, 0x0000, 0x0008, 0x0000,
  0x2000, 0x0000, 0x0000, 0x0000, 0x0218, 0x0eb1, 0x54f1, 0x54f9, 0x34f1, 0x35f9, 0x35f9, 0x75f9,
  0x72e1, 0x6630, 0x0100, 0x0008, 0x0000, 0x0008, 0x0000, 0x0000, 0x0000, 0x0000, 0x0000, 0x0000,
  0x0000, 0x0000, 0x0000, 0x0000, 0x0000, 0x0000, 0x0000, 0x0000, 0x0000, 0x0000, 0x0000, 0x0000,
  0x0000, 0x0000, 0x0000, 0x0000, 0x0000, 0x6108, 0x8210, 0x6108, 0x6108, 0x6108, 0x2000, 0x2210,
  0x8768, 0x8868, 0x2ea1, 0xb4f1, 0x94f1, 0x0b89, 0x6860, 0x6650, 0x0110, 0x0000, 0x0000, 0x0008,
  0x2008, 0x8758, 0xcb98, 0xeda0, 0x74e9, 0x34f1, 0x54f9, 0x54f1, 0x34f9, 0x54f1, 0x54f1, 0x54f1,
  0x54e9, 0x34f1, 0x15f9, 0x33f9, 0x53f1, 0x73e9, 0x55f9, 0x54f1, 0xb2fa, 0xf1f2, 0xd1f3, 0xd0fc,
  0xeffc, 0x10fd, 0x0ff5, 0x90fc, 0xf3f1, 0x54f1, 0x54f1, 0x54f9, 0x53f1, 0x6860, 0x2000, 0x0000,
  0x0000, 0x0000, 0x0000, 0x0000, 0x2000, 0x4430, 0x6868, 0x8860, 0xa860, 0xa860, 0x8860, 0x8868,
  0x8860, 0x8960, 0x8860, 0x6758, 0x4210, 0x0000, 0x0000, 0x2000, 0x0000, 0x0000, 0x0000, 0x0108,
  0xa868, 0x0d99, 0xed98, 0xcc98, 0xeca0, 0xcc98, 0xcd90, 0xaa80, 0x0328, 0x0000, 0x2000, 0x0000,
  0x0000, 0x2000, 0x0000, 0x0000, 0x0000, 0x0000, 0x0000, 0x0000, 0x0000, 0x0000, 0x0000, 0x0000,
  0x0000, 0x0000, 0x0000, 0x0000, 0x0000, 0x0000, 0x0000, 0x0000, 0x0000, 0x0000, 0x0000, 0x0000,
  0x2000, 0x6108, 0x8210, 0x6108, 0x6108, 0x6108, 0x6640, 0x52d9, 0x54e9, 0xb5f1, 0xb5f1, 0x95f9,
  0x73f1, 0x33f1, 0xeec0, 0x4430, 0x0000, 0x0000, 0x0008, 0x2000, 0x2108, 0x0108, 0x0328, 0x31d9,
  0x54f9, 0x54f1, 0x54f1, 0x55f9, 0x34f1, 0x54f9, 0x54f1, 0x33f1, 0x34f1, 0x54f9, 0x53f1, 0x33f1,
  0x34f9, 0x34f9, 0xd3e9, 0x50fc, 0x10fd, 0x10fd, 0xf0fc, 0xf0fc, 0x30fd, 0x2ff5, 0x70fc, 0xf4f1,
  0x54f1, 0x54f1, 0x54f9, 0x53f1, 0x8868, 0x0000, 0x0000, 0x0000, 0x0000, 0x0000, 0x0000, 0x0210,
  0xcc80, 0x33f1, 0x34f9, 0x34f9, 0x53f1, 0x34f1, 0x33f1, 0x54f1, 0x14f9, 0x34f9, 0x10d1, 0x6638,
  0x0100, 0x0000, 0x0000, 0x0000, 0x0000, 0x2100, 0x0000, 0x0110, 0x0000, 0x2000, 0x2000, 0x2000,
  0x0000, 0x0008, 0x2110, 0x0008, 0x0008, 0x2000, 0x0008, 0x0000, 0x0000, 0x0000, 0x0000, 0x0000,
  0x0000, 0x0000, 0x0000, 0x0000, 0x0000, 0x0000, 0x0000, 0x0000, 0x0000, 0x0000, 0x0000, 0x0000,
  0x0000, 0x0000, 0x0000, 0x0000, 0x0000, 0x0000, 0x2000, 0x0000, 0x2000, 0x6108, 0x8210, 0x6108,
  0x8210, 0xa850, 0xd4e9, 0x95f9, 0xd4f1, 0x95f1, 0x95f1, 0x54f9, 0x55e9, 0xefc8, 0x4428, 0x0000,
  0x0000, 0x0000, 0x0000, 0x0000, 0x0000, 0x2228, 0x30c9, 0x52e1, 0x53e9, 0x54f1, 0x54f1, 0x14f9,
  0x54f9, 0x54f1, 0x54f1, 0x34f9, 0x54f1, 0x34e9, 0x35f9, 0x73f1, 0x93f9, 0x33f2, 0x6ffc, 0x2ffd,
  0x0ff5, 0xeff4, 0x30fd, 0xcffc, 0xd0fc, 0x30fc, 0xd4f9, 0x34f1, 0x34f1, 0x34f9, 0x33f1, 0xa978,
  0x0118, 0x0110, 0x2108, 0x2000, 0x2108, 0x2110, 0x4320, 0xcc88, 0x53f1, 0x55f1, 0x13f1, 0x54f9,
  0x55f9, 0x54f9, 0x74e9, 0x14f9, 0x34f9, 0x31d1, 0x4530, 0x0000, 0x2000, 0x0000, 0x0000, 0x0000,
  0x2000, 0x0000, 0x2000, 0x2000, 0x0000, 0x2008, 0x0000, 0x2000, 0x0000, 0x0000, 0x0000, 0x0008,
  0x0000, 0x0000, 0x0000, 0x0000, 0x0000, 0x0000, 0x0000, 0x0000, 0x0000, 0x0000, 0x0000, 0x0000,
  0x0000, 0x0000, 0x0000, 0x0000, 0x0000, 0x0000, 0x0000, 0x0000, 0x0000, 0x0000, 0x0000, 0x0000,
  0x2000, 0x6108, 0x4100, 0x0000, 0x4000, 0x8108, 0x8110, 0x8108, 0xa750, 0xb2d9, 0xd5f1, 0xb4f1,
  0x94f1, 0x54f1, 0x54f1, 0x54e9, 0x10c1, 0x4330, 0x0000, 0x0000, 0x0000, 0x0100, 0x0000, 0x4000,
  0x2008, 0x6748, 0x6748, 0xac98, 0x33e9, 0x75f9, 0x34f1, 0x54f9, 0x54f1, 0x54f1, 0x34f1, 0x34f9,
  0x34f9, 0x74f9, 0xf2fa, 0xb0fb, 0xf0f3, 0xcffc, 0xeffc, 0x0ff5, 0x0ff5, 0x0ffd, 0xb0f3, 0x93f2,
  0x53f2, 0x73f9, 0x33f9, 0x34f1, 0x54f9, 0x74f1, 0x30c1, 0x0ea9, 0xcb90, 0x2428, 0x0100, 0x4438,
  0xcca8, 0xeeb0, 0x31d1, 0x54f1, 0x74f1, 0x54e9, 0x35f9, 0x54f1, 0x54f1, 0x54f1, 0x55f1, 0x54f9,
  0x30d1, 0x4438, 0x2000, 0x2000, 0x0000, 0x0000, 0x2000, 0x0000, 0x0000, 0x2100, 0x0000, 0x2000,
  0x0000, 0x0100, 0x2000, 0x0000, 0x0100, 0x0000, 0x0000, 0x0000, 0x0000, 0x2000, 0x0000, 0x0000,
  0x0000, 0x0000, 0x0000, 0x0000, 0x0000, 0x0000, 0x0000, 0x0000, 0x0000, 0x0000, 0x0000, 0x0000,
  0x0000, 0x0000, 0x0000, 0x0000, 0x0000, 0x0000, 0x0000, 0x0000, 0x8210, 0x6210, 0x2008, 0x0000,
  0x0000, 0x2110, 0x4218, 0xa758, 0xb3e1, 0x95f1, 0x95f9, 0x74f1, 0x34f1, 0x54f1, 0x34f1, 0x10c1,
  0x4430, 0x0000, 0x0000, 0x0000, 0x0100, 0x0008, 0x0000, 0x0008, 0x0208, 0x0208, 0x8970, 0x33e9,
  0x54f9, 0x34f1, 0x54f9, 0x34f1, 0x54f1, 0x34f1, 0x54f1, 0x35e9, 0x94e9, 0xb1f3, 0x0ffd, 0x10fd,
  0x10fd, 0xeffc, 0x2ff5, 0x10f5, 0xcffc, 0xd1f2, 0x13f1, 0x54f1, 0x34f9, 0x55f1, 0x74f1, 0x14f9,
  0x34f9, 0x13f1, 0x75e9, 0x10d1, 0x4440, 0x0000, 0x6658, 0x33f9, 0x54f1, 0x54f1, 0x55f9, 0x55f9,
  0x74f1, 0x54f9, 0x54f1, 0x34f1, 0xf3f8, 0x35f9, 0x34f9, 0x11d1, 0x4540, 0x0000, 0x0008, 0x0000,
  0x0000, 0x2000, 0x0000, 0x0008, 0x0108, 0x0000, 0x2000, 0x2000, 0x2100, 0x0008, 0x2000, 0x2100,
  0x0008, 0x4000, 0x2000, 0x0000, 0x0000, 0x0000, 0x0000, 0x0000, 0x0000, 0x0000, 0x0000, 0x0000,
  0x0000, 0x0000, 0x0000, 0x0000, 0x0000, 0x0000, 0x0000, 0x0000, 0x0000, 0x0000, 0x0000, 0x0000,
  0x0000, 0x0000, 0x0000, 0x6110, 0x6110, 0x6108, 0x2100, 0x2100, 0x2000, 0x4100, 0x4540, 0x72e1,
  0xf3f0, 0x34f1, 0x33f1, 0x14f1, 0x74f1, 0x34f1, 0x10c1, 0x4430, 0x0000, 0x0000, 0x0000, 0x2100,
  0x4100, 0x4100, 0x0008, 0x2000, 0x2000, 0x8860, 0x33e1, 0x54f9, 0x34f1, 0x54f9, 0x54f1, 0x54f1,
  0x54f1, 0x53f9, 0xd4f9, 0x32f2, 0xf0f3, 0x0efd, 0x0ff5, 0xf0fc, 0x0ffd, 0x2ffd, 0xf0fc, 0xcffc,
  0x71fb, 0x12fa, 0xd3f9, 0x14f9, 0x35f1, 0x74f1, 0x34f1, 0x35f1, 0x54f1, 0x16f9, 0x11d9, 0x8750,
  0x4310, 0xa960, 0x54f1, 0x56f9, 0x34f9, 0x35f9, 0x54e9, 0x33f1, 0x73f9, 0x53e9, 0x74e9, 0x53f1,
  0x55f1, 0x54e9, 0x11d1, 0x4530, 0x0000, 0x0000, 0x0000, 0x0000, 0x0008, 0x0000, 0x0000, 0x0000,
  0x0000, 0x0008, 0x4320, 0x6418, 0x0120, 0x2000, 0x0000, 0x0000, 0x0000, 0x2000, 0x0000, 0x0000,
  0x0000, 0x0000, 0x0000, 0x0000, 0x0000, 0x0000, 0x0000, 0x0000, 0x0000, 0x0000, 0x0000, 0x0000,
  0x0000, 0x0000, 0x0000, 0x0000, 0x0000, 0x0000, 0x0000, 0x0000, 0x0000, 0x0000, 0x6108, 0xa208,
  0x8208, 0x4108, 0x2108, 0x0000, 0x0000, 0x4538, 0x73e1, 0x14f1, 0x54f1, 0x54f1, 0x34f1, 0x54e9,
  0x34f1, 0x10c1, 0x4430, 0x0000, 0x0000, 0x0000, 0x0000, 0x0000, 0x4100, 0x0000, 0x2000, 0x0008,
  0x8868, 0x33e9, 0x54f1, 0x34f1, 0x54f1, 0x54f9, 0x54f9, 0x54f1, 0x72fa, 0x31fc, 0x6ffc, 0xf0f4,
  0x10fd, 0x10f5, 0x0ffd, 0x2ffd, 0x0ffd, 0xeffc, 0x2efd, 0xcffc, 0x90f4, 0xf1fb, 0xf4f9, 0x36f1,
  0x74f1, 0x54f1, 0x54f1, 0x54f9, 0x54e9, 0x34f1, 0x12e1, 0x11d9, 0x12d9, 0x74f9, 0x54f1, 0x34f9,
  0x54f9, 0x75f1, 0x14f9, 0x54f9, 0x35f9, 0x55e9, 0x53f1, 0x35f9, 0x54f1, 0x31d9, 0x4538, 0x2008,
  0x2000, 0x0000, 0x2000, 0x2000, 0x0000, 0x0000, 0x2000, 0x2000, 0x4648, 0xf0c8, 0x31c9, 0x8878,
  0x2108, 0x2000, 0x2000, 0x0000, 0x0000, 0x0000, 0x0000, 0x0000, 0x0000, 0x0000, 0x0000, 0x0000,
  0x0000, 0x0000, 0x0000, 0x0000, 0x0000, 0x0000, 0x0000, 0x0000, 0x0000, 0x0000, 0x0000, 0x0000,
  0x0000, 0x0000, 0x0000, 0x0000, 0x0000, 0x4108, 0x6110, 0x6210, 0x8210, 0x8210, 0x4108, 0x2000,
  0x4640, 0x52d9, 0x34e9, 0x54f1, 0x54f1, 0x54f1, 0x54f1, 0x34f9, 0x10c9, 0x4430, 0x0000, 0x0000,
  0x0000, 0x0000, 0x2000, 0x2000, 0x2000, 0x2100, 0x0108, 0x8968, 0x33e9, 0x34f1, 0x54f9, 0x34f1,
  0x54f1, 0x34f1, 0x34f1, 0x92f2, 0xeffc, 0x0efd, 0x0ffd, 0xf0fc, 0xf0f4, 0x0ffd, 0x0ffd, 0x0ffd,
  0x0ffd, 0x2efd, 0x0ff5, 0x2ffd, 0x70fc, 0xf2f1, 0x35f9, 0x34f1, 0x54f1, 0x74f1, 0x54f1, 0x74f1,
  0x34f9, 0x34f1, 0x55f1, 0x34f9, 0x34f9, 0x34f1, 0x54f1, 0x53f1, 0x54f1, 0x34f9, 0x73f1, 0x34f9,
  0x35f1, 0x54f1, 0x35f9, 0x54f1, 0x31d1, 0x6538, 0x0000, 0x0008, 0x0000, 0x0000, 0x0000, 0x0000,
  0x0000, 0x0000, 0x0000, 0x6750, 0x13f1, 0x54f1, 0xaa88, 0x0008, 0x0008, 0x0000, 0x0000, 0x0000,
  0x0000, 0x0000, 0x0000, 0x0000, 0x0000, 0x0000, 0x0000, 0x0000, 0x0000, 0x0000, 0x0000, 0x0000,
  0x0000, 0x0000, 0x0000, 0x0000, 0x0000, 0x0000, 0x0000, 0x0000, 0x0000, 0x0000, 0x0000, 0x0000,
  0x2100, 0x4110, 0x4118, 0x8108, 0x6218, 0xa758, 0xa970, 0xcc90, 0x53e1, 0x75e9, 0x34f1, 0x54f1,
  0x54f1, 0x54f1, 0x34f9, 0x10c9, 0x2430, 0x0000, 0x0000, 0x0000, 0x0000, 0x0008, 0x0008, 0x4210,
  0x8960, 0xa970, 0xeea0, 0x34f1, 0x34f1, 0x55f9, 0x54f1, 0x54f1, 0x34f1, 0x34f1, 0x93fa, 0x10f5,
  0x0ff5, 0x10fd, 0x10fd, 0x2ff5, 0x0ffd, 0xeffc, 0x0ffd, 0x0ffd, 0x10fd, 0xf0fc, 0xf0fc, 0xb0f4,
  0x51f3, 0xf2fa, 0x53fa, 0x54f9, 0x33f9, 0x34f9, 0x55f1, 0x34f1, 0x54f1, 0x54f1, 0x54f9, 0x14f9,
  0x34f1, 0x54f1, 0x54f1, 0x73f1, 0x93f2, 0x31f3, 0x52fa, 0x54f9, 0x54f9, 0x35f9, 0x34f9, 0x32e1,
  0xcc90, 0x8968, 0x6758, 0x0210, 0x0008, 0x0000, 0x2000, 0x2108, 0x6658, 0xa968, 0xec90, 0x53e9,
  0x54f1, 0x2eb1, 0xa970, 0xa868, 0x2318, 0x2100, 0x0008, 0x0000, 0x0000, 0x0000, 0x0000, 0x0000,
  0x0000, 0x0000, 0x0000, 0x0000, 0x0000, 0x0000, 0x0000, 0x0000, 0x0000, 0x0000, 0x0000, 0x0000,
  0x0000, 0x0000, 0x0000, 0x0000, 0x0000, 0x0000, 0x0000, 0x2000, 0x4108, 0x8110, 0xa000, 0x8320,
  0x0da9, 0x53e9, 0x52e9, 0x34f9, 0x55e9, 0x13f9, 0x54f9, 0x54f1, 0x54f9, 0x34f9, 0x10c9, 0x4330,
  0x0000, 0x0000, 0x0000, 0x0000, 0x0000, 0x0000, 0x0318, 0x12e1, 0x33f1, 0x34f1, 0x35f9, 0x14f9,
  0x55f9, 0x54f1, 0x54f9, 0x34f1, 0x34f1, 0x51fa, 0x0ffd, 0x0ffd, 0xf0fc, 0xcffc, 0x0ff5, 0x10fd,
  0x2ffd, 0xeffc, 0xeffc, 0x10fd, 0x2ffd, 0x2ff5, 0x4ef5, 0xeef4, 0x2dfd, 0xf0f3, 0xb4e9, 0x13f1,
  0x55f1, 0x55f9, 0x54e9, 0x34f1, 0x14f9, 0x54f9, 0x54e9, 0x74f1, 0x13f1, 0x34f1, 0x73f9, 0x31fc,
  0x2efd, 0xf0f3, 0xb3f1, 0x93e9, 0x54e9, 0x33f9, 0x55f9, 0x33f1, 0x54f1, 0x2eb1, 0x0310, 0x0108,
  0x2008, 0x0000, 0x0210, 0xeeb0, 0x35f1, 0x33f1, 0x34f1, 0xf4f8, 0x54f9, 0x55f1, 0x31d9, 0x2538,
  0x2000, 0x0000, 0x0000, 0x0000, 0x0000, 0x0000, 0x0000, 0x0000, 0x0000, 0x0000, 0x0000, 0x0000,
  0x0000, 0x0000, 0x0000, 0x0000, 0x0000, 0x0000, 0x0000, 0x0000, 0x0000, 0x0000, 0x0000, 0x0000,
  0x0000, 0x0000, 0x6110, 0x6210, 0x8310, 0x8110, 0x2218, 0xcda0, 0x34f1, 0x33f1, 0x34f1, 0x54f1,
  0x34f1, 0x34f1, 0x54f1, 0x54f1, 0x54f9, 0x10c1, 0x2430, 0x0000, 0x0000, 0x0000, 0x2000, 0x2108,
  0x2108, 0x0528, 0x73e1, 0x36f1, 0x74f1, 0x93f1, 0x92e9, 0x54f9, 0x14f9, 0x53f1, 0x33f1, 0x14f9,
  0x73fa, 0xcffc, 0x0ffd, 0x0ff5, 0x0ffd, 0x10fd, 0x0ffd, 0xeffc, 0x0ffd, 0x0ffd, 0x0ffd, 0x0ffd,
  0xeffc, 0xeffc, 0xd0fc, 0xaff4, 0xf1f3, 0x94f9, 0x74f9, 0x53f9, 0x54f1, 0x54f1, 0x53f1, 0x54f9,
  0x54f1, 0x54f1, 0x54f1, 0x54f1, 0x54f9, 0xd2f9, 0x52fc, 0x0ff5, 0xcffb, 0xb3f9, 0x54f9, 0x54f1,
  0x54f1, 0x54f1, 0x54f1, 0x55f1, 0xf0c8, 0x2108, 0x0008, 0x0008, 0x0000, 0x2110, 0xefc0, 0x33f1,
  0x73f1, 0x32f1, 0x54f1, 0x34f9, 0x34e9, 0x11e9, 0x4320, 0x0008, 0x0000, 0x0000, 0x0000, 0x0000,
  0x0000, 0x0000, 0x0000, 0x0000, 0x0000, 0x0000, 0x0000, 0x0000, 0x0000, 0x0000, 0x0000, 0x0000,
  0x0000, 0x0000, 0x0000, 0x0000, 0x0000, 0x0000, 0x0000, 0x0000, 0x0000, 0x6110, 0x6108, 0x8210,
  0x8108, 0x2218, 0xeda0, 0x54f1, 0x34f1, 0x54f1, 0x54f1, 0x54f1, 0x54f1, 0x54f1, 0x54f1, 0x54f1,
  0x10c1, 0x2428, 0x0000, 0x0000, 0x0000, 0x2108, 0x6860, 0xaca0, 0xeea0, 0x53f1, 0x54f1, 0x53fa,
  0x91fb, 0x91fb, 0x33fa, 0x35f9, 0x54f1, 0x54f1, 0x54f1, 0x93fa, 0xeffc, 0x0ffd, 0x0ff5, 0x0ffd,
  0x10fd, 0x0ffd, 0xeffc, 0x0ffd, 0x0ffd, 0x0ffd, 0x0ffd, 0xeffc, 0x30f5, 0xf1fc, 0x0ffd, 0xaff4,
  0xb1fb, 0x91fb, 0x31f2, 0xf5f8, 0xd3f1, 0x32fb, 0xb1fb, 0xd2fa, 0x73f1, 0x34f9, 0xb2fa, 0x91fb,
  0xcff3, 0xf0ec, 0x2ff5, 0xd1f3, 0xb3f1, 0x54f9, 0x54f1, 0x54f1, 0x54f1, 0x54f1, 0x54f9, 0xd0c0,
  0x2108, 0x0000, 0x0000, 0x2100, 0x4110, 0xeeb0, 0x74f9, 0x54f1, 0x34f9, 0x54e9, 0xeeb0, 0x8860,
  0x8860, 0x2210, 0x0008, 0x0000, 0x0000, 0x0000, 0x0000, 0x0000, 0x0000, 0x0000, 0x0000, 0x0000,
  0x0000, 0x0000, 0x0000, 0x0000, 0x0000, 0x0000, 0x0000, 0x0000, 0x0000, 0x0000, 0x0000, 0x0000,
  0x0000, 0x0000, 0x0000, 0x0000, 0x8110, 0x8208, 0x6208, 0x4000, 0x0110, 0xeda0, 0x54f1, 0x54f1,
  0x54f1, 0x54f1, 0x54f1, 0x54f1, 0x54f1, 0x54f1, 0x53f1, 0x10c1, 0x2428, 0x0000, 0x0000, 0x0000,
  0x2218, 0xcda0, 0x33f9, 0x94e9, 0x33f9, 0x54f1, 0xf2f2, 0xeff4, 0xeffc, 0xd2fa, 0x34f9, 0x55f9,
  0x54f1, 0x54f1, 0x93fa, 0xeffc, 0x0ffd, 0x0ff5, 0xeffc, 0x10fd, 0x0ffd, 0x0ffd, 0x0ffd, 0x0ffd,
  0x0ffd, 0x0ffd, 0x0ffd, 0x0ff5, 0xf0fc, 0x2efd, 0x0ffd, 0x2ffd, 0x0ffd, 0xf1f2, 0xd6f8, 0x11f2,
  0x30fc, 0x10fd, 0xd0fb, 0x72f1, 0x54f9, 0x71fb, 0x0ffd, 0x0efd, 0x10f5, 0x0ffd, 0xb1f3, 0xb4f1,
  0x54f9, 0x54f1, 0x54f1, 0x54f1, 0x54f9, 0x54f9, 0xf0b8, 0x2110, 0x0000, 0x0000, 0x0100, 0x2110,
  0xefb0, 0x54f9, 0x15f9, 0x55f1, 0x54e9, 0xaa88, 0x2008, 0x2100, 0x0008, 0x0000, 0x0000, 0x0000,
  0x0000, 0x0000, 0x0000, 0x0000, 0x0000, 0x0000, 0x0000, 0x0000, 0x0000, 0x0000, 0x0000, 0x0000,
  0x0000, 0x0000, 0x0000, 0x0000, 0x0000, 0x0000, 0x0000, 0x0000, 0x0000, 0x0000, 0x0000, 0x4108,
  0x4108, 0x2100, 0x0000, 0x0110, 0xeda0, 0x54f1, 0x54f1, 0x54f1, 0x54f1, 0x54f1, 0x54f1, 0x54f1,
  0x54f1, 0x53f1, 0x10c1, 0x2428, 0x0000, 0x0000, 0x0000, 0x2110, 0xcc98, 0x53f1, 0x74e9, 0x34f9,
  0x55f9, 0xf2fa, 0xeff4, 0x2ffd, 0xd1f2, 0x34f1, 0x54f1, 0x34f1, 0x54f1, 0x93fa, 0xeffc, 0x0ffd,
  0x0ff5, 0x0ffd, 0x10fd, 0x0ffd, 0x0ffd, 0x0ffd, 0x0ffd, 0x0ffd, 0x0ffd, 0x0ffd, 0xf0fc, 0xf0fc,
  0x2efd, 0xd1fc, 0xf0fc, 0xeff4, 0x50eb, 0xb4f1, 0xb1ea, 0x71fc, 0x10fd, 0x31fc, 0x51ea, 0x13f2,
  0xb0f3, 0xeffc, 0x10fd, 0xf0fc, 0x0efd, 0xb1fb, 0xb4f1, 0x54f1, 0x54f1, 0x54f1, 0x54f9, 0x34f9,
  0x34f9, 0x10c1, 0x0110, 0x0000, 0x2320, 0x0530, 0x4548, 0xf0c0, 0x34f9, 0x34f9, 0x75f1, 0x54e9,
  0xada0, 0x4530, 0x4430, 0x2008, 0x0000, 0x0000, 0x2000, 0x2000, 0x0000, 0x0000, 0x0000, 0x0000,
  0x0000, 0x0000, 0x0000, 0x0000, 0x0000, 0x0000, 0x0000, 0x0000, 0x0000, 0x0000, 0x0000, 0x0000,
  0x0000, 0x0000, 0x0000, 0x0000, 0x0000, 0x0000, 0x2008, 0x0000, 0x0000, 0x0000, 0x0110, 0xeea8,
  0x54f9, 0x54f1, 0x54f1, 0x34f1, 0x54f1, 0x54f1, 0x54f1, 0x54f1, 0x53f1, 0x10c1, 0x2430, 0x0000,
  0x0000, 0x0000, 0x0118, 0xada0, 0x55f1, 0x34f1, 0x54f1, 0x54e9, 0xf1f2, 0xaffc, 0xf1fc, 0xb2f2,
  0x34f1, 0x54f1, 0x34f9, 0x14f9, 0x93fa, 0xeffc, 0x0ffd, 0x0ff5, 0x0ffd, 0x10fd, 0x0ffd, 0x0ffd,
  0x0ffd, 0x0ffd, 0x0ffd, 0x0ffd, 0x0ffd, 0xeffc, 0x0efd, 0x4ef5, 0x10fd, 0x0ffd, 0x2efd, 0xcefc,
  0xb1fc, 0xb0fc, 0xeffc, 0xeef4, 0xeffc, 0xb0fc, 0xb1fc, 0xeffc, 0x0ffd, 0xf0fc, 0x10fd, 0x0ef5,
  0xd0f3, 0xb4f1, 0x54f1, 0x54f1, 0x54f1, 0x54f9, 0x34f9, 0x54f9, 0xf0c0, 0x0008, 0x2108, 0xca80,
  0x10d9, 0x50e1, 0x54f9, 0x14f9, 0x33f1, 0x53e9, 0x53f1, 0x34e9, 0x52d9, 0x0fc9, 0x2330, 0x0010,
  0x0008, 0x0000, 0x2000, 0x0000, 0x0000, 0x0000, 0x0000, 0x0000, 0x0000, 0x0000, 0x0000, 0x0000,
  0x0000, 0x0000, 0x0000, 0x0000, 0x0000, 0x0000, 0x0000, 0x0000, 0x0000, 0x0000, 0x0000, 0x0000,
  0x0000, 0x0000, 0x0000, 0x0000, 0x0000, 0x0110, 0xeda0, 0x54f9, 0x54f1, 0x54f1, 0x34f1, 0x54f1,
  0x54f1, 0x54f1, 0x54f1, 0x54f1, 0x10c1, 0x4430, 0x0000, 0x0000, 0x0000, 0x2110, 0xad98, 0x35f1,
  0x33f9, 0x73f9, 0x54f1, 0xf1fa, 0xcffc, 0x11fd, 0xb2fa, 0x34f9, 0x34f1, 0x34f1, 0x34f1, 0x92fa,
  0xeffc, 0x0ffd, 0x0ff5, 0x0ffd, 0x10fd, 0x0ffd, 0x0ffd, 0x0ffd, 0x0ffd, 0x0ffd, 0x0ffd, 0x0ffd,
  0x10fd, 0x0ffd, 0x10fd, 0x10f5, 0xeffc, 0x0ffd, 0x2ff5, 0xeef4, 0x0ffd, 0x30fd, 0x10fd, 0x0ffd,
  0x0ff5, 0x0ffd, 0x0efd, 0x0ff5, 0xeff4, 0x10fd, 0x0ef5, 0xf1f3, 0xb4f1, 0x54f1, 0x54f1, 0x54f1,
  0x54f1, 0x54f1, 0x54f1, 0xf0c8, 0x0110, 0x0100, 0xac88, 0x54f9, 0x53f1, 0x55e9, 0x54f1, 0x54f1,
  0x54f9, 0x54f1, 0x35f9, 0x55f1, 0x52e1, 0x4530, 0x0000, 0x2000, 0x0000, 0x2000, 0x0100, 0x0000,
  0x0000, 0x0000, 0x0000, 0x0000, 0x0000, 0x0000, 0x0000, 0x0000, 0x0000, 0x0000, 0x0000, 0x0000,
  0x0000, 0x0000, 0x0000, 0x0000, 0x0000, 0x0000, 0x0000, 0x0000, 0x0000, 0x0000, 0x0000, 0x2000,
  0x2110, 0xeea8, 0x54f9, 0x54f1, 0x54f1, 0x54f1, 0x54f1, 0x54f1, 0x54f1, 0x54f9, 0x54f9, 0x10c1,
  0x4430, 0x0000, 0x0000, 0x0000, 0x2110, 0xcc98, 0x54f1, 0x53f9, 0x54f9, 0x55f1, 0xf2f2, 0xeff4,
  0x10fd, 0xb2f2, 0x34f9, 0x34f9, 0x55f1, 0x34f1, 0x72fa, 0xeffc, 0x0ffd, 0x0ffd, 0x0ffd, 0x10fd,
  0x0ffd, 0x0ffd, 0x0ffd, 0x0ffd, 0x0ffd, 0x0ffd, 0x0ffd, 0x10fd, 0x0ffd, 0xf0fc, 0x0efd, 0x0ffd,
  0xeffc, 0x2ff5, 0xeffc, 0x0ffd, 0x0ffd, 0xeffc, 0xeffc, 0x0ffd, 0xeffc, 0xf0fc, 0x10fd, 0x0ff5,
  0x10fd, 0xeffc, 0xd1fb, 0xb3f1, 0x34f1, 0x54f1, 0x54f1, 0x54f1, 0x54f1, 0x54f9, 0xf0c0, 0x0110,
  0x0108, 0xac90, 0x34f1, 0x33f1, 0x55f1, 0x54f1, 0x34f1, 0x34f9, 0x54f1, 0x34f9, 0x34f9, 0x33e1,
  0x2538, 0x0000, 0x2000, 0x0000, 0x0008, 0x0000, 0x2000, 0x0000, 0x0000, 0x0000, 0x0000, 0x2000,
  0x0000, 0x0000, 0x0000, 0x0000, 0x0000, 0x0000, 0x0000, 0x0000, 0x0000, 0x0000, 0x0000, 0x0000,
  0x0000, 0x0000, 0x0000, 0x0000, 0x2000, 0x0000, 0x0000, 0x2108, 0xcda8, 0x54f9, 0x54f1, 0x74f1,
  0x34f1, 0x34f9, 0x54f1, 0x74f1, 0x34f9, 0x34f1, 0x10c1, 0x4430, 0x0000, 0x0000, 0x0000, 0x2210,
  0xcd98, 0x54f1, 0x55f9, 0x34f1, 0x54f1, 0xd2fa, 0xcffc, 0x10fd, 0xd2ea, 0x34f9, 0x33f1, 0x74e9,
  0x34f1, 0x72fa, 0xf0fc, 0x0ffd, 0xeffc, 0x2ffd, 0x10fd, 0xeffc, 0x0ffd, 0x0ffd, 0xeffc, 0xeffc,
  0x2ffd, 0x0ffd, 0xeffc, 0x2ff5, 0x0ffd, 0x0ff5, 0xf0fc, 0x0ffd, 0x0ffd, 0x0ffd, 0x0ffd, 0x0ffd,
  0x0ffd, 0x0ffd, 0x0ffd, 0x0ffd, 0x0ffd, 0xf0fc, 0x0ffd, 0x0ffd, 0xeffc, 0xd1fb, 0x93f9, 0x34f1,
  0x54f1, 0x54f9, 0x54f1, 0x54f1, 0x34f9, 0xf0c0, 0x0110, 0x0108, 0xcb90, 0x34f1, 0x53f9, 0x34f1,
  0x34f1, 0x34f1, 0x54f1, 0x54f1, 0x54f1, 0x54f1, 0x13e1, 0x4430, 0x0000, 0x0000, 0x0000, 0x0000,
  0x0000, 0x2000, 0x0008, 0x2008, 0x0000, 0x0010, 0x2000, 0x0000, 0x0000, 0x0000, 0x0000, 0x0000,
  0x0000, 0x0000, 0x0000, 0x0000, 0x0000, 0x0000, 0x0000, 0x0000, 0x0000, 0x0000, 0x0000, 0x0000,
  0x0000, 0x0000, 0x0110, 0xcda8, 0x54f9, 0x54f1, 0x34f1, 0x34f9, 0x34f1, 0x74e9, 0x74e9, 0x34f9,
  0x54f9, 0xf0c8, 0x6430, 0x0000, 0x0000, 0x2000, 0x2218, 0xcda0, 0x33f9, 0x54f1, 0x74f1, 0x54f1,
  0xd2fa, 0xeefc, 0x0ffd, 0xf2ea, 0x75f9, 0x55f9, 0x54f1, 0x13f9, 0xf1f2, 0xeff4, 0x0ffd, 0xf0fc,
  0x2ffd, 0x0ffd, 0x0ffd, 0x0ffd, 0x0ffd, 0x10fd, 0xeffc, 0x0fed, 0x30f5, 0x0ffd, 0x0ffd, 0x10fd,
  0xf0fc, 0xf0fc, 0x10fd, 0xf0fc, 0x0ffd, 0x0ffd, 0x0ffd, 0x0ffd, 0x0ffd, 0x0ffd, 0x0ffd, 0x0ffd,
  0xf0fc, 0x2ffd, 0x0efd, 0xeffc, 0xd0fb, 0xb3f1, 0x74f1, 0x54f1, 0x33f9, 0x34f9, 0x74f1, 0x54f1,
  0xf0c0, 0x2110, 0x0108, 0xcb88, 0x34f1, 0x53f1, 0x54f1, 0x34f1, 0x54f1, 0x54f1, 0x54f1, 0x54f1,
  0x54f1, 0x13e1, 0x4430, 0x0000, 0x0000, 0x0000, 0x0000, 0x0000, 0x0000, 0x2320, 0x2428, 0x0108,
  0x0110, 0x0000, 0x0000, 0x0000, 0x0000, 0x0000, 0x0000, 0x0000, 0x0000, 0x0000, 0x0000, 0x0000,
  0x0000, 0x0000, 0x0000, 0x0000, 0x0000, 0x0000, 0x0000, 0x0100, 0x2000, 0x0108, 0xeda0, 0x54f1,
  0x54f1, 0x34e9, 0x55f1, 0x54f1, 0x34f1, 0x34f9, 0x34f9, 0x74e1, 0x13e1, 0x0eb1, 0xeda8, 0x8868,
  0x0000, 0x2218, 0xed98, 0x33f9, 0x34f1, 0x74f1, 0x54f1, 0xf2fa, 0xcffc, 0x10fd, 0x30f4, 0xd1fb,
  0xf1f3, 0x11f4, 0x11fc, 0x11fc, 0x30fd, 0x0ffd, 0xf0fc, 0x0ffd, 0x0ffd, 0x0ffd, 0xeffc, 0x0ffd,
  0x0ffd, 0x30fd, 0x14f6, 0xf9fe, 0x97fe, 0x52fd, 0x30f5, 0xeffc, 0x2ff5, 0x0ffd, 0xeefc, 0x0ffd,
  0x0ffd, 0x0ffd, 0x0ffd, 0x0ffd, 0x0ffd, 0x0ffd, 0x10fd, 0xf0fc, 0x2ffd, 0x0ffd, 0xf0fc, 0xd1fb,
  0x94f9, 0x75f9, 0x55f9, 0x34f9, 0x33f9, 0x54f1, 0x54f1, 0xf0c0, 0x2110, 0x0108, 0xcb88, 0x35f1,
  0x54f1, 0x54f1, 0x54f1, 0x54f1, 0x54f1, 0x54f1, 0x54f1, 0x54f1, 0x13e1, 0x4330, 0x0000, 0x0000,
  0x0000, 0x0000, 0x2000, 0x2110, 0xcc90, 0x31c9, 0x4648, 0x0000, 0x2000, 0x0000, 0x0000, 0x0000,
  0x0000, 0x0000, 0x0000, 0x0000, 0x0000, 0x0000, 0x0000, 0x0000, 0x0000, 0x0000, 0x0000, 0x0000,
  0x0000, 0x0000, 0x2000, 0x2000, 0x0110, 0xeea0, 0x55f9, 0x54f9, 0x54f1, 0x55f1, 0x55f9, 0x14f9,
  0x14f9, 0x54f1, 0x54f9, 0x35f9, 0x55f9, 0x55f9, 0xcd90, 0x0000, 0x0118, 0xcc90, 0x54f1, 0x34f1,
  0x34f9, 0x53f1, 0x12f3, 0xf0fc, 0x31fd, 0x10fd, 0x0ffd, 0x0ffd, 0xeffc, 0xf0fc, 0xf0fc, 0x4ffd,
  0x0ffd, 0xf0fc, 0x10fd, 0xeffc, 0x10fd, 0x10fd, 0x0ffd, 0xeefc, 0x10fd, 0x97f6, 0xffff, 0xbdff,
  0x53f5, 0x0ffd, 0xedfc, 0x4ff5, 0x0ffd, 0x2ffd, 0x0ffd, 0x0ffd, 0x0ffd, 0x0ffd, 0x0ffd, 0x0ffd,
  0x0ffd, 0x0ffd, 0x10fd, 0x2ff5, 0x0ffd, 0xf1fc, 0xb1f3, 0x74f9, 0x34f9, 0x35f1, 0x35f9, 0x54f9,
  0x34f1, 0x53f9, 0xefc0, 0x0110, 0x0008, 0xcb90, 0x35f9, 0x54f1, 0x54f1, 0x54f1, 0x54f1, 0x54f1,
  0x54f1, 0x54f1, 0x54f1, 0x13e1, 0x4330, 0x0000, 0x0000, 0x0000, 0x0000, 0x2000, 0x2118, 0xcea0,
  0x33e1, 0x6850, 0x4210, 0x2100, 0x0000, 0x2000, 0x2000, 0x0000, 0x0000, 0x0000, 0x0000, 0x0000,
  0x0000, 0x0000, 0x0000, 0x0000, 0x0000, 0x0000, 0x0000, 0x0000, 0x0000, 0x0000, 0x0000, 0x0118,
  0xcb80, 0x10c9, 0x10d1, 0x53f1, 0x14f1, 0x34f9, 0x54f9, 0x54f1, 0x95e9, 0x13f9, 0x54f9, 0x54f9,
  0x34f1, 0xce98, 0x4428, 0x4540, 0xceb0, 0x54f1, 0x54f1, 0x34f9, 0x53f1, 0xf1f2, 0xcffc, 0xf1fc,
  0x10fd, 0x0efd, 0x0ffd, 0x0ef5, 0x2efd, 0x0efd, 0x2ff5, 0x0ffd, 0x0ffd, 0x0ffd, 0xeffc, 0xf0f4,
  0xf0fc, 0x10fd, 0x0ffd, 0xf0fc, 0x56fe, 0x5cff, 0xfafe, 0x94f5, 0x92fd, 0x50fd, 0x10fd, 0xf0fc,
  0x30fd, 0xeffc, 0x0ffd, 0x0ffd, 0x0ffd, 0x0ffd, 0x0ffd, 0x0ffd, 0x0ffd, 0x10fd, 0x0ef5, 0xf0fc,
  0xf0fc, 0x30f4, 0x72f2, 0x31f2, 0xb4f1, 0x34f1, 0x54f9, 0x35f1, 0x53f9, 0xf0c0, 0x2110, 0x0008,
  0xab90, 0x34f9, 0x54f1, 0x54f1, 0x54f1, 0x54f1, 0x54f1, 0x54f1, 0x54f1, 0x54f1, 0x33e1, 0x4330,
  0x0000, 0x0000, 0x0000, 0x0000, 0x0000, 0x0108, 0xeea0, 0x13f9, 0x11e1, 0x31c1, 0x4640, 0x0008,
  0x0000, 0x0000, 0x0000, 0x0000, 0x0000, 0x0000, 0x0000, 0x0000, 0x0000, 0x0000, 0x0000, 0x0000,
  0x0000, 0x0000, 0x0000, 0x0000, 0x0000, 0x2008, 0x2000, 0x2320, 0x4438, 0x6970, 0x72d9, 0x34f9,
  0x54f1, 0x54e9, 0x54f1, 0x34f9, 0x34f1, 0x55f1, 0x54f9, 0x75f1, 0x13e9, 0x10c1, 0x30c9, 0x12e1,
  0x74f1, 0x54e9, 0x34f9, 0x53f1, 0xf1fa, 0x0ffd, 0x10fd, 0x0ffd, 0x0ffd, 0x11fd, 0xf0fc, 0xeffc,
  0x0ffd, 0x10fd, 0x0ffd, 0x0ff5, 0x0ffd, 0x0efd, 0x10fd, 0xeffc, 0x0ff5, 0x30fd, 0xaffc, 0x50fd,
  0x92f5, 0xd4fd, 0x19f7, 0x3bff, 0x77fe, 0x10fd, 0x0efd, 0x0ffd, 0x0ffd, 0x0ffd, 0x0ffd, 0x0ffd,
  0x0ffd, 0x0ffd, 0x0ffd, 0x0ffd, 0x10fd, 0xeff4, 0x10fd, 0x2ffd, 0xcff4, 0x51fc, 0x50fc, 0xb2f2,
  0x53f1, 0x34f9, 0x36f1, 0x54f1, 0x10b9, 0x2108, 0x0108, 0xcb90, 0x34f1, 0x54f1, 0x54f1, 0x54f1,
  0x54f1, 0x54f1, 0x54f1, 0x54f1, 0x54f1, 0x33e1, 0x4430, 0x0000, 0x0000, 0x0000, 0x0000, 0x0000,
  0x2110, 0xeea8, 0x54f9, 0x54f9, 0x34f1, 0x6b70, 0x2330, 0x2218, 0x0008, 0x0000, 0x0000, 0x0000,
  0x0000, 0x0000, 0x0000, 0x0000, 0x0000, 0x0000, 0x0000, 0x0000, 0x0000, 0x0000, 0x2000, 0x0000,
  0x2000, 0x2000, 0x0000, 0x2000, 0x6540, 0x33e1, 0x55f1, 0x54f9, 0x35f1, 0x34f9, 0x54f1, 0x53f1,
  0x54f1, 0x73f1, 0x54f9, 0x14f9, 0x54f1, 0x14f9, 0x34f9, 0x33f1, 0x55f1, 0x34f1, 0x74f1, 0xd2fa,
  0xeffc, 0x0ffd, 0xcffc, 0xcffc, 0xeffc, 0x0ffd, 0x0efd, 0x0ffd, 0x10fd, 0x0ffd, 0x0ffd, 0x0ffd,
  0x0ffd, 0x0ffd, 0x0ff5, 0x10fd, 0x10fd, 0xeefc, 0x10fd, 0xf0fc, 0x71fd, 0xbcff, 0xffff, 0xfbfe,
  0x11f5, 0x0ff5, 0xeffc, 0xeffc, 0xeffc, 0x0ffd, 0x0ffd, 0x0ffd, 0x0ffd, 0x10fd, 0x0ffd, 0x0ffd,
  0x0ffd, 0x0ffd, 0x0ffd, 0x0ffd, 0x10fd, 0x2ff5, 0x12fb, 0x34f1, 0x33f9, 0x55f1, 0x54f1, 0x2fc9,
  0x2110, 0x0100, 0xcb88, 0x94e9, 0x34f1, 0x54f1, 0x54f9, 0x54f1, 0x34f1, 0x54f1, 0x54f1, 0x54f9,
  0x32e1, 0x6428, 0x0000, 0x0000, 0x0000, 0x0000, 0x2000, 0x2110, 0xcea0, 0x35f9, 0x55f1, 0x54f1,
  0x51d9, 0xceb8, 0x6758, 0x0108, 0x0000, 0x2000, 0x0000, 0x0000, 0x0000, 0x0000, 0x0000, 0x0000,
  0x0000, 0x0000, 0x0000, 0x0000, 0x0000, 0x0000, 0x0000, 0x0000, 0x0000, 0x0000, 0x0000, 0x4440,
  0x32e1, 0x54e9, 0x54f9, 0x54f1, 0x74f1, 0x53e9, 0x34f9, 0x35f9, 0x54f1, 0x34f9, 0xf4f1, 0xf2fa,
  0xb1f2, 0xf3f1, 0x34f9, 0x55f1, 0x53f1, 0x73f1, 0xf0fa, 0xf0fc, 0x11fd, 0x10fd, 0x30fd, 0x2ffd,
  0x10fd, 0xf0fc, 0x0ffd, 0x0ffd, 0x0ffd, 0x0ffd, 0x0ffd, 0x0ffd, 0x0ffd, 0x0ffd, 0xd0fc, 0xeffc,
  0x0efd, 0x30fd, 0x0ffd, 0x71fd, 0x9cff, 0xffff, 0x5cf7, 0x36fe, 0x15fe, 0x51fd, 0x0ffd, 0xeffc,
  0xeffc, 0x0ffd, 0x0ffd, 0x0ffd, 0x0ffd, 0xeffc, 0x0ffd, 0x0ffd, 0x0ffd, 0x0ffd, 0x0ffd, 0xf0fc,
  0x2ffd, 0x31fb, 0x54f1, 0x55f1, 0x55f1, 0x33f9, 0xf0d0, 0x6860, 0x6760, 0xceb8, 0x53e9, 0x54f1,
  0x54f9, 0x34f9, 0x54f1, 0x54f1, 0x34f9, 0x14f9, 0x14f9, 0x32e1, 0x4530, 0x0008, 0x0000, 0x2000,
  0x0008, 0x0110, 0x0110, 0xeca0, 0x52e9, 0x35f1, 0x34f9, 0x72e9, 0x30d9, 0x8750, 0x2100, 0x0000,
  0x2000, 0x0000, 0x0000, 0x0000, 0x0000, 0x0000, 0x0000, 0x0000, 0x0000, 0x0000, 0x0000, 0x0000,
  0x0000, 0x0000, 0x0000, 0x0000, 0x0000, 0x0000, 0x4540, 0x53e9, 0x34f1, 0x33f9, 0x34f9, 0x74f1,
  0x54f1, 0x54f1, 0x36f9, 0x35f9, 0x34f9, 0xd2fa, 0xf0fc, 0xcffc, 0xf2f2, 0x55f9, 0x15f1, 0x54f9,
  0x34f1, 0xd2fa, 0xd0fc, 0xeffc, 0xeef4, 0x2ef5, 0x2ff5, 0x2ff5, 0x10f5, 0x0ffd, 0x0ffd, 0x0ffd,
  0x0ffd, 0x0ffd, 0x0ffd, 0x0ffd, 0xeffc, 0xf0fc, 0xeffc, 0x0dfd, 0x0ffd, 0xeefc, 0x91fd, 0x5dff,
  0xffff, 0xdef7, 0xbeff, 0xbeff, 0x14ee, 0x0ffd, 0x0ffd, 0xeffc, 0x0ffd, 0x0ffd, 0x0ffd, 0x0ffd,
  0x0ffd, 0xeffc, 0x0ffd, 0x0ffd, 0x0ffd, 0x0ffd, 0x0ffd, 0x2ef5, 0xf2fa, 0x34f1, 0x34f1, 0x54f1,
  0x34f1, 0x56f9, 0x74e9, 0x54f1, 0x35f9, 0x35f9, 0x55f9, 0x34f9, 0x54f1, 0x34f1, 0x55f9, 0x54f9,
  0x54f1, 0x94e9, 0x53e1, 0x2538, 0x0000, 0x0000, 0x2000, 0x0000, 0x0108, 0x4000, 0x4218, 0x4438,
  0x10b9, 0x75f1, 0xa968, 0x0330, 0x0218, 0x2000, 0x2000, 0x0000, 0x0000, 0x0000, 0x0000, 0x0000,
  0x0000, 0x0000, 0x0000, 0x0000, 0x0000, 0x0000, 0x0000, 0x0000, 0x0000, 0x0000, 0x0000, 0x0000,
  0x0000, 0x4538, 0x11d1, 0x33e9, 0x52e9, 0x33e9, 0x12e1, 0x34f1, 0x73f1, 0x54f1, 0x54f1, 0x54f1,
  0xf2f2, 0x10fd, 0xeffc, 0xd2f2, 0x73f9, 0x73e9, 0x34f9, 0x54f9, 0xb3fa, 0xd0f4, 0xd0f4, 0x0ffd,
  0x10fd, 0xd0fc, 0xeffc, 0xf0fc, 0x0ffd, 0x0ffd, 0x0ffd, 0x0ffd, 0x0ffd, 0x0ffd, 0x0ffd, 0x0ffd,
  0x10fd, 0x30f5, 0x2efd, 0x10fd, 0x10fd, 0xb3f5, 0x3dff, 0xffff, 0xfdf7, 0xffff, 0xffff, 0x34f6,
  0x0ffd, 0x0ffd, 0x0ffd, 0x0ffd, 0x0ffd, 0x0ffd, 0x10fd, 0x0ffd, 0x0ffd, 0x0ffd, 0x0ffd, 0x0ffd,
  0x0ffd, 0x0ffd, 0x2ef5, 0x12fb, 0x35f9, 0x54f9, 0x74f1, 0x54f1, 0x14f1, 0x35f9, 0x34f9, 0x54f1,
  0x54e9, 0x54f1, 0x53f1, 0x54f1, 0x14f9, 0x55f1, 0x54f1, 0x53f1, 0x12e1, 0x10d1, 0x2538, 0x0000,
  0x2000, 0x2000, 0x0000, 0x2100, 0x0000, 0x0008, 0x2118, 0xac98, 0xf0d0, 0x6648, 0x0100, 0x0000,
  0x0000, 0x0000, 0x0000, 0x0000, 0x0000, 0x0000, 0x0000, 0x0000, 0x0000, 0x0000, 0x0000, 0x0000,
  0x0000, 0x0000, 0x0000, 0x0000, 0x0000, 0x0000, 0x0000, 0x2000, 0x4320, 0x8858, 0x8868, 0x8860,
  0x8860, 0x6870, 0x32d9, 0x54f9, 0x34f1, 0x54f1, 0x54f1, 0xd1ea, 0xf0fc, 0xf0fc, 0x10fc, 0xb0fb,
  0x51eb, 0x73f1, 0x34f9, 0xd3f1, 0xb2f2, 0xf1f2, 0x30fc, 0xeffc, 0xf0fc, 0x0efd, 0x10fd, 0x0ffd,
  0x0ffd, 0x0ffd, 0x0ffd, 0x0ffd, 0x0ffd, 0x0ffd, 0x0ffd, 0xeffc, 0x2ff5, 0x2ffd, 0xf5f5, 0x98fe,
  0xf9f6, 0x9eff, 0xffff, 0xfeff, 0xffff, 0xdfff, 0xf4fd, 0x0ffd, 0x0ffd, 0x0ffd, 0x0ffd, 0x0ffd,
  0x0ffd, 0x10fd, 0x0ffd, 0x0ffd, 0x0ffd, 0x0ffd, 0x0ffd, 0x0ffd, 0xf0fc, 0x2ffd, 0x11fb, 0x54f1,
  0x34f1, 0x54f1, 0x33f9, 0x54f1, 0x33f9, 0x54f1, 0x54f1, 0x54f1, 0x34f9, 0x54f1, 0x74e9, 0x34f9,
  0x55f1, 0x34f1, 0x0fb9, 0x8960, 0x8858, 0x2210, 0x2000, 0x0008, 0x0000, 0x0000, 0x2100, 0x2000,
  0x2000, 0x0108, 0x2530, 0x6648, 0x2218, 0x0100, 0x2008, 0x0000, 0x0000, 0x0000, 0x0000, 0x0000,
  0x0000, 0x0000, 0x0000, 0x0000, 0x0000, 0x0000, 0x0000, 0x0000, 0x0000, 0x0000, 0x0000, 0x0000,
  0x0000, 0x0000, 0x0000, 0x0008, 0x2000, 0x0000, 0x2000, 0x0100, 0x2110, 0xefc0, 0x35f9, 0x33f1,
  0x54f9, 0x54f1, 0xf1f2, 0x0ffd, 0x2ffd, 0x0ff5, 0x2ffd, 0x90f4, 0xd2f1, 0x54f1, 0x53f1, 0x35f9,
  0x74e9, 0xd1fb, 0x0ffd, 0x2ffd, 0x0efd, 0xf0fc, 0x0ffd, 0x0ffd, 0x0ffd, 0x0ffd, 0x0ffd, 0x0ffd,
  0x0ffd, 0x10fd, 0xeffc, 0x2ff5, 0x0ffd, 0x98f6, 0xdeff, 0xdeff, 0xffff, 0xffff, 0xffff, 0xffff,
  0xdfff, 0xf4fd, 0x0ffd, 0x0ffd, 0x0ffd, 0x0ffd, 0x0ffd, 0x10fd, 0x10fd, 0x0ffd, 0x0ffd, 0x0ffd,
  0x0ffd, 0x0ffd, 0x0ffd, 0xeffc, 0x2ff5, 0x13fb, 0x35f9, 0x53f9, 0x74f1, 0x54f1, 0x54f1, 0x34f1,
  0x34f1, 0x14f9, 0x34f1, 0x15f9, 0x35f1, 0x34f1, 0x55f1, 0x75e9, 0x33f1, 0xab90, 0x0208, 0x0108,
  0x2000, 0x2000, 0x0008, 0x2000, 0x0000, 0x0108, 0x0000, 0x2100, 0x2000, 0x2100, 0x2100, 0x0000,
  0x0000, 0x0000, 0x0000, 0x0000, 0x0000, 0x0000, 0x0000, 0x0000, 0x0000, 0x0000, 0x0000, 0x0000,
  0x0000, 0x0000, 0x0000, 0x0000, 0x0000, 0x0000, 0x0000, 0x0000, 0x0000, 0x0000, 0x0000, 0x4100,
  0x0000, 0x0008, 0x0000, 0x4108, 0xaeb0, 0x72e1, 0x52e9, 0x54f1, 0x14f1, 0xd1fa, 0x0ffd, 0xeff4,
  0x0ffd, 0xf0fc, 0x50fc, 0xd3f9, 0x96f1, 0x54f9, 0x34f9, 0x73e9, 0xd0fb, 0xeffc, 0x10fd, 0x2efd,
  0x10fd, 0x0ffd, 0x0ffd, 0x0ffd, 0x0ffd, 0x0ffd, 0x0ffd, 0x30f5, 0x50f5, 0x10fd, 0x70fd, 0x30fd,
  0x98fe, 0xffff, 0xffff, 0xffff, 0xfff7, 0xdfff, 0xffff, 0xfeff, 0x16f6, 0x0ffd, 0x0ffd, 0xeffc,
  0x0ffd, 0x0ffd, 0x30fd, 0x30fd, 0x2ffd, 0x2ffd, 0x0ffd, 0x0ffd, 0x0ffd, 0xeffc, 0xaffc, 0xeff4,
  0xf1fa, 0x34f1, 0x54f1, 0x74f1, 0x73f9, 0x94f9, 0x94f9, 0x93f9, 0x93f9, 0xd2e9, 0x93f9, 0x74f9,
  0x34f9, 0x34f9, 0x74e1, 0x52e9, 0xaa88, 0x0008, 0x0000, 0x2000, 0x0000, 0x0100, 0x2000, 0x0000,
  0x0000, 0x2000, 0x0000, 0x0000, 0x0000, 0x2000, 0x0000, 0x0000, 0x0000, 0x2000, 0x0000, 0x0000,
  0x0000, 0x0000, 0x0000, 0x0000, 0x0000, 0x0000, 0x0000, 0x0000, 0x0000, 0x0000, 0x0000, 0x0000,
  0x0000, 0x0000, 0x0000, 0x0000, 0x0000, 0x0100, 0x0000, 0x0000, 0x0000, 0x0000, 0x2000, 0x0128,
  0x4220, 0x6548, 0x11c9, 0x55f1, 0x12e3, 0x0ffd, 0xf1f4, 0x10fd, 0x2ff5, 0x2ff5, 0x6ffc, 0x70fc,
  0x51fb, 0x91f9, 0x34f1, 0xd0fb, 0x2ef5, 0xf0fc, 0xf0fc, 0xeffc, 0x0ffd, 0x10fd, 0x10fd, 0xf0fc,
  0x0ff5, 0x31fd, 0x1af7, 0x7df7, 0x7df7, 0x7cff, 0x9cff, 0xdeff, 0xffff, 0xfff7, 0xffff, 0xdfff,
  0xdfff, 0xdff7, 0xffff, 0x15f6, 0xcffc, 0x2ff5, 0x0ff5, 0xeefc, 0xd2f5, 0x7cff, 0x3bff, 0x33f6,
  0x4ff5, 0xcffc, 0x0ff5, 0xeff4, 0x30f4, 0x34f2, 0xf2e9, 0x94e9, 0x55f9, 0xd2f1, 0x10f4, 0x6ff4,
  0x70f4, 0x8ff4, 0x90f4, 0xb0f4, 0xaff4, 0x70f4, 0x12f2, 0x54f1, 0x54f9, 0x34f9, 0x54f1, 0xab88,
  0x0108, 0x0000, 0x0000, 0x0000, 0x0000, 0x0000, 0x0000, 0x0000, 0x0000, 0x0000, 0x0000, 0x0000,
  0x0000, 0x0000, 0x0000, 0x0000, 0x0000, 0x0000, 0x0000, 0x0000, 0x0000, 0x0000, 0x0000, 0x0000,
  0x0000, 0x0000, 0x0000, 0x0000, 0x0000, 0x0000, 0x0000, 0x0000, 0x0000, 0x0000, 0x0000, 0x0000,
  0x0000, 0x2000, 0x0000, 0x0100, 0x0108, 0x2000, 0x0108, 0x0108, 0x2540, 0x11d1, 0x34f9, 0xd1f2,
  0x0efd, 0xeffc, 0x0efd, 0x0ffd, 0x10fd, 0x0efd, 0xeffc, 0x92fb, 0x74f1, 0x36f1, 0xb2fb, 0x0ffd,
  0x10fd, 0x10f5, 0x2ff5, 0x0ffd, 0x0ffd, 0x2ffd, 0xeffc, 0x2ffd, 0x51fd, 0x5cff, 0xdfff, 0xffff,
  0xffff, 0xfeff, 0xffff, 0xffff, 0xffff, 0xffff, 0xffff, 0xffff, 0xffff, 0xdfff, 0x14f6, 0x0ffd,
  0x2ff5, 0x10f5, 0xf0fc, 0xd3f5, 0xdef7, 0xbeff, 0x37fe, 0xf0fc, 0xcffc, 0x4ffd, 0xeefc, 0xd0fb,
  0xb4f9, 0x53f1, 0x35f1, 0x35f9, 0xf3f1, 0x30fc, 0xeffc, 0x10fd, 0x0ffd, 0x0ffd, 0x0ffd, 0x0ffd,
  0xcffc, 0x52fa, 0x54f1, 0x54f1, 0x54f9, 0x54f1, 0xab80, 0x0100, 0x0000, 0x0000, 0x0000, 0x0000,
  0x0000, 0x0000, 0x0000, 0x0000, 0x0000, 0x0000, 0x0000, 0x0000, 0x0000, 0x0000, 0x0000, 0x0000,
  0x0000, 0x0000, 0x0000, 0x0000, 0x0000, 0x0000, 0x0000, 0x0000, 0x0000, 0x0000, 0x0000, 0x0000,
  0x0000, 0x0000, 0x0000, 0x0000, 0x0000, 0x0000, 0x0000, 0x0000, 0x4000, 0x0000, 0x0000, 0x0008,
  0x2108, 0x6540, 0x6858, 0xaa78, 0x32d9, 0x54f1, 0x52ea, 0xb1fb, 0xb1fb, 0x8ffc, 0xeffc, 0xf0fc,
  0x2efd, 0x0ef5, 0x10f4, 0xd2fa, 0xb4f2, 0x31fc, 0x0efd, 0x0ffd, 0x0ffd, 0x2ffd, 0x10fd, 0xf0fc,
  0x2ff5, 0x0ff5, 0x2ffd, 0x51fd, 0x7cff, 0xffff, 0xffff, 0xffff, 0xffff, 0xffff, 0xffff, 0xffff,
  0xffff, 0xffff, 0xfff7, 0xffff, 0xdfff, 0x14f6, 0xcffc, 0x0ffd, 0x10fd, 0xf0fc, 0xd4ed, 0xdef7,
  0xdff7, 0xdafe, 0xf6fd, 0x16f6, 0x50f5, 0x0efd, 0xd1fb, 0xb3f1, 0x35f9, 0x13f2, 0xd1fa, 0x11f3,
  0x70fc, 0x10f5, 0x10fd, 0x0ffd, 0x0ffd, 0x0ffd, 0x0ffd, 0xcffc, 0x52f2, 0x54f1, 0x54f1, 0x54f1,
  0x53f1, 0xab80, 0x0108, 0x0000, 0x0000, 0x0000, 0x0000, 0x0000, 0x0000, 0x0000, 0x0000, 0x0000,
  0x0000, 0x0000, 0x0000, 0x0000, 0x0000, 0x0000, 0x0000, 0x0000, 0x0000, 0x0000, 0x0000, 0x0000,
  0x0000, 0x0000, 0x0000, 0x0000, 0x0000, 0x0000, 0x0000, 0x0000, 0x0000, 0x0000, 0x0000, 0x0000,
  0x0000, 0x0000, 0x0000, 0x2000, 0x0000, 0x0000, 0x2000, 0x2108, 0x0da1, 0x52e1, 0x51d9, 0x33f1,
  0x54f1, 0x93f1, 0xb4f1, 0xf4f1, 0xb1f3, 0xeffc, 0xeffc, 0x0ffd, 0x0ffd, 0xeffc, 0xcffc, 0xb0fc,
  0x0ffd, 0x0dfd, 0x0ffd, 0xeffc, 0x10fd, 0x30fd, 0xeffc, 0x0ffd, 0xeffc, 0x0ffd, 0x31fd, 0x7cff,
  0xffff, 0xffff, 0xffff, 0xffff, 0xffff, 0xffff, 0xffff, 0xdfff, 0xffff, 0xfff7, 0xffff, 0xffff,
  0x16f6, 0xeffc, 0x0efd, 0x0ffd, 0xeefc, 0xd3f5, 0xbeff, 0xdfff, 0xddff, 0xbcff, 0x9cf7, 0x52f5,
  0x0efd, 0xf1f3, 0x93f1, 0x55f1, 0x31fb, 0xcffc, 0xb0fc, 0xeffc, 0x30f5, 0x30fd, 0x0ffd, 0x10fd,
  0x10fd, 0x10fd, 0xd0fc, 0x53f2, 0x34f1, 0x55f1, 0x34f9, 0x53f1, 0xab88, 0x0008, 0x0000, 0x0000,
  0x0000, 0x0000, 0x0000, 0x0000, 0x0000, 0x0000, 0x0000, 0x0000, 0x0000, 0x0000, 0x0000, 0x0000,
  0x0000, 0x0000, 0x0000, 0x0000, 0x0000, 0x0000, 0x0000, 0x0000, 0x0000, 0x0000, 0x0000, 0x0000,
  0x0000, 0x0000, 0x0000, 0x0000, 0x0000, 0x0000, 0x0000, 0x0000, 0x0000, 0x0100, 0x0000, 0x0000,
  0x2000, 0x0008, 0x0210, 0xcfc0, 0x36f9, 0x55f1, 0x14f9, 0x54f1, 0x53f1, 0xf5f0, 0x74f9, 0xb2fb,
  0x10fd, 0xf0fc, 0xeffc, 0xeffc, 0x0ffd, 0x0efd, 0x2df5, 0xf0f4, 0xf0fc, 0x31fd, 0x2ffd, 0x2efd,
  0x0ffd, 0x10fd, 0x0ffd, 0xf0fc, 0x2ffd, 0x71fd, 0x7bff, 0xffff, 0xffff, 0xffff, 0xffff, 0xfeff,
  0xfeff, 0xffff, 0xffff, 0xdfff, 0xdfff, 0xdeff, 0xbeff, 0xf5fd, 0x10f5, 0x0ffd, 0x0ff5, 0xeffc,
  0xf4fd, 0xbeff, 0xffff, 0xffff, 0xffff, 0xbdff, 0x52fd, 0xf0fc, 0xb1f3, 0x92f9, 0x54f9, 0x70f3,
  0x2ff5, 0x2ff5, 0x0ef5, 0x0efd, 0x2ffd, 0x0efd, 0x0ffd, 0x0ffd, 0x0ffd, 0xaffc, 0x52f2, 0x34f9,
  0x55f9, 0x34f9, 0x53f1, 0x8b80, 0x0008, 0x0000, 0x0000, 0x0000, 0x0000, 0x0000, 0x0000, 0x0000,
  0x0000, 0x0000, 0x0000, 0x0000, 0x0000, 0x0000, 0x0000, 0x0000, 0x0000, 0x0000, 0x0000, 0x0000,
  0x0000, 0x0000, 0x0000, 0x0000, 0x0000, 0x0000, 0x0000, 0x0000, 0x0000, 0x0000, 0x0000, 0x0000,
  0x0000, 0x0000, 0x0000, 0x0000, 0x0000, 0x0000, 0x0000, 0x6538, 0xab88, 0xcd90, 0x31e1, 0x34f1,
  0x54f1, 0x34f9, 0x74f1, 0x53f9, 0x35f9, 0xb3f9, 0xb0fb, 0x0ff5, 0xf0fc, 0x2ffd, 0xf0fc, 0x10fd,
  0xf0fc, 0x2ff5, 0x10fd, 0xeffc, 0x0ff5, 0x2ff5, 0xeff4, 0x72fd, 0x76fe, 0x97f6, 0x58fe, 0xb6f6,
  0xb8fe, 0x9eff, 0xffff, 0xffff, 0xffff, 0xffff, 0xffff, 0xffff, 0xffff, 0xfff7, 0xdeff, 0x3bff,
  0x36fe, 0x16fe, 0x71fd, 0xeff4, 0x50f5, 0x16f6, 0x77f6, 0xfafe, 0xdfff, 0xffff, 0xffff, 0xdfff,
  0xbbff, 0x71fd, 0x0ffd, 0x8ffc, 0x91f3, 0x72fb, 0x50fc, 0xf0fc, 0xf0fc, 0x10fd, 0x2ef5, 0x2ffd,
  0x0efd, 0x0ffd, 0x0ffd, 0x2ffd, 0xcffc, 0x52f2, 0x34f9, 0x55f9, 0x54f9, 0x73f1, 0xab80, 0x0000,
  0x0000, 0x0000, 0x0000, 0x0000, 0x0000, 0x0000, 0x0000, 0x0000, 0x0000, 0x0000, 0x0000, 0x0000,
  0x0000, 0x0000, 0x0000, 0x0000, 0x0000, 0x0000, 0x0000, 0x0000, 0x0000, 0x0000, 0x0000, 0x0000,
  0x0000, 0x0000, 0x0000, 0x0000, 0x0000, 0x0000, 0x0000, 0x0000, 0x0000, 0x0000, 0x0000, 0x0000,
  0x2008, 0x0008, 0x8968, 0x33e9, 0x74f1, 0x33f9, 0x54f9, 0x34f1, 0x35f9, 0x35e9, 0x34f1, 0x56f1,
  0x93f1, 0xb1f3, 0x0ffd, 0x10fd, 0x2ff5, 0x10fd, 0x0ffd, 0x0ffd, 0x2ff5, 0xf0fc, 0xeffc, 0xeff4,
  0x0ffd, 0xeffc, 0xf6fd, 0xbeff, 0xffff, 0xffff, 0xfef7, 0xdeff, 0xffff, 0xffff, 0xffff, 0xdfff,
  0xdfff, 0xdfff, 0xffff, 0xffff, 0xfff7, 0xfeff, 0xd9fe, 0xf1f4, 0xf0f4, 0x0efd, 0xcefc, 0x92f5,
  0x5bff, 0xfeff, 0xffff, 0xffff, 0xffff, 0xffff, 0xffff, 0xddff, 0x51f5, 0xeffc, 0x2ffd, 0x2ff5,
  0x0ffd, 0x4efd, 0x0ffd, 0x0ffd, 0x10fd, 0x10fd, 0x10fd, 0xeffc, 0xeffc, 0xeffc, 0x30fd, 0xcffc,
  0x52f2, 0x34f1, 0x55f1, 0x74f1, 0x73f1, 0xab80, 0x2100, 0x0000, 0x0000, 0x0000, 0x0000, 0x0000,
  0x0000, 0x0000, 0x0000, 0x0000, 0x0000, 0x0000, 0x0000, 0x0000, 0x0000, 0x0000, 0x0000, 0x0000,
  0x0000, 0x0000, 0x0000, 0x0000, 0x0000, 0x0000, 0x0000, 0x0000, 0x0000, 0x0000, 0x0000, 0x0000,
  0x0000, 0x0000, 0x0000, 0x0000, 0x0000, 0x2000, 0x0108, 0x4328, 0x4430, 0xab80, 0x53e9, 0x74f1,
  0x13f9, 0x75f1, 0x54f9, 0x55f1, 0x54f9, 0x53f9, 0x55f1, 0x73f1, 0xb1fb, 0xeffc, 0xeffc, 0x2ef5,
  0x0ffd, 0x4ff5, 0x71fd, 0x93f5, 0x50f5, 0x0ffd, 0xf0fc, 0xeffc, 0x0efd, 0xd4fd, 0xffff, 0xffff,
  0xffff, 0xfeff, 0xffff, 0xffff, 0xffff, 0xffff, 0xffff, 0xffff, 0xffff, 0xffff, 0xffff, 0xfff7,
  0xffff, 0xdafe, 0x31fd, 0x0ffd, 0x51f5, 0x71fd, 0xf4f5, 0x5bff, 0xffff, 0xdff7, 0xffff, 0xffff,
  0xffff, 0xffff, 0xbdff, 0x71fd, 0x0ffd, 0xf0fc, 0xf0fc, 0x0efd, 0x0ffd, 0xf0fc, 0x2ff5, 0x71fd,
  0x72fd, 0x92fd, 0x0ffd, 0xeffc, 0xcffc, 0x30fd, 0x8efc, 0x52f2, 0x34f1, 0x54f1, 0x74e9, 0x33f1,
  0xcca0, 0x4438, 0x4430, 0x4428, 0x4430, 0x4428, 0x4430, 0x6428, 0x0218, 0x2008, 0x0000, 0x2108,
  0x4108, 0x2000, 0x0008, 0x0000, 0x0000, 0x0000, 0x0000, 0x0000, 0x0000, 0x0000, 0x0000, 0x0000,
  0x0000, 0x0000, 0x0000, 0x0000, 0x0000, 0x0000, 0x0000, 0x0000, 0x0000, 0x0000, 0x2000, 0x0000,
  0x0000, 0x4438, 0x0db1, 0xefc8, 0x12d9, 0x54f9, 0x34f9, 0x54f1, 0x35f9, 0x33f9, 0x54f1, 0x53f9,
  0x54f1, 0x75f1, 0xb3f1, 0x90fb, 0xeffc, 0x10fd, 0x4ff5, 0x30fd, 0xf5fd, 0x1bff, 0x3bff, 0x13fe,
  0x0efd, 0x0ffd, 0x10fd, 0x0ffd, 0xd4fd, 0xffff, 0xffff, 0xffff, 0xffff, 0xffff, 0xffff, 0xffff,
  0xffff, 0xffff, 0xffff, 0xffff, 0xffff, 0xffff, 0xfeff, 0xdfff, 0x1aff, 0x50fd, 0x2ffd, 0x55f6,
  0x5bff, 0x5bff, 0xbeff, 0xffff, 0xdfff, 0xffff, 0xffff, 0xffff, 0xffff, 0xbdff, 0x71fd, 0x0ffd,
  0xf0fc, 0x10f5, 0x30fd, 0xeffc, 0x0ffd, 0x50fd, 0xb9fe, 0x5cff, 0xf8fe, 0x51f5, 0x10f5, 0x30fd,
  0x10fd, 0xd0fc, 0x93ea, 0x34f1, 0x54f9, 0x54f1, 0x34f9, 0x32e1, 0x10c9, 0x10c9, 0xf0c0, 0x10c1,
  0x10c1, 0xf0c8, 0x2fc1, 0x6960, 0x0108, 0x4100, 0x6208, 0x8208, 0x4108, 0x2100, 0x0000, 0x0000,
  0x0000, 0x0000, 0x0000, 0x0000, 0x0000, 0x0000, 0x0000, 0x0000, 0x0000, 0x0000, 0x0000, 0x0000,
  0x0000, 0x0000, 0x0000, 0x0000, 0x0000, 0x4000, 0x2000, 0x2100, 0x6640, 0x52e1, 0x55f9, 0x55f9,
  0x54f1, 0x14f9, 0x35f1, 0x74f1, 0x34f1, 0x54f1, 0x53f1, 0x34f1, 0x15e9, 0x74f1, 0x92fb, 0x2ffd,
  0x0efd, 0xeefc, 0xcefc, 0x36fe, 0xbfff, 0xffff, 0x35f6, 0xeef4, 0x0ffd, 0x10fd, 0xeff4, 0xf4fd,
  0xffff, 0xffff, 0xffff, 0xffff, 0xffff, 0xffff, 0xffff, 0xffff, 0xffff, 0xffff, 0xffff, 0xffff,
  0xffff, 0xffff, 0xdfff, 0xf9fe, 0x30fd, 0xeffc, 0x99fe, 0xffff, 0xffff, 0xffff, 0xffff, 0xffff,
  0xffff, 0xffff, 0xffff, 0xffff, 0xbdff, 0x71fd, 0x0ffd, 0xf0fc, 0x10f5, 0x0ffd, 0x0ffd, 0x4ef5,
  0x51fd, 0x3cf7, 0xffff, 0x7bff, 0x11fd, 0xeff4, 0x0ffd, 0xcffc, 0xaefc, 0x71ea, 0x34f1, 0x54f9,
  0x34f1, 0x34f1, 0x34e9, 0x35f9, 0x54f9, 0x34f9, 0x55f9, 0x34f9, 0x33f1, 0x73f9, 0x8a70, 0x0108,
  0x8208, 0xc208, 0x6108, 0x8110, 0x4008, 0x2008, 0x2000, 0x0000, 0x0000, 0x0000, 0x0000, 0x0000,
  0x0000, 0x0000, 0x0000, 0x0000, 0x0000, 0x0000, 0x0000, 0x0000, 0x0000, 0x2000, 0x2008, 0x0000,
  0x0000, 0x2430, 0x2650, 0x6a78, 0x33e1, 0x35e9, 0x34f1, 0x53e9, 0x34f9, 0x35f9, 0x34f9, 0x55f1,
  0x33f2, 0x72fa, 0x53fa, 0x33f2, 0x93fa, 0x31f4, 0x2efd, 0x0ffd, 0xb4f5, 0xd4f5, 0xb8f6, 0xddf7,
  0xfeff, 0x15fe, 0xeffc, 0xf0fc, 0xeffc, 0x0ffd, 0xf4fd, 0xffff, 0xffff, 0xffff, 0xffff, 0xffff,
  0xffff, 0xffff, 0xffff, 0xffff, 0xffff, 0xffff, 0xffff, 0xffff, 0xffff, 0xbfff, 0x1bf7, 0xf4f5,
  0xb4f5, 0xfbf6, 0xdfff, 0xffff, 0xfff7, 0xffff, 0xffff, 0xffff, 0xffff, 0xffff, 0xffff, 0xbdff,
  0x71fd, 0x0ffd, 0xf0fc, 0x2ffd, 0xeffc, 0x32fd, 0x93fd, 0xb5fd, 0x5df7, 0xfeff, 0x3cf7, 0xb4f5,
  0xd3fd, 0x50fd, 0xeffc, 0xeffc, 0x92f2, 0x55f9, 0x34f9, 0x53f1, 0x74f9, 0x75f1, 0x54f1, 0x33f1,
  0x54f1, 0x54f1, 0x34f1, 0x53e9, 0x53f1, 0xcda8, 0x6640, 0xa640, 0xe748, 0xc760, 0xc650, 0x4108,
  0x4008, 0x2000, 0x0000, 0x0000, 0x0000, 0x0000, 0x0000, 0x0000, 0x0000, 0x0000, 0x0000, 0x0000,
  0x0000, 0x0000, 0x0000, 0x0000, 0x0000, 0x0008, 0x0000, 0x2210, 0xec98, 0x52f1, 0x33e9, 0x54f9,
  0x54f1, 0x34f9, 0x54f1, 0x54f9, 0x54f1, 0x53f1, 0x32f2, 0x30fc, 0xcffc, 0xd1fc, 0xeff4, 0xeefc,
  0xeffc, 0x0efd, 0x31fd, 0x7eff, 0xdfff, 0xdeff, 0xfeff, 0xdeff, 0x15fe, 0xeffc, 0x10fd, 0xeffc,
  0x0ffd, 0xf4fd, 0xffff, 0xffff, 0xffff, 0xffff, 0xffff, 0xffff, 0xffff, 0xffff, 0xffff, 0xffff,
  0xffff, 0xffff, 0xffff, 0xffff, 0xdfff, 0xdfff, 0xbcff, 0xbcff, 0xfff7, 0xdfff, 0xffff, 0xffff,
  0xffff, 0xdfff, 0xdfff, 0xffff, 0xffff, 0xffff, 0xbdff, 0x71fd, 0x0ffd, 0xf0fc, 0xeffc, 0x10f5,
  0xb8f6, 0xdeff, 0xfeff, 0xffff, 0xdeff, 0xffef, 0x9eff, 0xbcff, 0x15fe, 0x10fd, 0xaff4, 0x52f2,
  0x14f1, 0x34f1, 0x54f9, 0x34f9, 0x34f1, 0x54f1, 0x54f1, 0x55f1, 0x55f9, 0x35f1, 0x75e9, 0x54f9,
  0x33e9, 0x33e9, 0x93e1, 0x73f1, 0x74f1, 0x91c1, 0xc510, 0x6208, 0x4108, 0x0000, 0x0000, 0x0000,
  0x0000, 0x0000, 0x0000, 0x0000, 0x0000, 0x0000, 0x0000, 0x0000, 0x0000, 0x0000, 0x0000, 0x0000,
  0x0008, 0x0108, 0x0318, 0xeea0, 0x55f9, 0x55f1, 0x34f1, 0x53f1, 0x54f1, 0x35f1, 0x34f9, 0x53f1,
  0x14f9, 0x14f2, 0x71fc, 0x0efd, 0x10fd, 0x10fd, 0x0ffd, 0x2ffd, 0x0ffd, 0x50f5, 0xbdff, 0xdfff,
  0xfff7, 0xffff, 0xdfff, 0x15fe, 0xeef4, 0x30f5, 0x10fd, 0xeffc, 0xf4fd, 0xffff, 0xffff, 0xffff,
  0xffff, 0xffff, 0xffff, 0xffff, 0xffff, 0xffff, 0xffff, 0xffff, 0xffff, 0xffff, 0xffff, 0xdfff,
  0xffff, 0xffff, 0xffff, 0xfff7, 0xdfff, 0xffff, 0xffff, 0xffff, 0xdfff, 0xffff, 0xffff, 0xffff,
  0xffff, 0xbdff, 0x71fd, 0x0ffd, 0xf0fc, 0x0ffd, 0x0ff5, 0x98f6, 0xdfff, 0xfff7, 0xdfff, 0xdeff,
  0xdfff, 0xdfff, 0xdef7, 0x16fe, 0x10fd, 0xcffc, 0x53fa, 0x54f9, 0x54f1, 0x54f9, 0x54f1, 0x54f1,
  0x34f9, 0x74f1, 0x53e9, 0x54f9, 0x33e9, 0x54f1, 0x34f1, 0x54f1, 0x13f9, 0x73f1, 0x53f1, 0x75f9,
  0x91c9, 0xa418, 0x8210, 0x8210, 0x4108, 0x0000, 0x0000, 0x0000, 0x0000, 0x0000, 0x0000, 0x2000,
  0x0000, 0x2000, 0x0000, 0x0008, 0x0000, 0x0000, 0x0000, 0x8648, 0xab98, 0x8c98, 0x31d1, 0x34f9,
  0x34f1, 0x33f1, 0x54f1, 0x54f1, 0x34f1, 0x54f1, 0x73e9, 0x35f9, 0x13fa, 0x90fc, 0x0ef5, 0x0ffd,
  0xf0fc, 0xeffc, 0x10fd, 0x10fd, 0x51fd, 0xbdff, 0xdfff, 0xdfff, 0xdfff, 0xdfff, 0x1cff, 0x98fe,
  0x56fe, 0x71f5, 0xeefc, 0xd3fd, 0xfeff, 0xffff, 0xfeff, 0xffff, 0xdfff, 0xffff, 0xffff, 0xffff,
  0xffff, 0xffff, 0xffff, 0xffff, 0xffff, 0xffff, 0xffff, 0xffff, 0xffff, 0xffff, 0xffff, 0xffff,
  0xffff, 0xffff, 0xffff, 0xffff, 0xffff, 0xffff, 0xffff, 0xffff, 0xbdf7, 0x71fd, 0x0ffd, 0x0ff5,
  0x0efd, 0x4ef5, 0xb7f6, 0xdfff, 0xfff7, 0xfeff, 0xdfff, 0xdfff, 0xffff, 0xdeff, 0x56f6, 0x0ef5,
  0xd0fc, 0x52f2, 0x55f1, 0xf2f1, 0x51f3, 0xb1eb, 0x72f2, 0x34f9, 0x74f1, 0x54f1, 0x54f1, 0x53e9,
  0x54f1, 0x54f1, 0x53f9, 0x74f1, 0x53e9, 0x33e9, 0x54f1, 0x72e1, 0x2ea9, 0x0da1, 0xc858, 0x6210,
  0x0000, 0x0000, 0x0000, 0x0000, 0x0000, 0x0000, 0x0000, 0x0008, 0x0000, 0x0000, 0x2008, 0x2000,
  0x0100, 0x0108, 0xe970, 0x53f1, 0x34f1, 0x74f1, 0x73e9, 0x54f1, 0x54f1, 0x54f1, 0x34f9, 0x35f9,
  0x35f9, 0x54f1, 0x75f1, 0x12f2, 0x70fc, 0xeefc, 0x0ffd, 0xf0fc, 0x0ffd, 0x0ffd, 0x0ffd, 0x51fd,
  0xbef7, 0xffff, 0xffff, 0xffff, 0xffff, 0xffff, 0xdeff, 0x1aff, 0x72fd, 0xcffc, 0xb3fd, 0xdeff,
  0xffff, 0xfeff, 0xffff, 0xdfff, 0xffff, 0xffff, 0xffff, 0xffff, 0xffff, 0xffff, 0xffff, 0xffff,
  0xffff, 0xffff, 0xffff, 0xffff, 0xffff, 0xffff, 0xffff, 0xffff, 0xffff, 0xffff, 0xffff, 0xffff,
  0xffff, 0xffff, 0xffff, 0x9ef7, 0x72fd, 0x0ffd, 0xf0fc, 0xeffc, 0x0ff5, 0x77fe, 0xdfff, 0xffff,
  0xfeff, 0xdfff, 0xffff, 0xffff, 0xbeff, 0x36fe, 0x0ffd, 0xd0fc, 0x52fa, 0x14f9, 0x53fa, 0xb0fc,
  0x30f5, 0x32fb, 0x54f9, 0x53f1, 0x13f9, 0x34f1, 0x53f1, 0x54f1, 0x55e9, 0x53f1, 0x33e9, 0x54f1,
  0x74f1, 0x54f1, 0x53e9, 0x93e9, 0xb3e9, 0x2c89, 0xa218, 0x0000, 0x0000, 0x0000, 0x0000, 0x0000,
  0x0000, 0x0000, 0x0008, 0x0000, 0x0000, 0x2000, 0x2000, 0x0320, 0x2218, 0xca70, 0x33e9, 0x35f9,
  0x35f1, 0x34f9, 0x54f9, 0x54f9, 0x34f9, 0x34f9, 0x34f9, 0x34f9, 0x53f1, 0x74e9, 0x12f2, 0x70fc,
  0x0efd, 0x2ffd, 0x10fd, 0x2ffd, 0x0ffd, 0x0ffd, 0x50fd, 0xbef7, 0xffff, 0xffff, 0xfeff, 0xffff,
  0xfff7, 0xffff, 0x3bff, 0xb5f5, 0x12fd, 0x56f6, 0xfef7, 0xffff, 0xffff, 0xffff, 0xdfff, 0xffff,
  0xffff, 0xffff, 0xffff, 0xffff, 0xffff, 0xffff, 0xffff, 0xffff, 0xffff, 0xffff, 0xffff, 0xffff,
  0xffff, 0xffff, 0xffff, 0xffff, 0xffff, 0xffff, 0xffff, 0xffff, 0xffff, 0xffff, 0x9eff, 0x50fd,
  0xeefc, 0xf0f4, 0x51fd, 0x52ed, 0x98f6, 0xbeff, 0xffff, 0xffff, 0xffff, 0xffff, 0xffff, 0xbeff,
  0x15f6, 0xeffc, 0xaff4, 0x91fa, 0x94f9, 0xb2f2, 0xcff4, 0x4eed, 0x71f3, 0xb4f1, 0xb4f1, 0x94f9,
  0xd4f1, 0xb3f9, 0x34f9, 0x35f1, 0x33f9, 0x53f1, 0x74f1, 0x94f9, 0x94f1, 0x74f1, 0x74f1, 0x94e9,
  0x2c89, 0x8218, 0x0000, 0x0000, 0x0000, 0x0000, 0x0000, 0x0000, 0x2000, 0x0000, 0x0000, 0x0100,
  0x0000, 0x2218, 0xeea8, 0xf0c0, 0x31d9, 0x54f9, 0x54f9, 0x54f1, 0x35f1, 0x54f1, 0x54f9, 0x34f9,
  0x54f1, 0x53f1, 0x53f1, 0x74f1, 0x54f1, 0xf3f9, 0x51fc, 0x0ffd, 0x0ffd, 0xf0fc, 0x0ffd, 0x0ffd,
  0x0ffd, 0x50fd, 0xbdff, 0xffff, 0xffff, 0xffff, 0xffff, 0xffff, 0xffff, 0xdeff, 0x5cff, 0x3bff,
  0x5bff, 0xffff, 0xffff, 0xffff, 0xdfff, 0xdfff, 0xffff, 0xffff, 0xffff, 0xffff, 0xffff, 0xffff,
  0xffff, 0xffff, 0xffff, 0xffff, 0xffff, 0xffff, 0xffff, 0xffff, 0xffff, 0xffff, 0xffff, 0xffff,
  0xffff, 0xffff, 0xffff, 0xdeff, 0xffff, 0xbfff, 0x70fd, 0x2efd, 0xd2f5, 0x19ff, 0x3af7, 0xbdff,
  0xffff, 0xffff, 0xffff, 0xffff, 0xdfff, 0xffff, 0xdeff, 0x15fe, 0x0ffd, 0x2ef5, 0x70fc, 0x50f4,
  0x70fc, 0xf0fc, 0x30fd, 0x8ffc, 0x30fc, 0x4ff4, 0x30fc, 0x30f4, 0x51f3, 0xd3f1, 0x54e9, 0x34f1,
  0x94f9, 0x94f1, 0xb5f1, 0xb5f1, 0x95f1, 0x54f1, 0x33e9, 0xeb88, 0x6218, 0x0000, 0x0000, 0x0000,
  0x0000, 0x0000, 0x0000, 0x0000, 0x0000, 0x0000, 0x0000, 0x0000, 0x2220, 0x32e1, 0x54f9, 0x54f1,
  0x34f9, 0x54f1, 0x54f1, 0x54f1, 0x53f1, 0x74f9, 0x34f9, 0x34f1, 0x54f1, 0x34f1, 0x35f9, 0x52f1,
  0x12fa, 0x51fc, 0x10fd, 0x0ffd, 0xf0fc, 0x0ffd, 0x0ffd, 0x0ffd, 0x50fd, 0xbdff, 0xffff, 0xffff,
  0xffff, 0xffff, 0xffff, 0xffff, 0xffff, 0xffff, 0xffff, 0xfeff, 0xffff, 0xdfff, 0xffff, 0xffff,
  0xffff, 0xffff, 0xffff, 0xffff, 0xffff, 0xffff, 0xffff, 0xffff, 0xffff, 0xffff, 0xffff, 0xffff,
  0xffff, 0xffff, 0xffff, 0xffff, 0xffff, 0xffff, 0xffff, 0xffff, 0xffff, 0xffff, 0xdfff, 0xffff,
  0xbef7, 0x51fd, 0xeffc, 0xf3f5, 0x7dff, 0xdfff, 0xffff, 0xffff, 0xdfff, 0xffff, 0xfeff, 0xdfff,
  0xffff, 0xdeff, 0x16fe, 0xd0fc, 0x2ef5, 0xeffc, 0x0ffd, 0x0ffd, 0xcefc, 0x0ff5, 0x0ffd, 0x0ffd,
  0x0ffd, 0xf0fc, 0x0ff5, 0xf0fb, 0xd2f1, 0x53e9, 0x54f1, 0x94f1, 0xb5f1, 0xb5f1, 0x94f1, 0x74f1,
  0x54f1, 0x53e9, 0xcb80, 0x4118, 0x0000, 0x0000, 0x0000, 0x0000, 0x0000, 0x0000, 0x0000, 0x0000,
  0x0000, 0x0000, 0x2000, 0x2218, 0x32e1, 0x54f9, 0x34f9, 0x35f9, 0x35f1, 0x54f1, 0x53f1, 0x53f1,
  0x54f9, 0x33f1, 0xb3f1, 0x72f2, 0x72f2, 0x52fa, 0x90f2, 0x11fb, 0xaff4, 0x0ffd, 0x0ffd, 0x10fd,
  0x10fd, 0x0ffd, 0x0ffd, 0x51fd, 0xbeff, 0xffff, 0xffff, 0xfff7, 0xfff7, 0xffff, 0xffff, 0xffff,
  0xffff, 0xffff, 0xffff, 0xdfff, 0xffff, 0xffff, 0xffff, 0xffff, 0xffff, 0xffff, 0xffff, 0xffff,
  0xffff, 0xffff, 0xffff, 0xffff, 0xffff, 0xffff, 0xffff, 0xffff, 0xffff, 0xffff, 0xffff, 0xffff,
  0xffff, 0xffff, 0xffff, 0xffff, 0xffff, 0xdfff, 0xfeff, 0xbef7, 0x36fe, 0xd5fd, 0x78fe, 0x9eff,
  0xdfff, 0xffff, 0xffff, 0xffff, 0xffff, 0xfeff, 0xdfff, 0xffff, 0xdef7, 0xb9fe, 0xb5fd, 0x13f6,
  0xf0fc, 0xeefc, 0x0ffd, 0xeefc, 0x2ff5, 0x10fd, 0x0ffd, 0xeefc, 0xf0fc, 0x2ef5, 0x10f4, 0xb3e9,
  0x53e9, 0x95f1, 0xb4f1, 0xb4f1, 0x94f1, 0x74f1, 0x54e9, 0x33e9, 0x33e1, 0xaa78, 0x2110, 0x0000,
  0x0000, 0x0000, 0x0000, 0x0000, 0x0000, 0x0000, 0x0000, 0x0000, 0x0000, 0x0000, 0x2218, 0x33e1,
  0x34f1, 0x54f1, 0x73f1, 0x54f1, 0x54f1, 0x35f1, 0x35f9, 0x15f9, 0x52f1, 0xd1f2, 0x90fc, 0x0ef5,
  0x0ef5, 0xd1fc, 0x91fc, 0x2ffd, 0x0efd, 0x0efd, 0x10fd, 0x10f5, 0xeffc, 0xeffc, 0x51fd, 0xbeff,
  0xffff, 0xffff, 0xffff, 0xffff, 0xffff, 0xffff, 0xffff, 0xffff, 0xffff, 0xffff, 0xdfff, 0xffff,
  0xffff, 0xffff, 0xffff, 0xffff, 0xffff, 0xffff, 0xffff, 0xffff, 0xffff, 0xffff, 0xffff, 0xffff,
  0xffff, 0xffff, 0xffff, 0xffff, 0xffff, 0xffff, 0xffff, 0xffff, 0xffff, 0xffff, 0xffff, 0xffff,
  0xdfff, 0xfdff, 0xfff7, 0xbcf7, 0xbdff, 0xdef7, 0xfeff, 0xffff, 0xfff7, 0xfeff, 0xffff, 0xdfff,
  0xfeff, 0xfeff, 0xffff, 0xfff7, 0xdeff, 0x9dff, 0xbbf7, 0xb4f5, 0x0ff5, 0x4ff5, 0x10f5, 0x31fd,
  0xeff4, 0xf0fc, 0xf0fc, 0xf1f4, 0x2eed, 0x10f4, 0xb4f1, 0x54f1, 0x95f9, 0xb5f9, 0x94f9, 0x74f9,
  0x54f1, 0x33e9, 0x54f1, 0x53e9, 0xaa78, 0x0008, 0x0000, 0x0000, 0x0000, 0x0000, 0x0000, 0x0000,
  0x0000, 0x0000, 0x0000, 0x0000, 0x0000, 0x0118, 0x32e1, 0x34f9, 0x34f1, 0x54f1, 0x54f1, 0x34f1,
  0x54f1, 0x35f9, 0x34f9, 0x52f9, 0xb1f2, 0xd0fc, 0x10fd, 0x2ffd, 0x2ffd, 0x0ffd, 0x0ffd, 0x0ffd,
  0x0ffd, 0x0ffd, 0x0ffd, 0x0efd, 0x0efd, 0x52fd, 0x9dff, 0xffff, 0xffff, 0xffff, 0xffff, 0xffff,
  0xffff, 0xffff, 0xffff, 0xffff, 0xffff, 0xffff, 0xffff, 0xffff, 0xffff, 0xffff, 0xffff, 0xffff,
  0xffff, 0xffff, 0xffff, 0xffff, 0xffff, 0xffff, 0xffff, 0xffff, 0xffff, 0xffff, 0xffff, 0xffff,
  0xffff, 0xffff, 0xffff, 0xffff, 0xffff, 0xffff, 0xffff, 0xffff, 0xffff, 0xffff, 0xffff, 0xffff,
  0xffff, 0xffff, 0xffff, 0xffff, 0xffff, 0xffff, 0xffff, 0xffff, 0xffff, 0xffff, 0xfeff, 0xffff,
  0xfff7, 0xdeff, 0x93fd, 0xeffc, 0xd0fc, 0x10fd, 0xeef4, 0xeffc, 0xf0fc, 0xeffc, 0x0ffd, 0x0ff5,
  0x10fc, 0xd3e9, 0x54f1, 0x94f9, 0xb5f9, 0xb4f1, 0x74f1, 0x33e9, 0x53f1, 0x54f1, 0x33e9, 0xaa78,
  0x0008, 0x0000, 0x0000, 0x0000, 0x0000, 0x0000, 0x0000, 0x0000, 0x0000, 0x0000, 0x0000, 0x0000,
  0x0118, 0x32e1, 0x54f9, 0x34f1, 0x54f1, 0x54f1, 0x34f1, 0x54f1, 0x73f1, 0x73f1, 0x73f1, 0xd2f2,
  0xeffc, 0xeffc, 0xf0fc, 0x0ffd, 0x0ffd, 0x0ffd, 0xeffc, 0xeffc, 0x0ffd, 0x10fd, 0xf4fd, 0x97fe,
  0xb8fe, 0x9eff, 0xdfff, 0xffff, 0xffff, 0xffff, 0xffff, 0xffff, 0xffff, 0xffff, 0xffff, 0xffff,
  0xffff, 0xffff, 0xffff, 0xffff, 0xffff, 0xffff, 0xffff, 0xffff, 0xffff, 0xffff, 0xffff, 0xffff,
  0xffff, 0xffff, 0xffff, 0xffff, 0xffff, 0xffff, 0xffff, 0xffff, 0xffff, 0xffff, 0xffff, 0xffff,
  0xffff, 0xffff, 0xffff, 0xffff, 0xffff, 0xffff, 0xffff, 0xffff, 0xffff, 0xffff, 0xffff, 0xffff,
  0xffff, 0xffff, 0xffff, 0xdfff, 0xffff, 0xffff, 0xffff, 0xdff7, 0xdeff, 0xb3fd, 0x2ffd, 0x0ffd,
  0x50f5, 0x0ff5, 0x0ffd, 0x0ffd, 0xeffc, 0xeffc, 0x0ff5, 0xf0f3, 0xb2e9, 0x54e9, 0xb4f9, 0xb4f1,
  0xb4f1, 0x74f1, 0x33e9, 0x33e9, 0x34f1, 0x33e9, 0xaa78, 0x2110, 0x0000, 0x0000, 0x0000, 0x0000,
  0x0000, 0x0000, 0x0000, 0x0000, 0x0000, 0x0000, 0x0000, 0x0118, 0x32e1, 0x54f9, 0x54f1, 0x54f1,
  0x54f1, 0x34f1, 0x54f1, 0x34f1, 0x54f1, 0x54f1, 0xb3f2, 0x0ffd, 0x2efd, 0xf0fc, 0x0ffd, 0x0ffd,
  0x0ffd, 0x0ffd, 0x0ffd, 0x0ffd, 0x51fd, 0xd9fe, 0xffff, 0xdeff, 0xffff, 0xdfff, 0xffff, 0xffff,
  0xffff, 0xffff, 0xffff, 0xffff, 0xffff, 0xffff, 0xffff, 0xffff, 0xffff, 0xffff, 0xffff, 0xffff,
  0xffff, 0xffff, 0xffff, 0xffff, 0xffff, 0xffff, 0xffff, 0xffff, 0xffff, 0xffff, 0xffff, 0xffff,
  0xffff, 0xffff, 0xffff, 0xffff, 0xffff, 0xffff, 0xffff, 0xffff, 0xffff, 0xffff, 0xffff, 0xffff,
  0xffff, 0xffff, 0xffff, 0xffff, 0xffff, 0xffff, 0xffff, 0xffff, 0xffff, 0xffff, 0xffff, 0xffff,
  0xffff, 0xffff, 0xffff, 0xbdff, 0x93f5, 0x0ffd, 0xeffc, 0xeffc, 0x0ff5, 0x0ffd, 0x0ff5, 0xeff4,
  0xeffc, 0x0ff5, 0xf0f3, 0xb2e9, 0x74f1, 0xb4f9, 0xb4f1, 0xb5f9, 0x94f1, 0x53e9, 0x33e9, 0x33e9,
  0x33e9, 0xca80, 0x4110, 0x0000, 0x0000, 0x0000, 0x0000, 0x0000, 0x0000, 0x0000, 0x0000, 0x0000,
  0x0000, 0x0000, 0x0118, 0x12e1, 0x54f9, 0x54f1, 0x54f1, 0x54f1, 0x54f1, 0x54f1, 0x34f9, 0xb3f1,
  0xd2f1, 0xf2f2, 0xeff4, 0x2ef5, 0x0ffd, 0x0ffd, 0x0ffd, 0x0ffd, 0x0ffd, 0x0ffd, 0x0ffd, 0x50fd,
  0xf9fe, 0xffff, 0xfff7, 0xffff, 0xffff, 0xffff, 0xffff, 0xffff, 0xffff, 0xffff, 0xffff, 0xffff,
  0xffff, 0xffff, 0xffff, 0xffff, 0xffff, 0xffff, 0xffff, 0xffff, 0xffff, 0xffff, 0xffff, 0xffff,
  0xffff, 0xffff, 0xffff, 0xffff, 0xffff, 0xffff, 0xffff, 0xffff, 0xffff, 0xffff, 0xffff, 0xffff,
  0xffff, 0xffff, 0xffff, 0xffff, 0xffff, 0xffff, 0xffff, 0xffff, 0xffff, 0xffff, 0xffff, 0xffff,
  0xffff, 0xffff, 0xffff, 0xffff, 0xffff, 0xffff, 0xffff, 0xffff, 0xffff, 0xffff, 0xbdff, 0xd5f5,
  0x50f5, 0x2ff5, 0xcefc, 0x0efd, 0xeefc, 0xeef4, 0xeff4, 0xeffc, 0x0ff5, 0xf0f3, 0xd3e9, 0x74e9,
  0x94f1, 0xb5f9, 0xb5f9, 0x94f1, 0x74f1, 0x74f1, 0x54f1, 0x53e9, 0xeb80, 0x6218, 0x0000, 0x0000,
  0x0000, 0x0000, 0x0000, 0x0000, 0x0000, 0x0000, 0x0000, 0x0000, 0x0000, 0x0118, 0x12e1, 0x54f9,
  0x54f9, 0x54f1, 0x54f1, 0x54f1, 0x34f1, 0x33fa, 0x10fc, 0x51fc, 0x71fc, 0x30f5, 0x10f5, 0xf0fc,
  0x0ffd, 0x0ffd, 0x0ffd, 0x0ffd, 0x0ffd, 0x0ffd, 0x50fd, 0xf9fe, 0xdfff, 0xfeff, 0xfef7, 0xdfff,
  0xdfff, 0xffff, 0xffff, 0xffff, 0xffff, 0xffff, 0xffff, 0xffff, 0xffff, 0xffff, 0xffff, 0xffff,
  0xffff, 0xffff, 0xffff, 0xffff, 0xffff, 0xffff, 0xffff, 0xffff, 0xffff, 0xffff, 0xffff, 0xffff,
  0xffff, 0xffff, 0xffff, 0xffff, 0xffff, 0xffff, 0xffff, 0xffff, 0xffff, 0xffff, 0xffff, 0xffff,
  0xffff, 0xffff, 0xffff, 0xffff, 0xffff, 0xffff, 0xffff, 0xffff, 0xffff, 0xffff, 0xffff, 0xffff,
  0xffff, 0xdfff, 0xffff, 0xffff, 0xdfff, 0xffff, 0x3cff, 0x7bff, 0xb7fe, 0x31fd, 0x10f5, 0xf0fc,
  0xf0fc, 0xf0fc, 0x10fd, 0x30f5, 0x30fc, 0xf3e9, 0x74e9, 0x53f1, 0xb4f1, 0xb4f1, 0xb4f1, 0x95f9,
  0x95f9, 0x95f9, 0x94f1, 0x0c89, 0x8218, 0x2000, 0x0000, 0x0000, 0x0000, 0x0000, 0x0000, 0x0000,
  0x0000, 0x0000, 0x0000, 0x0000, 0x0118, 0x12e1, 0x54f9, 0x54f9, 0x34f1, 0x54f1, 0x54f1, 0x34f1,
  0x33f2, 0xeefc, 0x30f5, 0x0ffd, 0x0ffd, 0x0efd, 0x0ffd, 0x0ffd, 0x0ffd, 0x0ffd, 0x0ffd, 0x0ffd,
  0x0ffd, 0x30fd, 0xd9fe, 0xdfff, 0xfeff, 0xffff, 0xdfff, 0xffff, 0xffff, 0xffff, 0xffff, 0xffff,
  0xffff, 0xffff, 0xffff, 0xffff, 0xffff, 0xffff, 0xffff, 0xffff, 0xffff, 0xffff, 0xffff, 0xffff,
  0xffff, 0xffff, 0xffff, 0xffff, 0xffff, 0xffff, 0xffff, 0xffff, 0xffff, 0xffff, 0xffff, 0xffff,
  0xffff, 0xffff, 0xffff, 0xffff, 0xffff, 0xffff, 0xffff, 0xffff, 0xffff, 0xffff, 0xffff, 0xffff,
  0xffff, 0xffff, 0xffff, 0xffff, 0xffff, 0xffff, 0xffff, 0xffff, 0xdfff, 0xffff, 0xffff, 0xdfff,
  0xfff7, 0xdfff, 0xdff7, 0xf9f6, 0xf1f4, 0xd0f4, 0x11fd, 0x32fd, 0x31fd, 0x51fd, 0x50fd, 0x51fc,
  0x14f2, 0x95f1, 0x74f1, 0x74f1, 0x94f1, 0xb5f1, 0xb5f9, 0xb5f9, 0xb5f9, 0xb4f1, 0x2c89, 0x6218,
  0x0000, 0x0000, 0x0000, 0x0000, 0x0000, 0x0000, 0x0000, 0x0000, 0x0000, 0x0000, 0x0000, 0x0118,
  0x12e1, 0x54f1, 0x54f1, 0x34f1, 0x54f1, 0x54f1, 0x54f1, 0x13fa, 0xeffc, 0x10f5, 0xeffc, 0x0ffd,
  0x0ffd, 0x10fd, 0x0ffd, 0x0ffd, 0x0ffd, 0x0ffd, 0x0ffd, 0xeffc, 0x50fd, 0xd9fe, 0xffff, 0xfeff,
  0xffff, 0xdfff, 0xffff, 0xffff, 0xffff, 0xffff, 0xffff, 0xffff, 0xffff, 0xffff, 0xffff, 0xffff,
  0xffff, 0xffff, 0xffff, 0xffff, 0xffff, 0xffff, 0xffff, 0xffff, 0xffff, 0xffff, 0xffff, 0xffff,
  0xffff, 0xffff, 0xffff, 0xffff, 0xffff, 0xffff, 0xffff, 0xffff, 0xffff, 0xffff, 0xffff, 0xffff,
  0xffff, 0xffff, 0xffff, 0xffff, 0xffff, 0xffff, 0xffff, 0xffff, 0xffff, 0xffff, 0xffff, 0xffff,
  0xffff, 0xffff, 0xffff, 0xdfff, 0xffff, 0xffff, 0xdfff, 0xfff7, 0xdfff, 0xdfff, 0x19ff, 0x10fd,
  0x2ffd, 0x4ffd, 0x4ff5, 0x30fd, 0x30fd, 0x30f5, 0x51fc, 0x34f2, 0x95f1, 0x94f1, 0x74e9, 0x74f1,
  0x95f9, 0x95f1, 0xb5f1, 0x95f9, 0xb4f1, 0x0b89, 0x6110, 0x0000, 0x0000, 0x0000, 0x0000, 0x0000,
  0x0000, 0x0000, 0x0000, 0x0000, 0x0000, 0x0000, 0x2110, 0x32e1, 0x54f1, 0x54f1, 0x34f9, 0x54f1,
  0x54f9, 0x55f1, 0x33f2, 0xcffc, 0x0ffd, 0x0ffd, 0x0ffd, 0x10f5, 0xeffc, 0x0ffd, 0x0ffd, 0x0ffd,
  0x0ffd, 0x0ffd, 0x0ffd, 0x50fd, 0xd9fe, 0xffff, 0xffff, 0xffff, 0xffff, 0xffff, 0xffff, 0xffff,
  0xffff, 0xffff, 0xffff, 0xffff, 0xffff, 0xffff, 0xffff, 0xffff, 0xffff, 0xffff, 0xffff, 0xffff,
  0xffff, 0xffff, 0xffff, 0xffff, 0xffff, 0xffff, 0xffff, 0xffff, 0xffff, 0xffff, 0xffff, 0xffff,
  0xffff, 0xffff, 0xffff, 0xffff, 0xffff, 0xffff, 0xffff, 0xffff, 0xffff, 0xffff, 0xffff, 0xffff,
  0xffff, 0xffff, 0xffff, 0xffff, 0xffff, 0xffff, 0xffff, 0xffff, 0xffff, 0xffff, 0xffff, 0xffff,
  0xffff, 0xdeff, 0xdeff, 0xffff, 0xdfff, 0xfafe, 0x30f5, 0x10fd, 0x50fd, 0x4ffd, 0x30fd, 0x0ffd,
  0x30f5, 0x51fc, 0x14f2, 0xb5f9, 0xb4f1, 0x94f1, 0x73e9, 0x54f1, 0x74f1, 0xb5f1, 0x54f9, 0x73e9,
  0xea80, 0x2108, 0x0100, 0x0000, 0x0000, 0x0000, 0x0000, 0x0000, 0x2000, 0x0008, 0x2000, 0x0000,
  0x0000, 0x2110, 0x32d9, 0x53f9, 0x54f1, 0x54f9, 0x74f1, 0x34f1, 0x35f9, 0x33fa, 0xeffc, 0x10fd,
  0x0ffd, 0x0ffd, 0x0ff5, 0xeffc, 0x0ffd, 0x0ffd, 0x0ffd, 0x0ffd, 0x0ffd, 0x0ffd, 0x50fd, 0xd9fe,
  0xffff, 0xffff, 0xffff, 0xffff, 0xffff, 0xffff, 0xffff, 0xffff, 0xffff, 0xffff, 0xffff, 0xffff,
  0xffff, 0xffff, 0xffff, 0xffff, 0xffff, 0xffff, 0xffff, 0xffff, 0xffff, 0xffff, 0xffff, 0xffff,
  0xffff, 0xffff, 0xffff, 0xffff, 0xffff, 0xffff, 0xffff, 0xffff, 0xffff, 0xffff, 0xffff, 0xffff,
  0xffff, 0xffff, 0xffff, 0xffff, 0xffff, 0xffff, 0xffff, 0xffff, 0xffff, 0xffff, 0xffff, 0xffff,
  0xffff, 0xffff, 0xffff, 0xffff, 0xdfff, 0xffff, 0xffff, 0xdfff, 0xdfff, 0xdff7, 0xffff, 0xdeff,
  0xd9fe, 0x50fd, 0x10fd, 0x30fd, 0x30fd, 0x10f5, 0xcef4, 0xf0f4, 0x30f4, 0x14f2, 0xb5f9, 0xb4f1,
  0xb5f9, 0x94f1, 0x53e9, 0x53f1, 0x53e9, 0x13f9, 0x53e9, 0xaa80, 0x0108, 0x0008, 0x0000, 0x2000,
  0x0000, 0x0000, 0x0000, 0x2000, 0x0008, 0x0000, 0x0000, 0x0000, 0x2110, 0x12d9, 0x53e9, 0x54f1,
  0x34f9, 0x74f1, 0x54f9, 0x34f1, 0x33fa, 0xeffc, 0x10fd, 0x0ffd, 0x0ffd, 0x0ff5, 0x0ffd, 0x0ffd,
  0x0ffd, 0x0ffd, 0x0ffd, 0x0ffd, 0x0ffd, 0x50fd, 0xd9fe, 0xffff, 0xffff, 0xffff, 0xffff, 0xffff,
  0xffff, 0xffff, 0xffff, 0xffff, 0xffff, 0xffff, 0xffff, 0xffff, 0xffff, 0xffff, 0xffff, 0xffff,
  0xffff, 0xffff, 0xffff, 0xffff, 0xffff, 0xffff, 0xffff, 0xffff, 0xffff, 0xffff, 0xffff, 0xffff,
  0xffff, 0xffff, 0xffff, 0xffff, 0xffff, 0xffff, 0xffff, 0xffff, 0xffff, 0xffff, 0xffff, 0xffff,
  0xffff, 0xffff, 0xffff, 0xffff, 0xffff, 0xffff, 0xffff, 0xffff, 0xffff, 0xffff, 0xffff, 0xfff7,
  0xffff, 0xdfff, 0xffff, 0xffff, 0xdef7, 0xdff7, 0xbff7, 0xfafe, 0x70fd, 0x30fd, 0x30fd, 0x10fd,
  0xeff4, 0xcef4, 0xeff4, 0x0fec, 0xf3e9, 0x95f9, 0xb4f1, 0xb5f1, 0xb5f9, 0x53f1, 0x53e9, 0x33e9,
  0x54e9, 0x54e9, 0xab80, 0x2108, 0x0108, 0x0000, 0x0000, 0x0000, 0x0000, 0x0000, 0x0000, 0x0000,
  0x0000, 0x0000, 0x2000, 0x2118, 0x12f1, 0x54f9, 0x55f9, 0x14f9, 0x54e9, 0x74f1, 0x54f1, 0x33fa,
  0xcffc, 0x0ffd, 0x0ffd, 0x0ffd, 0x10fd, 0x0ffd, 0x0ffd, 0x0ffd, 0x0ffd, 0x0ffd, 0x0ffd, 0x0ffd,
  0x50fd, 0xd9fe, 0xffff, 0xffff, 0xffff, 0xffff, 0xffff, 0xffff, 0xffff, 0xffff, 0xffff, 0xffff,
  0xffff, 0xffff, 0xffff, 0xffff, 0xffff, 0xffff, 0xffff, 0xffff, 0xffff, 0xffff, 0xffff, 0xffff,
  0xffff, 0xffff, 0xffff, 0xffff, 0xffff, 0xffff, 0xffff, 0xffff, 0xffff, 0xffff, 0xffff, 0xffff,
  0xffff, 0xffff, 0xffff, 0xffff, 0xffff, 0xffff, 0xffff, 0xffff, 0xffff, 0xffff, 0xffff, 0xffff,
  0xffff, 0xffff, 0xffff, 0xffff, 0xffff, 0xffff, 0xffff, 0xdfff, 0xdfff, 0xffff, 0xdff7, 0xdef7,
  0xdeff, 0xdff7, 0xfaf6, 0x71f5, 0x30fd, 0x51fd, 0x10f5, 0xeff4, 0xcef4, 0xf0f4, 0xefeb, 0xd3e9,
  0x94f9, 0xb4f1, 0xd4e9, 0x94f1, 0x54f9, 0x34f1, 0x54f1, 0x55f9, 0xf3f0, 0xab88, 0x2108, 0x0000,
  0x0000, 0x0000, 0x0000, 0x0000, 0x0000, 0x0000, 0x0000, 0x0000, 0x0000, 0x0000, 0x2110, 0x0fc1,
  0x11d9, 0x33e9, 0x34f9, 0x54e9, 0x54f1, 0x34f9, 0x33fa, 0xcffc, 0x0ffd, 0x0ffd, 0x0ffd, 0x10fd,
  0x0ffd, 0x0ffd, 0x0ffd, 0x0ffd, 0x0ffd, 0x0ffd, 0x0ffd, 0x50fd, 0xd9fe, 0xffff, 0xffff, 0xffff,
  0xffff, 0xffff, 0xffff, 0xffff, 0xffff, 0xffff, 0xffff, 0xffff, 0xffff, 0xffff, 0xffff, 0xffff,
  0xffff, 0xffff, 0xffff, 0xffff, 0xffff, 0xffff, 0xffff, 0xffff, 0xffff, 0xffff, 0xffff, 0xffff,
  0xffff, 0xffff, 0xffff, 0xffff, 0xffff, 0xffff, 0xffff, 0xffff, 0xffff, 0xffff, 0xffff, 0xffff,
  0xffff, 0xffff, 0xffff, 0xffff, 0xffff, 0xffff, 0xffff, 0xffff, 0xffff, 0xffff, 0xdfff, 0xdfff,
  0xdfff, 0xffff, 0xffff, 0xffff, 0xdfff, 0xdff7, 0xbeff, 0x7cff, 0x3cff, 0x98f6, 0x70f5, 0x30f5,
  0x51fd, 0x30f5, 0xeff4, 0xcef4, 0xf0f4, 0xf0f3, 0xb3e9, 0x74f1, 0xb4f1, 0xd5f1, 0x94f1, 0x74f1,
  0x34e9, 0x54f1, 0x32d9, 0xf0d0, 0xa970, 0x0010, 0x0000, 0x0000, 0x0000, 0x0000, 0x0000, 0x0000,
  0x0000, 0x0000, 0x0000, 0x0000, 0x0008, 0x2000, 0x6740, 0x6750, 0xcd98, 0x53f1, 0x54f9, 0x34f9,
  0x34f1, 0x33f2, 0xeffc, 0x10fd, 0xeffc, 0x0ffd, 0x10f5, 0x0ffd, 0x0ffd, 0x0ffd, 0x0ffd, 0x0ffd,
  0x0ffd, 0x0ffd, 0x50fd, 0xd9fe, 0xffff, 0xffff, 0xffff, 0xffff, 0xffff, 0xffff, 0xffff, 0xffff,
  0xffff, 0xffff, 0xffff, 0xffff, 0xffff, 0xffff, 0xffff, 0xffff, 0xffff, 0xffff, 0xffff, 0xffff,
  0xffff, 0xffff, 0xffff, 0xffff, 0xffff, 0xffff, 0xffff, 0xffff, 0xffff, 0xffff, 0xffff, 0xffff,
  0xffff, 0xffff, 0xffff, 0xffff, 0xffff, 0xffff, 0xffff, 0xffff, 0xffff, 0xffff, 0xffff, 0xffff,
  0xffff, 0xffff, 0xffff, 0xffff, 0xdfff, 0xdfff, 0xdfff, 0xdfff, 0xffff, 0xdfff, 0xffff, 0xfff7,
  0xffff, 0x9dff, 0x77f6, 0xd5f5, 0x92f5, 0x2efd, 0x30fd, 0x31fd, 0x30fd, 0x30fd, 0xcefc, 0xd0f4,
  0xf0f3, 0xb3e9, 0x74f1, 0xb4f1, 0xb5f9, 0x95f1, 0x54f1, 0x54f1, 0x30d1, 0x6750, 0x8648, 0x4428,
  0x0008, 0x0000, 0x0000, 0x0000, 0x0000, 0x0000, 0x0000, 0x0000, 0x0000, 0x0000, 0x0000, 0x0000,
  0x0000, 0x0100, 0x0108, 0x8a78, 0x53f1, 0x34f9, 0x35f9, 0x34f1, 0x33f2, 0xeffc, 0xeffc, 0xf0fc,
  0x0ffd, 0x0ff5, 0xeffc, 0x0ffd, 0x0ffd, 0x0ffd, 0x0ffd, 0x0ffd, 0x0ffd, 0x50fd, 0xd9fe, 0xffff,
  0xffff, 0xffff, 0xffff, 0xffff, 0xffff, 0xffff, 0xffff, 0xffff, 0xffff, 0xffff, 0xffff, 0xffff,
  0xffff, 0xffff, 0xffff, 0xffff, 0xffff, 0xffff, 0xffff, 0xffff, 0xffff, 0xffff, 0xffff, 0xffff,
  0xffff, 0xffff, 0xffff, 0xffff, 0xffff, 0xffff, 0xffff, 0xffff, 0xffff, 0xffff, 0xffff, 0xffff,
  0xffff, 0xffff, 0xffff, 0xffff, 0xffff, 0xffff, 0xffff, 0xffff, 0xffff, 0xffff, 0xdfff, 0xdfff,
  0xdfff, 0xdfff, 0xdfff, 0xfff7, 0xffff, 0xffff, 0xffff, 0xdfff, 0x9dff, 0xf3f5, 0x31fd, 0x10f5,
  0xeff4, 0x10fd, 0x31fd, 0x31fd, 0x4ff5, 0x11fd, 0x4eed, 0x4ff4, 0x12f2, 0x95f9, 0xd5f1, 0xb5f9,
  0x74f1, 0x53f1, 0x53f1, 0xf0c0, 0x0010, 0x2000, 0x2000, 0x0000, 0x0000, 0x0000, 0x0000, 0x0000,
  0x0000, 0x0000, 0x0000, 0x0000, 0x0000, 0x0000, 0x0000, 0x0000, 0x0000, 0x0000, 0x8a78, 0x53f1,
  0x34f1, 0x35f9, 0x34f1, 0x52f2, 0xeffc, 0xf0fc, 0xf0fc, 0x0ff5, 0x2ff5, 0xf0fc, 0x0ffd, 0x0ffd,
  0x0ffd, 0x0ffd, 0x0ffd, 0x0ffd, 0x50fd, 0xd9fe, 0xffff, 0xffff, 0xffff, 0xffff, 0xffff, 0xffff,
  0xffff, 0xffff, 0xffff, 0xffff, 0xffff, 0xffff, 0xffff, 0xffff, 0xffff, 0xffff, 0xffff, 0xffff,
  0xffff, 0xffff, 0xffff, 0xffff, 0xffff, 0xffff, 0xffff, 0xffff, 0xffff, 0xffff, 0xffff, 0xffff,
  0xffff, 0xffff, 0xffff, 0xffff, 0xffff, 0xffff, 0xffff, 0xffff, 0xffff, 0xffff, 0xffff, 0xffff,
  0xffff, 0xffff, 0xffff, 0xffff, 0xdfff, 0xdfff, 0xdfff, 0xdfff, 0xdfff, 0xdfff, 0xbeff, 0xffff,
  0xffff, 0xfeff, 0xffff, 0xdeff, 0xf3fd, 0xeffc, 0xeff4, 0xeff4, 0x10f5, 0x30fd, 0x30fd, 0x30fd,
  0x74fc, 0x50fc, 0x92fb, 0xd4f9, 0x75f9, 0x94f9, 0x74f9, 0x74f1, 0x53f1, 0x53f1, 0xf1c8, 0x2008,
  0x2000, 0x0000, 0x0000, 0x0000, 0x0000, 0x0000, 0x0000, 0x0000, 0x0000, 0x0000, 0x0000, 0x0000,
  0x0000, 0x0000, 0x0000, 0x0000, 0x0000, 0x8a78, 0x53f1, 0x54f1, 0x35f9, 0x54f1, 0x32f2, 0xd0fc,
  0xf0fc, 0x0ffd, 0x2efd, 0x2ffd, 0x0ffd, 0x0ffd, 0x0ffd, 0x0ffd, 0x0ffd, 0x0ffd, 0x0ffd, 0x50fd,
  0xd9fe, 0xffff, 0xffff, 0xffff, 0xffff, 0xffff, 0xffff, 0xffff, 0xffff, 0xffff, 0xffff, 0xffff,
  0xffff, 0xffff, 0xffff, 0xffff, 0xffff, 0xffff, 0xffff, 0xffff, 0xffff, 0xffff, 0xffff, 0xffff,
  0xffff, 0xffff, 0xffff, 0xffff, 0xffff, 0xffff, 0xffff, 0xffff, 0xffff, 0xffff, 0xffff, 0xffff,
  0xffff, 0xffff, 0xffff, 0xffff, 0xffff, 0xffff, 0xffff, 0xffff, 0xffff, 0xffff, 0xffff, 0xdfff,
  0xffff, 0xdfff, 0xffff, 0xdfff, 0xdfff, 0xbeff, 0xffff, 0xffff, 0xfeff, 0xffff, 0xbef7, 0xd3f5,
  0x0ffd, 0xeff4, 0xceec, 0xeef4, 0x0ff5, 0x4ffd, 0xb0fc, 0xb4f2, 0xf3f1, 0xf5f9, 0x97f9, 0xb6f9,
  0xb5f9, 0x54f1, 0x54f1, 0x54f1, 0x54f9, 0x11c9, 0x2008, 0x0000, 0x0000, 0x0000, 0x0000, 0x0000,
  0x0000, 0x0000, 0x0000, 0x0000, 0x0000, 0x0000, 0x0000, 0x0000, 0x0000, 0x0000, 0x0000, 0x0000,
  0x8a78, 0x53f1, 0x54f1, 0x34f9, 0x54f1, 0x52f2, 0xcffc, 0x0ffd, 0x0ffd, 0xeffc, 0xf0fc, 0xeffc,
  0x0ffd, 0x0ffd, 0x0ffd, 0x0ffd, 0x0ffd, 0x0ffd, 0x50fd, 0xd9fe, 0xffff, 0xffff, 0xffff, 0xffff,
  0xffff, 0xffff, 0xffff, 0xffff, 0xffff, 0xffff, 0xffff, 0xffff, 0xffff, 0xffff, 0xffff, 0xffff,
  0xffff, 0xffff, 0xffff, 0xffff, 0xffff, 0xffff, 0xffff, 0xffff, 0xffff, 0xffff, 0xffff, 0xffff,
  0xffff, 0xffff, 0xffff, 0xffff, 0xffff, 0xffff, 0xffff, 0xffff, 0xffff, 0xffff, 0xffff, 0xffff,
  0xffff, 0xffff, 0xffff, 0xffff, 0xffff, 0xffff, 0xffff, 0xffff, 0xffff, 0xffff, 0xffff, 0xdfff,
  0xbfff, 0xfff7, 0xfff7, 0xdeff, 0xdeff, 0x9dff, 0xf4fd, 0x30fd, 0x0ff5, 0xeff4, 0xcef4, 0xeef4,
  0x0ff5, 0xf0fc, 0x93f2, 0x94f1, 0x94f9, 0x94f1, 0xb3e9, 0x93e9, 0x34f1, 0x34f1, 0x34f1, 0x54f9,
  0x11c9, 0x2008, 0x0000, 0x0000, 0x0000, 0x0000, 0x0000, 0x0000, 0x0000, 0x0000, 0x0000, 0x0000,
  0x0000, 0x0000, 0x0000, 0x0000, 0x0000, 0x0000, 0x0000, 0x8a78, 0x53f1, 0x54f1, 0x35f9, 0x54f1,
  0xb4f1, 0x12fb, 0x32fb, 0x10f4, 0xeffc, 0x0ffd, 0x2ff5, 0x0ffd, 0x0ffd, 0x0ffd, 0x0ffd, 0x0ffd,
  0x0ffd, 0x50fd, 0xd9fe, 0xffff, 0xffff, 0xffff, 0xffff, 0xffff, 0xffff, 0xffff, 0xffff, 0xffff,
  0xffff, 0xffff, 0xffff, 0xffff, 0xffff, 0xffff, 0xffff, 0xffff, 0xffff, 0xffff, 0xffff, 0xffff,
  0xffff, 0xffff, 0xffff, 0xffff, 0xffff, 0xffff, 0xffff, 0xffff, 0xffff, 0xffff, 0xffff, 0xffff,
  0xffff, 0xffff, 0xffff, 0xffff, 0xffff, 0xffff, 0xffff, 0xffff, 0xffff, 0xffff, 0xffff, 0xffff,
  0xffff, 0xffff, 0xffff, 0xffff, 0xffff, 0xffff, 0xfff7, 0xbeff, 0xfef7, 0xdeff, 0x1aff, 0x57fe,
  0x77fe, 0x72fd, 0x30fd, 0x30fd, 0x10f5, 0xeff4, 0xeff4, 0xeff4, 0xb0f4, 0x34ea, 0x74f1, 0x74f1,
  0x54f9, 0x53e9, 0x54e9, 0x34f9, 0x34f1, 0x34f1, 0x54f1, 0x11c9, 0x2008, 0x0000, 0x0000, 0x0000,
  0x0000, 0x0000, 0x0000, 0x0000, 0x0000, 0x0000, 0x0000, 0x0000, 0x0000, 0x0000, 0x0000, 0x0000,
  0x0000, 0x0000, 0x8a78, 0x53f1, 0x54f1, 0x35f9, 0x34f1, 0x14f9, 0x74f9, 0x54f9, 0xf1f2, 0xcffc,
  0x0ffd, 0x10fd, 0x0ffd, 0x0ffd, 0x0ffd, 0x0ffd, 0x0ffd, 0x0ffd, 0x50fd, 0xd9fe, 0xffff, 0xfeff,
  0xffff, 0xffff, 0xffff, 0xffff, 0xffff, 0xffff, 0xffff, 0xffff, 0xffff, 0xffff, 0xffff, 0xffff,
  0xffff, 0xffff, 0xffff, 0xffff, 0xffff, 0xffff, 0xffff, 0xffff, 0xffff, 0xffff, 0xffff, 0xffff,
  0xffff, 0xffff, 0xffff, 0xffff, 0xffff, 0xffff, 0xffff, 0xffff, 0xffff, 0xffff, 0xffff, 0xffff,
  0xffff, 0xffff, 0xffff, 0xffff, 0xffff, 0xffff, 0xffff, 0xffff, 0xffff, 0xffff, 0xffff, 0xffff,
  0xffff, 0xdff7, 0x9df7, 0xbdff, 0x7dff, 0x56f6, 0x10f5, 0x30f5, 0x10fd, 0x50fd, 0x30fd, 0x10f5,
  0x10f5, 0x0ff5, 0x0ffd, 0x90fc, 0x34ea, 0x54f1, 0x34f1, 0x34f9, 0x34f1, 0x35f1, 0x34f9, 0x54f1,
  0x34f1, 0x33f1, 0x11c9, 0x0008, 0x0000, 0x0000, 0x0000, 0x0000, 0x0000, 0x0000, 0x0000, 0x0000,
  0x0000, 0x0000, 0x0000, 0x0000, 0x0000, 0x0000, 0x0000, 0x0000, 0x0000, 0x8a78, 0x53f1, 0x54f1,
  0x35f9, 0x34f1, 0x54f1, 0x73e9, 0x34f1, 0xf2ea, 0xeff4, 0x0ff5, 0xeffc, 0x0ffd, 0x0ffd, 0x0ffd,
  0x0ffd, 0x0ffd, 0x0ffd, 0x30fd, 0xd9fe, 0xdfff, 0xdeff, 0xdfff, 0xdfff, 0xffff, 0xffff, 0xffff,
  0xffff, 0xffff, 0xffff, 0xffff, 0xffff, 0xffff, 0xffff, 0xffff, 0xffff, 0xffff, 0xffff, 0xffff,
  0xffff, 0xffff, 0xffff, 0xffff, 0xffff, 0xffff, 0xffff, 0xffff, 0xffff, 0xffff, 0xffff, 0xffff,
  0xffff, 0xffff, 0xffff, 0xffff, 0xffff, 0xffff, 0xffff, 0xffff, 0xffff, 0xffff, 0xffff, 0xdfff,
  0xffff, 0xffff, 0xffff, 0xffff, 0xffff, 0xffff, 0xffff, 0xdef7, 0xbeef, 0xdfef, 0x9ef7, 0x5ef7,
  0x15ee, 0xcffc, 0x0ff5, 0x30fd, 0x30fd, 0x30fd, 0x50fd, 0x51fd, 0x30fd, 0x10fd, 0xd0fc, 0x53f2,
  0x53f1, 0x33e9, 0x54e9, 0x73e9, 0x33f1, 0x34f9, 0x54f1, 0x54f1, 0x53f1, 0x11c9, 0x2008, 0x0000,
  0x0000, 0x0000, 0x0000, 0x0000, 0x0000, 0x0000, 0x0000, 0x0000, 0x0000, 0x0000, 0x0000, 0x0000,
  0x0000, 0x0000, 0x0000, 0x0000, 0xaa78, 0x14f1, 0x74e9, 0x14f9, 0x34f1, 0x53f9, 0x15f9, 0x35f1,
  0xd2fa, 0xf0fc, 0xeffc, 0x30f5, 0xf0fc, 0xeffc, 0x0ffd, 0x2ffd, 0x2ffd, 0x0ffd, 0x0ffd, 0x72fd,
  0x94fd, 0xd5fd, 0x9dff, 0xfeff, 0xdfff, 0xdfff, 0xdfff, 0xffff, 0xffff, 0xffff, 0xffff, 0xffff,
  0xffff, 0xffff, 0xffff, 0xffff, 0xffff, 0xffff, 0xffff, 0xffff, 0xffff, 0xffff, 0xffff, 0xffff,
  0xffff, 0xffff, 0xffff, 0xffff, 0xffff, 0xffff, 0xffff, 0xffff, 0xffff, 0xffff, 0xffff, 0xffff,
  0xffff, 0xffff, 0xffff, 0xffff, 0xffff, 0xffff, 0xdfff, 0xffff, 0xffff, 0xffff, 0xffff, 0xfeff,
  0xdeff, 0xbfff, 0x9eff, 0x9fff, 0x1cff, 0x92ed, 0x92ed, 0x0fed, 0xcff4, 0xefec, 0xeff4, 0x30fd,
  0x2ffd, 0x4ffd, 0x30fd, 0x12f4, 0xb3f2, 0x94f2, 0x93f1, 0x54f1, 0x14f9, 0x54f1, 0x53f1, 0x54e9,
  0x54f1, 0x33f1, 0x33f9, 0x33f1, 0xf0c8, 0x0108, 0x2000, 0x0000, 0x0000, 0x0000, 0x0000, 0x0000,
  0x0000, 0x0000, 0x0000, 0x0000, 0x0000, 0x0000, 0x0000, 0x0000, 0x0000, 0x0000, 0x0000, 0xaa78,
  0x34f1, 0x74f1, 0x34f9, 0x54f1, 0x73f1, 0x54f1, 0x74e9, 0xd1f2, 0xeffc, 0x0ffd, 0x0ffd, 0x0ff5,
  0x10f5, 0x10fd, 0xf0fc, 0xf0fc, 0xf0fc, 0x0ffd, 0x2ffd, 0xeffc, 0x71ed, 0xbdf7, 0xfff7, 0xffff,
  0xffff, 0xfff7, 0xffff, 0xffff, 0xffff, 0xffff, 0xffff, 0xffff, 0xffff, 0xffff, 0xffff, 0xffff,
  0xffff, 0xffff, 0xffff, 0xffff, 0xffff, 0xffff, 0xffff, 0xffff, 0xffff, 0xffff, 0xffff, 0xffff,
  0xffff, 0xffff, 0xffff, 0xffff, 0xffff, 0xffff, 0xffff, 0xffff, 0xffff, 0xffff, 0xffff, 0xffff,
  0xffff, 0xdfff, 0xffff, 0xffff, 0xffff, 0xdfff, 0xffff, 0xbef7, 0xbff7, 0xbef7, 0xfff7, 0x3cff,
  0x51ed, 0x31fd, 0x4ffd, 0x2ffd, 0x0ff5, 0xf0f4, 0x10f5, 0x10fd, 0x2ffd, 0xf1fc, 0x93f3, 0xd5f9,
  0x94f9, 0x53f1, 0x73e9, 0x33f1, 0x54e9, 0x34e9, 0x34f9, 0x34f1, 0x54f1, 0x54f1, 0x75f1, 0x11c1,
  0x0210, 0x0000, 0x0000, 0x0000, 0x0000, 0x0000, 0x0000, 0x0000, 0x0000, 0x0000, 0x0000, 0x0000,
  0x0000, 0x0000, 0x0000, 0x0000, 0x0000, 0x0000, 0x6758, 0x0ea9, 0xeea8, 0x12e1, 0x34f9, 0x33f9,
  0x54f1, 0x54f1, 0xd1fa, 0xeff4, 0xeffc, 0x10fd, 0x0ff5, 0x10fd, 0xeffc, 0xeffc, 0xeffc, 0x0ffd,
  0x2ffd, 0x0ffd, 0x0efd, 0x6ff5, 0xf9fe, 0x1bff, 0x7cff, 0xfeff, 0xffff, 0xffff, 0xdfff, 0xffff,
  0xffff, 0xffff, 0xffff, 0xffff, 0xffff, 0xffff, 0xffff, 0xffff, 0xffff, 0xffff, 0xffff, 0xffff,
  0xffff, 0xffff, 0xffff, 0xffff, 0xffff, 0xffff, 0xffff, 0xffff, 0xffff, 0xffff, 0xffff, 0xffff,
  0xffff, 0xffff, 0xffff, 0xffff, 0xffff, 0xffff, 0xffff, 0xffff, 0xdfff, 0xdfff, 0xffff, 0xffff,
  0xffff, 0xffff, 0xdeff, 0xbeff, 0x5bff, 0x3aff, 0xb9fe, 0x51fd, 0x10fd, 0x4ffd, 0x50f5, 0x2ffd,
  0xd0fc, 0xcff4, 0xf0f4, 0x2ff5, 0x10fd, 0xb2f3, 0x75f1, 0x34f1, 0x54f1, 0x73e9, 0x33f1, 0x55f1,
  0x54f1, 0x54f9, 0x34f9, 0x33f1, 0xf0c0, 0xeeb0, 0xcb88, 0x0108, 0x0000, 0x0000, 0x0000, 0x0000,
  0x0000, 0x0000, 0x0000, 0x0000, 0x0000, 0x0000, 0x0000, 0x0000, 0x0000, 0x0000, 0x0000, 0x0000,
  0x0000, 0x0118, 0x6320, 0x2428, 0xefb0, 0x35f9, 0x55f9, 0x55f1, 0x33f1, 0xd1fa, 0xeffc, 0x0ffd,
  0x0ffd, 0xf0fc, 0x0ffd, 0x0ffd, 0x2ffd, 0x0ff5, 0xeff4, 0x10fd, 0x10fd, 0xf0fc, 0x2ff5, 0x31fd,
  0x52fd, 0x97f6, 0xdeff, 0xffff, 0xffff, 0xffff, 0xffff, 0xffff, 0xffff, 0xffff, 0xffff, 0xffff,
  0xffff, 0xffff, 0xffff, 0xffff, 0xffff, 0xffff, 0xffff, 0xffff, 0xffff, 0xffff, 0xffff, 0xffff,
  0xffff, 0xffff, 0xffff, 0xffff, 0xffff, 0xffff, 0xffff, 0xffff, 0xffff, 0xffff, 0xffff, 0xffff,
  0xffff, 0xffff, 0xffff, 0xdfff, 0xdfff, 0xdfff, 0xfeff, 0xfff7, 0xffff, 0xffff, 0x7dff, 0x14f6,
  0x91fd, 0x72f5, 0x30fd, 0x51fd, 0x30f5, 0x50f5, 0x4ff5, 0x10fd, 0xeff4, 0xcff4, 0x0ef5, 0xeefc,
  0x70f3, 0x54f9, 0x54f1, 0x54f1, 0x54e9, 0x14f9, 0x33f1, 0x34f1, 0x34f9, 0x55f1, 0x52d9, 0x8860,
  0x2320, 0x2228, 0x0000, 0x0000, 0x0000, 0x0000, 0x0000, 0x0000, 0x0000, 0x0000, 0x0000, 0x0000,
  0x0000, 0x0000, 0x0000, 0x0000, 0x0000, 0x0000, 0x0000, 0x2000, 0x0008, 0x2000, 0x0118, 0xeda8,
  0x54e9, 0x74e9, 0x56f9, 0x13f1, 0xd1f2, 0xf0fc, 0x2ffd, 0x2ef5, 0x30fd, 0x0ff5, 0x2ff5, 0x2ffd,
  0x0ff5, 0x10fd, 0x10fd, 0x0ff5, 0xf0fc, 0x2ffd, 0xeffc, 0x0ffd, 0x35f6, 0xbdff, 0xffff, 0xffff,
  0xffff, 0xdeff, 0xffff, 0xdfff, 0xffff, 0xffff, 0xffff, 0xffff, 0xffff, 0xffff, 0xffff, 0xffff,
  0xffff, 0xffff, 0xffff, 0xffff, 0xffff, 0xffff, 0xffff, 0xffff, 0xffff, 0xffff, 0xffff, 0xffff,
  0xffff, 0xffff, 0xffff, 0xffff, 0xffff, 0xffff, 0xffff, 0xffff, 0xffff, 0xffff, 0xdfff, 0xdfff,
  0xdfff, 0xdeff, 0xfff7, 0xdfff, 0xdfff, 0x7dff, 0xf4fd, 0x70fd, 0x30fd, 0x0ffd, 0x31fd, 0x11fd,
  0x51fd, 0x6ff5, 0x51fd, 0x4ef5, 0x0ff5, 0x0ff5, 0xaffc, 0x30f3, 0x53f1, 0x53f1, 0x54f9, 0x55e9,
  0x34f1, 0x33f1, 0x54f9, 0x34f1, 0x55f1, 0x32e1, 0x6750, 0x0000, 0x0008, 0x0000, 0x0000, 0x0000,
  0x0000, 0x0000, 0x0000, 0x0000, 0x0000, 0x0000, 0x0000, 0x0000, 0x0000, 0x0000, 0x0000, 0x0000,
  0x0000, 0x0000, 0x0000, 0x0000, 0x0000, 0x2010, 0x8768, 0xcc98, 0xcda0, 0x34f1, 0x14f9, 0x33f2,
  0x51f3, 0x72fb, 0x71f3, 0x91fb, 0x51fb, 0x52fb, 0x50f3, 0x10fc, 0x10fd, 0x2ffd, 0x30fd, 0xeffc,
  0xeefc, 0x0ff5, 0x30f5, 0xd3fd, 0x77fe, 0x97fe, 0x78fe, 0x77fe, 0xb8fe, 0x9dff, 0xffff, 0xffff,
  0xffff, 0xffff, 0xffff, 0xffff, 0xffff, 0xffff, 0xffff, 0xffff, 0xffff, 0xffff, 0xffff, 0xffff,
  0xffff, 0xffff, 0xffff, 0xffff, 0xffff, 0xffff, 0xffff, 0xffff, 0xffff, 0xffff, 0xffff, 0xffff,
  0xffff, 0xffff, 0xffff, 0xffff, 0xffff, 0xdfff, 0xdfff, 0xdfff, 0xdfff, 0xffff, 0x1bff, 0x78fe,
  0x56f6, 0x71fd, 0x30f5, 0x50f5, 0xeff4, 0xcff4, 0xcffc, 0x10f5, 0x0ff5, 0x12f4, 0x91eb, 0x71f3,
  0x71f3, 0x52f3, 0x92ea, 0x73f1, 0x73e9, 0x34f9, 0x55f1, 0x54e9, 0x54f1, 0x74f9, 0xf0c0, 0xab90,
  0x8a80, 0x4428, 0x0100, 0x2000, 0x2000, 0x0000, 0x0000, 0x0000, 0x0000, 0x0000, 0x0000, 0x0000,
  0x0000, 0x0000, 0x0000, 0x0000, 0x0000, 0x0000, 0x0000, 0x0000, 0x0000, 0x0000, 0x0000, 0x2200,
  0x2000, 0x0000, 0x0108, 0x4640, 0x32e1, 0x35f9, 0x75e9, 0x53f1, 0x34f9, 0x14f9, 0x74f1, 0x35f1,
  0x35f1, 0x53f1, 0x11f3, 0xf0fc, 0x0efd, 0xf0fc, 0x0ffd, 0x0ffd, 0x30fd, 0xeffc, 0xf0fc, 0x0ff5,
  0xeff4, 0xeffc, 0xeffc, 0x92f5, 0x5aff, 0xffff, 0xffff, 0xffff, 0xffff, 0xffff, 0xffff, 0xffff,
  0xffff, 0xffff, 0xffff, 0xffff, 0xffff, 0xffff, 0xffff, 0xffff, 0xffff, 0xffff, 0xffff, 0xffff,
  0xffff, 0xffff, 0xffff, 0xffff, 0xffff, 0xffff, 0xffff, 0xffff, 0xffff, 0xdfff, 0xffff, 0xffff,
  0xdfff, 0xdfff, 0xffff, 0xdef7, 0xdeff, 0x76fe, 0x0ff5, 0x2ff5, 0xcffc, 0xeff4, 0xefec, 0xcff4,
  0xeff4, 0x0ff5, 0x50f5, 0xf0fc, 0xb3fa, 0x74f1, 0x34f1, 0x33f1, 0x74e9, 0x74e9, 0x35f1, 0x74e9,
  0x34f9, 0x54f1, 0x34f1, 0x55f9, 0x53e9, 0x6a80, 0x0000, 0x0008, 0x0000, 0x0110, 0x0000, 0x2000,
  0x0000, 0x0000, 0x0000, 0x0000, 0x0000, 0x0000, 0x0000, 0x0000, 0x0000, 0x0000, 0x0000, 0x0000,
  0x0000, 0x0000, 0x0000, 0x0000, 0x0000, 0x0000, 0x0000, 0x0000, 0x2000, 0x2000, 0x4538, 0x10d1,
  0x12e1, 0x33d9, 0x34f1, 0x54f1, 0x34f9, 0x54f9, 0x34f1, 0x34f1, 0x54f1, 0xd1f2, 0xb0fc, 0xb0fc,
  0xaffc, 0xaffc, 0xb0f4, 0x2efd, 0x10fd, 0x10fd, 0x30fd, 0xeff4, 0x0ffd, 0x0ffd, 0x93f5, 0x1aff,
  0xbdf7, 0xbdff, 0x9eff, 0x9dff, 0xfef7, 0xffff, 0xfeff, 0xffff, 0xffff, 0xffff, 0xffff, 0xffff,
  0xffff, 0xffff, 0xffff, 0xffff, 0xffff, 0xffff, 0xffff, 0xffff, 0xffff, 0xffff, 0xffff, 0xffff,
  0xffff, 0xffff, 0xffff, 0xffff, 0xffff, 0xdfff, 0xfff7, 0xbfff, 0xffff, 0xbeff, 0x9cff, 0x7cf7,
  0x16fe, 0xeff4, 0xeff4, 0xf0fc, 0xd0fc, 0x2eed, 0xcff4, 0x10f5, 0xf0f4, 0x0ff5, 0xaffc, 0x94f2,
  0x53e9, 0x34f1, 0x54f9, 0x34f1, 0x33f1, 0x53f1, 0x54f1, 0x34f9, 0x53e9, 0x53e9, 0x32e1, 0x31d9,
  0x8970, 0x2000, 0x0000, 0x0000, 0x0000, 0x0000, 0x0000, 0x0000, 0x0000, 0x0000, 0x0000, 0x0000,
  0x0000, 0x0000, 0x0000, 0x0000, 0x0000, 0x0000, 0x0000, 0x0000, 0x0000, 0x0000, 0x0000, 0x0000,
  0x0000, 0x0000, 0x0000, 0x0000, 0x2000, 0x2110, 0x6440, 0x4548, 0xab88, 0x53f1, 0x54f1, 0x34f1,
  0x53f1, 0x53f9, 0x53f1, 0x54f1, 0xb3f1, 0x72f2, 0x53f2, 0x32fa, 0x53fa, 0xf3f2, 0xaefc, 0x0ef5,
  0x2ff5, 0x10fd, 0xeffc, 0x0efd, 0x0efd, 0x30fd, 0x93fd, 0xb4fd, 0xd3fd, 0xb4fd, 0xd5f5, 0x3bf7,
  0xbeff, 0xfeff, 0xffff, 0xffff, 0xffff, 0xffff, 0xffff, 0xffff, 0xffff, 0xffff, 0xffff, 0xffff,
  0xffff, 0xffff, 0xffff, 0xffff, 0xffff, 0xffff, 0xffff, 0xffff, 0xffff, 0xffff, 0xffff, 0xfeff,
  0xfeff, 0xdeff, 0xdfff, 0xfeff, 0x1bff, 0xf4fd, 0x94f5, 0x52fd, 0xeffc, 0xeff4, 0xeffc, 0xaef4,
  0xeef4, 0x0ffd, 0x0ffd, 0xb1f3, 0xd3fa, 0x73fa, 0xb4f9, 0x53f9, 0x33f1, 0x54f1, 0x33e9, 0x53f1,
  0x53f1, 0x54f1, 0x14f9, 0x54f1, 0x10c1, 0x6758, 0x4548, 0x2220, 0x0000, 0x0000, 0x0000, 0x0000,
  0x0000, 0x0000, 0x0000, 0x0000, 0x0000, 0x0000, 0x0000, 0x0000, 0x0000, 0x0000, 0x0000, 0x0000,
  0x0000, 0x0000, 0x0000, 0x0000, 0x0000, 0x0000, 0x0000, 0x0000, 0x0000, 0x0000, 0x0000, 0x0000,
  0x0100, 0x0000, 0x2008, 0x6868, 0x13f1, 0x15f1, 0x55f9, 0x54e9, 0x54f1, 0x33f9, 0x34f9, 0x33f1,
  0x73f1, 0x54f1, 0x55f1, 0x34f1, 0xf3e9, 0x70fc, 0x2ffd, 0x0ffd, 0xf0fc, 0x10fd, 0x30fd, 0x2ff5,
  0x30f5, 0x10f5, 0xf0f4, 0x2ffd, 0x0ff5, 0x10f5, 0xf9fe, 0xdeff, 0xffff, 0xdfff, 0xffff, 0xffff,
  0xffff, 0xffff, 0xffff, 0xffff, 0xffff, 0xffff, 0xffff, 0xffff, 0xffff, 0xffff, 0xffff, 0xdfff,
  0xdfff, 0xdfff, 0xdfff, 0xdeff, 0xdeff, 0xdeff, 0xdfff, 0xffff, 0xbfff, 0xdfff, 0xdef7, 0x99fe,
  0x30fd, 0x10ed, 0x0ef5, 0xedf4, 0x2fed, 0x2ff5, 0x10fd, 0x0ffd, 0x50fd, 0x30fd, 0x32f3, 0xd5f9,
  0x96f1, 0x74f1, 0x74e1, 0x74e9, 0x75f1, 0x14f9, 0x34f9, 0x14f9, 0x14f1, 0x15f9, 0x35f1, 0xefb8,
  0x4320, 0x0008, 0x0108, 0x0000, 0x0000, 0x0000, 0x0000, 0x0000, 0x0000, 0x0000, 0x0000, 0x0000,
  0x0000, 0x0000, 0x0000, 0x0000, 0x0000, 0x0000, 0x0000, 0x0000, 0x0000, 0x0000, 0x0000, 0x0000,
  0x0000, 0x0000, 0x0000, 0x0000, 0x0000, 0x0000, 0x0000, 0x0108, 0x0000, 0x2008, 0x8650, 0x30c9,
  0x31d1, 0x50c9, 0x11c9, 0x12d1, 0x12d1, 0x32d1, 0x33e1, 0x35f9, 0x34f9, 0x35f1, 0x33f1, 0xd3e9,
  0xf1fb, 0x91fc, 0x90fc, 0x6ff4, 0x90f4, 0x90f4, 0x90fc, 0x71fc, 0x50fc, 0x50fc, 0x6ef4, 0x2dfd,
  0x2ff5, 0x97fe, 0x7cff, 0x9dff, 0x9dff, 0x7dff, 0x7dff, 0x7dff, 0x7dff, 0x7dff, 0x7dff, 0x7dff,
  0x7dff, 0x7dff, 0x7dff, 0x7dff, 0x7dff, 0x7dff, 0x7cff, 0x7cff, 0x7cff, 0x7cff, 0x7cff, 0x7cff,
  0x7cff, 0x7cff, 0x7cf7, 0x7dff, 0x5cff, 0x7bef, 0x98f6, 0x10f5, 0xf0f4, 0x70fc, 0x10fc, 0x71fc,
  0x70f4, 0x92f4, 0xb0fc, 0xb2fc, 0x71fc, 0x12f3, 0xb4e9, 0x75e9, 0x53e9, 0x34f1, 0x33e1, 0x11c9,
  0xf0c8, 0x51d1, 0x31d1, 0x30c9, 0x51c9, 0x51d1, 0xcca0, 0x2218, 0x0000, 0x2100, 0x0000, 0x0000,
  0x0000, 0x0000, 0x0000, 0x0000, 0x0000, 0x0000, 0x0000, 0x0000, 0x0000, 0x0000, 0x0000, 0x0000,
  0x0000, 0x0000, 0x0000, 0x0000, 0x0000, 0x0000, 0x0000, 0x0000, 0x0000, 0x0000, 0x0000, 0x0000,
  0x0000, 0x0000, 0x0000, 0x0000, 0x2000, 0x2108, 0x2320, 0x0220, 0x2218, 0x6220, 0x0228, 0x0220,
  0x4320, 0x6a88, 0x33f1, 0x73f1, 0x54f9, 0x53f9, 0x34f1, 0xd3f9, 0xb4f1, 0xb4f9, 0xb3f9, 0xd3f9,
  0xd3f1, 0xb3f9, 0xb3f1, 0xb3f1, 0xd3e9, 0x12f3, 0xf0fc, 0xeffc, 0x31fd, 0x51fd, 0x51f5, 0x71fd,
  0x51fd, 0x51fd, 0x51fd, 0x51fd, 0x51fd, 0x51fd, 0x51fd, 0x51fd, 0x51fd, 0x51fd, 0x51fd, 0x51fd,
  0x51fd, 0x51fd, 0x51fd, 0x31fd, 0x51fd, 0x51fd, 0x51fd, 0x52fd, 0x52fd, 0x51fd, 0x71fd, 0x31fd,
  0x71f5, 0x0ffd, 0x0ef5, 0x4ff5, 0x71f3, 0xb2e9, 0xd3f1, 0xb2f1, 0xf3f9, 0x14f2, 0x15f2, 0x34f2,
  0xb3f1, 0x53f1, 0x54f1, 0x33f9, 0x53f9, 0xeeb0, 0x4538, 0x2320, 0x4318, 0x2318, 0x2320, 0x2218,
  0x0220, 0x0220, 0x2008, 0x2000, 0x0000, 0x0000, 0x0000, 0x0000, 0x0000, 0x0000, 0x0000, 0x0000,
  0x0000, 0x0000, 0x0000, 0x0000, 0x0000, 0x0000, 0x0000, 0x0000, 0x0000, 0x0000, 0x0000, 0x0000,
  0x0000, 0x0000, 0x0000, 0x0000, 0x0000, 0x0000, 0x0000, 0x0000, 0x0000, 0x0000, 0x0008, 0x0000,
  0x0100, 0x0008, 0x2000, 0x0000, 0x2100, 0x0008, 0x2008, 0x2000, 0x8970, 0x55f9, 0x34f1, 0x34f1,
  0x54f9, 0x35f1, 0x73f1, 0x34f1, 0x34f9, 0x34f9, 0x34f1, 0x34f1, 0x34f9, 0x34f9, 0x34f9, 0x34f1,
  0x53f2, 0xd0fc, 0x0ffd, 0xf0fc, 0xcffc, 0x10fd, 0x0ffd, 0xeffc, 0xeffc, 0xeffc, 0xeffc, 0xeffc,
  0xeffc, 0x0ffd, 0xeffc, 0xeffc, 0xeffc, 0xeffc, 0xeffc, 0xeffc, 0xeffc, 0xeffc, 0xeffc, 0xeffc,
  0x0ffd, 0x10fd, 0x30fd, 0x30fd, 0x30fd, 0x50fd, 0x10fd, 0x30fd, 0x0ffd, 0xcff4, 0xeefc, 0x12fb,
  0x33f1, 0x53f1, 0x35f1, 0x54f1, 0x54f9, 0x74f9, 0x94f1, 0x53f1, 0x34f9, 0x54f1, 0x34f1, 0x34f9,
  0xedb0, 0x0210, 0x4000, 0x0000, 0x0000, 0x0000, 0x0000, 0x0000, 0x2000, 0x0000, 0x0000, 0x0000,
  0x0000, 0x0000, 0x0000, 0x0000, 0x0000, 0x0000, 0x0000, 0x0000, 0x0000, 0x0000, 0x0000, 0x0000,
  0x0000, 0x0000, 0x0000, 0x0000, 0x0000, 0x0000, 0x0000, 0x0000, 0x0000, 0x0000, 0x0000, 0x0000,
  0x0000, 0x0000, 0x0000, 0x0000, 0x0000, 0x0000, 0x0000, 0x0000, 0x0000, 0x2000, 0x0000, 0x4100,
  0x2000, 0x2000, 0x2008, 0x6538, 0xaa78, 0xcb88, 0x30c9, 0x53f1, 0x54f1, 0x33f9, 0x74f9, 0x54f1,
  0x35f9, 0x35f9, 0x35f9, 0x35f9, 0x35f9, 0x35f9, 0x35f1, 0x13f2, 0x12fb, 0x51f3, 0x31f3, 0x31f3,
  0x31fb, 0x31f3, 0x31f3, 0x31f3, 0x31f3, 0x31f3, 0x31f3, 0x31f3, 0x51f3, 0x51f3, 0x51f3, 0x51f3,
  0x51f3, 0x30f3, 0x30f3, 0x31f3, 0x31f3, 0x51f3, 0x71f3, 0x92fb, 0x92fb, 0x92fb, 0x72fb, 0x72fb,
  0x92f3, 0x72fb, 0x72fb, 0x51f3, 0x31f3, 0x11f3, 0x33f2, 0x53f1, 0x54f1, 0x54f1, 0x54f1, 0x34f1,
  0x54f1, 0x54f1, 0x54f1, 0x34f1, 0x53f1, 0xed98, 0xaa78, 0x8758, 0x0110, 0x0000, 0x0000, 0x2000,
  0x0000, 0x0000, 0x0000, 0x0000, 0x0000, 0x0000, 0x0000, 0x0000, 0x0000, 0x0000, 0x0000, 0x0000,
  0x0000, 0x0000, 0x0000, 0x0000, 0x0000, 0x0000, 0x0000, 0x0000, 0x0000, 0x0000, 0x0000, 0x0000,
  0x0000, 0x0000, 0x0000, 0x0000, 0x0000, 0x0000, 0x0000, 0x0000, 0x0000, 0x0000, 0x0000, 0x0000,
  0x0000, 0x0000, 0x0000, 0x0000, 0x0000, 0x0000, 0x0000, 0x0000, 0x0000, 0x0000, 0x0108, 0x0110,
  0x0428, 0xcd98, 0x34f1, 0x55f1, 0x34f1, 0x54f1, 0x35f1, 0x54f1, 0x73e9, 0x73e9, 0x73e9, 0x73e9,
  0x73e9, 0x73e9, 0x34f1, 0x54f9, 0x74f1, 0x73f1, 0x73f1, 0x73f1, 0x74f1, 0x74f1, 0x74f1, 0x74f1,
  0x74f1, 0x74f1, 0x74f1, 0x74f1, 0x74f1, 0x74f1, 0x74f1, 0x74f1, 0x54f1, 0x54f1, 0x74f1, 0x54f1,
  0x74f1, 0x95f1, 0xb5f9, 0xb5f1, 0xb5f1, 0x94e9, 0x94f1, 0xb5f1, 0xd5f9, 0xb5f1, 0x94f1, 0x93f1,
  0x73f1, 0x34f1, 0x14f9, 0x14f9, 0x14f1, 0x34f1, 0x55f1, 0x53f1, 0x53e9, 0x54f1, 0x34e9, 0x31e1,
  0x6750, 0x0110, 0x0108, 0x0000, 0x0000, 0x0000, 0x0000, 0x0000, 0x0000, 0x0000, 0x0000, 0x0000,
  0x0000, 0x0000, 0x0000, 0x0000, 0x0000, 0x0000, 0x0000, 0x0000, 0x0000, 0x0000, 0x0000, 0x0000,
  0x0000, 0x0000, 0x0000, 0x0000, 0x0000, 0x0000, 0x0000, 0x0000, 0x0000, 0x0000, 0x0000, 0x0000,
  0x0000, 0x0000, 0x0000, 0x0000, 0x0000, 0x0000, 0x0000, 0x0000, 0x0000, 0x0000, 0x0000, 0x0000,
  0x0000, 0x0008, 0x0008, 0x0000, 0x0000, 0x0000, 0x0000, 0x0210, 0xcc90, 0x33e9, 0x34e9, 0x33f1,
  0x33f1, 0x13e9, 0x33f1, 0x33f1, 0x33f1, 0x33f1, 0x33f1, 0x33f1, 0x33f1, 0x14f1, 0x34f1, 0x14f1,
  0x14f1, 0x14f1, 0x34f1, 0x34e9, 0x34e9, 0x34e9, 0x34e9, 0x34e9, 0x34e9, 0x34e9, 0x34e9, 0x34e9,
  0x34e9, 0x34e9, 0x34e9, 0x34e9, 0x34e9, 0x53e9, 0x53e9, 0x74e9, 0x95f1, 0xb5f1, 0x94e9, 0x53e9,
  0x33e1, 0x74e9, 0x95f1, 0x95f1, 0x74f1, 0x54e9, 0x33e9, 0x33e9, 0x33e9, 0x53e9, 0x53e9, 0x53e9,
  0x53e9, 0x34e9, 0x53e9, 0x33e9, 0x14f1, 0x13f1, 0x11d9, 0x6748, 0x0000, 0x2000, 0x0000, 0x0000,
  0x2000, 0x0000, 0x0000, 0x0000, 0x0000, 0x0000, 0x0000, 0x0000, 0x0000, 0x0000, 0x0000, 0x0000,
  0x0000, 0x0000, 0x0000, 0x0000, 0x0000, 0x0000, 0x0000, 0x0000, 0x0000, 0x0000, 0x0000, 0x0000,
  0x0000, 0x0000, 0x0000, 0x0000, 0x0000, 0x0000, 0x0000, 0x0000, 0x0000, 0x0000, 0x0000, 0x0000,
  0x0000, 0x0000, 0x0000, 0x0000, 0x0000, 0x0000, 0x0000, 0x0000, 0x2000, 0x0000, 0x0000, 0x0000,
  0x0000, 0x2000, 0x2108, 0x6438, 0x6768, 0x4758, 0x6758, 0x8758, 0x6758, 0x6758, 0x6758, 0x6758,
  0x6758, 0x6758, 0x6758, 0x6758, 0x8758, 0x8758, 0x6758, 0x6758, 0x8858, 0x8758, 0x8758, 0x6758,
  0x6758, 0x6758, 0x6758, 0x6758, 0x6758, 0x6758, 0x6758, 0x6758, 0x6758, 0x6758, 0x6758, 0x6758,
  0x6658, 0x6758, 0xa760, 0xe860, 0xe860, 0xa760, 0x8758, 0xa758, 0xc860, 0xe860, 0xe860, 0xa758,
  0x8758, 0x6860, 0x6860, 0x6760, 0x6658, 0x6658, 0x6758, 0x6758, 0x6658, 0x8658, 0x6658, 0x6760,
  0x6658, 0x8658, 0x4218, 0x0008, 0x0008, 0x0008, 0x0000, 0x0000, 0x0000, 0x0000, 0x0000, 0x0000,
  0x0000, 0x0000, 0x0000, 0x0000, 0x0000, 0x0000, 0x0000, 0x0000, 0x0000, 0x0000, 0x0000, 0x0000,
  0x0000, 0x0000, 0x0000, 0x0000, 0x0000, 0x0000, 0x0000, 0x0000, 0x0000, 0x0000, 0x0000, 0x0000,
  0x0000, 0x0000, 0x0000, 0x0000, 0x0000, 0x0000, 0x0000, 0x0000, 0x0000, 0x0000, 0x0000, 0x0000,
  0x0000, 0x0000, 0x0000, 0x0000, 0x0000, 0x0000, 0x0000, 0x0000, 0x0000, 0x0000, 0x2000, 0x2000,
  0x0000, 0x0000, 0x2000, 0x0000, 0x0000, 0x0000, 0x0000, 0x0000, 0x0000, 0x0000, 0x0000, 0x0000,
  0x0000, 0x0000, 0x0000, 0x0000, 0x0000, 0x0000, 0x0000, 0x0000, 0x0000, 0x0000, 0x0000, 0x0000,
  0x0000, 0x0000, 0x0000, 0x0000, 0x0000, 0x0000, 0x0000, 0x0000, 0x0000, 0x2100, 0x4108, 0x4108,
  0x2100, 0x2000, 0x2100, 0x2100, 0x2100, 0x2100, 0x0000, 0x0000, 0x2000, 0x2000, 0x2000, 0x0000,
  0x0000, 0x0000, 0x0000, 0x0000, 0x0000, 0x0000, 0x2000, 0x0000, 0x0108, 0x0000, 0x0000, 0x0000,
  0x0000, 0x0000, 0x0000, 0x0000, 0x0000, 0x0000, 0x0000, 0x0000, 0x0000, 0x0000, 0x0000, 0x0000,
  0x0000, 0x0000, 0x0000, 0x0000, 0x0000, 0x0000, 0x0000, 0x0000, 0x0000, 0x0000, 0x0000, 0x0000,
  0x0000, 0x0000, 0x0000, 0x0000, 0x0000, 0x0000, 0x0000, 0x0000, 0x0000, 0x0000, 0x0000, 0x0000,
  0x0000, 0x0000, 0x0000, 0x0000, 0x0000, 0x0000, 0x0000, 0x0000, 0x0000, 0x0000, 0x0000, 0x0000,
  0x0000, 0x0000, 0x0000, 0x0000, 0x0000, 0x0000, 0x0000, 0x0000, 0x0000, 0x0000, 0x0008, 0x0000,
  0x0000, 0x0000, 0x0000, 0x0000, 0x0000, 0x0000, 0x0000, 0x0000, 0x0000, 0x0000, 0x0000, 0x0000,
  0x0000, 0x0000, 0x0000, 0x0000, 0x0000, 0x0000, 0x0000, 0x0000, 0x0000, 0x0000, 0x0000, 0x0000,
  0x0000, 0x0000, 0x0000, 0x0000, 0x0000, 0x0000, 0x0000, 0x0000, 0x0000, 0x0000, 0x0000, 0x0000,
  0x0000, 0x0000, 0x0000, 0x0000, 0x2000, 0x0000, 0x0000, 0x0000, 0x0000, 0x0000, 0x0000, 0x0000,
  0x0000, 0x0000, 0x0000, 0x0000, 0x0008, 0x2000, 0x0000, 0x0000, 0x0000, 0x0000, 0x0000, 0x0000,
  0x0000, 0x0000, 0x0000, 0x0000, 0x0000, 0x0000, 0x0000, 0x0000, 0x0000, 0x0000, 0x0000, 0x0000,
  0x0000, 0x0000, 0x0000, 0x0000, 0x0000, 0x0000, 0x0000, 0x0000, 0x0000, 0x0000, 0x0000, 0x0000,
  0x0000, 0x0000, 0x0000, 0x0000, 0x0000, 0x0000, 0x0000, 0x0000, 0x0000, 0x0000, 0x0000, 0x0000,
  0x0000, 0x0000, 0x0000, 0x0000, 0x0000, 0x0000, 0x0000, 0x0000, 0x0000, 0x0000, 0x0000, 0x0000,
  0x0000, 0x0000, 0x0000, 0x2000, 0x0000, 0x0000, 0x0000, 0x0000, 0x0000, 0x0000, 0x0000, 0x0000,
  0x0000, 0x0000, 0x0000, 0x0000, 0x0000, 0x0000, 0x0000, 0x0000, 0x0000, 0x0000, 0x0000, 0x0000,
  0x0000, 0x0000, 0x0000, 0x0000, 0x0000, 0x0000, 0x0000, 0x0000, 0x0000, 0x0000, 0x0000, 0x0000,
  0x0000, 0x0000, 0x0000, 0x0000, 0x0000, 0x0000, 0x0000, 0x0000, 0x0000, 0x0000, 0x0000, 0x0000,
  0x0000, 0x0000, 0x0000, 0x0000, 0x0000, 0x0000, 0x2000, 0x0000, 0x0000, 0x0000, 0x2000, 0x0000,
  0x0000, 0x0000, 0x0000, 0x0000, 0x0000, 0x0000, 0x0000, 0x0000, 0x0000, 0x0000, 0x0000, 0x0000,
  0x0000, 0x0000, 0x0000, 0x0000, 0x0000, 0x0000, 0x0000, 0x0000, 0x0000, 0x0000, 0x0000, 0x0000,
  0x0000, 0x0000, 0x0000, 0x0000
};

#define FLAMEUNIFIED6_WIDTH 115
#define FLAMEUNIFIED6_HEIGHT 160

// Example usage:
// tft.drawRGBBitmap(x, y, FlameUnified6, FLAMEUNIFIED6_WIDTH, FLAMEUNIFIED6_HEIGHT);

#endif
